{
 "best_sm": [
  779.356
 ],
 "theory_cov": [
  [
   76.02778479434345
  ]
 ],
 "LO": {
  "SM": [
   436.86
  ],
  "O83qq": [
   -44.187
  ],
  "O81qq": [
   122.73
  ],
  "O8qt": [
   120.9
  ],
  "O13qq": [
   0.0
  ],
  "O11qq": [
   0.0
  ],
  "O1qt": [
   0.0
  ],
  "OtG": [
   109.72
  ],
  "O83qq*O83qq": [
   102.84
  ],
  "O83qq*O81qq": [
   4.25865
  ],
  "O81qq*O11qq": [
   0.0
  ],
  "O81qq*O1qt": [
   0.0
  ],
  "O81qq*OtG": [
   16.8088
  ],
  "O8qt*O8qt": [
   43.982
  ],
  "O8qt*O13qq": [
   0.0
  ],
  "O8qt*O11qq": [
   0.0
  ],
  "O8qt*O1qt": [
   0.0
  ],
  "O8qt*OtG": [
   16.3188
  ],
  "O13qq*O13qq": [
   485.31
  ],
  "O13qq*O11qq": [
   -166.041
  ],
  "O83qq*O8qt": [
   -0.0152947
  ],
  "O13qq*O1qt": [
   -14.6641
  ],
  "O13qq*OtG": [
   0.0
  ],
  "O11qq*O11qq": [
   196.45
  ],
  "O11qq*O1qt": [
   32.1135
  ],
  "O11qq*OtG": [
   0.0
  ],
  "O1qt*O1qt": [
   197.92
  ],
  "O1qt*OtG": [
   0.0
  ],
  "OtG*OtG": [
   10.264
  ],
  "O83qq*O13qq": [
   0.0
  ],
  "O83qq*O11qq": [
   0.0
  ],
  "O83qq*O1qt": [
   0.0
  ],
  "O83qq*OtG": [
   -0.162165
  ],
  "O81qq*O81qq": [
   43.657
  ],
  "O81qq*O8qt": [
   7.13647
  ],
  "O81qq*O13qq": [
   0.0
  ]
 },
 "NLO": {
  "SM": [
   779.356
  ],
  "O83qq": [
   -78.8294
  ],
  "O81qq": [
   218.95
  ],
  "O8qt": [
   215.685
  ],
  "O13qq": [
   5.50434e-08
  ],
  "O11qq": [
   5.50434e-08
  ],
  "O1qt": [
   5.50434e-08
  ],
  "OtG": [
   195.74
  ],
  "O83qq*O83qq": [
   1231.56
  ],
  "O83qq*O81qq": [
   7.59741
  ],
  "O81qq*O11qq": [
   6.2019e-15
  ],
  "O81qq*O1qt": [
   5.23738e-16
  ],
  "O81qq*OtG": [
   29.9868
  ],
  "O8qt*O8qt": [
   78.4637
  ],
  "O8qt*O13qq": [
   -1.98821e-16
  ],
  "O8qt*O11qq": [
   5.3971e-16
  ],
  "O8qt*O1qt": [
   6.57161e-15
  ],
  "O8qt*OtG": [
   29.1127
  ],
  "O13qq*O13qq": [
   865.791
  ],
  "O13qq*O11qq": [
   -296.216
  ],
  "O83qq*O8qt": [
   -0.0272857
  ],
  "O13qq*O1qt": [
   -26.1607
  ],
  "O13qq*OtG": [
   -5.05017e-16
  ],
  "O11qq*O11qq": [
   350.466
  ],
  "O11qq*O1qt": [
   57.2903
  ],
  "O11qq*OtG": [
   1.15918e-15
  ],
  "O1qt*O1qt": [
   353.088
  ],
  "O1qt*OtG": [
   1.1575e-15
  ],
  "OtG*OtG": [
   18.3109
  ],
  "O83qq*O13qq": [
   9.4728e-15
  ],
  "O83qq*O11qq": [
   5.00862e-16
  ],
  "O83qq*O1qt": [
   4.98648e-18
  ],
  "O83qq*OtG": [
   -0.289302
  ],
  "O81qq*O81qq": [
   77.8839
  ],
  "O81qq*O8qt": [
   12.7314
  ],
  "O81qq*O13qq": [
   -2.42477e-15
  ]
 }
}