{
  "best_sm": [
    35143.8,
    32400.0,
    28572.7,
    16578.2
  ],
  "scales": [
    172.0,
    172.0,
    172.0,
    172.0
  ],
  "theory_cov": [
    [
      120448.98951414142,
      100333.59463131314,
      51927.11159595959,
      9187.159639393945
    ],
    [
      100333.59463131314,
      87214.78492424241,
      44988.34969696969,
      10014.604691919156
    ],
    [
      51927.11159595959,
      44988.34969696969,
      33223.350909090914,
      12893.600464646475
    ],
    [
      9187.159639393945,
      10014.604691919156,
      12893.600464646475,
      15289.351283838385
    ]
  ],
  "LO": {
    "SM": [
      32905.223,
      31263.8475,
      26229.02667,
      15181.22667
    ],
    "O3pl1": [
      -3990.5105,
      -3788.818,
      -3180.028,
      -1841.3775
    ],
    "O3pl1*O3pl1": [
      120.9578833,
      114.8442775,
      96.3909475,
      55.81452722
    ],
    "O3pl2": [
      -3990.5105,
      -3788.818,
      -3180.028,
      -1841.3775
    ],
    "O3pl2*O3pl2": [
      120.9578833,
      114.8442775,
      96.3909475,
      55.81452722
    ],
    "O3pq": [
      3992.353667,
      3790.58225,
      3178.9855,
      1841.667667
    ],
    "O3pq*O3pq": [
      121.0166833,
      114.9005925,
      96.36186167,
      55.82501
    ],
    "Oll": [
      3985.732333,
      3792.82725,
      3181.711,
      1839.846333
    ],
    "Oll*Oll": [
      120.81598,
      114.9686375,
      96.44447667,
      55.76980333
    ],
    "O3pQ3": [
      3988.160667,
      3789.6005,
      3180.917667,
      1840.448333
    ],
    "O3pQ3*O3pQ3": [
      120.88958,
      114.870835,
      96.42043167,
      55.78804778
    ],
    "OtW": [
      853.0881667,
      888.0255,
      971.4987167,
      941.7988889
    ],
    "OtW*OtW": [
      440.6587,
      419.51025,
      357.4749667,
      220.2116222
    ],
    "O83qq": [
      0.0,
      0.0,
      0.0,
      0.0
    ],
    "O83qq*O83qq": [
      692.4589,
      666.07735,
      582.7179667,
      367.1925222
    ],
    "O13qq": [
      -11249.10467,
      -10722.2175,
      -9134.718667,
      -5485.479333
    ],
    "O13qq*O13qq": [
      3114.5781,
      3008.309,
      2650.364833,
      1642.819333
    ],
    "O3pl1*O3pl2": [
      241.8101,
      229.77337,
      193.2160833,
      111.4265444
    ],
    "O3pl1*O3pq": [
      -241.9745667,
      -229.74487,
      -192.7528083,
      -111.6395389
    ],
    "O3pl1*Oll": [
      -241.7738633,
      -229.812915,
      -192.835425,
      -111.5843278
    ],
    "O3pl1*O3pQ3": [
      -241.8474633,
      -229.7151125,
      -192.811375,
      -111.6025722
    ],
    "O3pl1*OtW": [
      -52.10021667,
      -52.9052025,
      -58.9044725,
      -57.07189389
    ],
    "O3pl1*O83qq": [
      0.006830028667,
      0.006508630375,
      0.00553573825,
      0.0033349455
    ],
    "O3pl1*O13qq": [
      683.02745,
      650.570275,
      553.3074083,
      333.6725667
    ],
    "O3pl2*O3pq": [
      -241.9745667,
      -229.74487,
      -192.7528083,
      -111.6395389
    ],
    "O3pl2*Oll": [
      -241.7738633,
      -229.812915,
      -192.835425,
      -111.5843278
    ],
    "O3pl2*O3pQ3": [
      -241.8474633,
      -229.7151125,
      -192.811375,
      -111.6025722
    ],
    "O3pl2*OtW": [
      -52.10021667,
      -52.9052025,
      -58.9044725,
      -57.07189389
    ],
    "O3pl2*O83qq": [
      0.006830028667,
      0.006508630375,
      0.00553573825,
      0.0033349455
    ],
    "O3pl2*O13qq": [
      683.02745,
      650.570275,
      553.3074083,
      333.6725667
    ],
    "O3pq*Oll": [
      241.9813367,
      229.569945,
      192.9027667,
      111.3484667
    ],
    "O3pq*O3pQ3": [
      241.5341033,
      229.2463975,
      193.2467667,
      111.7373667
    ],
    "O3pq*OtW": [
      52.03491667,
      53.7141325,
      58.64958833,
      57.30265667
    ],
    "O3pq*O83qq": [
      -0.006807206,
      -0.00650946525,
      -0.005536241,
      -0.003337585556
    ],
    "O3pq*O13qq": [
      -681.3304667,
      -649.458125,
      -554.9432167,
      -333.7214778
    ],
    "Oll*O3pQ3": [
      242.26564,
      230.0619275,
      192.6005667,
      111.7004889
    ],
    "Oll*OtW": [
      51.10608667,
      54.4579625,
      58.95769,
      57.22371889
    ],
    "Oll*O83qq": [
      -0.006832893667,
      -0.0065164645,
      -0.005514205667,
      -0.003334936667
    ],
    "Oll*O13qq": [
      -683.1881333,
      -649.795225,
      -552.3282833,
      -332.4908778
    ],
    "O3pQ3*OtW": [
      51.56012,
      54.418215,
      59.58596833,
      57.12159667
    ],
    "O3pQ3*O83qq": [
      -0.006822992,
      -0.00650312625,
      -0.005559525333,
      -0.003335162889
    ],
    "O3pQ3*O13qq": [
      -683.0988333,
      -650.982175,
      -553.0944333,
      -332.9649111
    ],
    "OtW*O83qq": [
      -0.0028979757,
      -0.003053085,
      -0.003392076833,
      -0.003230169111
    ],
    "OtW*O13qq": [
      -285.96883,
      -306.201975,
      -338.1023833,
      -324.3706444
    ],
    "O83qq*O13qq": [
      -16.36033333,
      7.47115,
      -11.9408,
      15.87314444
    ]
  },
  "NLO_QCD": {
    "SM": [
      32659.19233,
      30989.5675,
      25809.2,
      14657.47333
    ],
    "O3pl1": [
      -3959.635333,
      -3758.91425,
      -3131.568167,
      -1779.954278
    ],
    "O3pl1*O3pl1": [
      120.0219733,
      113.93782,
      94.92204167,
      53.95270944
    ],
    "O3pl2": [
      -3959.635333,
      -3758.91425,
      -3131.568167,
      -1779.954278
    ],
    "O3pl2*O3pl2": [
      120.0219733,
      113.93782,
      94.92204167,
      53.95270944
    ],
    "O3pq": [
      3961.130333,
      3756.3785,
      3132.463833,
      1772.845667
    ],
    "O3pq*O3pq": [
      120.07027,
      113.863835,
      94.951715,
      53.73886667
    ],
    "Oll": [
      3961.165333,
      3765.97475,
      3118.430833,
      1771.073111
    ],
    "Oll*Oll": [
      120.0713333,
      114.1547175,
      94.52633833,
      53.68513333
    ],
    "O3pQ3": [
      3950.047,
      3752.64825,
      3130.083333,
      1777.339778
    ],
    "O3pQ3*O3pQ3": [
      119.7343133,
      113.7507575,
      94.87955333,
      53.87509
    ],
    "OtW": [
      962.5858667,
      984.426025,
      1023.186383,
      911.6900667
    ],
    "OtW*OtW": [
      547.4528,
      517.79485,
      431.9032833,
      249.1116
    ],
    "O3pl1*O3pl2": [
      241.43672,
      226.066285,
      189.4675833,
      107.4259811
    ],
    "O3pl1*O3pq": [
      -240.0922433,
      -227.801655,
      -189.8737583,
      -107.6915761
    ],
    "O3pl1*Oll": [
      -240.0933067,
      -228.0925375,
      -189.4483833,
      -107.6378428
    ],
    "O3pl1*O3pQ3": [
      -239.7562867,
      -227.6885775,
      -189.8015917,
      -107.8277994
    ],
    "O3pl1*OtW": [
      -58.30495667,
      -58.56932,
      -62.7677,
      -55.26628722
    ],
    "O3pl2*O3pq": [
      -240.0922433,
      -227.801655,
      -189.8737583,
      -107.6915761
    ],
    "O3pl2*Oll": [
      -240.0933067,
      -228.0925375,
      -189.4483833,
      -107.6378428
    ],
    "O3pl2*O3pQ3": [
      -239.7562867,
      -227.6885775,
      -189.8015917,
      -107.8277994
    ],
    "O3pl2*OtW": [
      -58.30495667,
      -58.56932,
      -62.7677,
      -55.26628722
    ],
    "O3pq*Oll": [
      239.8159967,
      227.2162975,
      190.2257833,
      107.6887444
    ],
    "O3pq*O3pQ3": [
      240.3958833,
      227.0422075,
      189.2208833,
      108.15611
    ],
    "O3pq*OtW": [
      60.43216333,
      60.40339,
      61.67755167,
      55.27026667
    ],
    "Oll*O3pQ3": [
      241.3717533,
      228.372425,
      190.8722167,
      108.3019989
    ],
    "Oll*OtW": [
      59.02823333,
      60.3415575,
      61.95557833,
      55.56795556
    ],
    "O3pQ3*OtW": [
      59.17805333,
      60.1880925,
      62.58083,
      55.29729889
    ],