{
    "best_sm": [
        0.007768
    ],
    "theory_cov": [
        [
            1.891e-08
        ]
    ],
    "LO": {
        "SM": [
            0.006941
        ],
        "OtG": [
            0.0004231
        ],
        "OtG*OtG": [
            -0.0001773
        ],
        "O8qd": [
            -0.0008097
        ],
        "O8qd*O8qd": [
            -0.0001422
        ],
        "O1qd": [
            0.0005172
        ],
        "O1qd*O1qd": [
            -0.001169
        ],
        "O1qu": [
            0.001234
        ],
        "O1qu*O1qu": [
            -0.002903
        ],
        "O8qu": [
            -0.001872
        ],
        "O8qu*O8qu": [
            -0.0003525
        ],
        "O1dt": [
            0.0004105
        ],
        "O1dt*O1dt": [
            0.001102
        ],
        "O8dt": [
            0.001113
        ],
        "O8dt*O8dt": [
            0.0001915
        ],
        "O1qt": [
            0.001733
        ],
        "O1qt*O1qt": [
            -0.004069
        ],
        "O8qt": [
            -0.00267
        ],
        "O8qt*O8qt": [
            -0.0004814
        ],
        "O1ut": [
            0.0009707
        ],
        "O1ut*O1ut": [
            0.002794
        ],
        "O8ut": [
            0.002647
        ],
        "O8ut*O8ut": [
            0.0004764
        ],
        "O11qq": [
            0.001366
        ],
        "O11qq*O11qq": [
            0.003932
        ],
        "O13qq": [
            0.0005874
        ],
        "O13qq*O13qq": [
            0.003921
        ],
        "O81qq": [
            0.003783
        ],
        "O81qq*O81qq": [
            0.0006603
        ],
        "O83qq": [
            0.001556
        ],
        "O83qq*O83qq": [
            0.0006689
        ],
        "OtG*O8qd": [
            0.0001257
        ],
        "OtG*O1qd": [
            -7.019e-05
        ],
        "OtG*O1qu": [
            -0.0002121
        ],
        "OtG*O8qu": [
            0.0003159
        ],
        "OtG*O1dt": [
            -4.468e-05
        ],
        "OtG*O8dt": [
            -0.0002031
        ],
        "OtG*O1qt": [
            -0.0003033
        ],
        "OtG*O8qt": [
            0.0005276
        ],
        "OtG*O1ut": [
            -0.0001308
        ],
        "OtG*O8ut": [
            -0.0004773
        ],
        "OtG*O11qq": [
            -0.0002135
        ],
        "OtG*O13qq": [
            -9.037e-05
        ],
        "OtG*O81qq": [
            -0.0006608
        ],
        "OtG*O83qq": [
            -0.0002619
        ],
        "O8qd*O1qd": [
            0.0001912
        ],
        "O8qd*O1qu": [
            -1.361e-05
        ],
        "O8qd*O8qu": [
            3.629e-07
        ],
        "O8qd*O1dt": [
            2.481e-05
        ],
        "O8qd*O8dt": [
            8.158e-06
        ],
        "O8qd*O1qt": [
            -8.932e-06
        ],
        "O8qd*O8qt": [
            2.647e-05
        ],
        "O8qd*O1ut": [
            -1.038e-05
        ],
        "O8qd*O8ut": [
            -9.981e-06
        ],
        "O8qd*O11qq": [
            -6.117e-06
        ],
        "O8qd*O13qq": [
            -8.379e-06
        ],
        "O8qd*O81qq": [
            -9.464e-07
        ],
        "O8qd*O83qq": [
            -3.605e-06
        ],
        "O1qd*O1qu": [
            -1.503e-05
        ],
        "O1qd*O8qu": [
            7.978e-09
        ],
        "O1qd*O1dt": [
            1.185e-05
        ],
        "O1qd*O8dt": [
            3.158e-05
        ],
        "O1qd*O1qt": [
            5.083e-06
        ],
        "O1qd*O8qt": [
            5.113e-06
        ],
        "O1qd*O1ut": [
            3.356e-05
        ],
        "O1qd*O8ut": [
            4.222e-06
        ],
        "O1qd*O11qq": [
            -2.328e-05
        ],
        "O1qd*O13qq": [
            -2.521e-05
        ],
        "O1qd*O81qq": [
            -2.846e-06
        ],
        "O1qd*O83qq": [
            9.919e-06
        ],
        "O1qu*O8qu": [
            0.0004732
        ],
        "O1qu*O1dt": [
            -1.153e-06
        ],
        "O1qu*O8dt": [
            -1.223e-05
        ],
        "O1qu*O1qt": [
            -6.938e-06
        ],
        "O1qu*O8qt": [
            -1.386e-05
        ],
        "O1qu*O1ut": [
            -2.487e-06
        ],
        "O1qu*O8ut": [
            5.477e-05
        ],
        "O1qu*O11qq": [
            -1.898e-05
        ],
        "O1qu*O13qq": [
            -2.686e-05
        ],
        "O1qu*O81qq": [
            -1.484e-05
        ],
        "O1qu*O83qq": [
            -8.596e-06
        ],
        "O8qu*O1dt": [
            3.572e-06
        ],
        "O8qu*O8dt": [
            2.905e-06
        ],
        "O8qu*O1qt": [
            -1.036e-05
        ],
        "O8qu*O8qt": [
            5.671e-05
        ],
        "O8qu*O1ut": [
            6.439e-05
        ],
        "O8qu*O8ut": [
            2.896e-05
        ],
        "O8qu*O11qq": [
            -1.094e-05
        ],
        "O8qu*O13qq": [
            -2.316e-06
        ],
        "O8qu*O81qq": [
            -1.076e-05
        ],
        "O8qu*O83qq": [
            5.231e-06
        ],
        "O1dt*O8dt": [
            0.0001071
        ],
        "O1dt*O1qt": [
            6.422e-06
        ],
        "O1dt*O8qt": [
            -8.186e-06
        ],
        "O1dt*O1ut": [
            2.618e-05
        ],
        "O1dt*O8ut": [
            -8.239e-06
        ],
        "O1dt*O11qq": [
            5.557e-06
        ],
        "O1dt*O13qq": [
            1.821e-05
        ],
        "O1dt*O81qq": [
            -5.383e-07
        ],
        "O1dt*O83qq": [
            1.337e-06
        ],
        "O8dt*O1qt": [
            -3.155e-06
        ],
        "O8dt*O8qt": [
            -8.549e-06
        ],
        "O8dt*O1ut": [
            3.205e-06
        ],
        "O8dt*O8ut": [
            -8.782e-06
        ],
        "O8dt*O11qq": [
            -3.163e-06
        ],
        "O8dt*O13qq": [
            -4.912e-06
        ],
        "O8dt*O81qq": [
            -4.067e-05
        ],
        "O8dt*O83qq": [
            -1.253e-05
        ],
        "O1qt*O8qt": [
            0.0006389
        ],
        "O1qt*O1ut": [
            2.648e-05
        ],
        "O1qt*O8ut": [
            -9.112e-06
        ],
        "O1qt*O11qq": [
            -6.944e-05
        ],
        "O1qt*O13qq": [
            6.232e-06
        ],
        "O1qt*O81qq": [
            9.099e-05
        ],
        "O1qt*O83qq": [
            1.968e-05
        ],
        "O8qt*O1ut": [
            -2.067e-05
        ],
        "O8qt*O8ut": [
            -9.433e-06
        ],
        "O8qt*O11qq": [
            6.57e-05
        ],
        "O8qt*O13qq": [
            2.065e-05
        ],
        "O8qt*O81qq": [
            1.136e-05
        ],
        "O8qt*O83qq": [
            5.738e-06
        ],
        "O1ut*O8ut": [
            0.0002505
        ],
        "O1ut*O11qq": [
            8.516e-06
        ],
        "O1ut*O13qq": [
            3.987e-05
        ],
        "O1ut*O81qq": [
            -1.434e-06
        ],
        "O1ut*O83qq": [
            1.782e-05
        ],
        "O8ut*O11qq": [
            -1.15e-05
        ],
        "O8ut*O13qq": [
            -1.182e-05
        ],
        "O8ut*O81qq": [
            -6.844e-05
        ],
        "O8ut*O83qq": [
            -1.751e-05
        ],
        "O11qq*O13qq": [
            0.003374
        ],
        "O11qq*O81qq": [
            0.0003308
        ],
        "O11qq*O83qq": [
            0.0001208
        ],
        "O13qq*O81qq": [
            0.0001364
        ],
        "O13qq*O83qq": [
            0.0003571
        ],
        "O81qq*O83qq": [
            0.0005592
        ]
    },
    "NLO": {
        "SM": [
            0.006941
        ],
        "OtG": [
            0.0004231
        ],
        "OtG*OtG": [
            -0.0001773
        ],
        "O8qd": [
            -0.0008097
        ],