{
  "best_sm": [
    264.392
  ],
  "scales": [
    424.387
  ],
  "theory_cov_current": [
    [
      20.25159241777779
    ]
  ],
  "theory_cov_conservative": [
    [
      20.25159241777779
    ]
  ],
  "theory_cov_aggressive": [
    [
      20.25159241777779
    ]
  ],
  "LO": {
    "SM": [
      180.9031
    ],
    "O11qq": [
      0.0
    ],
    "O13qq": [
      0.0
    ],
    "O1qt": [
      0.0
    ],
    "O3pl1": [
      -10.964986
    ],
    "O3pl2": [
      -10.964986
    ],
    "O3pq": [
      21.947077
    ],
    "O81qq": [
      42.770385
    ],
    "O83qq": [
      -15.548453
    ],
    "O8qt": [
      42.772422
    ],
    "Oll1221": [
      10.969508
    ],
    "OtG": [
      51.85583
    ],
    "O11qq*O11qq": [
      39.620501
    ],
    "O11qq*O13qq": [
      -30.31162
    ],
    "O11qq*O3pl1": [
      0.0
    ],
    "O11qq*O3pl2": [
      0.0
    ],
    "O11qq*O3pq": [
      0.0
    ],
    "O11qq*O81qq": [
      0.0
    ],
    "O11qq*O83qq": [
      0.0
    ],
    "O11qq*Oll1221": [
      0.0
    ],
    "O13qq*O13qq": [
      82.606813
    ],
    "O13qq*O3pl1": [
      0.0
    ],
    "O13qq*O3pl2": [
      0.0
    ],
    "O13qq*O3pq": [
      0.0
    ],
    "O13qq*O81qq": [
      0.0
    ],
    "O13qq*O83qq": [
      0.0
    ],
    "O13qq*Oll1221": [
      0.0
    ],
    "O1qt*O11qq": [
      10.971638
    ],
    "O1qt*O13qq": [
      -4.803817
    ],
    "O1qt*O1qt": [
      39.582424
    ],
    "O1qt*O3pl1": [
      0.0
    ],
    "O1qt*O3pl2": [
      0.0
    ],
    "O1qt*O3pq": [
      0.0
    ],
    "O1qt*O81qq": [
      0.0
    ],
    "O1qt*O83qq": [
      0.0
    ],
    "O1qt*O8qt": [
      0.0
    ],
    "O1qt*Oll1221": [
      0.0
    ],
    "O3pl1*O3pl1": [
      0.16616381
    ],
    "O3pl1*O3pl2": [
      0.33264168
    ],
    "O3pl1*O3pq": [
      -0.665235005
    ],
    "O3pl1*Oll1221": [
      -0.33243641
    ],
    "O3pl2*O3pl2": [
      0.16616381
    ],
    "O3pl2*O3pq": [
      -0.665235005
    ],
    "O3pl2*Oll1221": [
      -0.33243641
    ],
    "O3pq*O3pq": [
      0.66529459
    ],
    "O3pq*Oll1221": [
      0.66341879
    ],
    "O81qq*O3pl1": [
      -1.2578433
    ],
    "O81qq*O3pl2": [
      -1.2578433
    ],
    "O81qq*O3pq": [
      2.5801579
    ],
    "O81qq*O81qq": [
      8.7831665
    ],
    "O81qq*O83qq": [
      -6.6320195
    ],
    "O81qq*Oll1221": [
      1.3134109
    ],
    "O83qq*O3pl1": [
      0.45484519
    ],
    "O83qq*O3pl2": [
      0.45484519
    ],
    "O83qq*O3pq": [
      -0.98723959
    ],
    "O83qq*O83qq": [
      18.226519
    ],
    "O83qq*Oll1221": [
      -0.37049762
    ],
    "O8qt*O11qq": [
      0.0
    ],
    "O8qt*O13qq": [
      0.0
    ],
    "O8qt*O3pl1": [
      -1.26242225
    ],
    "O8qt*O3pl2": [
      -1.26242225
    ],
    "O8qt*O3pq": [
      2.738788
    ],
    "O8qt*O81qq": [
      2.5456271
    ],
    "O8qt*O83qq": [
      -0.9257724
    ],
    "O8qt*O8qt": [
      8.7522484
    ],
    "O8qt*Oll1221": [
      1.362105
    ],
    "Oll1221*Oll1221": [
      0.16627262
    ],
    "OtG*O11qq": [
      0.0
    ],
    "OtG*O13qq": [
      0.0
    ],
    "OtG*O1qt": [
      0.0
    ],
    "OtG*O3pl1": [
      -1.56053065
    ],
    "OtG*O3pl2": [
      -1.56053065
    ],
    "OtG*O3pq": [
      3.1490011
    ],
    "OtG*O81qq": [
      6.4864551
    ],
    "OtG*O83qq": [
      -2.6082974
    ],
    "OtG*O8qt": [
      6.5089162
    ],
    "OtG*Oll1221": [
      1.5755347
    ],
    "OtG*OtG": [
      5.0541764
    ]
  },
  "NLO_QCD": {
    "SM": [
      233.364999
    ],
    "O11qq": [
      0.0
    ],
    "O13qq": [
      0.0
    ],
    "O1qt": [
      0.0
    ],
    "O3pl1": [
      -14.14483194
    ],
    "O3pl2": [
      -14.14483194
    ],
    "O3pq": [
      28.31172933
    ],
    "O81qq": [
      55.17379665
    ],
    "O83qq": [
      -20.05750437
    ],
    "O8qt": [
      55.17642438
    ],
    "Oll1221": [
      14.15066532
    ],
    "OtG": [
      66.8940207
    ],
    "O11qq*O11qq": [
      51.11044629
    ],
    "O11qq*O13qq": [
      -39.1019898
    ],
    "O11qq*O3pl1": [
      0.0
    ],
    "O11qq*O3pl2": [
      0.0
    ],
    "O11qq*O3pq": [
      0.0
    ],
    "O11qq*O81qq": [
      0.0
    ],
    "O11qq*O83qq": [
      0.0
    ],
    "O11qq*Oll1221": [
      0.0
    ],
    "O13qq*O13qq": [
      106.5627888
    ],
    "O13qq*O3pl1": [
      0.0
    ],
    "O13qq*O3pl2": [
      0.0
    ],
    "O13qq*O3pq": [
      0.0
    ],
    "O13qq*O81qq": [
      0.0
    ],
    "O13qq*O83qq": [
      0.0
    ],
    "O13qq*Oll1221": [
      0.0
    ],
    "O1qt*O11qq": [
      14.15341302
    ],
    "O1qt*O13qq": [
      -6.19692393
    ],
    "O1qt*O1qt": [
      51.06132696
    ],
    "O1qt*O3pl1": [
      0.0
    ],
    "O1qt*O3pl2": [
      0.0
    ],
    "O1qt*O3pq": [
      0.0
    ],
    "O1qt*O81qq": [
      0.0
    ],
    "O1qt*O83qq": [
      0.0
    ],
    "O1qt*O8qt": [
      0.0
    ],
    "O1qt*Oll1221": [
      0.0
    ],
    "O3pl1*O3pl1": [
      0.2143513149
    ],
    "O3pl1*O3pl2": [
      0.4291077672
    ],
    "O3pl1*O3pq": [
      -0.8581531565
    ],
    "O3pl1*Oll1221": [
      -0.4288429689
    ],
    "O3pl2*O3pl2": [
      0.2143513149
    ],
    "O3pl2*O3pq": [
      -0.8581531565
    ],
    "O3pl2*Oll1221": [
      -0.4288429689
    ],
    "O3pq*O3pq": [
      0.8582300211
    ],
    "O3pq*Oll1221": [
      0.8558102391
    ],
    "O81qq*O3pl1": [
      -1.622617857
    ],
    "O81qq*O3pl2": [
      -1.622617857
    ],
    "O81qq*O3pq": [
      3.328403691
    ],
    "O81qq*O81qq": [
      11.33028478
    ],
    "O81qq*O83qq": [
      -8.555305155
    ],
    "O81qq*Oll1221": [
      1.694300061
    ],
    "O83qq*O3pl1": [
      0.5867502951
    ],
    "O83qq*O3pl2": [
      0.5867502951
    ],
    "O83qq*O3pq": [
      -1.273539071
    ],
    "O83qq*O83qq": [
      23.51220951
    ],
    "O83qq*Oll1221": [
      -0.4779419298
    ],
    "O8qt*O11qq": [
      0.0
    ],
    "O8qt*O13qq": [
      0.0
    ],
    "O8qt*O3pl1": [
      -1.628524703
    ],
    "O8qt*O3pl2": [
      -1.628524703
    ],
    "O8qt*O3pq": [
      3.53303652
    ],
    "O8qt*O81qq": [
      3.283858959
    ],
    "O8qt*O83qq": [
      -1.194246396
    ],
    "O8qt*O8qt": [
      11.29040044
    ],
    "O8qt*Oll1221": [
      1.75711545
    ],
    "Oll1221*Oll1221": [
      0.2144916798
    ],
    "OtG*O11qq": [
      0.0
    ],
    "OtG*O13qq": [
      0.0
    ],
    "OtG*O1qt": [
      0.0
    ],
    "OtG*O3pl1": [
      -2.013084539
    ],
    "OtG*O3pl2": [
      -2.013084539
    ],
    "OtG*O3pq": [
      4.062211419
    ],
    "OtG*O81qq": [
      8.367527079
    ],
    "OtG*O83qq": [
      -3.364703646
    ],
    "OtG*O8qt": [
      8.396501898
    ],
    "OtG*Oll1221": [
      2.032439763
    ],
    "OtG*OtG": [
      6.519887556
    ]
  }
}
