{
  "best_sm": [
    5.2747
  ],
  "scales": [
    172.0
  ],
  "theory_cov_current": [
    [
      0.004531227547181822
    ]
  ],
  "LO": {
    "SM": [
      4.051142
    ],
    "O13qq": [
      2.3683192e-05
    ],
    "O3pQ3": [
      0.49131366
    ],
    "O3pl1": [
      -0.49119351
    ],
    "O3pl2": [
      -0.49119351
    ],
    "O3pq": [
      0.4916906
    ],
    "O83qq": [
      0.0
    ],
    "Oll1221": [
      0.49127499
    ],
    "OtW": [
      1.8766159
    ],
    "O13qq*O13qq": [
      4.7951335e-11
    ],
    "O3pQ3*O13qq": [
      -2.586048e-06
    ],
    "O3pQ3*O3pQ3": [
      0.014893293
    ],
    "O3pQ3*O83qq": [
      -3.7410479e-06
    ],
    "O3pQ3*OtW": [
      0.11347501
    ],
    "O3pl1*O13qq": [
      3.527952024e-06
    ],
    "O3pl1*O3pQ3": [
      -0.029781509
    ],
    "O3pl1*O3pl1": [
      0.014888216
    ],
    "O3pl1*O3pl2": [
      0.029781621
    ],
    "O3pl1*O3pq": [
      -0.029792936
    ],
    "O3pl1*O83qq": [
      1.308952108e-06
    ],
    "O3pl1*Oll1221": [
      -0.029780338
    ],
    "O3pl1*OtW": [
      -0.11372009
    ],
    "O3pl2*O13qq": [
      3.527952024e-06
    ],
    "O3pl2*O3pQ3": [
      -0.029781509
    ],
    "O3pl2*O3pl2": [
      0.014888216
    ],
    "O3pl2*O3pq": [
      -0.029792936
    ],
    "O3pl2*O83qq": [
      1.308952108e-06
    ],
    "O3pl2*Oll1221": [
      -0.029780338
    ],
    "O3pl2*OtW": [
      -0.11372009
    ],
    "O3pq*O13qq": [
      -2.1457048e-05
    ],
    "O3pq*O3pQ3": [
      0.029758021
    ],
    "O3pq*O3pq": [
      0.01490472
    ],
    "O3pq*O83qq": [
      -1.8176048e-05
    ],
    "O3pq*Oll1221": [
      0.029769798
    ],
    "O3pq*OtW": [
      0.11412725
    ],
    "O83qq*O13qq": [
      -4.7906175e-11
    ],
    "O83qq*O83qq": [
      4.788311e-11
    ],
    "Oll1221*O13qq": [
      -1.394048e-06
    ],
    "Oll1221*O3pQ3": [
      0.029792078
    ],
    "Oll1221*O83qq": [
      -1.2780479e-06
    ],
    "Oll1221*Oll1221": [
      0.014892122
    ],
    "Oll1221*OtW": [
      0.11338356
    ],
    "OtW*O13qq": [
      0.00018477995
    ],
    "OtW*O83qq": [
      0.00013270995
    ],
    "OtW*OtW": [
      0.35059315
    ]
  },
  "NLO_QCD": {
    "SM": [
      5.531759
    ],
    "O13qq": [
      3.2371732e-05
    ],
    "O3pQ3": [
      0.67125016
    ],
    "O3pl1": [
      -0.670566195
    ],
    "O3pl2": [
      -0.670566195
    ],
    "O3pq": [
      0.67073835
    ],
    "O83qq": [
      3.235354e-05
    ],
    "Oll1221": [
      0.6705386
    ],
    "OtW": [
      2.5686034
    ],
    "O13qq*O13qq": [
      6.5140385e-11
    ],
    "O3pQ3*O13qq": [
      -1.6580651e-06
    ],
    "O3pQ3*O3pQ3": [
      0.020347747
    ],
    "O3pQ3*O83qq": [
      -2.7390065e-05
    ],
    "O3pQ3*OtW": [
      0.15486078
    ],
    "O3pl1*O13qq": [
      -3.15606512e-06
    ],
    "O3pl1*O3pQ3": [
      -0.040672799
    ],
    "O3pl1*O3pl1": [
      0.020325052
    ],
    "O3pl1*O3pl2": [
      0.040681243
    ],
    "O3pl1*O3pq": [
      -0.040657285
    ],
    "O3pl1*O83qq": [
      1.410893495e-05
    ],
    "O3pl1*Oll1221": [
      -0.040651229
    ],
    "O3pl1*OtW": [
      -0.155631415
    ],
    "O3pl2*O13qq": [
      -3.15606512e-06
    ],
    "O3pl2*O3pQ3": [
      -0.040672799
    ],
    "O3pl2*O3pl2": [
      0.020325052
    ],
    "O3pl2*O3pq": [
      -0.040657285
    ],
    "O3pl2*O83qq": [
      1.410893495e-05
    ],
    "O3pl2*Oll1221": [
      -0.040651229
    ],
    "O3pl2*OtW": [
      -0.155631415
    ],
    "O3pq*O13qq": [
      -8.3650651e-06
    ],
    "O3pq*O3pQ3": [
      0.040663142
    ],
    "O3pq*O3pq": [
      0.020332233
    ],
    "O3pq*O83qq": [
      2.2129349e-06
    ],
    "O3pq*Oll1221": [
      0.040657
    ],
    "O3pq*OtW": [
      0.15699377
    ],
    "O83qq*O13qq": [
      -6.5053691e-11
    ],
    "O83qq*O83qq": [
      6.5091719e-11
    ],
    "Oll1221*O13qq": [
      7.6693486e-07
    ],
    "Oll1221*O3pQ3": [
      0.040692572
    ],
    "Oll1221*O83qq": [
      7.3549349e-06
    ],
    "Oll1221*Oll1221": [
      0.020326177
    ],
    "Oll1221*OtW": [
      0.15456266
    ],
    "OtW*O13qq": [
      8.3209935e-05
    ],
    "OtW*O83qq": [
      -0.00062551007
    ],
    "OtW*OtW": [
      0.47588816
    ]
  }
}
