{
 "best_sm": [
  839.1
 ],
 "theory_cov": [
  [
   70.40
  ]
 ],
 "LO": {
  "SM": [
   802.78717
  ],
  "OpD": [
   18.427019
  ],
  "OpD*OpD": [
   0.21713887
  ],
  "OpWB": [
   67.429468
  ],
  "OpWB*OpWB": [
   2.1278603
  ],
  "OWWW": [
   -9.2845773
  ],
  "OWWW*OWWW": [
   36.241688
  ],
  "OpqMi": [
   -3.2566117
  ],
  "OpqMi*OpqMi": [
   0.41360179
  ],
  "O3pq": [
   131.27608
  ],
  "O3pq*O3pq": [
   38.49161
  ],
  "O3pQ3": [
   176.04084
  ],
  "O3pQ3*O3pQ3": [
   22.448708
  ],
  "OpQM": [
   18.266047
  ],
  "OpQM*OpQM": [
   0.87198862
  ],
  "Opt": [
   5.0911371
  ],
  "Opt*Opt": [
   0.38284611
  ],
  "OtZ": [
   -5.7166484
  ],
  "OtZ*OtZ": [
   12.847628
  ],
  "OtW": [
   8.0986176
  ],
  "OtW*OtW": [
   67.903515
  ],
  "O83qq": [
   0.0
  ],
  "O83qq*O83qq": [
   106.8967
  ],
  "O13qq": [
   -460.68881
  ],
  "O13qq*O13qq": [
   480.29427
  ],
  "O3pl1": [
   -145.954185
  ],
  "O3pl1*O3pl1": [
   6.63625615
  ],
  "O3pl2": [
   -145.954185
  ],
  "O3pl2*O3pl2": [
   6.63625615
  ],
  "Oll": [
   145.9331
  ],
  "Oll*Oll": [
   6.6352973
  ],
  "OpD*OpWB": [
   0.80645873
  ],
  "OpD*OWWW": [
   0.03929913
  ],
  "OpD*OpqMi": [
   -0.18766986
  ],
  "OpD*O3pq": [
   0.30511913
  ],
  "OpD*O3pQ3": [
   2.2925271
  ],
  "OpD*OpQM": [
   0.50972091
  ],
  "OpD*Opt": [
   -0.31327169
  ],
  "OpD*OtZ": [
   0.62003213
  ],
  "OpD*OtW": [
   -0.61412687
  ],
  "OpD*O83qq": [
   -0.17133887
  ],
  "OpD*O13qq": [
   -3.7243289
  ],
  "OpD*O3pl1": [
   -1.67887615
  ],
  "OpD*O3pl2": [
   -1.67887615
  ],
  "OpD*Oll": [
   1.6761286
  ],
  "OpWB*OWWW": [
   1.0211557
  ],
  "OpWB*OpqMi": [
   -0.19574399
  ],
  "OpWB*O3pq": [
   7.7043467
  ],
  "OpWB*O3pQ3": [
   8.0763197
  ],
  "OpWB*OpQM": [
   0.54130928
  ],
  "OpWB*Opt": [
   0.24128969
  ],
  "OpWB*OtZ": [
   0.2394087
  ],
  "OpWB*OtW": [
   -0.6228023
  ],
  "OpWB*O83qq": [
   -0.4624803
  ],
  "OpWB*O13qq": [
   -25.11456
  ],
  "OpWB*O3pl1": [
   -6.12983785
  ],
  "OpWB*O3pl2": [
   -6.12983785
  ],
  "OpWB*Oll": [
   6.1192414
  ],
  "OWWW*OpqMi": [
   -0.07414179
  ],
  "OWWW*O3pq": [
   -4.396437
  ],
  "OWWW*O3pQ3": [
   -1.834816
  ],
  "OWWW*OpQM": [
   0.80816538
  ],
  "OWWW*Opt": [
   -0.17928911
  ],
  "OWWW*OtZ": [
   1.139491
  ],
  "OWWW*OtW": [
   -4.17516
  ],
  "OWWW*O83qq": [
   -0.064258
  ],
  "OWWW*O13qq": [
   47.819452
  ],
  "OWWW*O3pl1": [
   0.97213885
  ],
  "OWWW*O3pl2": [
   0.97213885
  ],
  "OWWW*Oll": [
   -0.6817433
  ],
  "OpqMi*O3pq": [
   0.68972121
  ],
  "OpqMi*O3pQ3": [
   -0.09390179
  ],
  "OpqMi*OpQM": [
   -0.12997661
  ],
  "OpqMi*Opt": [
   0.03157012
  ],
  "OpqMi*OtZ": [
   0.07204721
  ],
  "OpqMi*OtW": [
   -0.00981179
  ],
  "OpqMi*O83qq": [
   -0.11646179
  ],
  "OpqMi*O13qq": [
   -2.1314918
  ],
  "OpqMi*O3pl1": [
   0.29568756
  ],
  "OpqMi*O3pl2": [
   0.29568756
  ],
  "OpqMi*Oll": [
   -0.28722149
  ],
  "O3pq*O3pQ3": [
   4.94115
  ],
  "O3pq*OpQM": [
   -1.2934806
  ],
  "O3pq*Opt": [
   2.8416969
  ],
  "O3pq*OtZ": [
   -3.493038
  ],
  "O3pq*OtW": [
   6.029445
  ],
  "O3pq*O83qq": [
   -0.17261
  ],
  "O3pq*O13qq": [
   -104.65786
  ],
  "O3pq*O3pl1": [
   -11.9391315
  ],
  "O3pq*O3pl2": [
   -11.9391315
  ],
  "O3pq*Oll": [
   11.961332
  ],
  "O3pQ3*OpQM": [
   3.4704294
  ],
  "O3pQ3*Opt": [
   -0.39683311
  ],
  "O3pQ3*OtZ": [
   1.374166
  ],
  "O3pQ3*OtW": [
   0.73268
  ],
  "O3pQ3*O83qq": [
   0.0
  ],
  "O3pQ3*O13qq": [
   -56.307378
  ],
  "O3pQ3*O3pl1": [
   -15.9986855
  ],
  "O3pQ3*O3pl2": [
   -15.9986855
  ],
  "O3pQ3*Oll": [
   15.992017
  ],
  "OpQM*Opt": [
   -0.75235981
  ],
  "OpQM*OtZ": [
   1.2105534
  ],
  "OpQM*OtW": [
   -1.6115966
  ],
  "OpQM*O83qq": [
   0.0
  ],
  "OpQM*O13qq": [
   1.2540914
  ],
  "OpQM*O3pl1": [
   -1.6625693
  ],
  "OpQM*O3pl2": [
   -1.6625693
  ],
  "OpQM*Oll": [
   1.6620722
  ],
  "Opt*OtZ": [
   -1.3653751
  ],
  "Opt*OtW": [
   1.3794879
  ],
  "Opt*O83qq": [
   0.0
  ],
  "Opt*O13qq": [
   -5.1212861
  ],
  "Opt*O3pl1": [
   -0.45960481
  ],
  "Opt*O3pl2": [
   -0.45960481
  ],
  "Opt*Oll": [
   0.47277409
  ],
  "OtZ*OtW": [
   -29.563068
  ],
  "OtZ*O83qq": [
   0.0
  ],
  "OtZ*O13qq": [
   1.579072
  ],
  "OtZ*O3pl1": [
   0.51957085
  ],
  "OtZ*O3pl2": [
   0.51957085
  ],
  "OtZ*Oll": [
   -0.5207283
  ],
  "OtW*O83qq": [
   0.0
  ],
  "OtW*O13qq": [
   -19.547045
  ],
  "OtW*O3pl1": [
   -0.85870215
  ],
  "OtW*O3pl2": [
   -0.85870215
  ],
  "OtW*Oll": [
   0.7393807
  ],
  "O83qq*O13qq": [
   0.0
  ],
  "O83qq*O3pl1": [
   -0.01777615
  ],
  "O83qq*O3pl2": [
   -0.01777615
  ],
  "O83qq*Oll": [
   0.0528127
  ],
  "O13qq*O3pl1": [
   41.3906935
  ],
  "O13qq*O3pl2": [
   41.3906935
  ],
  "O13qq*Oll": [
   -41.546307
  ],
  "O3pl1*O3pl2": [
   13.287087
  ],
  "O3pl1*Oll": [
   -13.2715535
  ],
  "O3pl2*Oll": [
   -13.2715535
  ]
 },
 "NLO": {
  "SM": [
   1019.539706
  ],
  "OpD": [
   23.40231413
  ],
  "OpD*OpD": [
   0.2757663649
  ],
  "OpWB": [
   85.63542436
  ],
  "OpWB*OpWB": [
   2.702382581
  ],
  "OWWW": [
   -11.79141317
  ],
  "OWWW*OWWW": [
   46.02694376
  ],
  "OpqMi": [
   -4.135896859
  ],
  "OpqMi*OpqMi": [
   0.5252742733
  ],
  "O3pq": [
   166.7206216
  ],
  "O3pq*O3pq": [
   48.8843447
  ],
  "O3pQ3": [
   218.0198095
  ],
  "O3pQ3*O3pQ3": [
   30.35992496
  ],
  "OpQM": [
   22.31432978
  ],
  "OpQM*OpQM": [
   1.207188547
  ],
  "Opt": [
   6.01239048
  ],
  "Opt*Opt": [
   0.5058627279
  ],
  "OtZ": [
   -7.55494318
  ],
  "OtZ*OtZ": [
   18.87104167
  ],
  "OtW": [
   39.57971008
  ],
  "OtW*OtW": [
   112.6555409
  ],
  "O83qq": [
   0.0
  ],
  "O83qq*O83qq": [
   115.3980729
  ],
  "O13qq": [
   -579.9534258
  ],
  "O13qq*O13qq": [
   566.5809029
  ],
  "O3pl1": [
   -185.3618149
  ],
  "O3pl1*O3pl1": [
   8.42804531
  ],
  "O3pl2": [
   -185.3618149
  ],
  "O3pl2*O3pl2": [
   8.42804531
  ],
  "Oll": [
   185.335037
  ],
  "Oll*Oll": [
   8.426827571
  ],
  "OpD*OpWB": [
   1.024202587
  ],
  "OpD*OWWW": [
   0.0499098951
  ],
  "OpD*OpqMi": [
   -0.2383407222
  ],
  "OpD*O3pq": [
   0.3875012951
  ],
  "OpD*O3pQ3": [
   2.911509417
  ],
  "OpD*OpQM": [
   0.6473455557
  ],
  "OpD*Opt": [
   -0.3978550463
  ],
  "OpD*OtZ": [
   0.7874408051
  ],
  "OpD*OtW": [
   -0.7799411249
  ],
  "OpD*O83qq": [
   -0.2176003649
  ],
  "OpD*O13qq": [
   -4.729897703
  ],
  "OpD*O3pl1": [
   -2.132172711
  ],
  "OpD*O3pl2": [
   -2.132172711
  ],
  "OpD*Oll": [
   2.128683322
  ],
  "OpWB*OWWW": [
   1.296867739
  ],
  "OpWB*OpqMi": [
   -0.2485948673
  ],
  "OpWB*O3pq": [
   9.784520309
  ],
  "OpWB*O3pQ3": [
   10.25692602
  ],
  "OpWB*OpQM": [
   0.6874627856
  ],
  "OpWB*Opt": [
   0.3064379063
  ],
  "OpWB*OtZ": [
   0.304049049
  ],
  "OpWB*OtW": [
   -0.790958921
  ],
  "OpWB*O83qq": [
   -0.587349981
  ],
  "OpWB*O13qq": [
   -31.8954912
  ],
  "OpWB*O3pl1": [
   -7.784894069
  ],
  "OpWB*O3pl2": [
   -7.784894069
  ],
  "OpWB*Oll": [
   7.771436578
  ],
  "OWWW*OpqMi": [
   -0.0941600733
  ],
  "OWWW*O3pq": [
   -5.58347499
  ],
  "OWWW*O3pQ3": [
   -2.33021632
  ],
  "OWWW*OpQM": [
   1.026370033
  ],
  "OWWW*Opt": [
   -0.2276971697
  ],
  "OWWW*OtZ": [
   1.44715357
  ],
  "OWWW*OtW": [
   -5.3024532
  ],
  "OWWW*O83qq": [
   -0.08160766
  ],
  "OWWW*O13qq": [
   60.73070404
  ],
  "OWWW*O3pl1": [
   1.234616339
  ],
  "OWWW*O3pl2": [
   1.234616339
  ],
  "OWWW*Oll": [
   -0.865813991
  ],
  "OpqMi*O3pq": [
   0.8759459367
  ],
  "OpqMi*O3pQ3": [
   -0.1192552733
  ],
  "OpqMi*OpQM": [
   -0.1650702947
  ],
  "OpqMi*Opt": [
   0.0400940524
  ],
  "OpqMi*OtZ": [
   0.0914999567
  ],
  "OpqMi*OtW": [
   -0.0124609733
  ],
  "OpqMi*O83qq": [
   -0.1479064733
  ],
  "OpqMi*O13qq": [
   -2.706994586
  ],
  "OpqMi*O3pl1": [
   0.3755232012
  ],
  "OpqMi*O3pl2": [
   0.3755232012
  ],
  "OpqMi*Oll": [
   -0.3647712923
  ],
  "O3pq*O3pQ3": [
   6.2752605
  ],
  "O3pq*OpQM": [
   -1.642720362
  ],
  "O3pq*Opt": [
   3.608955063
  ],
  "O3pq*OtZ": [
   -4.43615826
  ],
  "O3pq*OtW": [
   7.65739515
  ],