{
  "best_sm": [
    839.1
  ],
  "scales": [
    263.1876
  ],
  "theory_cov": [
    [
      70.4
    ]
  ],
  "LO": {
    "SM": [
      802.78717
    ],
    "O13qq": [
      -460.68881
    ],
    "O3pQ3": [
      176.04084
    ],
    "O3pl1": [
      -145.954185
    ],
    "O3pl2": [
      -145.954185
    ],
    "O3pq": [
      131.27608
    ],
    "O83qq": [
      0.0
    ],
    "OWWW": [
      -9.2845773
    ],
    "Oll1221": [
      145.9331
    ],
    "OpD": [
      18.427019
    ],
    "OpQM": [
      18.266047
    ],
    "OpWB": [
      67.429468
    ],
    "OpqMi": [
      -3.2566117
    ],
    "Opt": [
      5.0911371
    ],
    "OtW": [
      8.0986176
    ],
    "OtZ": [
      -5.7166484
    ],
    "O13qq*O13qq": [
      480.29427
    ],
    "O13qq*O3pl1": [
      41.3906935
    ],
    "O13qq*O3pl2": [
      41.3906935
    ],
    "O13qq*Oll1221": [
      -41.546307
    ],
    "O3pQ3*O13qq": [
      -56.307378
    ],
    "O3pQ3*O3pQ3": [
      22.448708
    ],
    "O3pQ3*O3pl1": [
      -15.9986855
    ],
    "O3pQ3*O3pl2": [
      -15.9986855
    ],
    "O3pQ3*O83qq": [
      0.0
    ],
    "O3pQ3*Oll1221": [
      15.992017
    ],
    "O3pQ3*OpQM": [
      3.4704294
    ],
    "O3pQ3*Opt": [
      -0.39683311
    ],
    "O3pQ3*OtW": [
      0.73268
    ],
    "O3pQ3*OtZ": [
      1.374166
    ],
    "O3pl1*O3pl1": [
      6.63625615
    ],
    "O3pl1*O3pl2": [
      13.287087
    ],
    "O3pl1*Oll1221": [
      -13.2715535
    ],
    "O3pl2*O3pl2": [
      6.63625615
    ],
    "O3pl2*Oll1221": [
      -13.2715535
    ],
    "O3pq*O13qq": [
      -104.65786
    ],
    "O3pq*O3pQ3": [
      4.94115
    ],
    "O3pq*O3pl1": [
      -11.9391315
    ],
    "O3pq*O3pl2": [
      -11.9391315
    ],
    "O3pq*O3pq": [
      38.49161
    ],
    "O3pq*O83qq": [
      -0.17261
    ],
    "O3pq*Oll1221": [
      11.961332
    ],
    "O3pq*OpQM": [
      -1.2934806
    ],
    "O3pq*Opt": [
      2.8416969
    ],
    "O3pq*OtW": [
      6.029445
    ],
    "O3pq*OtZ": [
      -3.493038
    ],
    "O83qq*O13qq": [
      0.0
    ],
    "O83qq*O3pl1": [
      -0.01777615
    ],
    "O83qq*O3pl2": [
      -0.01777615
    ],
    "O83qq*O83qq": [
      106.8967
    ],
    "O83qq*Oll1221": [
      0.0528127
    ],
    "OWWW*O13qq": [
      47.819452
    ],
    "OWWW*O3pQ3": [
      -1.834816
    ],
    "OWWW*O3pl1": [
      0.97213885
    ],
    "OWWW*O3pl2": [
      0.97213885
    ],
    "OWWW*O3pq": [
      -4.396437
    ],
    "OWWW*O83qq": [
      -0.064258
    ],
    "OWWW*OWWW": [
      36.241688
    ],
    "OWWW*Oll1221": [
      -0.6817433
    ],
    "OWWW*OpQM": [
      0.80816538
    ],
    "OWWW*OpqMi": [
      -0.07414179
    ],
    "OWWW*Opt": [
      -0.17928911
    ],
    "OWWW*OtW": [
      -4.17516
    ],
    "OWWW*OtZ": [
      1.139491
    ],
    "Oll1221*Oll1221": [
      6.6352973
    ],
    "OpD*O13qq": [
      -3.7243289
    ],
    "OpD*O3pQ3": [
      2.2925271
    ],
    "OpD*O3pl1": [
      -1.67887615
    ],
    "OpD*O3pl2": [
      -1.67887615
    ],
    "OpD*O3pq": [
      0.30511913
    ],
    "OpD*O83qq": [
      -0.17133887
    ],
    "OpD*OWWW": [
      0.03929913
    ],
    "OpD*Oll1221": [
      1.6761286
    ],
    "OpD*OpD": [
      0.21713887
    ],
    "OpD*OpQM": [
      0.50972091
    ],
    "OpD*OpWB": [
      0.80645873
    ],
    "OpD*OpqMi": [
      -0.18766986
    ],
    "OpD*Opt": [
      -0.31327169
    ],
    "OpD*OtW": [
      -0.61412687
    ],
    "OpD*OtZ": [
      0.62003213
    ],
    "OpQM*O13qq": [
      1.2540914
    ],
    "OpQM*O3pl1": [
      -1.6625693
    ],
    "OpQM*O3pl2": [
      -1.6625693
    ],
    "OpQM*O83qq": [
      0.0
    ],
    "OpQM*Oll1221": [
      1.6620722
    ],
    "OpQM*OpQM": [
      0.87198862
    ],
    "OpQM*Opt": [
      -0.75235981
    ],
    "OpQM*OtW": [
      -1.6115966
    ],
    "OpQM*OtZ": [
      1.2105534
    ],
    "OpWB*O13qq": [
      -25.11456
    ],
    "OpWB*O3pQ3": [
      8.0763197
    ],
    "OpWB*O3pl1": [
      -6.12983785
    ],
    "OpWB*O3pl2": [
      -6.12983785
    ],
    "OpWB*O3pq": [
      7.7043467
    ],
    "OpWB*O83qq": [
      -0.4624803
    ],
    "OpWB*OWWW": [
      1.0211557
    ],
    "OpWB*Oll1221": [
      6.1192414
    ],
    "OpWB*OpQM": [
      0.54130928
    ],
    "OpWB*OpWB": [
      2.1278603
    ],
    "OpWB*OpqMi": [
      -0.19574399
    ],
    "OpWB*Opt": [
      0.24128969
    ],
    "OpWB*OtW": [
      -0.6228023
    ],
    "OpWB*OtZ": [
      0.2394087
    ],
    "OpqMi*O13qq": [
      -2.1314918
    ],
    "OpqMi*O3pQ3": [
      -0.09390179
    ],
    "OpqMi*O3pl1": [
      0.29568756
    ],
    "OpqMi*O3pl2": [
      0.29568756
    ],
    "OpqMi*O3pq": [
      0.68972121
    ],
    "OpqMi*O83qq": [
      -0.11646179
    ],
    "OpqMi*Oll1221": [
      -0.28722149
    ],
    "OpqMi*OpQM": [
      -0.12997661
    ],
    "OpqMi*OpqMi": [
      0.41360179
    ],
    "OpqMi*Opt": [
      0.03157012
    ],
    "OpqMi*OtW": [
      -0.00981179
    ],
    "OpqMi*OtZ": [
      0.07204721
    ],
    "Opt*O13qq": [
      -5.1212861
    ],
    "Opt*O3pl1": [
      -0.45960481
    ],
    "Opt*O3pl2": [
      -0.45960481
    ],
    "Opt*O83qq": [
      0.0
    ],
    "Opt*Oll1221": [
      0.47277409
    ],
    "Opt*Opt": [
      0.38284611
    ],
    "Opt*OtW": [
      1.3794879
    ],
    "Opt*OtZ": [
      -1.3653751
    ],
    "OtW*O13qq": [
      -19.547045
    ],
    "OtW*O3pl1": [
      -0.85870215
    ],
    "OtW*O3pl2": [
      -0.85870215
    ],
    "OtW*O83qq": [
      0.0
    ],
    "OtW*Oll1221": [
      0.7393807
    ],
    "OtW*OtW": [
      67.903515
    ],
    "OtZ*O13qq": [
      1.579072
    ],
    "OtZ*O3pl1": [
      0.51957085
    ],
    "OtZ*O3pl2": [
      0.51957085
    ],
    "OtZ*O83qq": [
      0.0
    ],
    "OtZ*Oll1221": [
      -0.5207283
    ],
    "OtZ*OtW": [
      -29.563068
    ],
    "OtZ*OtZ": [
      12.847628
    ]
  },
  "NLO_QCD": {
    "SM": [
      1019.539706
    ],
    "O13qq": [
      -579.9534258
    ],
    "O3pQ3": [
      218.0198095
    ],
    "O3pl1": [
      -185.3618149
    ],
    "O3pl2": [
      -185.3618149
    ],
    "O3pq": [
      166.7206216
    ],
    "O83qq": [
      0.0
    ],
    "OWWW": [
      -11.79141317
    ],
    "Oll1221": [
      185.335037
    ],
    "OpD": [
      23.40231413
    ],
    "OpQM": [
      22.31432978
    ],
    "OpWB": [
      85.63542436
    ],
    "OpqMi": [
      -4.135896859
    ],
    "Opt": [
      6.01239048
    ],
    "OtW": [
      39.57971008
    ],
    "OtZ": [
      -7.55494318
    ],
    "O13qq*O13qq": [
      566.5809029
    ],
    "O13qq*O3pl1": [
      52.56618074
    ],
    "O13qq*O3pl2": [
      52.56618074
    ],
    "O13qq*Oll1221": [
      -52.76380989
    ],
    "O3pQ3*O13qq": [
      -71.51037006
    ],
    "O3pQ3*O3pQ3": [
      30.35992496
    ],
    "O3pQ3*O3pl1": [
      -20.31833059
    ],
    "O3pQ3*O3pl2": [
      -20.31833059
    ],
    "O3pQ3*O83qq": [
      0.0
    ],
    "O3pQ3*Oll1221": [
      20.30986159
    ],
    "O3pQ3*OpQM": [
      4.407445338
    ],
    "O3pQ3*Opt": [
      -0.5039780497
    ],
    "O3pQ3*OtW": [
      0.9305036
    ],
    "O3pQ3*OtZ": [
      1.74519082
    ],
    "O3pl1*O3pl1": [
      8.42804531
    ],
    "O3pl1*O3pl2": [
      16.87460049
    ],
    "O3pl1*Oll1221": [
      -16.85487295
    ],
    "O3pl2*O3pl2": [
      8.42804531
    ],
    "O3pl2*Oll1221": [
      -16.85487295
    ],
    "O3pq*O13qq": [
      -132.9154822
    ],
    "O3pq*O3pQ3": [
      6.2752605
    ],
    "O3pq*O3pl1": [
      -15.16269701
    ],
    "O3pq*O3pl2": [
      -15.16269701
    ],
    "O3pq*O3pq": [
      48.8843447
    ],
    "O3pq*O83qq": [
      -0.2192147
    ],
    "O3pq*Oll1221": [
      15.19089164
    ],
    "O3pq*OpQM": [
      -1.642720362
    ],
    "O3pq*Opt": [
      3.608955063
    ],
    "O3pq*OtW": [
      7.65739515
    ],
    "O3pq*OtZ": [
      -4.43615826
    ],
    "O83qq*O13qq": [
      0.0
    ],
    "O83qq*O3pl1": [
      -0.0225757105
    ],