{
 "best_sm": [
  599.533
 ],
 "theory_cov": [
  [
   13.324735417777774
  ]
 ],
 "LO": {
  "SM": [
   661.0
  ],
  "O3pQ3": [
   130.0
  ],
  "OtW": [
   2.66
  ],
  "OtZ": [
   2.55
  ],
  "Off": [
   0.0
  ],
  "OpQM": [
   14.98
  ],
  "Opt": [
   4.2
  ],
  "O13qq": [
   -394.0
  ],
  "O83qq": [
   0.0
  ],
  "O3pQ3*O3pQ3": [
   17.82
  ],
  "OtW*OtW": [
   481.6
  ],
  "OtZ*OtZ": [
   3.69
  ],
  "Off*Off": [
   2.949
  ],
  "OpQM*OpQM": [
   0.744
  ],
  "Opt*Opt": [
   0.333
  ],
  "O13qq*O13qq": [
   462.0
  ],
  "O83qq*O83qq": [
   102.73
  ],
  "O3pQ3*OtW": [
   1.984
  ],
  "O3pQ3*OtZ": [
   -0.123
  ],
  "O3pQ3*Off": [
   0.0
  ],
  "O3pQ3*OpQM": [
   1.456
  ],
  "O3pQ3*Opt": [
   0.296
  ],
  "O3pQ3*O13qq": [
   -25.3
  ],
  "O3pQ3*O83qq": [
   0.0
  ],
  "OtW*OtZ": [
   4.1
  ],
  "OtW*Off": [
   0.0
  ],
  "OtW*OpQM": [
   -0.438
  ],
  "OtW*Opt": [
   0.246
  ],
  "OtW*O13qq": [
   -16.1
  ],
  "OtW*O83qq": [
   0.0
  ],
  "OtZ*Off": [
   0.0
  ],
  "OtZ*OpQM": [
   -0.583
  ],
  "OtZ*Opt": [
   0.653
  ],
  "OtZ*O13qq": [
   1.83
  ],
  "OtZ*O83qq": [
   0.0
  ],
  "Off*OpQM": [
   0.0
  ],
  "Off*Opt": [
   0.0
  ],
  "Off*O13qq": [
   0.0
  ],
  "Off*O83qq": [
   0.0
  ],
  "OpQM*Opt": [
   -0.656
  ],
  "OpQM*O13qq": [
   3.8
  ],
  "OpQM*O83qq": [
   0.0
  ],
  "Opt*O13qq": [
   -8.3
  ],
  "Opt*O83qq": [
   0.0
  ],
  "O13qq*O83qq": [
   0.0
  ]
 },
 "NLO": {
  "SM": [
   599.533
  ],
  "O3pQ3": [
   161.0
  ],
  "OtW": [
   13.0
  ],
  "OtZ": [
   3.37
  ],
  "Off": [
   0.0
  ],
  "OpQM": [
   18.3
  ],
  "Opt": [
   4.96
  ],
  "O13qq": [
   -496.0
  ],
  "O83qq": [
   0.9
  ],
  "O3pQ3*O3pQ3": [
   24.1
  ],
  "OtW*OtW": [
   799.0
  ],
  "OtZ*OtZ": [
   5.42
  ],
  "Off*Off": [
   4.16
  ],
  "OpQM*OpQM": [
   1.03
  ],
  "Opt*Opt": [
   0.44
  ],
  "O13qq*O13qq": [
   545.0
  ],
  "O83qq*O83qq": [
   110.9
  ],
  "O3pQ3*OtW": [
   1.79951
  ],
  "O3pQ3*OtZ": [
   -0.111562
  ],
  "O3pQ3*Off": [
   0.0
  ],
  "O3pQ3*OpQM": [
   1.32061
  ],
  "O3pQ3*Opt": [
   0.268475
  ],
  "O3pQ3*O13qq": [
   -22.9473
  ],
  "O3pQ3*O83qq": [
   0.0
  ],
  "OtW*OtZ": [
   3.71874
  ],
  "OtW*Off": [
   0.0
  ],
  "OtW*OpQM": [
   -0.39727
  ],
  "OtW*Opt": [
   0.223124
  ],
  "OtW*O13qq": [
   -14.6028
  ],
  "OtW*O83qq": [
   0.0
  ],
  "OtZ*Off": [
   0.0
  ],
  "OtZ*OpQM": [
   -0.528786
  ],
  "OtZ*Opt": [
   0.592277
  ],
  "OtZ*O13qq": [
   1.65983
  ],
  "OtZ*O83qq": [
   0.0
  ],
  "Off*OpQM": [
   0.0
  ],
  "Off*Opt": [
   0.0
  ],
  "Off*O13qq": [
   0.0
  ],
  "Off*O83qq": [
   0.0
  ],
  "OpQM*Opt": [
   -0.594998
  ],
  "OpQM*O13qq": [
   3.44663
  ],
  "OpQM*O83qq": [
   0.0
  ],
  "Opt*O13qq": [
   -7.52817
  ],
  "Opt*O83qq": [
   0.0
  ],
  "O13qq*O83qq": [
   0.0
  ]
 }
}