{
 "best_sm": [
  0.073721,
  0.073149
 ],
 "theory_cov": [
  [
   0.001716881233255312,
   0.0
  ],
  [
   0.0,
   0.0019439739388664586
  ]
 ],
 "NLO_QCD": {
  "SM": [
   0.073721,
   0.073149
  ],
  "O11qq*O11qq": [
   0.0,
   0.0
  ],
  "O11qq*O13qq": [
   0.0,
   0.0
  ],
  "O11qq*O1qt": [
   0.0,
   0.0
  ],
  "O13qq": [
   0.0,
   0.0
  ],
  "O13qq*O13qq": [
   0.0,
   0.0
  ],
  "O13qq*O1qt": [
   0.0,
   0.0
  ],
  "O13qq*O3pQ3": [
   0.0,
   0.0
  ],
  "O13qq*O3pl1": [
   0.0,
   0.0
  ],
  "O13qq*O3pl2": [
   0.0,
   0.0
  ],
  "O13qq*O3pq": [
   0.0,
   0.0
  ],
  "O13qq*Oll": [
   0.0,
   0.0
  ],
  "O13qq*OpD": [
   0.0,
   0.0
  ],
  "O13qq*OpW": [
   0.0,
   0.0
  ],
  "O13qq*OpBox": [
   0.0,
   0.0
  ],
  "O13qq*OtW": [
   0.0,
   0.0
  ],
  "O13qq*Otp": [
   0.0,
   0.0
  ],
  "O1dt*O1dt": [
   0.0,
   0.0
  ],
  "O1dt*O1qd": [
   0.0,
   0.0
  ],
  "O1qd*O1qd": [
   0.0,
   0.0
  ],
  "O1qt*O1qt": [
   0.0,
   0.0
  ],
  "O1qu*O1qu": [
   0.0,
   0.0
  ],
  "O1qu*O1ut": [
   0.0,
   0.0
  ],
  "O1ut*O1ut": [
   0.0,
   0.0
  ],
  "O3pQ3": [
   -0.003310681042005086,
   -0.0015867583416159224
  ],
  "O3pQ3*O3pQ3": [
   0.004141503863218284,
   0.002488847804236009
  ],
  "O3pQ3*O3pl1": [
   0.0003147280761956126,
   0.00016343903973197062
  ],
  "O3pQ3*O3pl2": [
   0.0003008810636769771,
   9.723837132340137e-05
  ],
  "O3pQ3*O3pl3": [
   0.0,
   0.0
  ],
  "O3pQ3*O3pq": [
   0.0007417123877622687,
   -0.0007251787694508345
  ],
  "O3pQ3*Oll": [
   0.0,
   0.0
  ],
  "O3pQ3*OpB": [
   -4.113322020279047e-05,
   -0.0007641659747867838
  ],
  "O3pQ3*OpD": [
   -7.884215815293977e-05,
   -1.204954351627124e-05
  ],
  "O3pQ3*OpQM": [
   0.0042550728148729395,
   0.0026177821895339956
  ],
  "O3pQ3*OpW": [
   0.0005231275997359907,
   -0.00010784207793174824
  ],
  "O3pQ3*OpWB": [
   -0.000129015828518547,
   7.265888494121557e-05
  ],
  "O3pQ3*OpBox": [
   -0.000199804264571989,
   -5.898569638589854e-05
  ],
  "O3pQ3*Opdi": [
   -4.1230255908942136e-06,
   -5.971632037677092e-05
  ],
  "O3pQ3*Ope": [
   0.0,
   0.0
  ],
  "O3pQ3*Opl1": [
   0.0,
   0.0
  ],
  "O3pQ3*Opl2": [
   0.0,
   0.0
  ],
  "O3pQ3*Opl3": [
   0.0,
   0.0
  ],
  "O3pQ3*Opmu": [
   0.0,
   0.0
  ],
  "O3pQ3*OpqMi": [
   -0.00015134042372654693,
   -3.3134252623838005e-05
  ],
  "O3pQ3*Opta": [
   0.0,
   0.0
  ],
  "O3pQ3*Opui": [
   0.000332697829667071,
   -2.8597492918280256e-05
  ],
  "O3pQ3*OtG": [
   0.0,
   0.0
  ],
  "O3pQ3*OtW": [
   0.0,
   0.0
  ],
  "O3pQ3*Otp": [
   0.0,
   0.0
  ],
  "O3pl1": [
   -0.013478979805041548,
   -0.013335308715191127
  ],
  "O3pl1*O3pl1": [
   0.0006083426663007514,
   0.0006053277657633882
  ],
  "O3pl1*O3pl2": [
   0.0012094224213182547,
   0.0012111240340897163
  ],
  "O3pl1*O3pl3": [
   0.0,
   0.0
  ],
  "O3pl1*O3pq": [
   0.012116438920844203,
   0.012297309636218256
  ],
  "O3pl1*O81qq": [
   0.0,
   0.0
  ],
  "O3pl1*O83qq": [
   0.0,
   0.0
  ],
  "O3pl1*O8dt": [
   0.0,
   0.0
  ],
  "O3pl1*O8qd": [
   0.0,
   0.0
  ],
  "O3pl1*O8qt": [
   0.0,
   0.0
  ],
  "O3pl1*O8qu": [
   0.0,
   0.0
  ],
  "O3pl1*O8ut": [
   0.0,
   0.0
  ],
  "O3pl1*OQQ8": [
   0.0,
   0.0
  ],
  "O3pl1*OQt8": [
   0.0,
   0.0
  ],
  "O3pl1*Oll": [
   0.0,
   0.0
  ],
  "O3pl1*OpB": [
   0.00017034041175926465,
   -0.0007090199515124156
  ],
  "O3pl1*OpD": [
   4.329755634517393e-05,
   4.280364716001162e-05
  ],
  "O3pl1*OpG": [
   0.0,
   0.0
  ],
  "O3pl1*OpQM": [
   0.0001422266231952756,
   7.153062121268027e-05
  ],
  "O3pl1*OpW": [
   -0.0011891845681893014,
   -0.0009729022000575058
  ],
  "O3pl1*OpWB": [
   -0.00022702218499520149,
   -0.00016377327433154382
  ],
  "O3pl1*OpBox": [
   -0.0008108760665773032,
   -0.0008127968278817129
  ],
  "O3pl1*Opdi": [
   -0.00035561166018440826,
   -0.00044740828017436466
  ],
  "O3pl1*Ope": [
   0.0,
   0.0
  ],
  "O3pl1*Opl1": [
   0.0,
   0.0
  ],
  "O3pl1*Opl2": [
   0.0,
   0.0
  ],
  "O3pl1*Opl3": [
   0.0,
   0.0
  ],
  "O3pl1*Opmu": [
   0.0,
   0.0
  ],
  "O3pl1*OpqMi": [
   3.010742811750663e-05,
   -0.0006351888483589551
  ],
  "O3pl1*Opta": [
   0.0,
   0.0
  ],
  "O3pl1*Opui": [
   0.0010180810331352757,
   0.0005503777361311593
  ],
  "O3pl1*OtG": [
   0.0,
   0.0
  ],
  "O3pl1*OtW": [
   0.0,
   0.0
  ],
  "O3pl1*Otp": [
   0.0,
   0.0
  ],
  "O3pl2": [
   -0.013394701922264893,
   -0.013350771578505897
  ],
  "O3pl2*O3pl2": [
   0.000609571845623112,
   0.0006081224822473038
  ],
  "O3pl2*O3pl3": [
   0.0,
   0.0
  ],
  "O3pl2*O3pq": [
   0.01209387229702157,
   0.012167806306332277
  ],
  "O3pl2*O81qq": [
   0.0,
   0.0
  ],
  "O3pl2*O83qq": [
   0.0,
   0.0
  ],
  "O3pl2*O8dt": [
   0.0,
   0.0
  ],
  "O3pl2*O8qd": [
   0.0,
   0.0
  ],
  "O3pl2*O8qt": [
   0.0,
   0.0
  ],
  "O3pl2*O8qu": [
   0.0,
   0.0
  ],
  "O3pl2*O8ut": [
   0.0,
   0.0
  ],
  "O3pl2*OQQ8": [
   0.0,
   0.0
  ],
  "O3pl2*OQt8": [
   0.0,
   0.0
  ],
  "O3pl2*Oll": [
   0.0,
   0.0
  ],
  "O3pl2*OpB": [
   4.952287560428726e-05,
   -0.0007237607287043807
  ],
  "O3pl2*OpD": [
   4.318437389751863e-05,
   3.9333299729730094e-05
  ],
  "O3pl2*OpG": [
   0.0,
   0.0
  ],
  "O3pl2*OpQM": [
   0.00015871590505432698,
   0.00010717192187478572
  ],
  "O3pl2*OpW": [
   -0.0014446128219208168,
   -0.0011658812497155357
  ],
  "O3pl2*OpWB": [
   -0.000266417793276981,
   -0.00021982690109599625
  ],
  "O3pl2*OpBox": [
   -0.0008121283274596337,
   -0.0008155524728913868
  ],
  "O3pl2*Opdi": [
   -0.00039465285094034147,
   -0.0007541939816335893
  ],
  "O3pl2*Ope": [
   0.0,
   0.0
  ],
  "O3pl2*Opl1": [
   0.0,
   0.0
  ],
  "O3pl2*Opl2": [
   0.0,
   0.0
  ],
  "O3pl2*Opl3": [
   0.0,
   0.0
  ],
  "O3pl2*Opmu": [
   0.0,
   0.0
  ],
  "O3pl2*OpqMi": [
   -0.00022015332493289025,
   -0.0007542879425733488
  ],
  "O3pl2*Opta": [
   0.0,
   0.0
  ],
  "O3pl2*Opui": [
   0.0011934490502762745,
   0.0009630546496607488
  ],
  "O3pl2*OtG": [
   0.0,
   0.0
  ],
  "O3pl2*OtW": [
   0.0,
   0.0
  ],
  "O3pl2*Otp": [
   0.0,
   0.0
  ],
  "O3pl3": [
   0.0,
   0.0
  ],
  "O3pl3*O3pl3": [
   0.0,
   0.0
  ],
  "O3pl3*O3pq": [
   0.0,
   0.0
  ],
  "O3pl3*Oll": [
   0.0,
   0.0
  ],
  "O3pl3*OpB": [
   0.0,
   0.0
  ],
  "O3pl3*OpD": [
   0.0,
   0.0
  ],
  "O3pl3*OpQM": [
   0.0,
   0.0
  ],
  "O3pl3*OpW": [
   0.0,
   0.0
  ],
  "O3pl3*OpWB": [
   0.0,
   0.0
  ],
  "O3pl3*OpBox": [
   0.0,
   0.0
  ],
  "O3pl3*Opdi": [
   0.0,
   0.0
  ],
  "O3pl3*Ope": [
   0.0,
   0.0
  ],
  "O3pl3*Opl1": [
   0.0,
   0.0
  ],
  "O3pl3*Opl2": [
   0.0,
   0.0
  ],
  "O3pl3*Opl3": [
   0.0,
   0.0
  ],
  "O3pl3*Opmu": [
   0.0,
   0.0
  ],
  "O3pl3*OpqMi": [
   0.0,
   0.0
  ],
  "O3pl3*Opta": [
   0.0,
   0.0
  ],
  "O3pl3*Opui": [
   0.0,
   0.0
  ],
  "O3pq": [
   -0.13337351663580232,
   -0.1328155122004993
  ],
  "O3pq*O3pq": [
   0.1503783642960807,
   0.19059259715661928
  ],
  "O3pq*Oll": [
   0.0,
   0.0
  ],
  "O3pq*OpB": [
   -0.00011835794407861367,
   -0.0031087458561759435
  ],
  "O3pq*OpD": [
   0.0010836862271597122,
   0.000868082704986339
  ],
  "O3pq*OpQM": [
   0.0008434259912360987,
   0.0011195622056636525
  ],
  "O3pq*OpW": [
   0.016501715367532945,
   0.01954181794736995
  ],
  "O3pq*OpWB": [
   -0.00164356543213245,
   -0.0011847119838482537
  ],
  "O3pq*OpBox": [
   -0.008047821552278097,
   -0.00815602486745936
  ],
  "O3pq*Opdi": [
   -0.0013130147223171422,
   -0.0006853348179082581
  ],
  "O3pq*Ope": [
   0.0,
   0.0
  ],
  "O3pq*Opl1": [
   0.0,
   0.0
  ],
  "O3pq*Opl2": [
   0.0,
   0.0
  ],
  "O3pq*Opl3": [
   0.0,
   0.0
  ],
  "O3pq*Opmu": [
   0.0,
   0.0
  ],
  "O3pq*OpqMi": [
   0.05762331974939235,
   0.06650602740563948
  ],
  "O3pq*Opta": [
   0.0,
   0.0
  ],
  "O3pq*Opui": [
   0.002474103442766347,
   0.003249943179902445
  ],
  "O3pq*OtW": [
   0.0,
   0.0
  ],
  "O3pq*Otp": [
   0.0,
   0.0
  ],
  "O81qq": [
   0.0,
   0.0
  ],
  "O81qq*O81qq": [
   0.0,
   0.0
  ],
  "O81qq*O83qq": [
   0.0,
   0.0
  ],
  "O81qq*O8qt": [
   0.0,
   0.0
  ],
  "O81qq*Oll": [
   0.0,
   0.0
  ],