{
 "best_sm": [
  24.0,
  7.1
 ],
"scales": [
    286.68,
    323.55
 ],
 "theory_cov": [
  [
   1.21,
   0.0
  ],
  [
   0.0,
   0.09
  ]
 ],
 "LO": {
  "SM": [
   30.053863363774735,
   9.687294792346162
  ],
  "Obp": [
   -19.945932619583978,
   -6.429194371964924
  ],
  "O3pl1": [
   -2.51294179737232,
   -0.8021615241296891
  ],
  "O3pl2": [
   -2.516041731705871,
   -0.80526145846324
  ],
  "O3pl3": [
   0.8096462703117416,
   0.2609741717095609
  ],
  "O3pq": [
   124.92735364209611,
   123.47038450532726
  ],
  "Oll": [
   -0.35219403729696536,
   -0.11352309092862471
  ],
  "OpW": [
   31.402334798869322,
   10.611075223744292
  ],
  "Opd": [
   3.630770007148558,
   1.1828326044949382
  ],
  "OpD": [
   -0.9474734393491822,
   -0.30459837623807107
  ],
  "Obp*Obp": [
   -115.47604731809756,
   -37.22152118298657
  ],
  "O3pl1*O3pl1": [
   0.0388198065816551,
   0.01257226829065229
  ],
  "O3pl2*O3pl2": [
   0.03830621625306144,
   0.01236278152017998
  ],
  "O3pl3*O3pl3": [
   0.013888274492086442,
   0.004476622773364634
  ],
  "O3pq*O3pq": [
   146.84388938030008,
   707.7150083496413
  ],
  "Oll*Oll": [
   0.024981652474995678,
   0.008052363484720113
  ],
  "OpW*OpW": [
   22.84341610393564,
   22.034333242878883
  ],
  "Opd*Opd": [
   0.11154420200852826,
   0.0356523673702318
  ],
  "OpD*OpD": [
   0.005693933674492726,
   0.0018327993509945368
  ],
  "Obp*O3pl1": [
   2.5181734330912815,
   0.8064838966226469
  ],
  "Obp*O3pl2": [
   2.5128842753569436,
   0.8061732334279912
  ],
  "Obp*O3pl3": [
   -0.5373402333625024,
   -0.17320146769033726
  ],
  "Obp*O3pq": [
   -82.91089062085966,
   -81.94393978731614
  ],
  "Obp*Oll": [
   -0.668005595266092,
   -0.21531897732919417
  ],
  "Obp*OpW": [
   -20.840876476161494,
   -7.042282347275497
  ],
  "Obp*Opd": [
   -1.1430484958076292,
   -0.3767509333967617
  ],
  "Obp*OpD": [
   0.14368818412458131,
   0.0457830517749502
  ],
  "O3pl1*O3pl2": [
   0.027475523955924966,
   0.009353885724825435
  ],
  "O3pl1*O3pl3": [
   -0.08704637267243115,
   -0.02784660476518387
  ],
  "O3pq*O3pl1": [
   -2.8296902064093485,
   -2.7889490205618466
  ],
  "O3pl1*Oll": [
   -0.03588397392051839,
   -0.011658369636602791
  ],
  "OpW*O3pl1": [
   -0.7189242498495028,
   -0.23883416052075074
  ],
  "Opd*O3pl1": [
   -0.11499750034989285,
   -0.036042425513211414
  ],
  "OpD*O3pl1": [
   0.03306099150163712,
   0.010838174589536889
  ],
  "O3pl2*O3pl3": [
   -0.08712988440737822,
   -0.02793011650013093
  ],
  "O3pq*O3pl2": [
   -2.8172904690751444,
   -2.7858490862282967
  ],
  "O3pl2*Oll": [
   -0.035426892444328374,
   -0.011486420120412785
  ],
  "OpW*O3pl2": [
   -0.7108644205822708,
   -0.2403841276875261
  ],
  "Opd*O3pl2": [
   -0.11490358505738961,
   -0.03604894809311526
  ],
  "OpD*O3pl2": [
   0.0322633738895282,
   0.010583665472666069
  ],
  "O3pl3*O3pq": [
   3.3655229183664965,
   3.326272402941379
  ],
  "O3pl3*Oll": [
   -0.0337900238533734,
   -0.010891575507147176
  ],
  "O3pl3*OpW": [
   0.8459738750137124,
   0.2858606687237845
  ],
  "O3pl3*Opd": [
   0.09781236305848268,
   0.03186532110832646
  ],
  "O3pl3*OpD": [
   -0.025524782857472672,
   -0.008205831519199135
  ],
  "O3pq*Oll": [
   -1.4639937806155443,
   -1.446919907739879
  ],
  "OpW*O3pq": [
   71.36048835833877,
   72.13547194172645
  ],
  "O3pq*Opd": [
   7.627787290919279,
   7.602350485590682
  ],
  "OpD*O3pq": [
   -2.047955271413592,
   -2.0247709147106376
  ],
  "Oll*OpW": [
   -0.3679964515542299,
   -0.12434865287957836
  ],
  "Oll*Opd": [
   -0.003851361712245274,
   -0.0013881620647104322
  ],
  "Oll*OpD": [
   0.0059283099627003375,
   0.0019014828147403786
  ],
  "OpW*Opd": [
   1.919886131461525,
   0.6410581843159235
  ],
  "OpW*OpD": [
   -0.5160737667045493,
   -0.17429914628452559
  ],
  "OpD*Opd": [
   -0.05793609472924287,
   -0.01860511422401326
  ]
 },
 "NLO": {
  "SM": [
   24.384166210045663,
   7.92340602739726
  ],
  "Obp": [
   -73.99097171385084,
   -24.042672043835623
  ],
  "O3pl1": [
   -1.9989894121592844,
   -0.6698536172926216
  ],
  "O3pl2": [
   -2.05020038541434,
   -0.671679464824694
  ],
  "O3pl3": [
   0.6569055361588435,
   0.2134552906093344
  ],
  "O3pq": [
   94.98820091324201,
   89.71751415525115
  ],
  "Oll": [
   -0.28615743957211265,
   -0.09298417513887175
  ],
  "OpW": [
   25.3688,
   8.72848894977169
  ],
  "Opd": [
   2.9409353459215763,
   0.95918202697282
  ],
  "OpD": [
   -0.786936299207074,
   -0.24713215929028048
  ],
  "Obp*Obp": [
   -201.29292582343405,
   -65.4082476309876
  ],
  "O3pl1*O3pl1": [
   0.033198306282367765,
   0.00989692322013131
  ],
  "O3pl2*O3pl2": [
   0.031027609692408,
   0.009758263722522947
  ],
  "O3pl3*O3pl3": [
   0.011268234951582566,
   0.003661507224172198
  ],
  "O3pq*O3pq": [
   109.25573759512937,
   457.5651141552512
  ],
  "Oll*Oll": [
   0.020293476415760348,
   0.006594174759325453
  ],
  "OpW*OpW": [
   17.348861248097414,
   16.12482630136986
  ],
  "Opd*Opd": [
   0.0907378330836555,
   0.029330533524297632
  ],
  "OpD*OpD": [
   0.00458105268980303,
   0.0015036379305279686
  ],
  "Obp*O3pl1": [
   5.0033684678305885,
   1.6873979907593015
  ],
  "Obp*O3pl2": [
   5.169688294059484,
   1.6964886075878882
  ],
  "Obp*O3pl3": [
   -1.9933049391935718,
   -0.6477057379612366
  ],
  "Obp*O3pq": [
   -288.2308636834095,
   -272.23756575951296
  ],
  "Obp*Oll": [
   1.8287938846306584,
   0.5942494142932876
  ],
  "Obp*OpW": [
   -76.97873066666668,
   -26.48560436407915
  ],
  "Obp*Opd": [
   -4.3951575762562465,
   -1.438945417730857
  ],
  "Obp*OpD": [
   1.1480025233430655,
   0.3470115519407177
  ],
  "O3pl1*O3pl2": [
   0.019326091436717964,
   0.006351311198659406
  ],
  "O3pl1*O3pl3": [
   -0.06955053122901392,
   -0.023146691882137603
  ],
  "O3pq*O3pl1": [
   -2.17141442290909,
   -1.9970138764651038
  ],
  "O3pl1*Oll": [
   -0.029532805118496746,
   -0.009358170777897317
  ],
  "OpW*O3pl1": [
   -0.5780924131332899,
   -0.20681519499831705
  ],
  "Opd*O3pl1": [
   -0.09384225703013657,
   -0.03009172244613371
  ],
  "OpD*O3pl1": [
   0.02574031936857407,
   0.008258058428722084
  ],
  "O3pl2*O3pl3": [
   -0.07093014665459567,
   -0.023195879922510543
  ],
  "O3pq*O3pl2": [
   -2.154328856481605,
   -1.9975023465673007
  ],
  "O3pl2*Oll": [
   -0.02864599987165078,
   -0.009243867595962588
  ],
  "OpW*O3pl2": [
   -0.5624657247227659,
   -0.21459580517444235
  ],
  "Opd*O3pl2": [
   -0.09393878283525364,
   -0.030121084955753673
  ],
  "OpD*O3pl2": [
   0.025151837928289945,
   0.00804909454160073
  ],
  "O3pl3*O3pq": [
   2.5589669342054715,
   2.4169754762708995
  ],
  "O3pl3*Oll": [
   -0.027426412327561236,
   -0.008911955359644601
  ],
  "O3pl3*OpW": [
   0.6834314129158515,
   0.2351440957224174
  ],
  "O3pl3*Opd": [
   0.07922832766064423,
   0.025840210334644315
  ],
  "O3pl3*OpD": [
   -0.021199937988468583,
   -0.006657700829392861
  ],
  "O3pq*Oll": [
   -1.1147225674543106,
   -1.0528690591382481
  ],
  "OpW*O3pq": [
   54.69544170471843,
   51.471248706240495
  ],
  "O3pq*Opd": [
   5.787299512299772,
   5.412478049570193
  ],
  "OpD*O3pq": [
   -1.553006084685076,
   -1.4681945329448427
  ],
  "Oll*OpW": [
   -0.2977124905762122,
   -0.10243212860692964
  ],
  "Oll*Opd": [
   -0.0030944702288966974,
   -0.001047211107738533
  ],
  "Oll*OpD": [
   0.0050102593665572225,
   0.0015274011099172756
  ],
  "OpW*Opd": [
   1.5595778777299403,
   0.5251215967134881
  ],
  "OpW*OpD": [
   -0.41185238359643395,
   -0.14661935619859387
  ],
  "OpD*Opd": [
   -0.0468345425488133,
   -0.015281699577621495
  ]
 }
}