{
  "best_sm": [
    0.6896346,
    0.3121927,
    0.0017065
  ],
  "scales": [
    172.0,
    172.0,
    172.0
  ],
  "theory_cov": [
    [
      0.0004556495906953577,
      0.00020626931038025657,
      1.1275706170949495e-06
    ],
    [
      0.00020626931038025657,
      9.33766413359385e-05,
      5.104431528525256e-07
    ],
    [
      1.1275706170949495e-06,
      5.104431528525256e-07,
      2.7903369131313135e-09
    ]
  ],
  "LO": {
    "SM": [
      0.697539,
      0.30189,
      0.00154156
    ],
    "OtG": [
      0.0,
      0.0,
      2.21714137852e-05
    ],
    "OtW": [
      -0.0619917432825,
      0.0620585212469,
      -0.000146806607061
    ],
    "O3pQ3*OtG": [
      0.0,
      0.0,
      -2.68824564377e-06
    ],
    "O3pQ3*OtW": [
      0.003758199079,
      -0.00376224254031,
      8.90002304824e-06
    ],
    "O3pl1*OtG": [
      0.0,
      0.0,
      1.3441228219e-06
    ],
    "O3pl1*OtW": [
      -0.0018790995395,
      0.0018811212702,
      -4.4500115241e-06
    ],
    "O3pl2*OtG": [
      0.0,
      0.0,
      1.3441228219e-06
    ],
    "O3pl2*OtW": [
      -0.0018790995395,
      0.0018811212702,
      -4.4500115241e-06
    ],
    "Oll1221*OtG": [
      0.0,
      0.0,
      -1.3441228219e-06
    ],
    "Oll1221*OtW": [
      0.0018790995395,
      -0.0018811212702,
      4.4500115241e-06
    ],
    "OtG*OtG": [
      0.0,
      0.0,
      0.0
    ],
    "OtW*OtG": [
      0.0,
      0.0,
      -3.77382720659e-06
    ],
    "OtW*OtW": [
      0.00356908970057,
      -0.00357442028037,
      9.95207132447e-06
    ]
  },
  "NLO_QCD": {
    "SM": [
      0.689466,
      0.308842,
      0.00169208
    ],
    "OtG": [
      0.00064474891454,
      -0.000673970936802,
      2.9222282052e-05
    ],
    "OtW": [
      -0.0609861823272,
      0.061150870174,
      -0.000164726761771
    ],
    "O3pQ3*OtG": [
      -7.81746395641e-05,
      8.17178475515e-05,
      -3.54315505889e-06
    ],
    "O3pQ3*OtW": [
      0.00369723002512,
      -0.00370721975307,
      9.98641389039e-06
    ],
    "O3pl1*OtG": [
      3.9087319782e-05,
      -4.0858923776e-05,
      1.7715775294e-06
    ],
    "O3pl1*OtW": [
      -0.0018486150126,
      0.0018536098765,
      -4.9932069452e-06
    ],
    "O3pl2*OtG": [
      3.9087319782e-05,
      -4.0858923776e-05,
      1.7715775294e-06
    ],
    "O3pl2*OtW": [
      -0.0018486150126,
      0.0018536098765,
      -4.9932069452e-06
    ],
    "Oll1221*OtG": [
      -3.9087319782e-05,
      4.0858923776e-05,
      -1.7715775294e-06
    ],
    "Oll1221*OtW": [
      0.0018486150126,
      -0.0018536098765,
      4.9932069452e-06
    ],
    "OtG*OtG": [
      1.86175451292e-06,
      -1.94613293374e-06,
      8.43814204055e-08
    ],
    "OtW*OtG": [
      -0.000287210995883,
      0.000292722800691,
      -5.5115486954e-06
    ],
    "OtW*OtW": [
      0.00368141955476,
      -0.00369329220976,
      1.18812323816e-05
    ]
  }
}
