{
  "best_sm": [
    0.0346503353786
  ],
  "scales": [
    365.0
  ],
  "theory_cov_current": [
    [
      0.0
    ]
  ],
  "theory_cov_conservative": [
    [
      0.0
    ]
  ],
  "theory_cov_aggressive": [
    [
      0.0
    ]
  ],
  "LO": {
    "SM": [
      0.0346503353786
    ],
    "O3pl1": [
      -0.00226725286052
    ],
    "O3pl2": [
      -0.00420129193316
    ],
    "O3pq": [
      0.0
    ],
    "Oeu": [
      -0.032959575334
    ],
    "Ol1u": [
      -0.0156396876671
    ],
    "Oll1221": [
      0.00420129193316
    ],
    "OpD": [
      -0.00396002561279
    ],
    "OpWB": [
      -0.00916227715403
    ],
    "Ope": [
      -0.000325392458713
    ],
    "Opl1": [
      0.00193403907264
    ],
    "OpqMi": [
      -0.00156208728402
    ],
    "Opui": [
      0.000400870269691
    ],
    "Oqe": [
      -0.00697974383356
    ],
    "Oql13": [
      0.0
    ],
    "Oql1M": [
      -0.0479475708423
    ],
    "O3pl1*O3pl1": [
      7.85884158568e-05
    ],
    "O3pl1*O3pl2": [
      0.000137450201409
    ],
    "O3pl1*O3pq": [
      0.0
    ],
    "O3pl1*Oeu": [
      0.00199814513277
    ],
    "O3pl1*Ol1u": [
      0.00199814513277
    ],
    "O3pl1*Oll1221": [
      -0.000137450201409
    ],
    "O3pl1*OpD": [
      0.000263912712545
    ],
    "O3pl1*OpWB": [
      0.000544473337926
    ],
    "O3pl1*Ope": [
      1.97266303048e-05
    ],
    "O3pl1*Opl1": [
      1.97266303048e-05
    ],
    "O3pl1*OpqMi": [
      3.0581084136e-06
    ],
    "O3pl1*Opui": [
      1.444092463e-05
    ],
    "O3pl1*Oqe": [
      0.000423140802868
    ],
    "O3pl1*Oql13": [
      0.0
    ],
    "O3pl1*Oql1M": [
      0.000423140802868
    ],
    "O3pl2*O3pl2": [
      0.000127349805671
    ],
    "O3pl2*O3pq": [
      0.0
    ],
    "O3pl2*Oeu": [
      0.00199814513277
    ],
    "O3pl2*Ol1u": [
      0.000948142246169
    ],
    "O3pl2*Oll1221": [
      -0.000254699611343
    ],
    "O3pl2*OpD": [
      0.000240073053844
    ],
    "O3pl2*OpWB": [
      0.000555454957015
    ],
    "O3pl2*Ope": [
      1.97266303048e-05
    ],
    "O3pl2*Opl1": [
      -0.000117249409934
    ],
    "O3pl2*OpqMi": [
      9.47001613911e-05
    ],
    "O3pl2*Opui": [
      -2.43024059059e-05
    ],
    "O3pl2*Oqe": [
      0.000423140802868
    ],
    "O3pl2*Oql13": [
      0.0
    ],
    "O3pl2*Oql1M": [
      0.00290677911762
    ],
    "O3pq*O3pq": [
      0.0
    ],
    "O3pq*Oeu": [
      0.0
    ],
    "O3pq*Ol1u": [
      0.0
    ],
    "O3pq*Oll1221": [
      0.0
    ],
    "O3pq*OpD": [
      0.0
    ],
    "O3pq*OpWB": [
      0.0
    ],
    "O3pq*Ope": [
      0.0
    ],
    "O3pq*Opl1": [
      0.0
    ],
    "O3pq*OpqMi": [
      0.0
    ],
    "O3pq*Opui": [
      0.0
    ],
    "O3pq*Oqe": [
      0.0
    ],
    "O3pq*Oql13": [
      0.0
    ],
    "O3pq*Oql1M": [
      0.0
    ],
    "Oeu*Oeu": [
      0.0265410115803
    ],
    "Oeu*Ol1u": [
      0.0
    ],
    "Oeu*Oll1221": [
      -0.00199814513277
    ],
    "Oeu*OpD": [
      0.00453391987993
    ],
    "Oeu*OpWB": [
      0.00746263855922
    ],
    "Oeu*Ope": [
      0.0010500028866
    ],
    "Oeu*Opl1": [
      0.0
    ],
    "Oeu*OpqMi": [
      0.0
    ],
    "Oeu*Opui": [
      -0.0015750043299
    ],
    "Oeu*Oqe": [
      0.0
    ],
    "Oeu*Oql13": [
      0.0
    ],
    "Oeu*Oql1M": [
      0.0
    ],
    "Ol1u*Ol1u": [
      0.0265410115803
    ],
    "Ol1u*Oll1221": [
      -0.000948142246169
    ],
    "Ol1u*OpD": [
      0.00217815907902
    ],
    "Ol1u*OpWB": [
      0.00550187207125
    ],
    "Ol1u*Ope": [
      0.0
    ],
    "Ol1u*Opl1": [
      0.0010500028866
    ],
    "Ol1u*OpqMi": [
      0.0
    ],
    "Ol1u*Opui": [
      0.00195863687146
    ],
    "Ol1u*Oqe": [
      0.0
    ],
    "Ol1u*Oql13": [
      0.0
    ],
    "Ol1u*Oql1M": [
      0.0
    ],
    "Oll1221*Oll1221": [
      0.000127349805671
    ],
    "Oll1221*OpD": [
      -0.000240073053844
    ],
    "Oll1221*OpWB": [
      -0.000555454957015
    ],
    "Oll1221*Ope": [
      -1.97266303048e-05
    ],
    "Oll1221*Opl1": [
      0.000117249409934
    ],
    "Oll1221*OpqMi": [
      -9.47001613911e-05
    ],
    "Oll1221*Opui": [
      2.43024059059e-05
    ],
    "Oll1221*Oqe": [
      -0.000423140802868
    ],
    "Oll1221*Oql13": [
      0.0
    ],
    "Oll1221*Oql1M": [
      -0.00290677911762
    ],
    "OpD*OpD": [
      0.00024933641988
    ],
    "OpD*OpWB": [
      0.000968219132648
    ],
    "OpD*Ope": [
      4.28826629899e-05
    ],
    "OpD*Opl1": [
      2.3839658701e-05
    ],
    "OpD*OpqMi": [
      -1.45017181654e-05
    ],
    "OpD*Opui": [
      -5.41562018002e-05
    ],
    "OpD*Oqe": [
      0.00100027867857
    ],
    "OpD*Oql13": [
      0.0
    ],
    "OpD*Oql1M": [
      0.000411338478341
    ],
    "OpWB*OpWB": [
      0.00106403942373
    ],
    "OpWB*Oqe": [
      0.00452148882727
    ],
    "OpWB*Oql13": [
      0.0
    ],
    "OpWB*Oql1M": [
      0.00256072233931
    ],
    "Ope*OpWB": [
      -6.39378580586e-05
    ],
    "Ope*Ope": [
      6.84880201193e-05
    ],
    "Ope*Opl1": [
      0.0
    ],
    "Ope*OpqMi": [
      7.36923889999e-05
    ],
    "Ope*Opui": [
      -3.11547863917e-05
    ],
    "Ope*Oqe": [
      -0.00248363831476
    ],
    "Ope*Oql13": [
      0.0
    ],
    "Ope*Oql1M": [
      0.0
    ],
    "Opl1*OpWB": [
      -1.09816190891e-05
    ],
    "Opl1*Opl1": [
      6.84880201193e-05
    ],
    "Opl1*OpqMi": [
      -9.16420529775e-05
    ],
    "Opl1*Opui": [
      3.8743330536e-05
    ],
    "Opl1*Oqe": [
      0.0
    ],
    "Opl1*Oql13": [
      0.0
    ],
    "Opl1*Oql1M": [
      -0.00248363831476
    ],
    "OpqMi*OpWB": [
      -3.96714210168e-05
    ],
    "OpqMi*OpqMi": [
      5.95012836485e-05
    ],
    "OpqMi*Opui": [
      0.0
    ],
    "OpqMi*Oqe": [
      -0.0015750043299
    ],
    "OpqMi*Oql13": [
      0.0
    ],
    "OpqMi*Oql1M": [
      0.00195863687146
    ],
    "Opui*OpWB": [
      -1.84152465237e-05
    ],
    "Opui*Opui": [
      5.95012836485e-05
    ],
    "Opui*Oqe": [
      0.0
    ],
    "Opui*Oql13": [
      0.0
    ],
    "Opui*Oql1M": [
      0.0
    ],
    "Oqe*Oqe": [
      0.0265410115803
    ],
    "Oqe*Oql13": [
      0.0
    ],
    "Oqe*Oql1M": [
      0.0
    ],
    "Oql13*Oql13": [
      0.0
    ],
    "Oql13*Oql1M": [
      0.0
    ],
    "Oql1M*Oql1M": [
      0.0265410115803
    ]
  }
}
