{
  "best_sm": [
    0.626855759613
  ],
  "scales": [
    365.0
  ],
  "theory_cov_current": [
    [
      0.0
    ]
  ],
  "theory_cov_conservative": [
    [
      0.0
    ]
  ],
  "theory_cov_aggressive": [
    [
      0.0
    ]
  ],
  "LO": {
    "SM": [
      0.626855759613
    ],
    "O3pl1": [
      -0.0623886316285
    ],
    "O3pl2": [
      -0.0760051531202
    ],
    "O3pl3": [
      0.0136165214917
    ],
    "Oee1133": [
      1.97757452004
    ],
    "Ole1133": [
      0.234595315006
    ],
    "Ole3311": [
      0.234595315006
    ],
    "Oll1133": [
      1.11534829352
    ],
    "Oll1221": [
      0.0760051531202
    ],
    "Oll1331": [
      1.11534829352
    ],
    "OpD": [
      -0.107984085832
    ],
    "OpWB": [
      -0.233008003479
    ],
    "Ope": [
      -0.00601305404537
    ],
    "Opl1": [
      0.0136165214917
    ],
    "Opl3": [
      0.0136165214917
    ],
    "Opta": [
      -0.00601305404537
    ],
    "O3pl1*O3pl1": [
      0.0020733958784
    ],
    "O3pl1*O3pl2": [
      0.00378225566821
    ],
    "O3pl1*O3pl3": [
      -0.000102785707286
    ],
    "O3pl1*Oee1133": [
      -0.119888707966
    ],
    "O3pl1*Ole1133": [
      -0.0299721769916
    ],
    "O3pl1*Ole3311": [
      -0.0142221336925
    ],
    "O3pl1*Oll1133": [
      -0.0284442673851
    ],
    "O3pl1*Oll1221": [
      -0.00378225566821
    ],
    "O3pl1*Oll1331": [
      -0.0284442673851
    ],
    "O3pl1*OpD": [
      0.00696223798352
    ],
    "O3pl1*OpWB": [
      0.0146146947765
    ],
    "O3pl1*Ope": [
      0.000364536088589
    ],
    "O3pl1*Opl1": [
      0.000364536088589
    ],
    "O3pl1*Opl3": [
      -0.000102785707286
    ],
    "O3pl1*Opta": [
      -0.000216613869451
    ],
    "O3pl2*O3pl2": [
      0.00230387262629
    ],
    "O3pl2*O3pl3": [
      -0.000825489584382
    ],
    "O3pl2*Oee1133": [
      -0.119888707966
    ],
    "O3pl2*Ole1133": [
      -0.0142221336925
    ],
    "O3pl2*Ole3311": [
      -0.0142221336925
    ],
    "O3pl2*Oll1133": [
      -0.0676170048142
    ],
    "O3pl2*Oll1221": [
      -0.00460774525259
    ],
    "O3pl2*Oll1331": [
      -0.0676170048142
    ],
    "O3pl2*OpD": [
      0.00654643979287
    ],
    "O3pl2*OpWB": [
      0.0141259043337
    ],
    "O3pl2*Ope": [
      0.000364536088589
    ],
    "O3pl2*Opl1": [
      -0.000825489584382
    ],
    "O3pl2*Opl3": [
      -0.000825489584382
    ],
    "O3pl2*Opta": [
      0.000364536088589
    ],
    "O3pl3*O3pl3": [
      0.000595012836486
    ],
    "O3pl3*Oee1133": [
      0.0
    ],
    "O3pl3*Ole1133": [
      0.0
    ],
    "O3pl3*Ole3311": [
      -0.015750043299
    ],
    "O3pl3*Oll1133": [
      0.0391727374291
    ],
    "O3pl3*Oll1221": [
      0.000825489584382
    ],
    "O3pl3*Oll1331": [
      0.0391727374291
    ],
    "O3pl3*OpD": [
      0.000415798190656
    ],
    "O3pl3*OpWB": [
      0.000488790442787
    ],
    "O3pl3*Ope": [
      -0.000581149958041
    ],
    "O3pl3*Opl1": [
      0.000722703877096
    ],
    "O3pl3*Opl3": [
      0.00119002567297
    ],
    "O3pl3*Opta": [
      0.0
    ],
    "Oee1133*Oee1133": [
      4.24656185285
    ],
    "Oee1133*Ole1133": [
      0.0
    ],
    "Oee1133*Ole3311": [
      0.0
    ],
    "Oee1133*Oll1133": [
      0.0
    ],
    "Oee1133*Oll1221": [
      0.119888707966
    ],
    "Oee1133*Oll1331": [
      0.0
    ],
    "Oee1133*OpD": [
      -0.272035192796
    ],
    "Oee1133*OpWB": [
      -0.447758313553
    ],
    "Oee1133*Ope": [
      -0.0630001731961
    ],
    "Oee1133*Opl1": [
      0.0
    ],
    "Oee1133*Opl3": [
      0.0
    ],
    "Oee1133*Opta": [
      -0.0630001731961
    ],
    "Ole1133*Ole1133": [
      0.265410115803
    ],
    "Ole1133*Ole3311": [
      0.0
    ],
    "Ole1133*Oll1133": [
      0.0
    ],
    "Ole1133*Oll1221": [
      0.0142221336925
    ],
    "Ole1133*Oll1331": [
      0.0
    ],
    "Ole1133*OpD": [
      -0.0326723861853
    ],
    "Ole1133*OpWB": [
      -0.0825280810688
    ],
    "Ole1133*Ope": [
      0.0
    ],
    "Ole1133*Opl1": [
      -0.015750043299
    ],
    "Ole1133*Opl3": [
      0.0
    ],
    "Ole1133*Opta": [
      0.0195863687146
    ],
    "Ole3311*Ole3311": [
      0.265410115803
    ],
    "Ole3311*Oll1133": [
      0.0
    ],
    "Ole3311*Oll1221": [
      0.0142221336925
    ],
    "Ole3311*Oll1331": [
      0.0
    ],
    "Ole3311*OpD": [
      -0.0326723861853
    ],
    "Ole3311*OpWB": [
      -0.0825280810688
    ],
    "Ole3311*Ope": [
      0.0195863687146
    ],
    "Ole3311*Opl1": [
      0.0
    ],
    "Ole3311*Opl3": [
      -0.015750043299
    ],
    "Ole3311*Opta": [
      0.0
    ],
    "Oll1133*Oll1133": [
      1.06164046321
    ],
    "Oll1133*Oll1331": [
      2.12328092642
    ],
    "Oll1133*OpD": [
      -0.030008360357
    ],
    "Oll1133*OpWB": [
      -0.106233167499
    ],
    "Oll1133*Ope": [
      0.0
    ],
    "Oll1133*Opl1": [
      0.0391727374291
    ],
    "Oll1133*Opl3": [
      0.0391727374291
    ],
    "Oll1133*Opta": [
      0.0
    ],
    "Oll1221*Oll1133": [
      0.0676170048142
    ],
    "Oll1221*Oll1221": [
      0.00230387262629
    ],
    "Oll1221*Oll1331": [
      0.0676170048142
    ],
    "Oll1221*OpD": [
      -0.00654643979287
    ],
    "Oll1221*OpWB": [
      -0.0141259043337
    ],
    "Oll1221*Ope": [
      -0.000364536088589
    ],
    "Oll1221*Opl1": [
      0.000825489584382
    ],
    "Oll1221*Opl3": [
      0.000825489584382
    ],
    "Oll1221*Opta": [
      -0.000364536088589
    ],
    "Oll1331*Oll1331": [
      1.06164046321
    ],
    "Oll1331*OpD": [
      -0.030008360357
    ],
    "Oll1331*OpWB": [
      -0.106233167499
    ],
    "Oll1331*Ope": [
      0.0
    ],
    "Oll1331*Opl1": [
      0.0391727374291
    ],
    "Oll1331*Opl3": [
      0.0391727374291
    ],
    "Oll1331*Opta": [
      0.0
    ],
    "OpD*OpD": [
      0.00657971501221
    ],
    "OpD*OpWB": [
      0.0260024483618
    ],
    "OpD*Ope": [
      0.000812343027004
    ],
    "OpD*Opl1": [
      0.000415798190656
    ],
    "OpD*Opl3": [
      0.000415798190656
    ],
    "OpD*Opta": [
      0.000812343027004
    ],
    "OpWB*OpWB": [
      0.0272913571145
    ],
    "Ope*OpWB": [
      0.000276228697856
    ],
    "Ope*Ope": [
      0.000595012836486
    ],
    "Ope*Opl1": [
      0.0
    ],
    "Ope*Opl3": [
      -0.000581149958041
    ],
    "Ope*Opta": [
      0.000467321795876
    ],
    "Opl1*OpWB": [
      0.000488790442787
    ],
    "Opl1*Opl1": [
      0.000595012836486
    ],
    "Opl1*Opl3": [
      0.000722703877096
    ],
    "Opl1*Opta": [
      -0.000581149958041
    ],
    "Opl3*OpWB": [
      0.000488790442787
    ],
    "Opl3*Opl3": [
      0.000595012836486
    ],
    "Opl3*Opta": [
      0.0
    ],
    "Opta*OpWB": [
      0.000276228697856
    ],
    "Opta*Opta": [
      0.000595012836486
    ]
  }
}
