{
  "best_sm": [
    0.0847908622333129
  ],
  "scales": [
    240.0
  ],
  "theory_cov": [
    [
      0.0
    ]
  ],
  "LO": {
    "SM": [
      0.0847908622333129
    ],
    "OpD": [
      -0.0089047649351301
    ],
    "OpWB": [
      -0.0206568268373093
    ],
    "Opl1": [
      0.005205706581673
    ],
    "O3pl1": [
      -0.0050750356280106
    ],
    "O3pl2": [
      -0.0102807422096837
    ],
    "Ope": [
      -0.0010691346000471
    ],
    "OpqMi": [
      -0.0042939160910913
    ],
    "Opu": [
      0.0011575643919567
    ],
    "Oll": [
      0.0102807422096837
    ],
    "OpD*OpD": [
      0.0005990347830335
    ],
    "OpD*OpWB": [
      0.002256439711045
    ],
    "OpD*Opl1": [
      8.36967525302e-05
    ],
    "OpD*O3pl1": [
      0.0006235402588033
    ],
    "OpD*O3pl2": [
      0.0005398435062731
    ],
    "OpD*Ope": [
      0.0001365825452075
    ],
    "OpD*OpqMi": [
      -4.49540072111e-05
    ],
    "OpD*Opu": [
      -0.0001550815253495
    ],
    "OpD*Oll": [
      -0.0005398435062731
    ],
    "OpWB*OpWB": [
      0.0024572716040427
    ],
    "OpWB*Opl1": [
      6.9656994688237305e-06
    ],
    "OpWB*O3pl1": [
      0.0012592675748766
    ],
    "OpWB*O3pl2": [
      0.0012523018754078
    ],
    "OpWB*Ope": [
      -0.0001401031470547
    ],
    "OpWB*OpqMi": [
      -0.0001201995984523
    ],
    "OpWB*Opu": [
      -6.11674404849e-05
    ],
    "OpWB*Oll": [
      -0.0012523018754078
    ],
    "Opl1*Opl1": [
      0.0001902033512127
    ],
    "Opl1*O3pl1": [
      6.48153404802e-05
    ],
    "Opl1*O3pl2": [
      -0.0003155913619451
    ],
    "Opl1*Ope": [
      0.0
    ],
    "Opl1*OpqMi": [
      -0.0002545061976966
    ],
    "Opl1*Opu": [
      0.0001075970847493
    ],
    "Opl1*Oll": [
      0.0003155913619451
    ],
    "O3pl1*O3pl1": [
      0.0001862424456578
    ],
    "O3pl1*O3pl2": [
      0.0003076695508353
    ],
    "O3pl1*Ope": [
      6.48153404802e-05
    ],
    "O3pl1*OpqMi": [
      5.80867138116291e-06
    ],
    "O3pl1*Opu": [
      3.74207662678e-05
    ],
    "O3pl1*Oll": [
      -0.0003076695508353
    ],
    "O3pl2*O3pl2": [
      0.0003116304563902
    ],
    "O3pl2*Ope": [
      6.48153404802e-05
    ],
    "O3pl2*OpqMi": [
      0.0002603148690778
    ],
    "O3pl2*Opu": [
      -7.01763184815e-05
    ],
    "O3pl2*Oll": [
      -0.0006232609127805
    ],
    "Ope*Ope": [
      0.0001902033512127
    ],
    "Ope*OpqMi": [
      0.0002046568045365
    ],
    "Ope*Opu": [
      -8.65223548249e-05
    ],
    "Ope*Oll": [
      -6.48153404802e-05
    ],
    "OpqMi*OpqMi": [
      0.0001652455937796
    ],
    "OpqMi*Opu": [
      0.0
    ],
    "OpqMi*Oll": [
      -0.0002603148690778
    ],
    "Opu*Opu": [
      0.0001652455937796
    ],
    "Opu*Oll": [
      7.01763184815e-05
    ],
    "Oll*Oll": [
      0.0003116304563902
    ]
  }
}
