{
  "best_sm": [
    0.4742426564309805
  ],
  "scales": [
    365.0
  ],
  "theory_cov": [
    [
      0.0
    ]
  ],
  "LO": {
    "SM": [
      0.4742426564309805
    ],
    "O3pl1": [
      0.0208302195927265
    ],
    "O3pl2": [
      0.0
    ],
    "O3pl3": [
      0.0208302195927264
    ],
    "Oee1133": [
      0.7395330767091725
    ],
    "Ole1133": [
      -0.4426915594987459
    ],
    "Ole3311": [
      -0.4426915594987459
    ],
    "Oll1133": [
      0.4170952582303015
    ],
    "Oll1221": [
      0.0
    ],
    "Oll1331": [
      0.4170952582303015
    ],
    "OpD": [
      0.024913903524263
    ],
    "OpWB": [
      0.077796350915743
    ],
    "Ope": [
      -0.0218202677974932
    ],
    "Opl1": [
      0.0208302195927264
    ],
    "Opl3": [
      0.0208302195927264
    ],
    "Opta": [
      -0.0218202677974932
    ],
    "O3pl1*O3pl1": [
      0.0005045437054021
    ],
    "O3pl1*O3pl2": [
      0.0012628136580016
    ],
    "O3pl1*O3pl3": [
      0.00062813030053
    ],
    "O3pl1*Oee1133": [
      -0.0369447306254413
    ],
    "O3pl1*Ole1133": [
      0.0047038216683041
    ],
    "O3pl1*Ole3311": [
      -0.0250171948406954
    ],
    "O3pl1*Oll1133": [
      -0.0061877350761918
    ],
    "O3pl1*Oll1221": [
      -0.0012628136580016
    ],
    "O3pl1*Oll1331": [
      -0.0061877350761918
    ],
    "O3pl1*OpD": [
      0.0025210964498471
    ],
    "O3pl1*OpWB": [
      0.0054154939911026
    ],
    "O3pl1*Ope": [
      -0.0006490440738398
    ],
    "O3pl1*Opl1": [
      -0.0002537262471973
    ],
    "O3pl1*Opl3": [
      0.00062813030053
    ],
    "O3pl1*Opta": [
      0.0004476111650821
    ],
    "O3pl2*O3pl2": [
      0.0
    ],
    "O3pl2*O3pl3": [
      0.0012628136580016
    ],
    "O3pl2*Oee1133": [
      0.0448335393515679
    ],
    "O3pl2*Ole1133": [
      -0.0268377846488117
    ],
    "O3pl2*Ole3311": [
      -0.0268377846488118
    ],
    "O3pl2*Oll1133": [
      0.0252860315003523
    ],
    "O3pl2*Oll1221": [
      0.0
    ],
    "O3pl2*Oll1331": [
      0.0252860315003523
    ],
    "O3pl2*OpD": [
      0.0015103833881597
    ],
    "O3pl2*OpWB": [
      0.0047163350363042
    ],
    "O3pl2*Ope": [
      -0.0013228344556458
    ],
    "O3pl2*Opl1": [
      0.0012628136580016
    ],
    "O3pl2*Opl3": [
      0.0012628136580016
    ],
    "O3pl2*Opta": [
      -0.0013228344556458
    ],
    "O3pl3*O3pl3": [
      -0.0007582699525994
    ],
    "O3pl3*Oee1133": [
      -0.0817782699770091
    ],
    "O3pl3*Ole1133": [
      0.0018205898081163
    ],
    "O3pl3*Ole3311": [
      0.031541606317116
    ],
    "O3pl3*Oll1133": [
      -0.031473766576544
    ],
    "O3pl3*Oll1221": [
      -0.0012628136580016
    ],
    "O3pl3*Oll1331": [
      -0.031473766576544
    ],
    "O3pl3*OpD": [
      0.0010107130616873
    ],
    "O3pl3*OpWB": [
      0.0006991589547983
    ],
    "O3pl3*Ope": [
      0.0017704456207279
    ],
    "O3pl3*Opl1": [
      -0.0006346833574715
    ],
    "O3pl3*Opl3": [
      -0.0015165399051989
    ],
    "O3pl3*Opta": [
      0.0006737903818059
    ],
    "Oee1133*Oee1133": [
      -0.7450007349716827
    ],
    "Oee1133*Ole1133": [
      1.119818303412956
    ],
    "Oee1133*Ole3311": [
      1.1198183034129563
    ],
    "Oee1133*Oll1133": [
      -2.631664278288404
    ],
    "Oee1133*Oll1221": [
      -0.0448335393515678
    ],
    "Oee1133*Oll1331": [
      -2.631664278288404
    ],
    "Oee1133*OpD": [
      -0.0529331506943384
    ],
    "Oee1133*OpWB": [
      -0.1379805534660825
    ],
    "Oee1133*Ope": [
      0.0523719132118337
    ],
    "Oee1133*Opl1": [
      -0.0817782699770091
    ],
    "Oee1133*Opl3": [
      -0.0817782699770091
    ],
    "Oee1133*Opta": [
      0.0523719132118337
    ],
    "Ole1133*Ole1133": [
      -0.3351669632540813
    ],
    "Ole1133*Ole3311": [
      0.3313469303212799
    ],
    "Ole1133*Oll1133": [
      0.6315754077038056
    ],
    "Ole1133*Oll1221": [
      0.0268377846488117
    ],
    "Ole1133*Oll1331": [
      0.6315754077038056
    ],
    "Ole1133*OpD": [
      -0.0239289971506271
    ],
    "Ole1133*OpWB": [
      -0.0379330208346339
    ],
    "Ole1133*Ope": [
      0.0039195688754405
    ],
    "Ole1133*Opl1": [
      0.031541606317116
    ],
    "Ole1133*Opl3": [
      0.0018205898081163
    ],
    "Ole1133*Opta": [
      -0.0330407604940899
    ],
    "Ole3311*Ole3311": [
      -0.3351669632540812
    ],
    "Ole3311*Oll1133": [
      0.6315754077038057
    ],
    "Ole3311*Oll1221": [
      0.0268377846488117
    ],
    "Ole3311*Oll1331": [
      0.6315754077038057
    ],
    "Ole3311*OpD": [
      -0.0239289971506271
    ],
    "Ole3311*OpWB": [
      -0.0379330208346339
    ],
    "Ole3311*Ope": [
      -0.0330407604940899
    ],
    "Ole3311*Opl1": [
      0.0018205898081163
    ],
    "Ole3311*Opl3": [
      0.031541606317116
    ],
    "Ole3311*Opta": [
      0.0039195688754405
    ],
    "Oll1133*Oll1133": [
      -0.3451161440004657
    ],
    "Oll1133*Oll1331": [
      -0.6902322880009315
    ],
    "Oll1133*OpD": [
      0.0162995195887199
    ],
    "Oll1133*OpWB": [
      -0.0231098480367992
    ],
    "Oll1133*Ope": [
      0.0428251864486024
    ],
    "Oll1133*Opl1": [
      -0.031473766576544
    ],
    "Oll1133*Opl3": [
      -0.031473766576544
    ],
    "Oll1133*Opta": [
      0.0428251864486024
    ],
    "Oll1221*Oll1133": [
      -0.0252860315003522
    ],
    "Oll1221*Oll1221": [
      0.0
    ],
    "Oll1221*Oll1331": [
      -0.0252860315003522
    ],
    "Oll1221*OpD": [
      -0.0015103833881597
    ],
    "Oll1221*OpWB": [
      -0.0047163350363042
    ],
    "Oll1221*Ope": [
      0.0013228344556458
    ],
    "Oll1221*Opl1": [
      -0.0012628136580016
    ],
    "Oll1221*Opl3": [
      -0.0012628136580016
    ],
    "Oll1221*Opta": [
      0.0013228344556458
    ],
    "Oll1331*Oll1331": [
      -0.3451161440004657
    ],
    "Oll1331*OpD": [
      0.0162995195887199
    ],
    "Oll1331*OpWB": [
      -0.0231098480367992
    ],
    "Oll1331*Ope": [
      0.0428251864486024
    ],
    "Oll1331*Opl1": [
      -0.031473766576544
    ],
    "Oll1331*Opl3": [
      -0.031473766576544
    ],
    "Oll1331*Opta": [
      0.0428251864486024
    ],
    "OpD*OpD": [
      0.002205392955083
    ],
    "OpD*OpWB": [
      0.0094157482705187
    ],
    "OpD*Ope": [
      -0.0004902927428495
    ],
    "OpD*Opl1": [
      0.0010107130616873
    ],
    "OpD*Opl3": [
      0.0010107130616873
    ],
    "OpD*Opta": [
      -0.0004902927428495
    ],
    "OpWB*OpWB": [
      0.0101128475635713
    ],
    "Ope*OpWB": [
      -0.0003761541059598
    ],
    "Ope*Ope": [
      -0.0008038159079293
    ],
    "Ope*Opl1": [
      0.0006737903818059
    ],
    "Ope*Opl3": [
      0.0017704456207279
    ],
    "Ope*Opta": [
      -0.0002438581769891
    ],
    "Opl1*OpWB": [
      0.0006991589547983
    ],
    "Opl1*Opl1": [
      -0.0007582699525994
    ],
    "Opl1*Opl3": [
      -0.0006346833574715
    ],
    "Opl1*Opta": [
      0.0017704456207279
    ],
    "Opl3*OpWB": [
      0.0006991589547983
    ],
    "Opl3*Opl3": [
      -0.0007582699525994
    ],
    "Opl3*Opta": [
      0.0006737903818059
    ],
    "Opta*OpWB": [
      -0.0003761541059598
    ],
    "Opta*Opta": [
      -0.0008038159079293
    ]
  }
}