{
  "best_sm": [
    0.959412131187776
  ],
  "scales": [
    365.0
  ],
  "theory_cov": [
    [
      0.0
    ]
  ],
  "LO": {
    "SM": [
      0.959412131187776
    ],
    "OpD": [
      0.0022805114533225
    ],
    "OpWB": [
      0.0076607077817352
    ],
    "Opl1": [
      0.0041023575888296
    ],
    "O3pl1": [
      0.0041023575973641
    ],
    "O3pl2": [
      -2.4408501610096226e-12
    ],
    "Ope": [
      -0.0046429262660023
    ],
    "Oll": [
      2.45186411313262e-12
    ],
    "Oll1111": [
      0.0002713558520997
    ],
    "OpD*OpD": [
      0.0002297260605991
    ],
    "OpD*OpWB": [
      0.0011771845904045
    ],
    "OpD*Opl1": [
      0.0003538818283414
    ],
    "OpD*O3pl1": [
      0.0004921358219364
    ],
    "OpD*O3pl2": [
      0.0001382539912829
    ],
    "OpD*Ope": [
      -0.0003571689335417
    ],
    "OpD*Oll": [
      -0.0001382539912848
    ],
    "OpD*Oll1111": [
      0.0008744663010967
    ],
    "OpWB*OpWB": [
      0.0014634968543311
    ],
    "OpWB*Opl1": [
      0.0006385764072414
    ],
    "OpWB*O3pl1": [
      0.0011030000502826
    ],
    "OpWB*O3pl2": [
      0.0004644236391259
    ],
    "OpWB*Ope": [
      -0.0006978406388066
    ],
    "OpWB*Oll": [
      -0.0004644236390547
    ],
    "OpWB*Oll1111": [
      0.0027820413341856
    ],
    "Opl1*Opl1": [
      -7.77209465682e-05
    ],
    "Opl1*O3pl1": [
      9.32599114852e-05
    ],
    "Opl1*O3pl2": [
      0.0002487018039372
    ],
    "Opl1*Ope": [
      0.000189248518354
    ],
    "Opl1*Oll": [
      -0.0002487018046956
    ],
    "Opl1*Oll1111": [
      0.001456899356107
    ],
    "O3pl1*O3pl1": [
      0.0001709808588396
    ],
    "O3pl1*O3pl2": [
      0.0002487018046297
    ],
    "O3pl1*Ope": [
      -9.22247834402e-05
    ],
    "O3pl1*Oll": [
      -0.0002487018042772
    ],
    "O3pl1*Oll1111": [
      0.0014733500677733
    ],
    "O3pl2*O3pl2": [
      -3.9264654106778444e-13
    ],
    "O3pl2*Ope": [
      -0.0002814733026799
    ],
    "O3pl2*Oll": [
      4.285943633290099e-13
    ],
    "O3pl2*Oll1111": [
      1.64507079462e-05
    ],
    "Ope*Ope": [
      -7.86956401657e-05
    ],
    "Ope*Oll": [
      0.0002814733027576
    ],
    "Ope*Oll1111": [
      -0.001577097275166
    ],
    "Oll*Oll": [
      -3.939812152454504e-13
    ],
    "Oll*Oll1111": [
      -1.64507079425e-05
    ],
    "Oll1111*Oll1111": [
      -0.0411699223418799
    ]
  }
}
