{
    "best_sm": [
        0.6268557596132733
    ],
    "scales": [
        365.0
    ],
    "theory_cov": [
        [
            0.0
        ]
    ],
    "LO": {
        "SM": [
            0.6268557596132733
        ],
        "OpD": [
            -0.1079840858324246
        ],
        "OpWB": [
            -0.2330080034788196
        ],
        "Opl1": [
            0.0136165214916969
        ],
        "Opl3": [
            0.0136165214916969
        ],
        "O3pl1": [
            -0.0623886316285354
        ],
        "O3pl2": [
            -0.0760051531202325
        ],
        "O3pl3": [
            0.0136165214916969
        ],
        "Ope": [
            -0.0060130540453675
        ],
        "Opta": [
            -0.0060130540453675
        ],
        "Oll": [
            0.0760051531202325
        ],
        "Oll1331": [
            1.115348293516791
        ],
        "cll1133": [
            1.115348293516791
        ],
        "OpD*OpD": [
            0.0065797150122143
        ],
        "OpD*OpWB": [
            0.0260024483618155
        ],
        "OpD*Opl1": [
            0.0004157981906559
        ],
        "OpD*Opl3": [
            0.0004157981906559
        ],
        "OpD*O3pl1": [
            0.006962237983524
        ],
        "OpD*O3pl2": [
            0.0065464397928681
        ],
        "OpD*O3pl3": [
            0.0004157981906559
        ],
        "OpD*Ope": [
            0.0008123430270044
        ],
        "OpD*Opta": [
            0.0008123430270044
        ],
        "OpD*Oll": [
            -0.0065464397928681
        ],
        "OpD*Oll1331": [
            -0.0300083603570293
        ],
        "OpD*cll1133": [
            -0.0300083603570293
        ],
        "OpWB*OpWB": [
            0.0272913571145169
        ],
        "OpWB*Opl1": [
            0.0004887904427874
        ],
        "OpWB*Opl3": [
            0.0004887904427874
        ],
        "OpWB*O3pl1": [
            0.0146146947764838
        ],
        "OpWB*O3pl2": [
            0.0141259043336964
        ],
        "OpWB*O3pl3": [
            0.0004887904427874
        ],
        "OpWB*Ope": [
            0.0002762286978559
        ],
        "OpWB*Opta": [
            0.0002762286978559
        ],
        "OpWB*Oll": [
            -0.0141259043336964
        ],
        "OpWB*Oll1331": [
            -0.1062331674987464
        ],
        "OpWB*cll1133": [
            -0.1062331674987464
        ],
        "Opl1*Opl1": [
            0.0005950128364857
        ],
        "Opl1*Opl3": [
            0.0007227038770956
        ],
        "Opl1*O3pl1": [
            0.0003645360885894
        ],
        "Opl1*O3pl2": [
            -0.000825489584382
        ],
        "Opl1*O3pl3": [
            0.0007227038770956
        ],
        "Opl1*Ope": [
            0.0
        ],
        "Opl1*Opta": [
            -0.0005811499580408
        ],
        "Opl1*Oll": [
            0.000825489584382
        ],
        "Opl1*Oll1331": [
            0.0391727374291141
        ],
        "Opl1*cll1133": [
            0.0391727374291141
        ],
        "Opl3*Opl3": [
            0.0005950128364857
        ],
        "Opl3*O3pl1": [
            -0.0001027857072864
        ],
        "Opl3*O3pl2": [
            -0.000825489584382
        ],
        "Opl3*O3pl3": [
            0.0011900256729715
        ],
        "Opl3*Ope": [
            -0.0005811499580408
        ],
        "Opl3*Opta": [
            0.0
        ],
        "Opl3*Oll": [
            0.000825489584382
        ],
        "Opl3*Oll1331": [
            0.0391727374291141
        ],
        "Opl3*cll1133": [
            0.0391727374291141
        ],
        "O3pl1*O3pl1": [
            0.0020733958783972
        ],
        "O3pl1*O3pl2": [
            0.0037822556682051
        ],
        "O3pl1*O3pl3": [
            -0.0001027857072864
        ],
        "O3pl1*Ope": [
            0.0003645360885894
        ],
        "O3pl1*Opta": [
            -0.0002166138694513
        ],
        "O3pl1*Oll": [
            -0.0037822556682051
        ],
        "O3pl1*Oll1331": [
            -0.0284442673850655
        ],
        "O3pl1*cll1133": [
            -0.0284442673850655
        ],
        "O3pl2*O3pl2": [
            0.0023038726262936
        ],
        "O3pl2*O3pl3": [
            -0.000825489584382
        ],
        "O3pl2*Ope": [
            0.0003645360885894
        ],
        "O3pl2*Opta": [
            0.0003645360885894
        ],
        "O3pl2*Oll": [
            -0.0046077452525872
        ],
        "O3pl2*Oll1331": [
            -0.0676170048141797
        ],
        "O3pl2*cll1133": [
            -0.0676170048141797
        ],
        "O3pl3*O3pl3": [
            0.0005950128364857
        ],
        "O3pl3*Ope": [
            -0.0005811499580408
        ],
        "O3pl3*Opta": [
            0.0
        ],
        "O3pl3*Oll": [
            0.000825489584382
        ],
        "O3pl3*Oll1331": [
            0.0391727374291141
        ],
        "O3pl3*cll1133": [
            0.0391727374291141
        ],
        "Ope*Ope": [
            0.0005950128364857
        ],
        "Ope*Opta": [
            0.0004673217958759
        ],
        "Ope*Oll": [
            -0.0003645360885894
        ],
        "Ope*Oll1331": [
            0.0
        ],
        "Ope*cll1133": [
            0.0
        ],
        "Opta*Opta": [
            0.0005950128364857
        ],
        "Opta*Oll": [
            -0.0003645360885894
        ],
        "Opta*Oll1331": [
            0.0
        ],
        "Opta*cll1133": [
            0.0
        ],
        "Oll*Oll": [
            0.0023038726262936
        ],
        "Oll*Oll1331": [
            0.0676170048141797
        ],
        "Oll*cll1133": [
            0.0676170048141797
        ],
        "Oll1331*Oll1331": [
            1.0616404632123615
        ],
        "Oll1331*cll1133": [
            2.123280926424723
        ],
        "cll1133*cll1133": [
            1.0616404632123615
        ]
    },
    "NLO": {
        "SM": [
            0.6268557596132733
        ],
        "OpD": [
            -0.1079840858324246
        ],
        "OpWB": [
            -0.2330080034788196
        ],
        "Opl1": [
            0.0136165214916969
        ],
        "Opl3": [
            0.0136165214916969
        ],
        "O3pl1": [
            -0.0623886316285354
        ],
        "O3pl2": [
            -0.0760051531202325
        ],
        "O3pl3": [
            0.0136165214916969
        ],
        "Ope": [
            -0.0060130540453675
        ],
        "Opta": [
            -0.0060130540453675
        ],
        "Oll": [
            0.0760051531202325
        ],
        "Oll1331": [
            1.115348293516791
        ],
        "cll1133": [
            1.115348293516791
        ],
        "OpD*OpD": [
            0.0065797150122143
        ],
        "OpD*OpWB": [
            0.0260024483618155
        ],
        "OpD*Opl1": [
            0.0004157981906559
        ],
        "OpD*Opl3": [
            0.0004157981906559
        ],
        "OpD*O3pl1": [
            0.006962237983524
        ],
        "OpD*O3pl2": [
            0.0065464397928681
        ],
        "OpD*O3pl3": [
            0.0004157981906559
        ],
        "OpD*Ope": [
            0.0008123430270044
        ],
        "OpD*Opta": [
            0.0008123430270044
        ],
        "OpD*Oll": [
            -0.0065464397928681
        ],
        "OpD*Oll1331": [
            -0.0300083603570293
        ],
        "OpD*cll1133": [
            -0.0300083603570293
        ],
        "OpWB*OpWB": [
            0.0272913571145169
        ],
        "OpWB*Opl1": [
            0.0004887904427874
        ],
        "OpWB*Opl3": [
            0.0004887904427874
        ],
        "OpWB*O3pl1": [
            0.0146146947764838
        ],
        "OpWB*O3pl2": [
            0.0141259043336964
        ],
        "OpWB*O3pl3": [
            0.0004887904427874
        ],