{
  "best_sm": [
    0.4887241212760858
  ],
  "scales": [
    365.0
  ],
  "theory_cov": [
    [
      0.0
    ]
  ],
  "LO": {
    "SM": [
      0.4887241212760858
    ],
    "O3pl1": [
      0.0214662907867815
    ],
    "O3pl2": [
      0.0214662907867815
    ],
    "Oee1122": [
      0.7621154448427225
    ],
    "Ole1122": [
      -0.4562095806408176
    ],
    "Ole1221": [
      0.0
    ],
    "Ole2211": [
      -0.4562095806408175
    ],
    "Oll": [
      0.4298316711978297
    ],
    "Oll1122": [
      0.4298316711978302
    ],
    "OpD": [
      0.0256746740141133
    ],
    "Ope": [
      -0.0224865710849246
    ],
    "Opl1": [
      0.0214662907867815
    ],
    "Opl2": [
      0.0214662907867815
    ],
    "Opmu": [
      -0.0224865710849247
    ],
    "OpWB": [
      0.0801719388254058
    ],
    "O3pl1*O3pl1": [
      0.0005199504425092
    ],
    "O3pl1*O3pl2": [
      0.0019486857877159
    ],
    "O3pl1*Oee1122": [
      -0.0380728742255775
    ],
    "O3pl1*Ole1122": [
      0.0048474574783762
    ],
    "O3pl1*Ole1221": [
      0.0
    ],
    "O3pl1*Ole2211": [
      -0.0257811194322434
    ],
    "O3pl1*Oll": [
      -0.0076780585503346
    ],
    "O3pl1*Oll1122": [
      -0.0063766836382022
    ],
    "O3pl1*OpD": [
      0.0025980806036647
    ],
    "O3pl1*Ope": [
      -0.0006688632714822
    ],
    "O3pl1*Opl1": [
      -0.0002614740271139
    ],
    "O3pl1*Opl2": [
      0.0006473108755835
    ],
    "O3pl1*Opmu": [
      0.0004612794112078
    ],
    "O3pl1*OpWB": [
      0.0055808614138503
    ],
    "O3pl2*O3pl2": [
      0.0005199504425092
    ],
    "O3pl2*Oee1122": [
      -0.0380728742255776
    ],
    "O3pl2*Ole1122": [
      -0.0257811194322435
    ],
    "O3pl2*Ole1221": [
      0.0
    ],
    "O3pl2*Ole2211": [
      0.0048474574783762
    ],
    "O3pl2*Oll": [
      -0.0076780585503347
    ],
    "O3pl2*Oll1122": [
      -0.0063766836382022
    ],
    "O3pl2*OpD": [
      0.0025980806036647
    ],
    "O3pl2*Ope": [
      0.0004612794112078
    ],
    "O3pl2*Opl1": [
      0.0006473108755835
    ],
    "O3pl2*Opl2": [
      -0.0002614740271139
    ],
    "O3pl2*Opmu": [
      -0.0006688632714822
    ],
    "O3pl2*OpWB": [
      0.0055808614138504
    ],
    "Oee1122*Oee1122": [
      -0.7677500634151928
    ],
    "Oee1122*Ole1122": [
      1.1540130540830515
    ],
    "Oee1122*Ole1221": [
      0.0
    ],
    "Oee1122*Ole2211": [
      1.1540130540830515
    ],
    "Oee1122*Oll": [
      -2.75822730470436
    ],
    "Oee1122*Oll1122": [
      -2.712024729237636
    ],
    "Oee1122*OpD": [
      -0.0545495163892538
    ],
    "Oee1122*Ope": [
      0.0539711409695301
    ],
    "Oee1122*Opl1": [
      -0.0842754496923013
    ],
    "Oee1122*Opl2": [
      -0.0842754496923012
    ],
    "Oee1122*Opmu": [
      0.0539711409695302
    ],
    "Oee1122*OpWB": [
      -0.1421939250538783
    ],
    "Ole1122*Ole1122": [
      -0.3454016153457605
    ],
    "Ole1122*Ole1221": [
      0.0
    ],
    "Ole1122*Ole2211": [
      0.341464933959107
    ],
    "Ole1122*Oll": [
      0.6785184852218096
    ],
    "Ole1122*Oll1122": [
      0.6508611824852801
    ],
    "Ole1122*OpD": [
      -0.02465969255796
    ],
    "Ole1122*Ope": [
      0.0040392567569668
    ],
    "Ole1122*Opl1": [
      0.0325047602149053
    ],
    "Ole1122*Opl2": [
      0.0018761833042856
    ],
    "Ole1122*Opmu": [
      -0.0340496925356562
    ],
    "Ole1122*OpWB": [
      -0.0390913428460268
    ],
    "Ole1221*Ole1221": [
      -1.2725708043722008
    ],
    "Ole1221*Ole2211": [
      0.0
    ],
    "Ole1221*Oll": [
      0.0
    ],
    "Ole1221*Oll1122": [
      0.0
    ],
    "Ole1221*OpD": [
      0.0
    ],
    "Ole1221*Ope": [
      0.0
    ],
    "Ole1221*Opl1": [
      0.0
    ],
    "Ole1221*Opl2": [
      0.0
    ],
    "Ole1221*Opmu": [
      0.0
    ],
    "Ole1221*OpWB": [
      0.0
    ],
    "Ole2211*Ole2211": [
      -0.3454016153457606
    ],
    "Ole2211*Oll": [
      0.6785184852218096
    ],
    "Ole2211*Oll1122": [
      0.6508611824852801
    ],
    "Ole2211*OpD": [
      -0.02465969255796
    ],
    "Ole2211*Ope": [
      -0.0340496925356562
    ],
    "Ole2211*Opl1": [
      0.0018761833042856
    ],
    "Ole2211*Opl2": [
      0.0325047602149053
    ],
    "Ole2211*Opmu": [
      0.0040392567569669
    ],
    "Ole2211*OpWB": [
      -0.0390913428460267
    ],
    "Oll*Oll": [
      -0.3817127693715461
    ],
    "Oll*Oll1122": [
      -0.7373673734600055
    ],
    "Oll*OpD": [
      0.0152407369856726
    ],
    "Oll*Ope": [
      0.0454961240409785
    ],
    "Oll*Opl1": [
      -0.0337362238334225
    ],
    "Oll*Opl2": [
      -0.0337362238334225
    ],
    "Oll*Opmu": [
      0.0454961240409785
    ],
    "Oll*OpWB": [
      -0.0286758828765317
    ],
    "Oll1122*Oll1122": [
      -0.355654604088459
    ],
    "Oll1122*OpD": [
      0.0167972414125911
    ],
    "Oll1122*Ope": [
      0.0441328955372529
    ],
    "Oll1122*Opl1": [
      -0.0324348489212902
    ],
    "Oll1122*Opl2": [
      -0.0324348489212901
    ],
    "Oll1122*Opmu": [
      0.0441328955372529
    ],
    "Oll1122*OpWB": [
      -0.0238155299221848
    ],
    "OpD*OpD": [
      0.002272736792917
    ],
    "OpD*Ope": [
      -0.0005052643128319
    ],
    "OpD*Opl1": [
      0.0010415761767463
    ],
    "OpD*Opl2": [
      0.0010415761767463
    ],
    "OpD*Opmu": [
      -0.0005052643128319
    ],
    "OpD*OpWB": [
      0.0097032673827724
    ],
    "Ope*Ope": [
      -0.000828361215389
    ],
    "Ope*Opl1": [
      0.0006943652322433
    ],
    "Ope*Opl2": [
      0.0018245079149333
    ],
    "Ope*Opmu": [
      -0.0002513046256992
    ],
    "Ope*OpWB": [
      -0.0003876403406709
    ],
    "Opl1*Opl1": [
      -0.0007814244696231
    ],
    "Opl1*Opl2": [
      -0.0006540640365487
    ],
    "Opl1*Opmu": [
      0.0018245079149333
    ],
    "Opl1*OpWB": [
      0.0007205084595039
    ],
    "Opl2*Opl2": [
      -0.0007814244696231
    ],
    "Opl2*Opmu": [
      0.0006943652322433
    ],
    "Opl2*OpWB": [
      0.0007205084595039
    ],
    "Opmu*Opmu": [
      -0.000828361215389
    ],
    "Opmu*OpWB": [
      -0.0003876403406709
    ],
    "OpWB*OpWB": [
      0.0104216532867382
    ]
  }
}
