{
  "best_sm": [
    0.0847908622333131
  ],
  "scales": [
    240.0
  ],
  "theory_cov": [
    [
      0.0
    ]
  ],
  "LO": {
    "SM": [
      0.0847908622333131
    ],
    "O3pl1": [
      -0.0050750356280106
    ],
    "O3pl2": [
      -0.0102807422096837
    ],
    "O3pq": [
      0.0
    ],
    "Oeu": [
      -0.0336989122878824
    ],
    "Ol1u": [
      -0.0147202663100936
    ],
    "Oll1221": [
      0.0102807422096837
    ],
    "OpD": [
      -0.0089047649351301
    ],
    "Ope": [
      -0.0010691346000471
    ],
    "Opl1": [
      0.005205706581673
    ],
    "OpqMi": [
      -0.0042939160910913
    ],
    "Opui": [
      0.0011575643919567
    ],
    "OpWB": [
      -0.0206568268373093
    ],
    "Oqe": [
      -0.0052309433211991
    ],
    "Oql13": [
      0.0
    ],
    "Oql1M": [
      -0.0501223363964778
    ],
    "O3pl1*O3pl1": [
      0.0001862424456578
    ],
    "O3pl1*O3pl2": [
      0.0003076695508353
    ],
    "O3pl1*O3pq": [
      0.0
    ],
    "O3pl1*Oeu": [
      0.0020429667823471
    ],
    "O3pl1*Ol1u": [
      0.0020429667823471
    ],
    "O3pl1*Oll1221": [
      -0.0003076695508353
    ],
    "O3pl1*OpD": [
      0.0006235402588033
    ],
    "O3pl1*Ope": [
      6.48153404802e-05
    ],
    "O3pl1*Opl1": [
      6.48153404802e-05
    ],
    "O3pl1*OpqMi": [
      5.808671381163062e-06
    ],
    "O3pl1*Opui": [
      3.74207662678e-05
    ],
    "O3pl1*OpWB": [
      0.0012592675748766
    ],
    "O3pl1*Oqe": [
      0.0003171213169807
    ],
    "O3pl1*Oql13": [
      0.0
    ],
    "O3pl1*Oql1M": [
      0.0003171213169807
    ],
    "O3pl2*O3pl2": [
      0.0003116304563902
    ],
    "O3pl2*O3pq": [
      0.0
    ],
    "O3pl2*Oeu": [
      0.0020429667823471
    ],
    "O3pl2*Ol1u": [
      0.0008924031387695
    ],
    "O3pl2*Oll1221": [
      -0.0006232609127805
    ],
    "O3pl2*OpD": [
      0.0005398435062731
    ],
    "O3pl2*Ope": [
      6.48153404802e-05
    ],
    "O3pl2*Opl1": [
      -0.0003155913619451
    ],
    "O3pl2*OpqMi": [
      0.0002603148690778
    ],
    "O3pl2*Opui": [
      -7.01763184815e-05
    ],
    "O3pl2*OpWB": [
      0.0012523018754078
    ],
    "O3pl2*Oqe": [
      0.0003171213169807
    ],
    "O3pl2*Oql13": [
      0.0
    ],
    "O3pl2*Oql1M": [
      0.0030386223578039
    ],
    "O3pq*O3pq": [
      0.0
    ],
    "O3pq*Oeu": [
      0.0
    ],
    "O3pq*Ol1u": [
      0.0
    ],
    "O3pq*Oll1221": [
      0.0
    ],
    "O3pq*OpD": [
      0.0
    ],
    "O3pq*Ope": [
      0.0
    ],
    "O3pq*Opl1": [
      0.0
    ],
    "O3pq*OpqMi": [
      0.0
    ],
    "O3pq*Opui": [
      0.0
    ],
    "O3pq*OpWB": [
      0.0
    ],
    "O3pq*Oqe": [
      0.0
    ],
    "O3pq*Oql13": [
      0.0
    ],
    "O3pq*Oql1M": [
      0.0
    ],
    "Oeu*Oeu": [
      0.0114750404730778
    ],
    "Oeu*Ol1u": [
      0.0
    ],
    "Oeu*Oll1221": [
      -0.0020429667823471
    ],
    "Oeu*OpD": [
      0.0047126305690894
    ],
    "Oeu*Ope": [
      0.0011505636435776
    ],
    "Oeu*Opl1": [
      0.0
    ],
    "Oeu*OpqMi": [
      0.0
    ],
    "Oeu*Opui": [
      -0.0017258454653664
    ],
    "Oeu*OpWB": [
      0.0076300376960107
    ],
    "Oeu*Oqe": [
      0.0
    ],
    "Oeu*Oql13": [
      0.0
    ],
    "Oeu*Oql1M": [
      0.0
    ],
    "Ol1u*Ol1u": [
      0.0114750404730778
    ],
    "Ol1u*Oll1221": [
      -0.0008924031387695
    ],
    "Ol1u*OpD": [
      0.0021312541128222
    ],
    "Ol1u*Ope": [
      0.0
    ],
    "Ol1u*Opl1": [
      0.0011505636435776
    ],
    "Ol1u*OpqMi": [
      0.0
    ],
    "Ol1u*Opui": [
      0.0021462192190344
    ],
    "Ol1u*OpWB": [
      0.0054814849030791
    ],
    "Ol1u*Oqe": [
      0.0
    ],
    "Ol1u*Oql13": [
      0.0
    ],
    "Ol1u*Oql1M": [
      0.0
    ],
    "Oll1221*Oll1221": [
      0.0003116304563902
    ],
    "Oll1221*OpD": [
      -0.0005398435062731
    ],
    "Oll1221*Ope": [
      -6.48153404802e-05
    ],
    "Oll1221*Opl1": [
      0.0003155913619451
    ],
    "Oll1221*OpqMi": [
      -0.0002603148690778
    ],
    "Oll1221*Opui": [
      7.01763184815e-05
    ],
    "Oll1221*OpWB": [
      -0.0012523018754078
    ],
    "Oll1221*Oqe": [
      -0.0003171213169807
    ],
    "Oll1221*Oql13": [
      0.0
    ],
    "Oll1221*Oql1M": [
      -0.0030386223578039
    ],
    "OpD*OpD": [
      0.0005990347830335
    ],
    "OpD*Ope": [
      0.0001365825452075
    ],
    "OpD*Opl1": [
      8.36967525302e-05
    ],
    "OpD*OpqMi": [
      -4.49540072111e-05
    ],
    "OpD*Opui": [
      -0.0001550815253495
    ],
    "OpD*OpWB": [
      0.002256439711045
    ],
    "OpD*Oqe": [
      0.0008405658846886
    ],
    "OpD*Oql13": [
      0.0
    ],
    "OpD*Oql1M": [
      0.0001952217706218
    ],
    "Ope*Ope": [
      0.0001902033512127
    ],
    "Ope*Opl1": [
      0.0
    ],
    "Ope*OpqMi": [
      0.0002046568045365
    ],
    "Ope*Opui": [
      -8.65223548249e-05
    ],
    "Ope*OpWB": [
      -0.0001401031470547
    ],
    "Ope*Oqe": [
      -0.0027215010408232
    ],
    "Ope*Oql13": [
      0.0
    ],
    "Ope*Oql1M": [
      0.0
    ],
    "Opl1*Opl1": [
      0.0001902033512127
    ],
    "Opl1*OpqMi": [
      -0.0002545061976966
    ],
    "Opl1*Opui": [
      0.0001075970847493
    ],
    "Opl1*OpWB": [
      6.9656994688238745e-06
    ],
    "Opl1*Oqe": [
      0.0
    ],
    "Opl1*Oql13": [
      0.0
    ],
    "Opl1*Oql1M": [
      -0.0027215010408232
    ],
    "OpqMi*OpqMi": [
      0.0001652455937796
    ],
    "OpqMi*Opui": [
      0.0
    ],
    "OpqMi*OpWB": [
      -0.0001201995984523
    ],
    "OpqMi*Oqe": [
      -0.0017258454653664
    ],
    "OpqMi*Oql13": [
      0.0
    ],
    "OpqMi*Oql1M": [
      0.0021462192190344
    ],
    "Opui*Opui": [
      0.0001652455937796
    ],
    "Opui*OpWB": [
      -6.11674404849e-05
    ],
    "Opui*Oqe": [
      0.0
    ],
    "Opui*Oql13": [
      0.0
    ],
    "Opui*Oql1M": [
      0.0
    ],
    "OpWB*OpWB": [
      0.0024572716040427
    ],
    "OpWB*Oqe": [
      0.0044072085066133
    ],
    "OpWB*Oql13": [
      0.0
    ],
    "OpWB*Oql1M": [
      0.0022586557136818
    ],
    "Oqe*Oqe": [
      0.0114750404730778
    ],
    "Oqe*Oql13": [
      0.0
    ],
    "Oqe*Oql1M": [
      0.0
    ],
    "Oql13*Oql13": [
      0.0
    ],
    "Oql13*Oql1M": [
      0.0
    ],
    "Oql1M*Oql1M": [
      0.0114750404730778
    ]
  }
}
