{
  "best_sm": [
    0.250725869342286
  ],
  "scales": [
    240.0
  ],
  "theory_cov_current": [
    [
      0.0
    ]
  ],
  "theory_cov_conservative": [
    [
      0.0
    ]
  ],
  "theory_cov_aggressive": [
    [
      0.0
    ]
  ],
  "LO": {
    "SM": [
      0.250725869342286
    ],
    "O3pQ3": [
      0.0487269828706978
    ],
    "O3pl1": [
      -0.000608551011492
    ],
    "O3pl2": [
      -0.0304000685936433
    ],
    "OQe": [
      -0.0580925641137102
    ],
    "OQl13": [
      0.4276220324143103
    ],
    "OQl1M": [
      0.2138110162071551
    ],
    "Oeb": [
      0.0842472807197061
    ],
    "Ol1b": [
      0.036800665775234
    ],
    "Oll1221": [
      0.0304000685936433
    ],
    "OpD": [
      -0.0060862735620708
    ],
    "OpQM": [
      0.0243634914353489
    ],
    "OpWB": [
      -0.0124090560033584
    ],
    "Opdi": [
      -0.0028939109798919
    ],
    "Ope": [
      -0.0104568040309528
    ],
    "Opl1": [
      0.0297915175821512
    ],
    "O3pQ3*O3pQ3": [
      0.0033049118755936
    ],
    "O3pQ3*OQe": [
      -0.0172584546536643
    ],
    "O3pQ3*OQl13": [
      0.0429243843806882
    ],
    "O3pQ3*OQl1M": [
      0.0214621921903441
    ],
    "O3pQ3*OpQM": [
      0.0033049118755936
    ],
    "O3pQ3*OpWB": [
      0.0008961587820987
    ],
    "O3pl1*O3pQ3": [
      0.0001290171175276
    ],
    "O3pl1*O3pl1": [
      0.0003354136862559
    ],
    "O3pl1*O3pl2": [
      3.68928673786e-05
    ],
    "O3pl1*OQe": [
      0.0035218103709643
    ],
    "O3pl1*OQl13": [
      0.0070436207419286
    ],
    "O3pl1*OQl1M": [
      0.0035218103709643
    ],
    "O3pl1*Oeb": [
      -0.0051074169558678
    ],
    "O3pl1*Ol1b": [
      -0.0051074169558678
    ],
    "O3pl1*Oll1221": [
      -3.68928673786e-05
    ],
    "O3pl1*OpD": [
      0.0011277028047766
    ],
    "O3pl1*OpQM": [
      6.45085587638e-05
    ],
    "O3pl1*OpWB": [
      0.0014420535112443
    ],
    "O3pl1*Opdi": [
      -9.35519156696e-05
    ],
    "O3pl1*Ope": [
      0.0006339345051333
    ],
    "O3pl1*Opl1": [
      0.0006339345051333
    ],
    "O3pl2*O3pQ3": [
      -0.0029540302831859
    ],
    "O3pl2*O3pl2": [
      0.0009214886490597
    ],
    "O3pl2*OQe": [
      0.0035218103709643
    ],
    "O3pl2*OQl13": [
      -0.0259242078841916
    ],
    "O3pl2*OQl1M": [
      -0.0129621039420958
    ],
    "O3pl2*Oeb": [
      -0.0051074169558678
    ],
    "O3pl2*Ol1b": [
      -0.0022310078469237
    ],
    "O3pl2*Oll1221": [
      -0.0018429772981195
    ],
    "O3pl2*OpD": [
      0.0003689749570955
    ],
    "O3pl2*OpQM": [
      -0.0014770151415929
    ],
    "O3pl2*OpWB": [
      0.0007522880560231
    ],
    "O3pl2*Opdi": [
      0.0001754407962038
    ],
    "O3pl2*Ope": [
      0.0006339345051333
    ],
    "O3pl2*Opl1": [
      -0.0018060844307408
    ],
    "OQe*OQe": [
      0.0573752023653894
    ],
    "OQe*OQl13": [
      0.0
    ],
    "OQe*OQl1M": [
      0.0
    ],
    "OQl13*OQl13": [
      0.2295008094615577
    ],
    "OQl13*OQl1M": [
      0.2295008094615577
    ],
    "OQl1M*OQl1M": [
      0.0573752023653894
    ],
    "Oeb*O3pQ3": [
      0.0
    ],
    "Oeb*OQe": [
      0.0
    ],
    "Oeb*OQl13": [
      0.0
    ],
    "Oeb*OQl1M": [
      0.0
    ],
    "Oeb*Oeb": [
      0.0573752023653894
    ],
    "Oeb*Ol1b": [
      0.0
    ],
    "Oeb*Oll1221": [
      0.0051074169558678
    ],
    "Oeb*OpD": [
      -0.0117815764227236
    ],
    "Oeb*OpQM": [
      0.0
    ],
    "Oeb*OpWB": [
      -0.0190750942400267
    ],
    "Oeb*Opdi": [
      -0.0086292273268321
    ],
    "Oeb*Ope": [
      -0.002876409108944
    ],
    "Oeb*Opl1": [
      0.0
    ],
    "Ol1b*O3pQ3": [
      0.0
    ],
    "Ol1b*OQe": [
      0.0
    ],
    "Ol1b*OQl13": [
      0.0
    ],
    "Ol1b*OQl1M": [
      0.0
    ],
    "Ol1b*Ol1b": [
      0.0573752023653894
    ],
    "Ol1b*Oll1221": [
      0.0022310078469237
    ],
    "Ol1b*OpD": [
      -0.0053281352820555
    ],
    "Ol1b*OpQM": [
      0.0
    ],
    "Ol1b*OpWB": [
      -0.0137037122576978
    ],
    "Ol1b*Opdi": [
      0.010731096095172
    ],
    "Ol1b*Ope": [
      0.0
    ],
    "Ol1b*Opl1": [
      -0.002876409108944
    ],
    "Oll1221*O3pQ3": [
      0.0029540302831859
    ],
    "Oll1221*OQe": [
      -0.0035218103709643
    ],
    "Oll1221*OQl13": [
      0.0259242078841916
    ],
    "Oll1221*OQl1M": [
      0.0129621039420958
    ],
    "Oll1221*Oll1221": [
      0.0009214886490597
    ],
    "Oll1221*OpD": [
      -0.0003689749570955
    ],
    "Oll1221*OpQM": [
      0.0014770151415929
    ],
    "Oll1221*OpWB": [
      -0.0007522880560231
    ],
    "Oll1221*Opdi": [
      -0.0001754407962038
    ],
    "Oll1221*Ope": [
      -0.0006339345051333
    ],
    "Oll1221*Opl1": [
      0.0018060844307408
    ],
    "OpD*O3pQ3": [
      -0.0003258675546365
    ],
    "OpD*OQe": [
      0.0075787469992805
    ],
    "OpD*OQl13": [
      0.008704052857893
    ],
    "OpD*OQl1M": [
      0.0043520264289465
    ],
    "OpD*OpD": [
      0.0010613126344833
    ],
    "OpD*OpQM": [
      -0.0001629337773182
    ],
    "OpD*OpWB": [
      0.0024906222085712
    ],
    "OpD*Opdi": [
      0.0003877038133738
    ],
    "OpD*Ope": [
      0.0013840129823432
    ],
    "OpD*Opl1": [
      0.000758727847681
    ],
    "OpQM*OQe": [
      -0.0086292273268321
    ],
    "OpQM*OQl13": [
      0.0214621921903441
    ],
    "OpQM*OQl1M": [
      0.010731096095172
    ],
    "OpQM*OpQM": [
      0.0008262279688984
    ],
    "OpQM*OpWB": [
      0.0004480793910493
    ],
    "OpWB*OQe": [
      -0.00296094829304
    ],
    "OpWB*OQl13": [
      0.0048208673785776
    ],
    "OpWB*OQl1M": [
      0.0024104336892888
    ],
    "OpWB*OpWB": [
      0.0024672172468613
    ],
    "Opdi*O3pQ3": [
      0.0
    ],
    "Opdi*OQe": [
      0.0
    ],
    "Opdi*OQl13": [
      0.0
    ],
    "Opdi*OQl1M": [
      0.0
    ],
    "Opdi*OpQM": [
      0.0
    ],
    "Opdi*OpWB": [
      0.0001529186012124
    ],
    "Opdi*Opdi": [
      0.0008262279688984
    ],
    "Opdi*Ope": [
      0.0002163058870622
    ],
    "Opdi*Opl1": [
      -0.0002689927118734
    ],
    "Ope*O3pQ3": [
      -0.0024791798194898
    ],
    "Ope*OQe": [
      0.0164839143130601
    ],
    "Ope*OQl13": [
      0.0
    ],
    "Ope*OQl1M": [
      0.0
    ],
    "Ope*OpQM": [
      -0.0012395899097449
    ],
    "Ope*OpWB": [
      5.28081525491e-05
    ],
    "Ope*Ope": [
      0.001220009467937
    ],
    "Ope*Opl1": [
      0.0
    ],
    "Opl1*O3pQ3": [
      0.0030830474007135
    ],
    "Opl1*OQe": [
      0.0
    ],
    "Opl1*OQl13": [
      0.0329678286261203
    ],
    "Opl1*OQl1M": [
      0.0164839143130601
    ],
    "Opl1*OpQM": [
      0.0015415237003567
    ],
    "Opl1*OpWB": [
      0.0006897654552211
    ],
    "Opl1*Opl1": [
      0.001220009467937
    ]
  }
}
