{
  "best_sm": [
    28.1005110745
  ],
  "scales": [
    365.0
  ],
  "theory_cov_current": [
    [
      0.0
    ]
  ],
  "theory_cov_conservative": [
    [
      0.0
    ]
  ],
  "theory_cov_aggressive": [
    [
      0.0
    ]
  ],
  "LO": {
    "SM": [
      28.1005110745
    ],
    "O3pl1": [
      -3.43017940622
    ],
    "O3pl2": [
      -3.40713731065
    ],
    "Oee1111": [
      -8.82620608977
    ],
    "Ole1111": [
      -5.7233691958
    ],
    "Oll1111": [
      -9.52244851886
    ],
    "Oll1221": [
      3.40713731065
    ],
    "OpD": [
      -5.77258409487
    ],
    "OpWB": [
      -12.7679472667
    ],
    "Ope": [
      0.387731094278
    ],
    "Opl1": [
      -0.0230420955731
    ],
    "O3pl1*O3pl1": [
      0.132999971513
    ],
    "O3pl1*O3pl2": [
      0.207951595723
    ],
    "O3pl1*Oee1111": [
      0.535080945685
    ],
    "O3pl1*Ole1111": [
      0.560033192521
    ],
    "O3pl1*Oll1111": [
      0.146292885784
    ],
    "O3pl1*Oll1221": [
      -0.207951595723
    ],
    "O3pl1*OpD": [
      0.399916892289
    ],
    "O3pl1*OpWB": [
      0.885053085049
    ],
    "O3pl1*Ope": [
      -0.055560702611
    ],
    "O3pl1*Opl1": [
      0.0580483473027
    ],
    "O3pl2*O3pl2": [
      0.103277344519
    ],
    "O3pl2*Oee1111": [
      0.535080945685
    ],
    "O3pl2*Ole1111": [
      0.346974200539
    ],
    "O3pl2*Oll1111": [
      0.577290027775
    ],
    "O3pl2*Oll1221": [
      -0.206554689038
    ],
    "O3pl2*OpD": [
      0.349957810311
    ],
    "O3pl2*OpWB": [
      0.77404552176
    ],
    "O3pl2*Ope": [
      -0.0235058550059
    ],
    "O3pl2*Opl1": [
      0.00139690668498
    ],
    "Oee1111*Oee1111": [
      4.62403401755
    ],
    "Oee1111*Ole1111": [
      0.0
    ],
    "Oee1111*Oll1111": [
      0.0
    ],
    "Oee1111*Oll1221": [
      -0.535080945685
    ],
    "Oee1111*OpD": [
      1.10624354159
    ],
    "Oee1111*OpWB": [
      1.99841124255
    ],
    "Oee1111*Ope": [
      0.346578977811
    ],
    "Oee1111*Opl1": [
      0.0
    ],
    "Ole1111*Ole1111": [
      2.39849008587
    ],
    "Ole1111*Oll1111": [
      0.0
    ],
    "Ole1111*Oll1221": [
      -0.346974200539
    ],
    "Ole1111*OpD": [
      0.711505227572
    ],
    "Ole1111*OpWB": [
      1.69373791571
    ],
    "Ole1111*Ope": [
      -0.264954952547
    ],
    "Ole1111*Opl1": [
      0.213058991982
    ],
    "Oll1111*Oll1111": [
      4.62403401755
    ],
    "Oll1111*OpD": [
      0.52306145174
    ],
    "Oll1111*OpWB": [
      1.35121259786
    ],
    "Oll1111*Ope": [
      0.0
    ],
    "Oll1111*Opl1": [
      -0.430997141991
    ],
    "Oll1221*Oll1111": [
      -0.577290027775
    ],
    "Oll1221*Oll1221": [
      0.103277344519
    ],
    "Oll1221*OpD": [
      -0.349957810311
    ],
    "Oll1221*OpWB": [
      -0.77404552176
    ],
    "Oll1221*Ope": [
      0.0235058550059
    ],
    "Oll1221*Opl1": [
      -0.00139690668498
    ],
    "OpD*OpD": [
      0.32135336279
    ],
    "OpD*OpWB": [
      1.4003096618
    ],
    "OpD*Ope": [
      -0.0470292847691
    ],
    "OpD*Opl1": [
      0.0499590819779
    ],
    "OpWB*OpWB": [
      1.54909333582
    ],
    "Ope*OpWB": [
      -0.147648219326
    ],
    "Ope*Ope": [
      0.0299136853645
    ],
    "Ope*Opl1": [
      -0.0320548476051
    ],
    "Opl1*OpWB": [
      0.111007563288
    ],
    "Opl1*Opl1": [
      0.0283257203088
    ]
  }
}
