{
 "best_sm": [
  10.74
 ],
 "theory_cov": [
  [
   0.0
  ]
 ],
 "LO": {
  "SM": [
   10.74
  ],
  "OpD": [
   -0.03842
  ],
  "OpD*OpD": [
   0.001332
  ],
  "OpWB": [
   0.09344
  ],
  "OpWB*OpWB": [
   0.03021
  ],
  "OWWW": [
   0.1086
  ],
  "OWWW*OWWW": [
   0.2819
  ],
  "Opl1": [
   -0.5325
  ],
  "Opl1*Opl1": [
   0.283
  ],
  "O3pl1": [
   1.79
  ],
  "O3pl1*O3pl1": [
   0.3225
  ],
  "O3pl2": [
   -1.302
  ],
  "O3pl2*O3pl2": [
   0.03941
  ],
  "Ope": [
   -0.2598
  ],
  "Ope*Ope": [
   0.2829
  ],
  "Oll": [
   1.302
  ],
  "Oll*Oll": [
   0.03949
  ],
  "OpD*OpWB": [
   -0.007741
  ],
  "OpD*OWWW": [
   -0.007393
  ],
  "OpD*Opl1": [
   0.02744
  ],
  "OpD*O3pl1": [
   -0.02672
  ],
  "OpD*O3pl2": [
   0.002332
  ],
  "OpD*Ope": [
   0.02743
  ],
  "OpD*Oll": [
   -0.002331
  ],
  "OpWB*OWWW": [
   0.03963
  ],
  "OpWB*Opl1": [
   -0.04088
  ],
  "OpWB*O3pl1": [
   0.03765
  ],
  "OpWB*O3pl2": [
   -0.005661
  ],
  "OpWB*Ope": [
   -0.1187
  ],
  "OpWB*Oll": [
   0.005654
  ],
  "OWWW*Opl1": [
   -0.1569
  ],
  "OWWW*O3pl1": [
   0.155
  ],
  "OWWW*O3pl2": [
   -0.006566
  ],
  "OWWW*Ope": [
   0.00449
  ],
  "OWWW*Oll": [
   0.006557
  ],
  "Opl1*O3pl1": [
   -0.5668
  ],
  "Opl1*O3pl2": [
   0.03234
  ],
  "Opl1*Ope": [
   1.326e-19
  ],
  "Opl1*Oll": [
   -0.03226
  ],
  "O3pl1*O3pl2": [
   -0.1085
  ],
  "O3pl1*Ope": [
   0.01575
  ],
  "O3pl1*Oll": [
   0.1084
  ],
  "O3pl2*Ope": [
   0.01575
  ],
  "O3pl2*Oll": [
   -0.07889
  ],
  "Ope*Oll": [
   -0.01574
  ]
 },
 "NLO": {
  "SM": [
   10.74
  ],
  "OpD": [
   -0.03842
  ],
  "OpD*OpD": [
   0.001332
  ],
  "OpWB": [
   0.09344
  ],
  "OpWB*OpWB": [
   0.03021
  ],
  "OWWW": [
   0.1086
  ],
  "OWWW*OWWW": [
   0.2819
  ],
  "Opl1": [
   -0.5325
  ],
  "Opl1*Opl1": [
   0.283
  ],
  "O3pl1": [
   1.79
  ],
  "O3pl1*O3pl1": [
   0.3225
  ],
  "O3pl2": [
   -1.302
  ],
  "O3pl2*O3pl2": [
   0.03941
  ],
  "Ope": [
   -0.2598
  ],
  "Ope*Ope": [
   0.2829
  ],
  "Oll": [
   1.302
  ],
  "Oll*Oll": [
   0.03949
  ],
  "OpD*OpWB": [
   -0.007741
  ],
  "OpD*OWWW": [
   -0.007393
  ],
  "OpD*Opl1": [
   0.02744
  ],
  "OpD*O3pl1": [
   -0.02672
  ],
  "OpD*O3pl2": [
   0.002332
  ],
  "OpD*Ope": [
   0.02743
  ],
  "OpD*Oll": [
   -0.002331
  ],
  "OpWB*OWWW": [
   0.03963
  ],
  "OpWB*Opl1": [
   -0.04088
  ],
  "OpWB*O3pl1": [
   0.03765
  ],
  "OpWB*O3pl2": [
   -0.005661
  ],
  "OpWB*Ope": [
   -0.1187
  ],
  "OpWB*Oll": [
   0.005654
  ],
  "OWWW*Opl1": [
   -0.1569
  ],
  "OWWW*O3pl1": [
   0.155
  ],
  "OWWW*O3pl2": [
   -0.006566
  ],
  "OWWW*Ope": [
   0.00449
  ],
  "OWWW*Oll": [
   0.006557
  ],
  "Opl1*O3pl1": [
   -0.5668
  ],
  "Opl1*O3pl2": [
   0.03234
  ],
  "Opl1*Ope": [
   1.326e-19
  ],
  "Opl1*Oll": [
   -0.03226
  ],
  "O3pl1*O3pl2": [
   -0.1085
  ],
  "O3pl1*Ope": [
   0.01575
  ],
  "O3pl1*Oll": [
   0.1084
  ],
  "O3pl2*Ope": [
   0.01575
  ],
  "O3pl2*Oll": [
   -0.07889
  ],
  "Ope*Oll": [
   -0.01574
  ]
 }
}
