{
  "best_sm": [
    0.1211
  ],
  "scales": [
    365.0
  ],
  "theory_cov": [
    [
      0.0
    ]
  ],
  "LO": {
    "SM": [
      0.1171
    ],
    "OpD": [
      0.002345
    ],
    "OpD*OpD": [
      0.001029
    ],
    "OpWB": [
      0.04533
    ],
    "OpWB*OpWB": [
      0.009614
    ],
    "Opd": [
      0.01423
    ],
    "Opd*Opd": [
      0.0004306
    ],
    "OpW": [
      0.09797
    ],
    "OpW*OpW": [
      0.0456
    ],
    "OpB": [
      0.01908
    ],
    "OpB*OpB": [
      0.01758
    ],
    "Opl1": [
      0.2495
    ],
    "Opl1*Opl1": [
      0.2187
    ],
    "O3pl1": [
      0.2353
    ],
    "O3pl1*O3pl1": [
      0.2039
    ],
    "O3pl2": [
      -0.01422
    ],
    "O3pl2*O3pl2": [
      0.0004308
    ],
    "Ope": [
      -0.2006
    ],
    "Ope*Ope": [
      0.2187
    ],
    "Oll": [
      0.01421
    ],
    "Oll*Oll": [
      0.0004305
    ],
    "OpD*OpWB": [
      -0.0019786428542883
    ],
    "OpD*Opd": [
      0.0001434559780849
    ],
    "OpD*OpW": [
      0.0079015266679508
    ],
    "OpD*OpB": [
      -0.0067415118059058
    ],
    "OpD*Opl1": [
      0.0211679703043134
    ],
    "OpD*O3pl1": [
      0.0210915876498748
    ],
    "OpD*O3pl2": [
      -0.000143731774905
    ],
    "OpD*Ope": [
      0.0211542515938115
    ],
    "OpD*Oll": [
      0.000143318034546
    ],
    "OpWB*Opd": [
      0.0027490887656534
    ],
    "OpWB*OpW": [
      0.0115709809437691
    ],
    "OpWB*OpB": [
      0.0194860244471065
    ],
    "OpWB*Opl1": [
      0.0259356637496838
    ],
    "OpWB*O3pl1": [
      0.0231473165415647
    ],
    "OpWB*O3pl2": [
      -0.0027493953653003
    ],
    "OpWB*Ope": [
      -0.0666318022607839
    ],
    "OpWB*Oll": [
      0.0027409017905783
    ],
    "Opd*OpW": [
      0.0059373930756697
    ],
    "Opd*OpB": [
      0.0010767528144494
    ],
    "Opd*Opl1": [
      0.0151043545921441
    ],
    "Opd*O3pl1": [
      0.0142872657173246
    ],
    "Opd*O3pl2": [
      -0.0008613999539872
    ],
    "Opd*Ope": [
      -0.0121669037284528
    ],
    "Opd*Oll": [
      0.0008610999941963
    ],
    "OpW*OpB": [
      -0.022805323610562
    ],
    "OpW*Opl1": [
      0.1677633855318623
    ],
    "OpW*O3pl1": [
      0.1617807642277781
    ],
    "OpW*O3pl2": [
      -0.0059435639730047
    ],
    "OpW*Ope": [
      -0.0049315312027937
    ],
    "OpW*Oll": [
      0.0059384302061298
    ],
    "OpB*Opl1": [
      -0.0447679465051256
    ],
    "OpB*O3pl1": [
      -0.0458063219111262
    ],
    "OpB*O3pl2": [
      -0.0010770333675735
    ],
    "OpB*Ope": [
      -0.0942706916591384
    ],
    "OpB*Oll": [
      0.0010799647043813
    ],
    "Opl1*O3pl1": [
      0.4216158032675561
    ],
    "Opl1*O3pl2": [
      -0.0151275250620963
    ],
    "Opl1*Ope": [
      -0.0003
    ],
    "Opl1*Oll": [
      0.0151012402322242
    ],
    "O3pl1*O3pl2": [
      -0.0142607859598905
    ],
    "O3pl1*Ope": [
      0.0125524232234658
    ],
    "O3pl1*Oll": [
      0.0142766355932457
    ],
    "O3pl2*Ope": [
      0.0121564141683322
    ],
    "O3pl2*Oll": [
      -0.000861299894955
    ],
    "Ope*Oll": [
      -0.0121643870909825
    ]
  },
  "NLO_EW": {
    "SM": [
      0.1211
    ],
    "OpD": [
      0.00109804
    ],
    "Opd": [
      -0.0136474
    ],
    "OpW": [
      0.0894733
    ],
    "OpB": [
      0.023403
    ],
    "OpWB": [
      0.0459705
    ],
    "Ope": [
      -0.204213
    ],
    "Opl1": [
      0.223604
    ],
    "O3pl1": [
      0.22923
    ],
    "O3pl2": [
      0.0098484
    ],
    "Oll": [
      -0.010188
    ],
    "Oll1111": [
      0.000107653
    ],
    "Opt": [
      0.000606752
    ],
    "Otp": [
      -0.000122256
    ],
    "Opl2": [
      5.25248e-05
    ],
    "Op": [
      -0.000112974
    ],
    "OWWW": [
      0.00275076
    ],
    "Opdi": [
      0.000201043
    ],
    "Opl3": [
      6.70144e-05
    ],
    "Opmu": [
      6.70144e-05
    ],
    "O3pq": [
      -0.0020376
    ],
    "OpqMi": [
      -0.000134029
    ],
    "Opta": [
      6.70144e-05
    ],
    "Opui": [
      -0.000268058
    ],
    "O3pl3": [
      -0.0003396
    ]
  }
}
