{
  "best_sm": [
    0.0957583446239282
  ],
  "scales": [
    365.0
  ],
  "theory_cov": [
    [
      0.0
    ]
  ],
  "LO": {
    "SM": [
      0.0957583446239282
    ],
    "O3pl1": [
      -0.0006252248149773
    ],
    "O3pl2": [
      -0.0116105300686265
    ],
    "Oeb": [
      0.0823989383351048
    ],
    "Olb": [
      0.0390992191676405
    ],
    "Oll": [
      0.0116105300686265
    ],
    "OpD": [
      -0.0028929539393785
    ],
    "Opdi": [
      -0.0010021756742279
    ],
    "Ope": [
      -0.0035072252030082
    ],
    "Opl1": [
      0.0109853052536492
    ],
    "O3pQ3": [
      0.0176252241886086
    ],
    "OpQM": [
      0.0088126120943043
    ],
    "OpWB": [
      -0.0063923478215284
    ],
    "OQe": [
      -0.047500219167288
    ],
    "OQl31": [
      0.4012772700878335
    ],
    "OQlM1": [
      0.2006386350439167
    ],
    "O3pl1*O3pl1": [
      0.0001252630655306
    ],
    "O3pl1*O3pl2": [
      3.79037019826e-05
    ],
    "O3pl1*Oeb": [
      -0.0049953628319279
    ],
    "O3pl1*Olb": [
      -0.0049953628319279
    ],
    "O3pl1*Oll": [
      -3.79037019826e-05
    ],
    "O3pl1*OpD": [
      0.0004213085039518
    ],
    "O3pl1*Opdi": [
      -3.61023115752e-05
    ],
    "O3pl1*Ope": [
      0.0002126224290786
    ],
    "O3pl1*Opl1": [
      0.0002126224290786
    ],
    "O3pl1*O3pQ3": [
      4.16235390144e-05
    ],
    "O3pl1*OpQM": [
      2.08117695072e-05
    ],
    "O3pl1*OpWB": [
      0.0005774751466904
    ],
    "O3pl1*OQe": [
      0.0028796588175895
    ],
    "O3pl1*OQl31": [
      0.0057593176351791
    ],
    "O3pl1*OQlM1": [
      0.0028796588175895
    ],
    "O3pl2*O3pl2": [
      0.0003519390633889
    ],
    "O3pl2*Oeb": [
      -0.0049953628319279
    ],
    "O3pl2*Olb": [
      -0.0023703556154221
    ],
    "O3pl2*Oll": [
      -0.0007038781267778
    ],
    "O3pl2*OpD": [
      0.0001753827764683
    ],
    "O3pl2*Opdi": [
      6.07560147649e-05
    ],
    "O3pl2*Ope": [
      0.0002126224290786
    ],
    "O3pl2*Opl1": [
      -0.0006659744247952
    ],
    "O3pl2*O3pQ3": [
      -0.0010685136434417
    ],
    "O3pl2*OpQM": [
      -0.0005342568217208
    ],
    "O3pl2*OpWB": [
      0.0003875304386393
    ],
    "O3pl2*OQe": [
      0.0028796588175895
    ],
    "O3pl2*OQl31": [
      -0.0243270799454013
    ],
    "O3pl2*OQlM1": [
      -0.0121635399727006
    ],
    "Oeb*Oeb": [
      0.1327050579015452
    ],
    "Oeb*Olb": [
      0.0
    ],
    "Oeb*Oll": [
      0.0049953628319279
    ],
    "Oeb*OpD": [
      -0.0113347996998171
    ],
    "Oeb*Opdi": [
      -0.0078750216495175
    ],
    "Oeb*Ope": [
      -0.0026250072165058
    ],
    "Oeb*Opl1": [
      0.0
    ],
    "Oeb*O3pQ3": [
      0.0
    ],
    "Oeb*OpQM": [
      0.0
    ],
    "Oeb*OpWB": [
      -0.0186565963980441
    ],
    "Oeb*OQe": [
      0.0
    ],
    "Oeb*OQl31": [
      0.0
    ],
    "Oeb*OQlM1": [
      0.0
    ],
    "Olb*Olb": [
      0.1327050579015452
    ],
    "Olb*Oll": [
      0.0023703556154221
    ],
    "Olb*OpD": [
      -0.0054453976975517
    ],
    "Olb*Opdi": [
      0.0097931843572785
    ],
    "Olb*Ope": [
      0.0
    ],
    "Olb*Opl1": [
      -0.0026250072165058
    ],
    "Olb*O3pQ3": [
      0.0
    ],
    "Olb*OpQM": [
      0.0
    ],
    "Olb*OpWB": [
      -0.0137546801781364
    ],
    "Olb*OQe": [
      0.0
    ],
    "Olb*OQl31": [
      0.0
    ],
    "Olb*OQlM1": [
      0.0
    ],
    "Oll*Oll": [
      0.0003519390633889
    ],
    "Oll*OpD": [
      -0.0001753827764683
    ],
    "Oll*Opdi": [
      -6.07560147649e-05
    ],
    "Oll*Ope": [
      -0.0002126224290786
    ],
    "Oll*Opl1": [
      0.0006659744247952
    ],
    "Oll*O3pQ3": [
      0.0010685136434417
    ],
    "Oll*OpQM": [
      0.0005342568217208
    ],
    "Oll*OpWB": [
      -0.0003875304386393
    ],
    "Oll*OQe": [
      -0.0028796588175895
    ],
    "Oll*OQl31": [
      0.0243270799454013
    ],
    "Oll*OQlM1": [
      0.0121635399727006
    ],
    "OpD*OpD": [
      0.0003950968462223
    ],
    "OpD*Opdi": [
      0.0001353905045007
    ],
    "OpD*Ope": [
      0.0004710770752912
    ],
    "OpD*Opl1": [
      0.0002459257274835
    ],
    "OpD*O3pQ3": [
      -0.000125763827347
    ],
    "OpD*OpQM": [
      -6.28819136735e-05
    ],
    "OpD*OpWB": [
      0.0009968310855453
    ],
    "OpD*OQe": [
      0.0063334063069789
    ],
    "OpD*OQl31": [
      0.0067774106116925
    ],
    "OpD*OQlM1": [
      0.0033887053058462
    ],
    "Opdi*Opdi": [
      0.0002975064182428
    ],
    "Opdi*Ope": [
      7.78869659793e-05
    ],
    "Opdi*Opl1": [
      -9.68583263401e-05
    ],
    "Opdi*O3pQ3": [
      0.0
    ],
    "Opdi*OpQM": [
      0.0
    ],
    "Opdi*OpWB": [
      4.60381163093e-05
    ],
    "Opdi*OQe": [
      0.0
    ],
    "Opdi*OQl31": [
      0.0
    ],
    "Opdi*OQlM1": [
      0.0
    ],
    "Ope*Ope": [
      0.0004392984269369
    ],
    "Ope*Opl1": [
      0.0
    ],
    "Ope*O3pQ3": [
      -0.000892697821958
    ],
    "Ope*OpQM": [
      -0.000446348910979
    ],
    "Ope*OpWB": [
      -3.94095293081e-05
    ],
    "Ope*OQe": [
      0.0150431987902902
    ],
    "Ope*OQl31": [
      0.0
    ],
    "Ope*OQlM1": [
      0.0
    ],
    "Opl1*Opl1": [
      0.0004392984269369
    ],
    "Opl1*O3pQ3": [
      0.0011101371824561
    ],
    "Opl1*OpQM": [
      0.000555068591228
    ],
    "Opl1*OpWB": [
      0.000189944708051
    ],
    "Opl1*OQe": [
      0.0
    ],
    "Opl1*OQl31": [
      0.0300863975805804
    ],
    "Opl1*OQlM1": [
      0.0150431987902902
    ],
    "O3pQ3*O3pQ3": [
      0.0011900256729715
    ],
    "O3pQ3*OpQM": [
      0.0011900256729715
    ],
    "O3pQ3*OpWB": [
      0.0003046379775501
    ],
    "O3pQ3*OQe": [
      -0.0157500432990351
    ],
    "O3pQ3*OQl31": [
      0.0391727374291141
    ],
    "O3pQ3*OQlM1": [
      0.019586368714557
    ],
    "OpQM*OpQM": [
      0.0002975064182428
    ],
    "OpQM*OpWB": [
      0.000152318988775
    ],
    "OpQM*OQe": [
      -0.0078750216495175
    ],
    "OpQM*OQl31": [
      0.019586368714557
    ],
    "OpQM*OQlM1": [
      0.0097931843572785
    ],
    "OpWB*OpWB": [
      0.0010432412182082
    ],
    "OpWB*OQe": [
      -0.0039508477383212
    ],
    "OpWB*OQl31": [
      0.0019021369631727
    ],
    "OpWB*OQlM1": [
      0.0009510684815863
    ],
    "OQe*OQe": [
      0.1327050579015452
    ],
    "OQe*OQl31": [
      0.0
    ],
    "OQe*OQlM1": [
      0.0
    ],
    "OQl31*OQl31": [
      0.5308202316061811
    ],
    "OQl31*OQlM1": [
      0.5308202316061811
    ],
    "OQlM1*OQlM1": [
      0.1327050579015452
    ]
  }
}
