{
  "best_sm": [
    0.0957583446239
  ],
  "scales": [
    365.0
  ],
  "theory_cov_current": [
    [
      0.0
    ]
  ],
  "theory_cov_conservative": [
    [
      0.0
    ]
  ],
  "theory_cov_aggressive": [
    [
      0.0
    ]
  ],
  "LO": {
    "SM": [
      0.0957583446239
    ],
    "O3pQ3": [
      0.0176252241886
    ],
    "O3pl1": [
      -0.000625224814977
    ],
    "O3pl2": [
      -0.0116105300686
    ],
    "OQe": [
      -0.0475002191673
    ],
    "OQl13": [
      0.401277270088
    ],
    "OQl1M": [
      0.200638635044
    ],
    "Oeb": [
      0.0823989383351
    ],
    "Ol1b": [
      0.0390992191676
    ],
    "Oll1221": [
      0.0116105300686
    ],
    "OpD": [
      -0.00289295393938
    ],
    "OpQM": [
      0.0088126120943
    ],
    "OpWB": [
      -0.00639234782153
    ],
    "Opdi": [
      -0.00100217567423
    ],
    "Ope": [
      -0.00350722520301
    ],
    "Opl1": [
      0.0109853052536
    ],
    "O3pQ3*O3pQ3": [
      0.00119002567297
    ],
    "O3pQ3*OQe": [
      -0.015750043299
    ],
    "O3pQ3*OQl13": [
      0.0391727374291
    ],
    "O3pQ3*OQl1M": [
      0.0195863687146
    ],
    "O3pQ3*OpQM": [
      0.00119002567297
    ],
    "O3pQ3*OpWB": [
      0.00030463797755
    ],
    "O3pl1*O3pQ3": [
      4.16235390144e-05
    ],
    "O3pl1*O3pl1": [
      0.000125263065531
    ],
    "O3pl1*O3pl2": [
      3.79037019826e-05
    ],
    "O3pl1*OQe": [
      0.00287965881759
    ],
    "O3pl1*OQl13": [
      0.00575931763518
    ],
    "O3pl1*OQl1M": [
      0.00287965881759
    ],
    "O3pl1*Oeb": [
      -0.00499536283193
    ],
    "O3pl1*Ol1b": [
      -0.00499536283193
    ],
    "O3pl1*Oll1221": [
      -3.79037019826e-05
    ],
    "O3pl1*OpD": [
      0.000421308503952
    ],
    "O3pl1*OpQM": [
      2.08117695072e-05
    ],
    "O3pl1*OpWB": [
      0.00057747514669
    ],
    "O3pl1*Opdi": [
      -3.61023115752e-05
    ],
    "O3pl1*Ope": [
      0.000212622429079
    ],
    "O3pl1*Opl1": [
      0.000212622429079
    ],
    "O3pl2*O3pQ3": [
      -0.00106851364344
    ],
    "O3pl2*O3pl2": [
      0.000351939063389
    ],
    "O3pl2*OQe": [
      0.00287965881759
    ],
    "O3pl2*OQl13": [
      -0.0243270799454
    ],
    "O3pl2*OQl1M": [
      -0.0121635399727
    ],
    "O3pl2*Oeb": [
      -0.00499536283193
    ],
    "O3pl2*Ol1b": [
      -0.00237035561542
    ],
    "O3pl2*Oll1221": [
      -0.000703878126778
    ],
    "O3pl2*OpD": [
      0.000175382776468
    ],
    "O3pl2*OpQM": [
      -0.000534256821721
    ],
    "O3pl2*OpWB": [
      0.000387530438639
    ],
    "O3pl2*Opdi": [
      6.07560147649e-05
    ],
    "O3pl2*Ope": [
      0.000212622429079
    ],
    "O3pl2*Opl1": [
      -0.000665974424795
    ],
    "OQe*OQe": [
      0.132705057902
    ],
    "OQe*OQl13": [
      0.0
    ],
    "OQe*OQl1M": [
      0.0
    ],
    "OQl13*OQl13": [
      0.530820231606
    ],
    "OQl13*OQl1M": [
      0.530820231606
    ],
    "OQl1M*OQl1M": [
      0.132705057902
    ],
    "Oeb*O3pQ3": [
      0.0
    ],
    "Oeb*OQe": [
      0.0
    ],
    "Oeb*OQl13": [
      0.0
    ],
    "Oeb*OQl1M": [
      0.0
    ],
    "Oeb*Oeb": [
      0.132705057902
    ],
    "Oeb*Ol1b": [
      0.0
    ],
    "Oeb*Oll1221": [
      0.00499536283193
    ],
    "Oeb*OpD": [
      -0.0113347996998
    ],
    "Oeb*OpQM": [
      0.0
    ],
    "Oeb*OpWB": [
      -0.018656596398
    ],
    "Oeb*Opdi": [
      -0.00787502164952
    ],
    "Oeb*Ope": [
      -0.00262500721651
    ],
    "Oeb*Opl1": [
      0.0
    ],
    "Ol1b*O3pQ3": [
      0.0
    ],
    "Ol1b*OQe": [
      0.0
    ],
    "Ol1b*OQl13": [
      0.0
    ],
    "Ol1b*OQl1M": [
      0.0
    ],
    "Ol1b*Ol1b": [
      0.132705057902
    ],
    "Ol1b*Oll1221": [
      0.00237035561542
    ],
    "Ol1b*OpD": [
      -0.00544539769755
    ],
    "Ol1b*OpQM": [
      0.0
    ],
    "Ol1b*OpWB": [
      -0.0137546801781
    ],
    "Ol1b*Opdi": [
      0.00979318435728
    ],
    "Ol1b*Ope": [
      0.0
    ],
    "Ol1b*Opl1": [
      -0.00262500721651
    ],
    "Oll1221*O3pQ3": [
      0.00106851364344
    ],
    "Oll1221*OQe": [
      -0.00287965881759
    ],
    "Oll1221*OQl13": [
      0.0243270799454
    ],
    "Oll1221*OQl1M": [
      0.0121635399727
    ],
    "Oll1221*Oll1221": [
      0.000351939063389
    ],
    "Oll1221*OpD": [
      -0.000175382776468
    ],
    "Oll1221*OpQM": [
      0.000534256821721
    ],
    "Oll1221*OpWB": [
      -0.000387530438639
    ],
    "Oll1221*Opdi": [
      -6.07560147649e-05
    ],
    "Oll1221*Ope": [
      -0.000212622429079
    ],
    "Oll1221*Opl1": [
      0.000665974424795
    ],
    "OpD*O3pQ3": [
      -0.000125763827347
    ],
    "OpD*OQe": [
      0.00633340630698
    ],
    "OpD*OQl13": [
      0.00677741061169
    ],
    "OpD*OQl1M": [
      0.00338870530585
    ],
    "OpD*OpD": [
      0.000395096846222
    ],
    "OpD*OpQM": [
      -6.28819136735e-05
    ],
    "OpD*OpWB": [
      0.000996831085545
    ],
    "OpD*Opdi": [
      0.000135390504501
    ],
    "OpD*Ope": [
      0.000471077075291
    ],
    "OpD*Opl1": [
      0.000245925727484
    ],
    "OpQM*OQe": [
      -0.00787502164952
    ],
    "OpQM*OQl13": [
      0.0195863687146
    ],
    "OpQM*OQl1M": [
      0.00979318435728
    ],
    "OpQM*OpQM": [
      0.000297506418243
    ],
    "OpQM*OpWB": [
      0.000152318988775
    ],
    "OpWB*OQe": [
      -0.00395084773832
    ],
    "OpWB*OQl13": [
      0.00190213696317
    ],
    "OpWB*OQl1M": [
      0.000951068481586
    ],
    "OpWB*OpWB": [
      0.00104324121821
    ],
    "Opdi*O3pQ3": [
      0.0
    ],
    "Opdi*OQe": [
      0.0
    ],
    "Opdi*OQl13": [
      0.0
    ],
    "Opdi*OQl1M": [
      0.0
    ],
    "Opdi*OpQM": [
      0.0
    ],
    "Opdi*OpWB": [
      4.60381163093e-05
    ],
    "Opdi*Opdi": [
      0.000297506418243
    ],
    "Opdi*Ope": [
      7.78869659793e-05
    ],
    "Opdi*Opl1": [
      -9.68583263401e-05
    ],
    "Ope*O3pQ3": [
      -0.000892697821958
    ],
    "Ope*OQe": [
      0.0150431987903
    ],
    "Ope*OQl13": [
      0.0
    ],
    "Ope*OQl1M": [
      0.0
    ],
    "Ope*OpQM": [
      -0.000446348910979
    ],
    "Ope*OpWB": [
      -3.94095293081e-05
    ],
    "Ope*Ope": [
      0.000439298426937
    ],
    "Ope*Opl1": [
      0.0
    ],
    "Opl1*O3pQ3": [
      0.00111013718246
    ],
    "Opl1*OQe": [
      0.0
    ],
    "Opl1*OQl13": [
      0.0300863975806
    ],
    "Opl1*OQl1M": [
      0.0150431987903
    ],
    "Opl1*OpQM": [
      0.000555068591228
    ],
    "Opl1*OpWB": [
      0.000189944708051
    ],
    "Opl1*Opl1": [
      0.000439298426937
    ]
  }
}
