{
  "best_sm": [
    0.5956504476168163
  ],
  "scales": [
    365.0
  ],
  "theory_cov": [
    [
      0.0
    ]
  ],
  "LO": {
    "SM": [
      0.5956504476168163
    ],
    "OpD": [
      0.0187145393673697
    ],
    "OpWB": [
      0.0607418540595555
    ],
    "Opl1": [
      0.0189619414992908
    ],
    "O3pl1": [
      0.0189619414992907
    ],
    "O3pl2": [
      3.3863095541811513e-16
    ],
    "Ope": [
      -0.0144192654907023
    ],
    "OpqMi": [
      -0.0135657064851297
    ],
    "Opu": [
      0.0249119838595965
    ],
    "Oll": [
      -3.047678598763036e-16
    ],
    "OpD*OpD": [
      0.0007385543423672
    ],
    "OpD*OpWB": [
      0.0023286165187068
    ],
    "OpD*Opl1": [
      -0.0005621014851111
    ],
    "OpD*O3pl1": [
      0.0005724509285645
    ],
    "OpD*O3pl2": [
      0.0011345524136757
    ],
    "OpD*Ope": [
      0.0005820514964295
    ],
    "OpD*OpqMi": [
      0.0004600144318107
    ],
    "OpD*Opu": [
      -0.0008334994734993
    ],
    "OpD*Oll": [
      -0.0011345524136757
    ],
    "OpWB*OpWB": [
      -7.845671308551369e-06
    ],
    "OpWB*Opl1": [
      -0.0028638273491931
    ],
    "OpWB*O3pl1": [
      0.0008185938839239
    ],
    "OpWB*O3pl2": [
      0.0036824212331172
    ],
    "OpWB*Ope": [
      0.0052024614125104
    ],
    "OpWB*OpqMi": [
      0.004509417930504
    ],
    "OpWB*Opu": [
      -0.0024793588419984
    ],
    "OpWB*Oll": [
      -0.0036824212331172
    ],
    "Opl1*Opl1": [
      -0.0012597867936729
    ],
    "Opl1*O3pl1": [
      -0.0013700226380177
    ],
    "Opl1*O3pl2": [
      0.0011495509493281
    ],
    "Opl1*Ope": [
      0.0009828907931795
    ],
    "Opl1*OpqMi": [
      0.0013131260149856
    ],
    "Opl1*Opu": [
      -0.0030682362322867
    ],
    "Opl1*Oll": [
      -0.0011495509493281
    ],
    "O3pl1*O3pl1": [
      -0.0001102358443447
    ],
    "O3pl1*O3pl2": [
      0.0011495509493281
    ],
    "O3pl1*Ope": [
      0.0001087355631324
    ],
    "O3pl1*OpqMi": [
      0.0004907170454784
    ],
    "O3pl1*Opu": [
      -0.0015579692221012
    ],
    "O3pl1*Oll": [
      -0.0011495509493281
    ],
    "O3pl2*O3pl2": [
      3.626626690305093e-17
    ],
    "O3pl2*Ope": [
      -0.000874155230047
    ],
    "O3pl2*OpqMi": [
      -0.0008224089695071
    ],
    "O3pl2*Opu": [
      0.0015102670101855
    ],
    "O3pl2*Oll": [
      -5.789877698557254e-17
    ],
    "Ope*Ope": [
      -0.0022886606987115
    ],
    "Ope*OpqMi": [
      -0.003551370739675
    ],
    "Ope*Opu": [
      0.0002991484437631
    ],
    "Ope*Oll": [
      0.000874155230047
    ],
    "OpqMi*OpqMi": [
      -0.0013732569089559
    ],
    "OpqMi*Opu": [
      0.0012800101684227
    ],
    "OpqMi*Oll": [
      0.0008224089695071
    ],
    "Opu*Opu": [
      -0.0015722044451775
    ],
    "Opu*Oll": [
      -0.0015102670101855
    ],
    "Oll*Oll": [
      3.11762645306929e-17
    ]
  },
  "NLO": {
    "SM": [
      0.5956504476168163
    ],
    "OpD": [
      0.0187145393673697
    ],
    "OpWB": [
      0.0607418540595555
    ],
    "Opl1": [
      0.0189619414992908
    ],
    "O3pl1": [
      0.0189619414992907
    ],
    "O3pl2": [
      3.3863095541811513e-16
    ],
    "Ope": [
      -0.0144192654907023
    ],
    "OpqMi": [
      -0.0135657064851297
    ],
    "Opu": [
      0.0249119838595965
    ],
    "Oll": [
      -3.047678598763036e-16
    ],
    "OpD*OpD": [
      0.0007385543423672
    ],
    "OpD*OpWB": [
      0.0023286165187068
    ],
    "OpD*Opl1": [
      -0.0005621014851111
    ],
    "OpD*O3pl1": [
      0.0005724509285645
    ],
    "OpD*O3pl2": [
      0.0011345524136757
    ],
    "OpD*Ope": [
      0.0005820514964295
    ],
    "OpD*OpqMi": [
      0.0004600144318107
    ],
    "OpD*Opu": [
      -0.0008334994734993
    ],
    "OpD*Oll": [
      -0.0011345524136757
    ],
    "OpWB*OpWB": [
      -7.845671308551369e-06
    ],
    "OpWB*Opl1": [
      -0.0028638273491931
    ],
    "OpWB*O3pl1": [
      0.0008185938839239
    ],
    "OpWB*O3pl2": [
      0.0036824212331172
    ],
    "OpWB*Ope": [
      0.0052024614125104
    ],
    "OpWB*OpqMi": [
      0.004509417930504
    ],
    "OpWB*Opu": [
      -0.0024793588419984
    ],
    "OpWB*Oll": [
      -0.0036824212331172
    ],
    "Opl1*Opl1": [
      -0.0012597867936729
    ],
    "Opl1*O3pl1": [
      -0.0013700226380177
    ],
    "Opl1*O3pl2": [
      0.0011495509493281
    ],
    "Opl1*Ope": [
      0.0009828907931795
    ],
    "Opl1*OpqMi": [
      0.0013131260149856
    ],
    "Opl1*Opu": [
      -0.0030682362322867
    ],
    "Opl1*Oll": [
      -0.0011495509493281
    ],
    "O3pl1*O3pl1": [
      -0.0001102358443447
    ],
    "O3pl1*O3pl2": [
      0.0011495509493281
    ],
    "O3pl1*Ope": [
      0.0001087355631324
    ],
    "O3pl1*OpqMi": [
      0.0004907170454784
    ],
    "O3pl1*Opu": [
      -0.0015579692221012
    ],
    "O3pl1*Oll": [
      -0.0011495509493281
    ],
    "O3pl2*O3pl2": [
      3.626626690305093e-17
    ],
    "O3pl2*Ope": [
      -0.000874155230047
    ],
    "O3pl2*OpqMi": [
      -0.0008224089695071
    ],
    "O3pl2*Opu": [
      0.0015102670101855
    ],
    "O3pl2*Oll": [
      -5.789877698557254e-17
    ],
    "Ope*Ope": [
      -0.0022886606987115
    ],
    "Ope*OpqMi": [
      -0.003551370739675
    ],
    "Ope*Opu": [
      0.0002991484437631
    ],
    "Ope*Oll": [
      0.000874155230047
    ],
    "OpqMi*OpqMi": [
      -0.0013732569089559
    ],
    "OpqMi*Opu": [
      0.0012800101684227
    ],
    "OpqMi*Oll": [
      0.0008224089695071
    ],
    "Opu*Opu": [
      -0.0015722044451775
    ],
    "Opu*Oll": [
      -0.0015102670101855
    ],
    "Oll*Oll": [
      3.11762645306929e-17
    ]
  }
}
