{
    "best_sm": [
        0.0098149932788343,
        0.0084452014132512
    ],
    "scales": [
        3000.0,
        3000.0
    ],
    "theory_cov": [
        [
            0.0,
            0.0
        ],
        [
            0.0,
            0.0
        ]
    ],
    "LO": {
        "SM": [
            0.0098149932788343,
            0.0084452014132512
        ],
        "O3pl1": [
            -0.0008663133967353,
            -0.0009879949482918
        ],
        "O3pl2": [
            -0.0011900505907325,
            -0.0010239657476248
        ],
        "O3pl3": [
            0.0004842960634459,
            -0.0001245880701157
        ],
        "Oee1133": [
            0.3898133128318684,
            3.508319815486818
        ],
        "Ole1133": [
            0.4382248755875906,
            0.0486916528430656
        ],
        "Ole3311": [
            0.0486916528430656,
            0.4382248755875907
        ],
        "Oll": [
            0.0011900505907325,
            0.0010239657476248
        ],
        "Oll1133": [
            1.9679486394423704,
            0.2186609599380411
        ],
        "Oll1331": [
            1.9679486394423704,
            0.2186609599380411
        ],
        "OpD": [
            -0.0010838779330726,
            -0.0021214966971294
        ],
        "Ope": [
            -1.52101939445e-05,
            -0.000136891745501
        ],
        "Opl1": [
            0.0003237371939971,
            3.5970799333e-05
        ],
        "Opl3": [
            0.0004842960634459,
            -0.0001245880701157
        ],
        "Opta": [
            0.0001844568899934,
            -0.000336558829439
        ],
        "OpWB": [
            -0.0029356663124977,
            -0.003989773050902
        ],
        "O3pl1*O3pl1": [
            3.04092126766e-05,
            3.04092126766e-05
        ],
        "O3pl1*O3pl2": [
            5.25194842347e-05,
            5.98963207845e-05
        ],
        "O3pl1*O3pl3": [
            -1.24010031639e-05,
            9.43737697788016e-06
        ],
        "O3pl1*Oee1133": [
            -0.0236320876658847,
            -0.212688788992963
        ],
        "O3pl1*Ole1133": [
            -0.0531721972482407,
            -0.0059080219164711
        ],
        "O3pl1*Ole3311": [
            -0.002951888431477,
            -0.0265669958832938
        ],
        "O3pl1*Oll": [
            -5.25194842347e-05,
            -5.98963207845e-05
        ],
        "O3pl1*Oll1133": [
            -0.0531339917665877,
            -0.0059037768629541
        ],
        "O3pl1*Oll1331": [
            -0.0531339917665877,
            -0.0059037768629541
        ],
        "O3pl1*OpD": [
            7.50211777152e-05,
            0.0001296485334208
        ],
        "O3pl1*Ope": [
            9.221045687272152e-07,
            8.29894111854494e-06
        ],
        "O3pl1*Opl1": [
            8.298941118544963e-06,
            9.22104568727218e-07
        ],
        "O3pl1*Opl3": [
            -1.24010031639e-05,
            9.43737697788016e-06
        ],
        "O3pl1*Opta": [
            -2.481983997e-05,
            1.88883256646e-05
        ],
        "O3pl1*OpWB": [
            0.0001884887232601,
            0.0002430449712081
        ],
        "O3pl2*O3pl2": [
            3.60728827893e-05,
            3.10385093558e-05
        ],
        "O3pl2*O3pl3": [
            -2.93600209404e-05,
            7.553041669382704e-06
        ],
        "O3pl2*Oee1133": [
            -0.0236320876658847,
            -0.212688788992963
        ],
        "O3pl2*Ole1133": [
            -0.0265669958832938,
            -0.002951888431477
        ],
        "O3pl2*Ole3311": [
            -0.002951888431477,
            -0.0265669958832938
        ],
        "O3pl2*Oll": [
            -7.21457655787e-05,
            -6.20770187117e-05
        ],
        "O3pl2*Oll1133": [
            -0.1193051474599579,
            -0.0132561274955508
        ],
        "O3pl2*Oll1331": [
            -0.1193051474599579,
            -0.0132561274955508
        ],
        "O3pl2*OpD": [
            6.57091420182e-05,
            0.0001286138627878
        ],
        "O3pl2*Ope": [
            9.221045687272152e-07,
            8.29894111854494e-06
        ],
        "O3pl2*Opl1": [
            -1.96262813439e-05,
            -2.180697927103394e-06
        ],
        "O3pl2*Opl3": [
            -2.93600209404e-05,
            7.553041669382704e-06
        ],
        "O3pl2*Opta": [
            -1.11825359766e-05,
            2.04035816638e-05
        ],
        "O3pl2*OpWB": [
            0.0001779721763495,
            0.0002418764659958
        ],
        "O3pl3*O3pl3": [
            9.08874248190511e-06,
            6.425269997247941e-06
        ],
        "O3pl3*Oee1133": [
            0.0,
            0.0
        ],
        "O3pl3*Ole1133": [
            0.0,
            0.0
        ],
        "O3pl3*Ole3311": [
            -0.002956133484994,
            -0.0266052013649468
        ],
        "O3pl3*Oll": [
            2.93600209404e-05,
            -7.553041669382701e-06
        ],
        "O3pl3*Oll1133": [
            0.0661711556933702,
            0.0073523506325966
        ],
        "O3pl3*Oll1331": [
            0.0661711556933702,
            0.0073523506325966
        ],
        "O3pl3*OpD": [
            -1.25333433959e-05,
            2.28800497259e-05
        ],
        "O3pl3*Ope": [
            -1.515255999274528e-06,
            -1.36373039934e-05
        ],
        "O3pl3*Opl1": [
            1.69590177764e-05,
            1.884335308497451e-06
        ],
        "O3pl3*Opl3": [
            1.81774849638e-05,
            1.28505399944e-05
        ],
        "O3pl3*Opta": [
            0.0,
            0.0
        ],
        "O3pl3*OpWB": [
            -4.40397010373e-05,
            5.57247531602e-05
        ],
        "Oee1133*Oee1133": [
            57.37520236538941,
            516.3768212885047
        ],
        "Oee1133*Ole1133": [
            0.0,
            0.0
        ],
        "Oee1133*Ole3311": [
            0.0,
            0.0
        ],
        "Oee1133*Oll": [
            0.0236320876658847,
            0.212688788992963
        ],
        "Oee1133*Oll1133": [
            0.0,
            0.0
        ],
        "Oee1133*Oll1331": [
            0.0,
            0.0
        ],
        "Oee1133*OpD": [
            -0.0530288641243037,
            -0.4772597771187339
        ],
        "Oee1133*Ope": [
            -0.0118245339399763,
            -0.1064208054597875
        ],
        "Oee1133*Opl1": [
            0.0,
            0.0
        ],
        "Oee1133*Opl3": [
            0.0,
            0.0
        ],
        "Oee1133*Opta": [
            -0.0118245339399763,
            -0.1064208054597875
        ],
        "Oee1133*OpWB": [
            -0.0882607202839445,
            -0.7943464825555009
        ],
        "Ole1133*Ole1133": [
            32.27355133053155,
            3.5859501478368383
        ],
        "Ole1133*Ole3311": [
            0.0,
            0.0
        ],
        "Ole1133*Oll": [
            0.0265669958832938,
            0.002951888431477
        ],
        "Ole1133*Oll1133": [
            0.0,
            0.0
        ],
        "Ole1133*Oll1331": [
            0.0,
            0.0
        ],
        "Ole1133*OpD": [
            -0.0596241650680515,
            -0.0066249072297834
        ],
        "Ole1133*Ope": [
            0.0,
            0.0
        ],
        "Ole1133*Opl1": [
            -0.0266052013649468,
            -0.002956133484994
        ],
        "Ole1133*Opl3": [
            0.0,
            0.0
        ],
        "Ole1133*Opta": [
            0.0330855778466851,
            0.0036761753162983
        ],
        "Ole1133*OpWB": [
            -0.1489042931829,
            -0.0165449214647666
        ],
        "Ole3311*Ole3311": [
            3.5859501478368383,
            32.27355133053155
        ],