{
    "best_sm": [
        0.4709210994192973,
        0.4322411543829791
    ],
    "scales": [
        1500.0,
        1500.0
    ],
    "theory_cov": [
        [
            0.0,
            0.0
        ],
        [
            0.0,
            0.0
        ]
    ],
    "LO": {
        "SM": [
            0.4709210994192973,
            0.4322411543829791
        ],
        "cll1133": [
            11.91679554205109,
            1.7899918434828628
        ],
        "O3pl1": [
            0.0339667318685404,
            0.004553615995283
        ],
        "O3pl2": [
            1.6653345369377346e-16,
            1.5959455978986623e-16
        ],
        "O3pl3": [
            0.0146635192961674,
            0.0262614684957294
        ],
        "Oll": [
            -2.220446049250313e-16,
            -3.4694469519536136e-17
        ],
        "Oll1331": [
            11.91679554205109,
            1.7899918434828628
        ],
        "OpD": [
            0.0385742626277194,
            0.0058280014558412
        ],
        "Ope": [
            -0.0039760569877428,
            -0.0422376608454104
        ],
        "Opl1": [
            0.0339667318685404,
            0.0045536159952829
        ],
        "Opl3": [
            0.0146635192961674,
            0.0262614684957294
        ],
        "Opta": [
            -0.0279810601258063,
            -0.0152423062928925
        ],
        "OpWB": [
            0.0908117187120628,
            0.0575438275119803
        ],
        "cll1133*cll1133": [
            -402.0689271860204,
            17.738745719208566
        ],
        "cll1133*O3pl1": [
            -0.973356452941331,
            0.1316737712631573
        ],
        "cll1133*O3pl2": [
            0.7224452004994482,
            0.10851667394092
        ],
        "cll1133*O3pl3": [
            -0.9232348191908224,
            -0.0833566316373341
        ],
        "cll1133*Oll": [
            -0.7224452004994464,
            -0.1085166739409206
        ],
        "cll1133*Oll1331": [
            -804.1378543720407,
            35.47749143841713
        ],
        "cll1133*OpD": [
            -0.9801120159597736,
            0.358165874546492
        ],
        "cll1133*Ope": [
            0.2178806800493396,
            0.3027188913574643
        ],
        "cll1133*Opl1": [
            -1.6958016534407874,
            0.023157097322237
        ],
        "cll1133*Opl3": [
            -0.9232348191908224,
            -0.0833566316373341
        ],
        "cll1133*Opta": [
            1.178625903726602,
            0.170261022578631
        ],
        "cll1133*OpWB": [
            -2.1925904191373693,
            0.2928701337347684
        ],
        "O3pl1*O3pl1": [
            0.000478538552115,
            0.0002048455000938
        ],
        "O3pl1*O3pl2": [
            0.0020592031077891,
            0.0002760589463083
        ],
        "O3pl1*O3pl3": [
            -0.0008647758488142,
            0.0016088651018647
        ],
        "O3pl1*Oll": [
            -0.0020592031077891,
            -0.0002760589463083
        ],
        "O3pl1*Oll1331": [
            -0.973356452941331,
            0.1316737712631573
        ],
        "O3pl1*OpD": [
            0.001475109281927,
            0.0010477158101074
        ],
        "O3pl1*Ope": [
            -5.64018779918e-05,
            -0.00230560769562
        ],
        "O3pl1*Opl1": [
            -0.0011021260035589,
            0.0001336320538792
        ],
        "O3pl1*Opl3": [
            -0.0008647758488142,
            0.0016088651018647
        ],
        "O3pl1*Opta": [
            0.0002387609705807,
            -0.0004710439506738
        ],
        "O3pl1*OpWB": [
            0.0040177010062606,
            0.0042849446863522
        ],
        "O3pl2*O3pl2": [
            1.626303258728257e-17,
            2.927345865710862e-17
        ],
        "O3pl2*O3pl3": [
            0.0008889629011897,
            0.0015920783238966
        ],
        "O3pl2*Oll": [
            -4.336808689942018e-17,
            -4.2067044292437566e-17
        ],
        "O3pl2*Oll1331": [
            0.7224452004994482,
            0.10851667394092
        ],
        "O3pl2*OpD": [
            0.0023385305890215,
            0.000353317438855
        ],
        "O3pl2*Ope": [
            -0.0002410449417858,
            -0.0025606208691266
        ],
        "O3pl2*Opl1": [
            0.002059203107789,
            0.0002760589463082
        ],
        "O3pl2*Opl3": [
            0.0008889629011897,
            0.0015920783238966
        ],
        "O3pl2*Opta": [
            -0.0016963270471028,
            -0.0009240513514715
        ],
        "O3pl2*OpWB": [
            0.0055053802090612,
            0.0034885436993278
        ],
        "O3pl3*O3pl3": [
            -0.000592813452674,
            -0.0003262303494196
        ],
        "O3pl3*Oll": [
            -0.0008889629011897,
            -0.0015920783238966
        ],
        "O3pl3*Oll1331": [
            -0.9232348191908224,
            -0.0833566316373341
        ],
        "O3pl3*OpD": [
            -0.0009915513863202,
            0.0033039926637161
        ],
        "O3pl3*Ope": [
            0.0004025740920768,
            0.0016573049599318
        ],
        "O3pl3*Opl1": [
            -0.001753738750004,
            1.67867779681e-05
        ],
        "O3pl3*Opl3": [
            -0.0011856269053481,
            -0.0006524606988392
        ],
        "O3pl3*Opta": [
            0.0011090640901849,
            0.0008250451627261
        ],
        "O3pl3*OpWB": [
            -0.0021688629341415,
            0.004759015036874
        ],
        "Oll*Oll": [
            2.40692882291782e-17,
            1.3660947373317357e-17
        ],
        "Oll*Oll1331": [
            -0.7224452004994464,
            -0.1085166739409206
        ],
        "Oll*OpD": [
            -0.0023385305890215,
            -0.000353317438855
        ],
        "Oll*Ope": [
            0.0002410449417858,
            0.0025606208691266
        ],
        "Oll*Opl1": [
            -0.0020592031077891,
            -0.0002760589463082
        ],
        "Oll*Opl3": [
            -0.0008889629011897,
            -0.0015920783238966
        ],
        "Oll*Opta": [
            0.0016963270471028,
            0.0009240513514715
        ],
        "Oll*OpWB": [
            -0.0055053802090612,
            -0.0034885436993277
        ],
        "Oll1331*Oll1331": [
            -402.0689271860204,
            17.738745719208566
        ],
        "Oll1331*OpD": [
            -0.9801120159597736,
            0.358165874546492
        ],
        "Oll1331*Ope": [
            0.2178806800493396,
            0.3027188913574643
        ],
        "Oll1331*Opl1": [
            -1.6958016534407874,
            0.023157097322237
        ],
        "Oll1331*Opl3": [
            -0.9232348191908224,
            -0.0833566316373341
        ],
        "Oll1331*Opta": [
            1.178625903726602,
            0.170261022578631
        ],
        "Oll1331*OpWB": [
            -2.1925904191373693,
            0.2928701337347684
        ],
        "OpD*OpD": [
            0.0010402686158189,
            0.0009781136624357
        ],
        "OpD*Ope": [
            0.0001636878847224,
            -0.0047677683242497
        ],
        "OpD*Opl1": [
            -0.0008634213070944,
            0.0006943983712523
        ],
        "OpD*Opl3": [
            -0.0009915513863202,
            0.0033039926637161
        ],
        "OpD*Opta": [
            4.348451332129161e-06,
            -0.0015225406739403
        ],