{
    "best_sm": [
        0.504818744551303,
        0.4853011372619089,
        0.4843284887277156
    ],
    "scales": [
        380.0,
        1500.0,
        3000.0
    ],
    "theory_cov": [
        [
            0.0,
            0.0,
            0.0
        ],
        [
            0.0,
            0.0,
            0.0
        ],
        [
            0.0,
            0.0,
            0.0
        ]
    ],
    "LO": {
        "SM": [
            0.504818744551303,
            0.4853011372619089,
            0.4843284887277156
        ],
        "O3pl1": [
            0.035126238599931,
            0.0350039393545966,
            0.0349931154716132
        ],
        "O3pl2": [
            0.0148131356436709,
            0.0151112842458477,
            0.0151235601631175
        ],
        "Oll": [
            0.7248074979223535,
            12.28068658679027,
            49.31857112722798
        ],
        "Oll1122": [
            0.7248074979223531,
            12.28068658679027,
            49.31857112722798
        ],
        "OpD": [
            0.0392606787914367,
            0.0397521655864558,
            0.0397703048871362
        ],
        "Ope": [
            -0.0041302615946938,
            -0.004097469789205,
            -0.0040953225362043
        ],
        "Opl1": [
            0.0351262385999314,
            0.0350039393545967,
            0.0349931154716134
        ],
        "Opl2": [
            0.0148131356436706,
            0.0151112842458476,
            0.0151235601631171
        ],
        "Opmu": [
            -0.0293911397195466,
            -0.0288354892520051,
            -0.028804615652264
        ],
        "OpWB": [
            0.0932563640501536,
            0.0935847436481769,
            0.0935874551646927
        ],
        "O3pl1*O3pl1": [
            0.0003213269197419,
            0.0004931511963501,
            0.0005011724699582
        ],
        "O3pl1*O3pl2": [
            0.0010849745270136,
            0.0012309002673099,
            0.0012378058830442
        ],
        "O3pl1*Oll": [
            -0.0717775417282462,
            -1.0052009301928282,
            -3.996909819633204
        ],
        "O3pl1*Oll1122": [
            -0.0696480445493636,
            -1.0030788472976353,
            -3.994788392926355
        ],
        "O3pl1*OpD": [
            0.0011080513072933,
            0.0015201531912405,
            0.0015397002380235
        ],
        "O3pl1*Ope": [
            -4.026207768e-05,
            -5.81241646783e-05,
            -5.89669484075e-05
        ],
        "O3pl1*Opl1": [
            -0.0014868433393986,
            -0.001135780502493,
            -0.0011190817669343
        ],
        "O3pl1*Opl2": [
            -0.001044522651869,
            -0.0008911826278833,
            -0.0008836208238067
        ],
        "O3pl1*Opmu": [
            0.0005097971133675,
            0.0002460517710917,
            0.0002338465227945
        ],
        "O3pl1*OpWB": [
            0.0032261585638532,
            0.0041403854486896,
            0.0041832386536171
        ],
        "O3pl2*O3pl2": [
            0.000252398817643,
            0.0003051926625105,
            0.0003077285763703
        ],
        "O3pl2*Oll": [
            -0.017170476869723,
            -0.2078370349702499,
            -0.8185527576930207
        ],
        "O3pl2*Oll1122": [
            -0.0162724436096613,
            -0.2069209267146143,
            -0.8176359052207496
        ],
        "O3pl2*OpD": [
            0.0011758406903913,
            0.0013881105343233,
            0.0013983242731278
        ],
        "O3pl2*Ope": [
            0.0002022172437291,
            0.0001664616013889,
            0.0001647515258535
        ],
        "O3pl2*Opl1": [
            0.0001869412669518,
            0.0003147920116742,
            0.0003209534107705
        ],
        "O3pl2*Opl2": [
            -0.0003932356247756,
            -0.0003057229306146,
            -0.0003013953195329
        ],
        "O3pl2*Opmu": [
            -0.0005192765518935,
            -0.0006051956075348,
            -0.000609186137004
        ],
        "O3pl2*OpWB": [
            0.0029687270569517,
            0.0034384011037288,
            0.0034607676800836
        ],
        "Oll*Oll": [
            -1.624808838598601,
            -415.09100216471256,
            -6656.359461627902
        ],
        "Oll*Oll1122": [
            -3.205676863048609,
            -829.4374985558588,
            -13309.72902845728
        ],
        "Oll*OpD": [
            -0.0729966028921473,
            -1.0124506379765912,
            -4.0228042284432055
        ],
        "Oll*Ope": [
            0.0148005986506671,
            0.2247822858866479,
            0.8978066530742413
        ],
        "Oll*Opl1": [
            -0.1157183558768382,
            -1.7497067037590066,
            -6.986804618165982
        ],
        "Oll*Opl2": [
            -0.0611112910183133,
            -0.9523428085364192,
            -3.8084475562257074
        ],
        "Oll*Opmu": [
            0.0827086092149504,
            1.2163645282327198,
            4.8503337756817055
        ],
        "Oll*OpWB": [
            -0.1661007757816429,
            -2.2652168113699904,
            -8.992353988867972
        ],
        "Oll1122*Oll1122": [
            -1.5808680244500075,
            -414.3464963911463,
            -6653.369566829369
        ],
        "Oll1122*OpD": [
            -0.0706164589296924,
            -1.0100406980614465,
            -4.020393188848984
        ],
        "Oll1122*Ope": [
            0.0145502051908344,
            0.2245338804010492,
            0.8975583777639582
        ],
        "Oll1122*Opl1": [
            -0.1135888586979555,
            -1.7475846208638135,
            -6.98468319145913
        ],
        "Oll1122*Opl2": [
            -0.0602132577582516,
            -0.9514267002807836,
            -3.807530703753436
        ],
        "Oll1122*Opmu": [
            0.080926797338371,
            1.2146164021747827,
            4.848587521308474
        ],
        "Oll1122*OpWB": [
            -0.160447191108958,
            -2.2595433189743184,
            -8.986680332089014
        ],
        "OpD*OpD": [
            0.0008133309032804,
            0.0010720342387235,
            0.00108448852108
        ],
        "OpD*Ope": [
            0.0002125410589325,
            0.0001686862548944,
            0.0001665627105289
        ],
        "OpD*Opl1": [
            -0.0012720926551616,
            -0.000889786723903,
            -0.0008713393561965
        ],
        "OpD*Opl2": [
            -0.0012043032720636,
            -0.0010218293808202,
            -0.0010127153210923
        ],
        "OpD*Opmu": [
            0.0002968422781153,
            4.481235560334449e-06,
            -9.248982382058409e-06
        ],
        "OpD*OpWB": [
            0.0042649205524357,
            0.0054308670233245,
            0.005486442062003
        ],
        "Ope*Ope": [
            -0.0001225528367694,
            -0.0001083463916504,
            -0.0001076741011281
        ],
        "Ope*Opl1": [
            0.0002101313821527,
            0.0001902813209202,
            0.0001893083618751
        ],
        "Ope*Opl2": [
            0.0004526107035618,
            0.0004148670869875,
            0.0004130268361362
        ],
        "Ope*Opmu": [
            5.64356812753e-05,
            6.25965836371e-05,
            6.28626217992e-05
        ],
        "Ope*OpWB": [
            0.0003024337039387,
            0.0002023084107714,
            0.0001975412230252
        ],
        "Opl1*Opl1": [
            -0.0018081702591406,
            -0.0016289316988431,
            -0.0016202542368926
        ],
        "Opl1*Opl2": [
            -0.0019425559119307,
            -0.001807290883519,
            -0.0018004732960804
        ],