{
    "best_sm": [
        0.0079571472803734,
        0.0025266743932647
    ],
    "scales": [
        1500.0,
        1500.0
    ],
    "theory_cov": [
        [
            0.0,
            0.0
        ],
        [
            0.0,
            0.0
        ]
    ],
    "LO": {
        "SM": [
            0.0079571472803734,
            0.0025266743932647
        ],
        "O3pl1": [
            8.95348796452e-05,
            -0.0001892075912198
        ],
        "O3pl2": [
            -0.0009647900464664,
            -0.0003063548052322
        ],
        "Oeb": [
            0.0162522986857674,
            0.1462706881719072
        ],
        "Olb": [
            0.0729246921109212,
            0.0081027435678801
        ],
        "Oll": [
            0.0009647900464664,
            0.0003063548052322
        ],
        "OpD": [
            7.61183609925e-05,
            -0.0004384770778558
        ],
        "Opdi": [
            0.0001230648126812,
            -0.0002251724740564
        ],
        "Ope": [
            -3.48428088581e-05,
            -0.0003135852797232
        ],
        "Opl1": [
            0.0010543249261116,
            0.0001171472140124
        ],
        "OpQ3": [
            0.0014521688401019,
            0.0004022622852197
        ],
        "OpQM": [
            0.0007260844200509,
            0.0002011311426098
        ],
        "OpWB": [
            -0.0002785601877704,
            -0.0005498184270816
        ],
        "OQe": [
            -0.0081963666678945,
            -0.0737673000110507
        ],
        "OQl31": [
            0.6931171073556317,
            0.0770130119284035
        ],
        "OQlM1": [
            0.3465585536778158,
            0.0385065059642017
        ],
        "O3pl1*O3pl1": [
            6.79142877106411e-06,
            6.791428771064046e-06
        ],
        "O3pl1*O3pl2": [
            -5.427972968800665e-06,
            1.14705430409e-05
        ],
        "O3pl1*Oeb": [
            -0.0009852812478979,
            -0.0088675312310811
        ],
        "O3pl1*Olb": [
            -0.0088675312310811,
            -0.0009852812478979
        ],
        "O3pl1*Oll": [
            5.427972968800696e-06,
            -1.14705430409e-05
        ],
        "O3pl1*OpD": [
            1.67529132113e-05,
            2.89564544886e-05
        ],
        "O3pl1*Opdi": [
            -1.66028873345e-05,
            1.26350831966e-05
        ],
        "O3pl1*Ope": [
            2.1123145012143053e-06,
            1.90108305109e-05
        ],
        "O3pl1*Opl1": [
            1.90108305109e-05,
            2.112314501214309e-06
        ],
        "O3pl1*OpQ3": [
            1.67463513895e-05,
            -1.27442618131e-05
        ],
        "O3pl1*OpQM": [
            8.373175694786722e-06,
            -6.372130906595331e-06
        ],
        "O3pl1*OpWB": [
            3.0864359611e-05,
            3.48852446041e-05
        ],
        "O3pl1*OQe": [
            0.0004968974872363,
            0.0044720773851268
        ],
        "O3pl1*OQl31": [
            0.0089441547702536,
            0.0009937949744726
        ],
        "O3pl1*OQlM1": [
            0.0044720773851268,
            0.0004968974872363
        ],
        "O3pl2*O3pl2": [
            2.92447720572e-05,
            9.28624469174685e-06
        ],
        "O3pl2*Oeb": [
            -0.0009852812478979,
            -0.0088675312310811
        ],
        "O3pl2*Olb": [
            -0.0044209950256784,
            -0.0004912216695198
        ],
        "O3pl2*Oll": [
            -5.84895441144e-05,
            -1.85724893834e-05
        ],
        "O3pl2*OpD": [
            -4.614608379818091e-06,
            2.65822854229e-05
        ],
        "O3pl2*Opdi": [
            -7.460695533308309e-06,
            1.36508822856e-05
        ],
        "O3pl2*Ope": [
            2.1123145012143053e-06,
            1.90108305109e-05
        ],
        "O3pl2*Opl1": [
            -6.39175170832e-05,
            -7.101946342579924e-06
        ],
        "O3pl2*OpQ3": [
            -8.80364528487e-05,
            -2.43867956174e-05
        ],
        "O3pl2*OpQM": [
            -4.40182264243e-05,
            -1.21933978087e-05
        ],
        "O3pl2*OpWB": [
            1.68874652581e-05,
            3.33322563427e-05
        ],
        "O3pl2*OQe": [
            0.0004968974872363,
            0.0044720773851268
        ],
        "O3pl2*OQl31": [
            -0.042019612220934,
            -0.004668845802326
        ],
        "O3pl2*OQlM1": [
            -0.021009806110467,
            -0.002334422901163
        ],
        "Oeb*Oeb": [
            0.4482437684796048,
            4.034193916316444
        ],
        "Oeb*Olb": [
            0.0,
            0.0
        ],
        "Oeb*Oll": [
            0.0009852812478979,
            0.0088675312310811
        ],
        "Oeb*OpD": [
            -0.002211971869361,
            -0.0199077468242497
        ],
        "Oeb*Opdi": [
            -0.0014821787351342,
            -0.013339608616208
        ],
        "Oeb*Ope": [
            -0.000494059578378,
            -0.0044465362054026
        ],
        "Oeb*Opl1": [
            0.0,
            0.0
        ],
        "Oeb*OpQ3": [
            0.0,
            0.0
        ],
        "Oeb*OpQM": [
            0.0,
            0.0
        ],
        "Oeb*OpWB": [
            -0.0036798116971811,
            -0.0331183052746302
        ],
        "Oeb*OQe": [
            0.0,
            0.0
        ],
        "Oeb*OQl31": [
            0.0,
            0.0
        ],
        "Oeb*OQlM1": [
            0.0,
            0.0
        ],
        "Olb*Olb": [
            4.034193916316444,
            0.4482437684796048
        ],
        "Olb*Oll": [
            0.0044209950256784,
            0.0004912216695198
        ],
        "Olb*OpD": [
            -0.0099316069239175,
            -0.0011035118804352
        ],
        "Olb*Opdi": [
            0.0165888110847885,
            0.0018432012316431
        ],
        "Olb*Ope": [
            0.0,
            0.0
        ],
        "Olb*Opl1": [
            -0.0044465362054026,
            -0.000494059578378
        ],
        "Olb*OpQ3": [
            0.0,
            0.0
        ],
        "Olb*OpQM": [
            0.0,
            0.0
        ],
        "Olb*OpWB": [
            -0.02481488126474,
            -0.0027572090294155
        ],
        "Olb*OQe": [
            0.0,
            0.0
        ],
        "Olb*OQl31": [
            0.0,
            0.0
        ],
        "Olb*OQlM1": [
            0.0,
            0.0
        ],
        "Oll*Oll": [
            2.92447720572e-05,
            9.28624469174685e-06
        ],
        "Oll*OpD": [
            4.6146083798180736e-06,
            -2.65822854229e-05
        ],
        "Oll*Opdi": [
            7.460695533308301e-06,
            -1.36508822856e-05
        ],
        "Oll*Ope": [
            -2.112314501214306e-06,
            -1.90108305109e-05
        ],
        "Oll*Opl1": [
            6.39175170832e-05,
            7.101946342579924e-06
        ],
        "Oll*OpQ3": [
            8.80364528487e-05,
            2.43867956174e-05
        ],
        "Oll*OpQM": [
            4.40182264243e-05,
            1.21933978087e-05
        ],
        "Oll*OpWB": [
            -1.68874652581e-05,
            -3.33322563427e-05
        ],
        "Oll*OQe": [
            -0.0004968974872363,
            -0.0044720773851268
        ],
        "Oll*OQl31": [
            0.042019612220934,
            0.004668845802326
        ],
        "Oll*OQlM1": [
            0.021009806110467,
            0.002334422901163
        ],
        "OpD*OpD": [
            1.11023655719e-05,
            3.16361859829e-05
        ],
        "OpD*Opdi": [
            -1.67625447397e-05,
            3.06449821303e-05
        ],
        "OpD*Ope": [
            4.735437762340628e-06,
            4.2618939861e-05
        ],