{
    "best_sm": [
        26.826306150718395,
        25.076882088716182
    ],
    "scales": [
        380.0,
        380.0
    ],
    "theory_cov": [
        [
            0.0,
            0.0
        ],
        [
            0.0,
            0.0
        ]
    ],
    "LO": {
        "SM": [
            26.826306150718395,
            25.076882088716182
        ],
        "O3pl1": [
            -2.694076183221396,
            -3.6046468870395048
        ],
        "O3pl2": [
            -3.252642215321316,
            -3.0405276392560103
        ],
        "Oll": [
            3.25264221532096,
            3.040527639255625
        ],
        "Oll1111": [
            -17.265594326095886,
            -1.9183993695662112
        ],
        "OpD": [
            -4.659043789583837,
            -5.968063448782343
        ],
        "Ope": [
            0.7711821907701687,
            -0.0677034625201968
        ],
        "Opl1": [
            0.5585660320991295,
            -0.5641192477844766
        ],
        "OpWB": [
            -11.104851518026464,
            -12.409142569110976
        ],
        "O3pl1*O3pl1": [
            0.1048587771607642,
            0.1418944133481006
        ],
        "O3pl1*O3pl2": [
            0.1633259882223367,
            0.2185285325948979
        ],
        "O3pl1*Oll": [
            -0.1633259882222998,
            -0.2185285325948497
        ],
        "O3pl1*Oll1111": [
            0.2435321504419169,
            0.0270591278268792
        ],
        "O3pl1*OpD": [
            0.29794663876467,
            0.4407915044155037
        ],
        "O3pl1*Ope": [
            -0.0777321043532442,
            -0.0268754028306888
        ],
        "O3pl1*Opl1": [
            0.0463915660992116,
            0.0652602941013291
        ],
        "O3pl1*OpWB": [
            0.6966183484865166,
            0.9380231778286684
        ],
        "O3pl2*O3pl2": [
            0.0985942801950919,
            0.0921646508163684
        ],
        "O3pl2*Oll": [
            -0.1971885603901826,
            -0.1843293016327256
        ],
        "O3pl2*Oll1111": [
            1.0467114007824678,
            0.1163012667536086
        ],
        "O3pl2*OpD": [
            0.2824504131856778,
            0.3618085734234874
        ],
        "O3pl2*Ope": [
            -0.0467522389275312,
            0.004104462595024
        ],
        "O3pl2*Opl1": [
            -0.033862572167843,
            0.0341992309621339
        ],
        "O3pl2*OpWB": [
            0.673221811446521,
            0.7522933039954802
        ],
        "Oll*Oll": [
            0.0985942801950919,
            0.0921646508163684
        ],
        "Oll*Oll1111": [
            -1.0467114007824694,
            -0.1163012667536086
        ],
        "Oll*OpD": [
            -0.2824504131856963,
            -0.3618085734235035
        ],
        "Oll*Ope": [
            0.0467522389275415,
            -0.0041044625950152
        ],
        "Oll*Opl1": [
            0.0338625721678426,
            -0.0341992309621332
        ],
        "Oll*OpWB": [
            -0.6732218114465178,
            -0.752293303995477
        ],
        "Oll1111*Oll1111": [
            9.021421819034304,
            1.0023802021149224
        ],
        "Oll1111*OpD": [
            0.9240237403604769,
            0.1026693044844964
        ],
        "Oll1111*Ope": [
            0.0,
            0.0
        ],
        "Oll1111*Opl1": [
            -0.803179250340561,
            -0.0892421389267286
        ],
        "Oll1111*OpWB": [
            2.40938986819121,
            0.2677099853545786
        ],
        "OpD*OpD": [
            0.2311740833636291,
            0.3621112004183816
        ],
        "OpD*Ope": [
            -0.0950178868023584,
            0.0095594662493037
        ],
        "OpD*Opl1": [
            0.0154962255789954,
            0.0789829309920247
        ],
        "OpD*OpWB": [
            1.0838285338998253,
            1.498768580489921
        ],
        "Ope*Ope": [
            0.0212510080330021,
            0.0371558598969493
        ],
        "Ope*Opl1": [
            -0.030979865425713,
            -0.030979865425713
        ],
        "Ope*OpWB": [
            -0.2324610071986375,
            -0.0425222607320474
        ],
        "Opl1*Opl1": [
            0.0401270691335284,
            0.0155305315695975
        ],
        "Opl1*OpWB": [
            0.023396537040026,
            0.1857298738332082
        ],
        "OpWB*OpWB": [
            1.2790139502158466,
            1.5782413333820664
        ]
    },
    "NLO": {
        "SM": [
            26.826306150718395,
            25.076882088716182
        ],
        "O3pl1": [
            -2.694076183221396,
            -3.6046468870395048
        ],
        "O3pl2": [
            -3.252642215321316,
            -3.0405276392560103
        ],
        "Oll": [
            3.25264221532096,
            3.040527639255625
        ],
        "Oll1111": [
            -17.265594326095886,
            -1.9183993695662112
        ],
        "OpD": [
            -4.659043789583837,
            -5.968063448782343
        ],
        "Ope": [
            0.7711821907701687,
            -0.0677034625201968
        ],
        "Opl1": [
            0.5585660320991295,
            -0.5641192477844766
        ],
        "OpWB": [
            -11.104851518026464,
            -12.409142569110976
        ],
        "O3pl1*O3pl1": [
            0.1048587771607642,
            0.1418944133481006
        ],
        "O3pl1*O3pl2": [
            0.1633259882223367,
            0.2185285325948979
        ],
        "O3pl1*Oll": [
            -0.1633259882222998,
            -0.2185285325948497
        ],
        "O3pl1*Oll1111": [
            0.2435321504419169,
            0.0270591278268792
        ],
        "O3pl1*OpD": [
            0.29794663876467,
            0.4407915044155037
        ],
        "O3pl1*Ope": [
            -0.0777321043532442,
            -0.0268754028306888
        ],
        "O3pl1*Opl1": [
            0.0463915660992116,
            0.0652602941013291
        ],
        "O3pl1*OpWB": [
            0.6966183484865166,
            0.9380231778286684
        ],
        "O3pl2*O3pl2": [
            0.0985942801950919,
            0.0921646508163684
        ],
        "O3pl2*Oll": [
            -0.1971885603901826,
            -0.1843293016327256
        ],
        "O3pl2*Oll1111": [
            1.0467114007824678,
            0.1163012667536086
        ],
        "O3pl2*OpD": [
            0.2824504131856778,
            0.3618085734234874
        ],
        "O3pl2*Ope": [
            -0.0467522389275312,
            0.004104462595024
        ],
        "O3pl2*Opl1": [
            -0.033862572167843,
            0.0341992309621339
        ],
        "O3pl2*OpWB": [
            0.673221811446521,
            0.7522933039954802
        ],
        "Oll*Oll": [
            0.0985942801950919,
            0.0921646508163684
        ],
        "Oll*Oll1111": [
            -1.0467114007824694,
            -0.1163012667536086
        ],
        "Oll*OpD": [
            -0.2824504131856963,
            -0.3618085734235035
        ],
        "Oll*Ope": [
            0.0467522389275415,
            -0.0041044625950152
        ],
        "Oll*Opl1": [
            0.0338625721678426,
            -0.0341992309621332
        ],
        "Oll*OpWB": [
            -0.6732218114465178,
            -0.752293303995477
        ],
        "Oll1111*Oll1111": [
            9.021421819034304,
            1.0023802021149224
        ],
        "Oll1111*OpD": [
            0.9240237403604769,
            0.1026693044844964
        ],
        "Oll1111*Ope": [
            0.0,
            0.0
        ],
        "Oll1111*Opl1": [
            -0.803179250340561,
            -0.0892421389267286
        ],
        "Oll1111*OpWB": [
            2.40938986819121,
            0.2677099853545786
        ],