{
    "best_sm": [
        0.6235302331699728,
        0.5315660265950397
    ],
    "scales": [
        380.0,
        380.0
    ],
    "theory_cov": [
        [
            0.0,
            0.0
        ],
        [
            0.0,
            0.0
        ]
    ],
    "LO": {
        "SM": [
            0.6235302331699728,
            0.5315660265950397
        ],
        "cll1133": [
            2.004322729554263,
            0.2227025255060291
        ],
        "O3pl1": [
            -0.0531970237190483,
            -0.0619620063588616
        ],
        "O3pl2": [
            -0.0756019389156058,
            -0.0644514413807014
        ],
        "O3pl3": [
            0.0326596560550527,
            -0.0077653058366557
        ],
        "Oll": [
            0.0756019389156057,
            0.0644514413807012
        ],
        "Oll1331": [
            2.004322729554263,
            0.2227025255060291
        ],
        "OpD": [
            -0.0647662795697647,
            -0.1345312425078343
        ],
        "Ope": [
            -0.0010956228299766,
            -0.0098606054697898
        ],
        "Opl1": [
            0.0224049151965574,
            0.0024894350218397
        ],
        "Opl3": [
            0.0326596560550527,
            -0.0077653058366557
        ],
        "Opta": [
            0.0116569221448697,
            -0.0226131504446364
        ],
        "OpWB": [
            -0.17952972598701,
            -0.2505642667900025
        ],
        "cll1133*cll1133": [
            2.0712448053905583,
            0.230138311710062
        ],
        "cll1133*O3pl1": [
            -0.0513607604746531,
            -0.0057067511638503
        ],
        "cll1133*O3pl2": [
            -0.121510294534198,
            -0.0135011438371331
        ],
        "cll1133*O3pl3": [
            0.0701495340595448,
            0.0077943926732827
        ],
        "cll1133*Oll": [
            0.121510294534198,
            0.0135011438371331
        ],
        "cll1133*Oll1331": [
            4.142489610781117,
            0.460276623420124
        ],
        "cll1133*OpD": [
            -0.0544765990211762,
            -0.0060529554467973
        ],
        "cll1133*Ope": [
            0.0,
            0.0
        ],
        "cll1133*Opl1": [
            0.0701495340595448,
            0.0077943926732827
        ],
        "cll1133*Opl3": [
            0.0701495340595448,
            0.0077943926732827
        ],
        "cll1133*Opta": [
            0.0,
            0.0
        ],
        "cll1133*OpWB": [
            -0.1918212972935124,
            -0.0213134774770569
        ],
        "O3pl1*O3pl1": [
            0.0019114065270985,
            0.0019114065270985
        ],
        "O3pl1*O3pl2": [
            0.0032250225600553,
            0.0037563918881813
        ],
        "O3pl1*O3pl3": [
            -0.0007920401673739,
            0.0006027562078902
        ],
        "O3pl1*Oll": [
            -0.0032250225600553,
            -0.0037563918881813
        ],
        "O3pl1*Oll1331": [
            -0.0513607604746531,
            -0.0057067511638503
        ],
        "O3pl1*OpD": [
            0.0046074050198169,
            0.0082315051042317
        ],
        "O3pl1*Ope": [
            6.64211660157e-05,
            0.0005977904941417
        ],
        "O3pl1*Opl1": [
            0.0005977904941417,
            6.64211660157e-05
        ],
        "O3pl1*Opl3": [
            -0.0007920401673739,
            0.0006027562078902
        ],
        "O3pl1*Opta": [
            -0.0016619382594411,
            0.0012647636373415
        ],
        "O3pl1*OpWB": [
            0.0116820193775683,
            0.0152789248810305
        ],
        "O3pl2*O3pl2": [
            0.0022916503738483,
            0.001953655843404
        ],
        "O3pl2*O3pl3": [
            -0.0019799627914799,
            0.0004707648052117
        ],
        "O3pl2*Oll": [
            -0.0045833007476967,
            -0.0039073116868081
        ],
        "O3pl2*Oll1331": [
            -0.121510294534198,
            -0.0135011438371331
        ],
        "O3pl2*OpD": [
            0.0039263984738408,
            0.0081558377102343
        ],
        "O3pl2*Ope": [
            6.64211660157e-05,
            0.0005977904941417
        ],
        "O3pl2*Opl1": [
            -0.0013582781876413,
            -0.0001509197986268
        ],
        "O3pl2*Opl3": [
            -0.0019799627914799,
            0.0004707648052117
        ],
        "O3pl2*Opta": [
            -0.0007066906054098,
            0.0013709022655672
        ],
        "O3pl2*OpWB": [
            0.0108838310121727,
            0.0151902372848754
        ],
        "O3pl3*O3pl3": [
            0.000636636093035,
            0.0004500687301777
        ],
        "O3pl3*Oll": [
            0.0019799627914799,
            -0.0004707648052117
        ],
        "O3pl3*Oll1331": [
            0.0701495340595448,
            0.0077943926732827
        ],
        "O3pl3*OpD": [
            -0.0007443457752252,
            0.0015010197151986
        ],
        "O3pl3*Ope": [
            -0.0001061386282257,
            -0.0009552476540313
        ],
        "O3pl3*Opl1": [
            0.001187922624106,
            0.0001319914026784
        ],
        "O3pl3*Opl3": [
            0.0012732721860701,
            0.0009001374603554
        ],
        "O3pl3*Opta": [
            0.0,
            0.0
        ],
        "O3pl3*OpWB": [
            -0.0027987171380665,
            0.0036855930996172
        ],
        "Oll*Oll": [
            0.0022916503738483,
            0.001953655843404
        ],
        "Oll*Oll1331": [
            0.121510294534198,
            0.0135011438371331
        ],
        "Oll*OpD": [
            -0.0039263984738408,
            -0.0081558377102343
        ],
        "Oll*Ope": [
            -6.64211660157e-05,
            -0.0005977904941417
        ],
        "Oll*Opl1": [
            0.0013582781876413,
            0.0001509197986268
        ],
        "Oll*Opl3": [
            0.0019799627914799,
            -0.0004707648052117
        ],
        "Oll*Opta": [
            0.0007066906054098,
            -0.0013709022655672
        ],
        "Oll*OpWB": [
            -0.0108838310121727,
            -0.0151902372848754
        ],
        "Oll1331*Oll1331": [
            2.0712448053905583,
            0.230138311710062
        ],
        "Oll1331*OpD": [
            -0.0544765990211762,
            -0.0060529554467973
        ],
        "Oll1331*Ope": [
            0.0,
            0.0
        ],
        "Oll1331*Opl1": [
            0.0701495340595448,
            0.0077943926732827
        ],
        "Oll1331*Opl3": [
            0.0701495340595448,
            0.0077943926732827
        ],
        "Oll1331*Opta": [
            0.0,
            0.0
        ],
        "Oll1331*OpWB": [
            -0.1918212972935124,
            -0.0213134774770569
        ],
        "OpD*OpD": [
            0.0030183715585196,
            0.0091040546428623
        ],
        "OpD*Ope": [
            0.000148090568735,
            0.0013328151186157
        ],
        "OpD*Opl1": [
            0.000681006545976,
            7.56673939973e-05
        ],
        "OpD*Opl3": [
            -0.0007443457752252,
            0.0015010197151986
        ],
        "OpD*Opta": [
            -0.0016244427241041,
            0.0031053484114549
        ],
        "OpD*OpWB": [
            0.0145459673002707,
            0.0334045765209255
        ],
        "Ope*Ope": [
            0.0001086704823212,
            0.0009780343408915
        ],
        "Ope*Opl1": [
            0.0,
            0.0
        ],
        "Ope*Opl3": [
            -0.0001061386282257,
            -0.0009552476540313
        ],
        "Ope*Opta": [
            8.53495619641e-05,
            0.000768146057677
        ],