{
    "best_sm": [
        0.9650085455582128,
        0.9606160103657794
    ],
    "scales": [
        3000.0,
        3000.0
    ],
    "theory_cov": [
        [
            0.0,
            0.0
        ],
        [
            0.0,
            0.0
        ]
    ],
    "LO": {
        "SM": [
            0.9650085455582128,
            0.9606160103657794
        ],
        "O3pl1": [
            0.0056600756838816,
            0.0034675274747672
        ],
        "O3pl2": [
            9.861556016232953e-14,
            -1.1473322292232524e-12
        ],
        "Oll": [
            7.946976410266872e-13,
            1.981859121258367e-12
        ],
        "Oll1111": [
            0.2333979684721967,
            0.00608378281298
        ],
        "OpD": [
            0.0044811274215651,
            0.0006665151429295
        ],
        "Ope": [
            -0.0037365525601201,
            -0.0064466295687535
        ],
        "Opl1": [
            0.0056600756864558,
            0.003467527477859
        ],
        "OpWB": [
            0.0105695773477619,
            0.0064752314118451
        ],
        "O3pl1*O3pl1": [
            2.07299765668e-05,
            0.0002159412704604
        ],
        "O3pl1*O3pl2": [
            0.0003431370871113,
            0.0002102157889703
        ],
        "O3pl1*Oll": [
            -0.0003431370871847,
            -0.0002102157890023
        ],
        "O3pl1*Oll1111": [
            0.2552685418882654,
            0.0194937280851782
        ],
        "O3pl1*OpD": [
            0.0002718397793744,
            0.00050645235055
        ],
        "O3pl1*Ope": [
            2.39441304043e-05,
            -0.0002174756226557
        ],
        "O3pl1*Opl1": [
            -0.000301677133862,
            0.0002216667521639
        ],
        "O3pl1*OpWB": [
            0.0007181932525114,
            0.0011990489786638
        ],
        "O3pl2*O3pl2": [
            1.7057535939279944e-14,
            -1.380375848347715e-13
        ],
        "O3pl2*Oll": [
            7.73226968564522e-14,
            3.6122233676438853e-13
        ],
        "O3pl2*Oll1111": [
            0.0141495456210387,
            0.0003688239515006
        ],
        "O3pl2*OpD": [
            0.0002716643905241,
            4.04068913521e-05
        ],
        "O3pl2*Ope": [
            -0.0002265251975005,
            -0.0003908212216244
        ],
        "O3pl2*Opl1": [
            0.0003431370874676,
            0.0002102157895741
        ],
        "O3pl2*OpWB": [
            0.0006407712878604,
            0.0003925551825223
        ],
        "Oll*Oll": [
            -9.125859790071189e-14,
            -2.392240051884986e-13
        ],
        "Oll*Oll1111": [
            -0.0141495455831557,
            -0.0003688239470381
        ],
        "Oll*OpD": [
            -0.0002716643903567,
            -4.04068910926e-05
        ],
        "Oll*Ope": [
            0.0002265251974369,
            0.0003908212216083
        ],
        "Oll*Opl1": [
            -0.0003431370875116,
            -0.0002102157895498
        ],
        "Oll*OpWB": [
            -0.0006407712875382,
            -0.000392555182103
        ],
        "Oll1111*Oll1111": [
            -301.04843911022635,
            -38.65303415964976
        ],
        "Oll1111*OpD": [
            0.2125782497503146,
            0.0049662170839731
        ],
        "Oll1111*Ope": [
            -0.1651537881359299,
            -0.0342618779586501
        ],
        "Oll1111*Opl1": [
            0.2411189963806248,
            0.0191249041440796
        ],
        "Oll1111*OpWB": [
            0.5031090525412507,
            0.0370911613062409
        ],
        "OpD*OpD": [
            0.0002069044794207,
            0.0001121482566418
        ],
        "OpD*Ope": [
            -0.0001201103574767,
            -0.0007379201054923
        ],
        "OpD*Opl1": [
            1.7538909707339945e-07,
            0.0004660454597443
        ],
        "OpD*OpWB": [
            0.0010149350790757,
            0.0010212003135973
        ],
        "Ope*Ope": [
            -6.119991968928616e-06,
            -0.0002509507536989
        ],
        "Ope*Opl1": [
            0.0002504693278062,
            0.0001733455990233
        ],
        "Ope*OpWB": [
            -0.0003782981672041,
            -0.0011359283693997
        ],
        "Opl1*Opl1": [
            -0.000322407110745,
            5.725481324479666e-06
        ],
        "Opl1*OpWB": [
            7.74219656319e-05,
            0.0008064937969064
        ],
        "OpWB*OpWB": [
            0.0012688594311632,
            0.0014860740594564
        ]
    },
    "NLO": {
        "SM": [
            0.9650085455582128,
            0.9606160103657794
        ],
        "O3pl1": [
            0.0056600756838816,
            0.0034675274747672
        ],
        "O3pl2": [
            9.861556016232953e-14,
            -1.1473322292232524e-12
        ],
        "Oll": [
            7.946976410266872e-13,
            1.981859121258367e-12
        ],
        "Oll1111": [
            0.2333979684721967,
            0.00608378281298
        ],
        "OpD": [
            0.0044811274215651,
            0.0006665151429295
        ],
        "Ope": [
            -0.0037365525601201,
            -0.0064466295687535
        ],
        "Opl1": [
            0.0056600756864558,
            0.003467527477859
        ],
        "OpWB": [
            0.0105695773477619,
            0.0064752314118451
        ],
        "O3pl1*O3pl1": [
            2.07299765668e-05,
            0.0002159412704604
        ],
        "O3pl1*O3pl2": [
            0.0003431370871113,
            0.0002102157889703
        ],
        "O3pl1*Oll": [
            -0.0003431370871847,
            -0.0002102157890023
        ],
        "O3pl1*Oll1111": [
            0.2552685418882654,
            0.0194937280851782
        ],
        "O3pl1*OpD": [
            0.0002718397793744,
            0.00050645235055
        ],
        "O3pl1*Ope": [
            2.39441304043e-05,
            -0.0002174756226557
        ],
        "O3pl1*Opl1": [
            -0.000301677133862,
            0.0002216667521639
        ],
        "O3pl1*OpWB": [
            0.0007181932525114,
            0.0011990489786638
        ],
        "O3pl2*O3pl2": [
            1.7057535939279944e-14,
            -1.380375848347715e-13
        ],
        "O3pl2*Oll": [
            7.73226968564522e-14,
            3.6122233676438853e-13
        ],
        "O3pl2*Oll1111": [
            0.0141495456210387,
            0.0003688239515006
        ],
        "O3pl2*OpD": [
            0.0002716643905241,
            4.04068913521e-05
        ],
        "O3pl2*Ope": [
            -0.0002265251975005,
            -0.0003908212216244
        ],
        "O3pl2*Opl1": [
            0.0003431370874676,
            0.0002102157895741
        ],
        "O3pl2*OpWB": [
            0.0006407712878604,
            0.0003925551825223
        ],
        "Oll*Oll": [
            -9.125859790071189e-14,
            -2.392240051884986e-13
        ],
        "Oll*Oll1111": [
            -0.0141495455831557,
            -0.0003688239470381
        ],
        "Oll*OpD": [
            -0.0002716643903567,
            -4.04068910926e-05
        ],
        "Oll*Ope": [
            0.0002265251974369,
            0.0003908212216083
        ],
        "Oll*Opl1": [
            -0.0003431370875116,
            -0.0002102157895498
        ],
        "Oll*OpWB": [
            -0.0006407712875382,
            -0.000392555182103
        ],
        "Oll1111*Oll1111": [
            -301.04843911022635,
            -38.65303415964976
        ],
        "Oll1111*OpD": [
            0.2125782497503146,
            0.0049662170839731
        ],
        "Oll1111*Ope": [
            -0.1651537881359299,
            -0.0342618779586501
        ],