{
    "best_sm": [
        0.0115550706370421,
        0.0099424315536318
    ],
    "scales":[
        3000.0,
        3000.0
    ],
    "theory_cov": [
        [
            0.0,
            0.0
        ],
        [
            0.0,
            0.0
        ]
    ],
    "LO": {
        "SM": [
            0.0115550706370421,
            0.0099424315536318
        ],
        "O3pl1": [
            -0.0010199000863994,
            -0.0011631542775655
        ],
        "O3pl2": [
            -0.0008308761079638,
            -0.0013521782560011
        ],
        "Oll": [
            2.318242714086468,
            0.2586323558331286
        ],
        "Oll1122": [
            2.316841682190988,
            0.2574268535767763
        ],
        "OpD": [
            -0.0012760361339822,
            -0.0024976119183337
        ],
        "Ope": [
            -1.79067738957e-05,
            -0.0001611609650618
        ],
        "Opl1": [
            0.0003811318090804,
            4.23479787867e-05
        ],
        "Opl2": [
            0.0005701557875161,
            -0.0001466759996489
        ],
        "Opmu": [
            0.0002171588235276,
            -0.0003962265624853
        ],
        "OpWB": [
            -0.0034561237734974,
            -0.0046971106468669
        ]
    },
    "NLO": {
        "SM": [
            0.0115550706370421,
            0.0099424315536318
        ],
        "O3pl1": [
            -0.0010199000863994,
            -0.0011631542775655
        ],
        "O3pl2": [
            -0.0008308761079638,
            -0.0013521782560011
        ],
        "Oll": [
            2.318242714086468,
            0.2586323558331286
        ],
        "Oll1122": [
            2.316841682190988,
            0.2574268535767763
        ],
        "OpD": [
            -0.0012760361339822,
            -0.0024976119183337
        ],
        "Ope": [
            -1.79067738957e-05,
            -0.0001611609650618
        ],
        "Opl1": [
            0.0003811318090804,
            4.23479787867e-05
        ],
        "Opl2": [
            0.0005701557875161,
            -0.0001466759996489
        ],
        "Opmu": [
            0.0002171588235276,
            -0.0003962265624853
        ],
        "OpWB": [
            -0.0034561237734974,
            -0.0046971106468669
        ]
    }
}