{
  "best_sm": [
    25.076882088716182,
    1.6234172293114464,
    0.4068941877465161
  ],
  "scales": [
    380.0,
    1500.0,
    3000.0
  ],
  "theory_cov": [
    [
      0.0,
      0.0,
      0.0
    ],
    [
      0.0,
      0.0,
      0.0
    ],
    [
      0.0,
      0.0,
      0.0
    ]
  ],
  "LO": {
    "SM": [
      25.076882088716182,
      1.6234172293114464,
      0.4068941877465161
    ],
    "O3pl1": [
      -3.6046468870395048,
      -0.2369492945677429,
      -0.0593364863421435
    ],
    "O3pl2": [
      -3.0405276392560103,
      -0.1968364702721599,
      -0.0493352012310081
    ],
    "Oll": [
      3.040527639255625,
      0.1968364702716823,
      0.0493352012306939
    ],
    "Oll1111": [
      -1.9183993695662112,
      -2.154424588167288,
      -2.1736116315737743
    ],
    "OpD": [
      -5.968063448782343,
      -0.4095504106277563,
      -0.1031160708699819
    ],
    "Ope": [
      -0.0677034625201968,
      -0.0427061567931139,
      -0.0117542020537503
    ],
    "Opl1": [
      -0.5641192477844766,
      -0.0401128242968965,
      -0.0100012851122697
    ],
    "OpWB": [
      -12.409142569110976,
      -0.8100478593985734,
      -0.2029325880005854
    ],
    "O3pl1*O3pl1": [
      0.1418944133481006,
      0.0106283573994159,
      0.0026936128799675
    ],
    "O3pl1*O3pl2": [
      0.2185285325948979,
      0.0143648416236521,
      0.0035972220570724
    ],
    "O3pl1*Oll": [
      -0.2185285325948497,
      -0.0143648416235977,
      -0.0035972220570147
    ],
    "O3pl1*Oll1111": [
      0.0270591278268792,
      -0.0102620786331971,
      -0.0132960070099009
    ],
    "O3pl1*OpD": [
      0.4407915044155037,
      0.0320128987931753,
      0.0080924956134118
    ],
    "O3pl1*Ope": [
      -0.0268754028306888,
      -0.0015290137339165,
      -0.0003750741436289
    ],
    "O3pl1*Opl1": [
      0.0652602941013291,
      0.0068918731752115,
      0.0017900037028849
    ],
    "O3pl1*OpWB": [
      0.9380231778286684,
      0.066519392445038,
      0.0167774816784435
    ],
    "O3pl2*O3pl2": [
      0.0921646508163684,
      0.0059665185464183,
      0.0014954514919374
    ],
    "O3pl2*Oll": [
      -0.1843293016327256,
      -0.0119330370928416,
      -0.0029909029838731
    ],
    "O3pl2*Oll1111": [
      0.1163012667536086,
      0.1306100870881931,
      0.1317732846417525
    ],
    "O3pl2*OpD": [
      0.3618085734234874,
      0.0248286317807694,
      0.0062513206869618
    ],
    "O3pl2*Ope": [
      0.004104462595024,
      0.0025890230220161,
      0.0007125881139306
    ],
    "O3pl2*Opl1": [
      0.0341992309621339,
      0.0024318045307861,
      0.0006063190731543
    ],
    "O3pl2*OpWB": [
      0.7522933039954802,
      0.0491084357479626,
      0.0123026088437962
    ],
    "Oll*Oll": [
      0.0921646508163684,
      0.0059665185464183,
      0.0014954514919374
    ],
    "Oll*Oll1111": [
      -0.1163012667536086,
      -0.1306100870881926,
      -0.1317732846417525
    ],
    "Oll*OpD": [
      -0.3618085734235035,
      -0.0248286317807859,
      -0.0062513206869733
    ],
    "Oll*Ope": [
      -0.0041044625950152,
      -0.0025890230220013,
      -0.0007125881139175
    ],
    "Oll*Opl1": [
      -0.0341992309621332,
      -0.0024318045307861,
      -0.0006063190731541
    ],
    "Oll*OpWB": [
      -0.752293303995477,
      -0.049108435747956,
      -0.012302608843816
    ],
    "Oll1111*Oll1111": [
      1.0023802021149224,
      15.618805088355789,
      62.47522035342315
    ],
    "Oll1111*OpD": [
      0.1026693044844964,
      0.0696998809198734,
      0.0670197191779616
    ],
    "Oll1111*Ope": [
      0.0,
      0.0,
      0.0
    ],
    "Oll1111*Opl1": [
      -0.0892421389267286,
      -0.14087216572139,
      -0.145069291651653
    ],
    "Oll1111*OpWB": [
      0.2677099853545786,
      0.2247368506149802,
      0.2212434637368855
    ],
    "OpD*OpD": [
      0.3621112004183816,
      0.0271242669596953,
      0.0068820117581817
    ],
    "OpD*Ope": [
      0.0095594662493037,
      0.0057974315565374,
      0.0015979322140121
    ],
    "OpD*Opl1": [
      0.0789829309920247,
      0.007184267012376,
      0.0018411749264404
    ],
    "OpD*OpWB": [
      1.498768580489921,
      0.1061453922612703,
      0.0267855209449553
    ],
    "Ope*Ope": [
      0.0371558598969493,
      0.0059028376082376,
      0.0015756072256714
    ],
    "Ope*Opl1": [
      -0.030979865425713,
      -0.0041180367559308,
      -0.0010876622575626
    ],
    "Ope*OpWB": [
      -0.0425222607320474,
      0.0019794523572515,
      0.0006302707265014
    ],
    "Opl1*Opl1": [
      0.0155305315695975,
      0.0022300343222121,
      0.0005918423148644
    ],
    "Opl1*OpWB": [
      0.1857298738332082,
      0.0174109566971257,
      0.0044748728346868
    ],
    "OpWB*OpWB": [
      1.5782413333820664,
      0.10796121300689,
      0.0271519572426106
    ]
  },
  "NLO": {
    "SM": [
      25.076882088716182,
      1.6234172293114464,
      0.4068941877465161
    ],
    "O3pl1": [
      -3.6046468870395048,
      -0.2369492945677429,
      -0.0593364863421435
    ],
    "O3pl2": [
      -3.0405276392560103,
      -0.1968364702721599,
      -0.0493352012310081
    ],
    "Oll": [
      3.040527639255625,
      0.1968364702716823,
      0.0493352012306939
    ],
    "Oll1111": [
      -1.9183993695662112,
      -2.154424588167288,
      -2.1736116315737743
    ],
    "OpD": [
      -5.968063448782343,
      -0.4095504106277563,
      -0.1031160708699819
    ],
    "Ope": [
      -0.0677034625201968,
      -0.0427061567931139,
      -0.0117542020537503
    ],
    "Opl1": [
      -0.5641192477844766,
      -0.0401128242968965,
      -0.0100012851122697
    ],
    "OpWB": [
      -12.409142569110976,
      -0.8100478593985734,
      -0.2029325880005854
    ],
    "O3pl1*O3pl1": [
      0.1418944133481006,
      0.0106283573994159,
      0.0026936128799675
    ],
    "O3pl1*O3pl2": [
      0.2185285325948979,
      0.0143648416236521,
      0.0035972220570724
    ],
    "O3pl1*Oll": [
      -0.2185285325948497,
      -0.0143648416235977,
      -0.0035972220570147
    ],
    "O3pl1*Oll1111": [
      0.0270591278268792,
      -0.0102620786331971,
      -0.0132960070099009
    ],
    "O3pl1*OpD": [
      0.4407915044155037,
      0.0320128987931753,
      0.0080924956134118
    ],
    "O3pl1*Ope": [
      -0.0268754028306888,
      -0.0015290137339165,
      -0.0003750741436289
    ],
    "O3pl1*Opl1": [
      0.0652602941013291,
      0.0068918731752115,
      0.0017900037028849
    ],
    "O3pl1*OpWB": [
      0.9380231778286684,
      0.066519392445038,
      0.0167774816784435
    ],
    "O3pl2*O3pl2": [
      0.0921646508163684,
      0.0059665185464183,
      0.0014954514919374
    ],
    "O3pl2*Oll": [
      -0.1843293016327256,
      -0.0119330370928416,
      -0.0029909029838731
    ],
    "O3pl2*Oll1111": [
      0.1163012667536086,
      0.1306100870881931,
      0.1317732846417525
    ],
    "O3pl2*OpD": [
      0.3618085734234874,
      0.0248286317807694,
      0.0062513206869618
    ],
    "O3pl2*Ope": [
      0.004104462595024,
      0.0025890230220161,
      0.0007125881139306
    ],
    "O3pl2*Opl1": [
      0.0341992309621339,
      0.0024318045307861,
      0.0006063190731543
    ],
    "O3pl2*OpWB": [
      0.7522933039954802,
      0.0491084357479626,
      0.0123026088437962
    ],
    "Oll*Oll": [
      0.0921646508163684,
      0.0059665185464183,
      0.0014954514919374
    ],
    "Oll*Oll1111": [
      -0.1163012667536086,
      -0.1306100870881926,
      -0.1317732846417525
    ],
    "Oll*OpD": [
      -0.3618085734235035,
      -0.0248286317807859,
      -0.0062513206869733
    ],
    "Oll*Ope": [
      -0.0041044625950152,
      -0.0025890230220013,
      -0.0007125881139175
    ],
    "Oll*Opl1": [
      -0.0341992309621332,
      -0.0024318045307861,
      -0.0006063190731541
    ],