{
    "best_sm": [
        0.6235302331699728,
        0.5315660265950397
    ],
    "scales":[
        380.0,
        380.0
    ],
    "theory_cov": [
        [
            0.0,
            0.0
        ],
        [
            0.0,
            0.0
        ]
    ],
    "LO": {
        "SM": [
            0.6235302331699728,
            0.5315660265950397
        ],
        "cll1133": [
            2.004322729554263,
            0.2227025255060291
        ],
        "O3pl1": [
            -0.0531970237190483,
            -0.0619620063588616
        ],
        "O3pl2": [
            -0.0756019389156058,
            -0.0644514413807014
        ],
        "O3pl3": [
            0.0326596560550527,
            -0.0077653058366557
        ],
        "Oll": [
            0.0756019389156057,
            0.0644514413807012
        ],
        "Oll1331": [
            2.004322729554263,
            0.2227025255060291
        ],
        "OpD": [
            -0.0647662795697647,
            -0.1345312425078343
        ],
        "Ope": [
            -0.0010956228299766,
            -0.0098606054697898
        ],
        "Opl1": [
            0.0224049151965574,
            0.0024894350218397
        ],
        "Opl3": [
            0.0326596560550527,
            -0.0077653058366557
        ],
        "Opta": [
            0.0116569221448697,
            -0.0226131504446364
        ],
        "OpWB": [
            -0.17952972598701,
            -0.2505642667900025
        ]
    },
    "NLO": {
        "SM": [
            0.6235302331699728,
            0.5315660265950397
        ],
        "cll1133": [
            2.004322729554263,
            0.2227025255060291
        ],
        "O3pl1": [
            -0.0531970237190483,
            -0.0619620063588616
        ],
        "O3pl2": [
            -0.0756019389156058,
            -0.0644514413807014
        ],
        "O3pl3": [
            0.0326596560550527,
            -0.0077653058366557
        ],
        "Oll": [
            0.0756019389156057,
            0.0644514413807012
        ],
        "Oll1331": [
            2.004322729554263,
            0.2227025255060291
        ],
        "OpD": [
            -0.0647662795697647,
            -0.1345312425078343
        ],
        "Ope": [
            -0.0010956228299766,
            -0.0098606054697898
        ],
        "Opl1": [
            0.0224049151965574,
            0.0024894350218397
        ],
        "Opl3": [
            0.0326596560550527,
            -0.0077653058366557
        ],
        "Opta": [
            0.0116569221448697,
            -0.0226131504446364
        ],
        "OpWB": [
            -0.17952972598701,
            -0.2505642667900025
        ]
    }
}