{
  "best_sm": [
    0.0006412213306615,
    0.0003490984641865
  ],
  "scales": [
    3000.0,
    3000.0
  ],
  "theory_cov": [
    [
      0.0,
      0.0
    ],
    [
      0.0,
      0.0
    ]
  ],
  "LO": {
    "SM": [
      0.0006412213306615,
      0.0003490984641865
    ],
    "O3pl1": [
      -3.13135650965e-05,
      -3.71683065342e-05
    ],
    "O3pl2": [
      -7.7746953224e-05,
      -4.23275718817e-05
    ],
    "Oll": [
      7.7746953224e-05,
      4.23275718817e-05
    ],
    "OpD": [
      -3.93526418418e-05,
      -7.99706171631e-05
    ],
    "Ope": [
      -7.318426797193072e-07,
      -6.586584117473766e-06
    ],
    "Opl1": [
      4.64333881275e-05,
      5.159265347506011e-06
    ],
    "OpqMi": [
      -4.22810433448e-05,
      1.2401793636071418e-06
    ],
    "Opui": [
      -1.22971259995e-05,
      2.24372552959e-05
    ],
    "OpWB": [
      -0.0001247034253781,
      -0.0001507658297748
    ],
    "O3pl1*O3pl1": [
      1.1488315294677952e-06,
      1.1488315294677926e-06
    ],
    "O3pl1*O3pl2": [
      1.898357216474522e-06,
      2.253295743106578e-06
    ],
    "O3pl1*Oll": [
      -1.89835721647452e-06,
      -2.253295743106577e-06
    ],
    "O3pl1*OpD": [
      2.834249740441018e-06,
      4.897984739708952e-06
    ],
    "O3pl1*Ope": [
      4.4367315829006856e-08,
      3.993058424610618e-07
    ],
    "O3pl1*Opl1": [
      3.993058424610645e-07,
      4.4367315829007154e-08
    ],
    "O3pl1*OpqMi": [
      4.1277231739138486e-07,
      -3.141268423012129e-07
    ],
    "O3pl1*Opui": [
      1.6546559980051483e-06,
      -1.2592217109735993e-06
    ],
    "O3pl1*OpWB": [
      7.06480516043299e-06,
      9.085019683485278e-06
    ],
    "O3pl2*O3pl2": [
      2.3566701724462297e-06,
      1.283035823132063e-06
    ],
    "O3pl2*Oll": [
      -4.71334034489246e-06,
      -2.5660716462641258e-06
    ],
    "O3pl2*OpD": [
      2.38571914112969e-06,
      4.848148006452136e-06
    ],
    "O3pl2*Ope": [
      4.4367315829006856e-08,
      3.993058424610618e-07
    ],
    "O3pl2*Opl1": [
      -2.8149831284179357e-06,
      -3.127759031575484e-07
    ],
    "O3pl2*OpqMi": [
      2.563250894821452e-06,
      -7.518477814231658e-08
    ],
    "O3pl2*Opui": [
      7.455023984404299e-07,
      -1.3602387775919016e-06
    ],
    "O3pl2*OpWB": [
      7.560034980241446e-06,
      9.14004521901955e-06
    ],
    "Oll*Oll": [
      2.3566701724462297e-06,
      1.283035823132063e-06
    ],
    "Oll*OpD": [
      -2.38571914112969e-06,
      -4.848148006452136e-06
    ],
    "Oll*Ope": [
      -4.4367315829007154e-08,
      -3.993058424610645e-07
    ],
    "Oll*Opl1": [
      2.814983128417937e-06,
      3.127759031575485e-07
    ],
    "Oll*OpqMi": [
      -2.563250894821452e-06,
      7.518477814231725e-08
    ],
    "Oll*Opui": [
      -7.455023984404297e-07,
      1.3602387775919016e-06
    ],
    "Oll*OpWB": [
      -7.560034980241446e-06,
      -9.14004521901955e-06
    ],
    "OpD*OpD": [
      1.8784073326278848e-06,
      5.350910123769212e-06
    ],
    "OpD*Ope": [
      9.948833538424692e-08,
      8.953950184582224e-07
    ],
    "OpD*Opl1": [
      4.485305993113286e-07,
      4.98367332568143e-08
    ],
    "OpD*OpqMi": [
      4.167416364485686e-07,
      -7.618795475411644e-07
    ],
    "OpD*Opui": [
      1.6731854062851913e-06,
      -3.052250850099482e-06
    ],
    "OpD*OpWB": [
      8.969505833247643e-06,
      1.96225730647e-05
    ],
    "Ope*Ope": [
      1.7857160949327777e-07,
      1.6071444854395e-06
    ],
    "Ope*Opl1": [
      0.0,
      0.0
    ],
    "Ope*OpqMi": [
      1.9214117283855834e-07,
      1.7292705555470252e-06
    ],
    "Ope*Opui": [
      -8.123114582221033e-08,
      -7.310803123998933e-07
    ],
    "Ope*OpWB": [
      -1.931004982653613e-07,
      -1.7379044843882522e-06
    ],
    "Opl1*Opl1": [
      1.6071444854394995e-06,
      1.7857160949327774e-07
    ],
    "Opl1*OpqMi": [
      -2.1504785774300667e-06,
      -2.3894206415889625e-07
    ],
    "Opl1*Opui": [
      9.091535995647184e-07,
      1.0101706661830203e-07
    ],
    "Opl1*OpWB": [
      -4.952298198084564e-07,
      -5.502553553427295e-08
    ],
    "OpqMi*OpqMi": [
      9.088742481905118e-07,
      6.425269997247949e-07
    ],
    "OpqMi*Opui": [
      0.0,
      0.0
    ],
    "OpqMi*OpWB": [
      2.1629523838805043e-06,
      -3.1266961624337502e-06
    ],
    "Opui*Opui": [
      9.088742481905118e-07,
      6.425269997247946e-07
    ],
    "Opui*OpWB": [
      4.482035439713923e-06,
      -4.891558307179902e-06
    ],
    "OpWB*OpWB": [
      1.16356117692e-05,
      1.99360487905e-05
    ]
  },
  "NLO": {
    "SM": [
      0.0006412213306615,
      0.0003490984641865
    ],
    "O3pl1": [
      -3.13135650965e-05,
      -3.71683065342e-05
    ],
    "O3pl2": [
      -7.7746953224e-05,
      -4.23275718817e-05
    ],
    "Oll": [
      7.7746953224e-05,
      4.23275718817e-05
    ],
    "OpD": [
      -3.93526418418e-05,
      -7.99706171631e-05
    ],
    "Ope": [
      -7.318426797193072e-07,
      -6.586584117473766e-06
    ],
    "Opl1": [
      4.64333881275e-05,
      5.159265347506011e-06
    ],
    "OpqMi": [
      -4.22810433448e-05,
      1.2401793636071418e-06
    ],
    "Opui": [
      -1.22971259995e-05,
      2.24372552959e-05
    ],
    "OpWB": [
      -0.0001247034253781,
      -0.0001507658297748
    ],
    "O3pl1*O3pl1": [
      1.1488315294677952e-06,
      1.1488315294677926e-06
    ],
    "O3pl1*O3pl2": [
      1.898357216474522e-06,
      2.253295743106578e-06
    ],
    "O3pl1*Oll": [
      -1.89835721647452e-06,
      -2.253295743106577e-06
    ],
    "O3pl1*OpD": [
      2.834249740441018e-06,
      4.897984739708952e-06
    ],
    "O3pl1*Ope": [
      4.4367315829006856e-08,
      3.993058424610618e-07
    ],
    "O3pl1*Opl1": [
      3.993058424610645e-07,
      4.4367315829007154e-08
    ],
    "O3pl1*OpqMi": [
      4.1277231739138486e-07,
      -3.141268423012129e-07
    ],
    "O3pl1*Opui": [
      1.6546559980051483e-06,
      -1.2592217109735993e-06
    ],
    "O3pl1*OpWB": [
      7.06480516043299e-06,
      9.085019683485278e-06
    ],
    "O3pl2*O3pl2": [
      2.3566701724462297e-06,
      1.283035823132063e-06
    ],
    "O3pl2*Oll": [
      -4.71334034489246e-06,
      -2.5660716462641258e-06
    ],
    "O3pl2*OpD": [
      2.38571914112969e-06,
      4.848148006452136e-06
    ],
    "O3pl2*Ope": [
      4.4367315829006856e-08,
      3.993058424610618e-07
    ],
    "O3pl2*Opl1": [
      -2.8149831284179357e-06,
      -3.127759031575484e-07
    ],
    "O3pl2*OpqMi": [
      2.563250894821452e-06,
      -7.518477814231658e-08
    ],
    "O3pl2*Opui": [
      7.455023984404299e-07,
      -1.3602387775919016e-06
    ],
    "O3pl2*OpWB": [
      7.560034980241446e-06,
      9.14004521901955e-06
    ],
    "Oll*Oll": [
      2.3566701724462297e-06,
      1.283035823132063e-06
    ],
    "Oll*OpD": [
      -2.38571914112969e-06,
      -4.848148006452136e-06
    ],
    "Oll*Ope": [
      -4.4367315829007154e-08,
      -3.993058424610645e-07
    ],
    "Oll*Opl1": [
      2.814983128417937e-06,
      3.127759031575485e-07
    ],
    "Oll*OpqMi": [
      -2.563250894821452e-06,
      7.518477814231725e-08
    ],
    "Oll*Opui": [
      -7.455023984404297e-07,
      1.3602387775919016e-06
    ],
    "Oll*OpWB": [
      -7.560034980241446e-06,
      -9.14004521901955e-06
    ],
    "OpD*OpD": [
      1.8784073326278848e-06,
      5.350910123769212e-06
    ],
    "OpD*Ope": [
      9.948833538424692e-08,
      8.953950184582224e-07
    ],
    "OpD*Opl1": [
      4.485305993113286e-07,
      4.98367332568143e-08
    ],
    "OpD*OpqMi": [
      4.167416364485686e-07,
      -7.618795475411644e-07
    ],
    "OpD*Opui": [
      1.6731854062851913e-06,
      -3.052250850099482e-06
    ],
    "OpD*OpWB": [
      8.969505833247643e-06,
      1.96225730647e-05
    ],
    "Ope*Ope": [
      1.7857160949327777e-07,
      1.6071444854395e-06
    ],