{
  "best_sm": [
    0.7340744597500287,
    0.046260570659515,
    0.0115550706370421
  ],
  "scales": [
    380.0,
    1500.0,
    3000.0
  ],
  "theory_cov": [
    [
      0.0,
      0.0,
      0.0
    ],
    [
      0.0,
      0.0,
      0.0
    ],
    [
      0.0,
      0.0,
      0.0
    ]
  ],
  "LO": {
    "SM": [
      0.7340744597500287,
      0.046260570659515,
      0.0115550706370421
    ],
    "O3pl1": [
      -0.0626282004776897,
      -0.0040768897529755,
      -0.0010199000863994
    ],
    "O3pl2": [
      -0.0505554204341207,
      -0.0033198612140766,
      -0.0008308761079638
    ],
    "Oll": [
      2.4486696812848288,
      2.3244322018357955,
      2.318242714086468
    ],
    "Oll1122": [
      2.3596644502419264,
      2.31882318939157,
      2.316841682190988
    ],
    "OpD": [
      -0.076248542822837,
      -0.0050944935423281,
      -0.0012760361339822
    ],
    "Ope": [
      -0.001289863256375,
      -7.21260548787e-05,
      -1.79067738957e-05
    ],
    "Opl1": [
      0.0263770305652118,
      0.0015321226912507,
      0.0003811318090804
    ],
    "Opl2": [
      0.038449810608781,
      0.0022891512301496,
      0.0005701557875161
    ],
    "Opmu": [
      0.0137235507929424,
      0.0008692961246541,
      0.0002171588235276
    ],
    "OpWB": [
      -0.2113581340602926,
      -0.013812630042318,
      -0.0034561237734974
    ],
    "O3pl1*O3pl1": [
      0.0022502753500968,
      0.000143255522114,
      3.58003913516e-05
    ],
    "O3pl1*O3pl2": [
      0.0028643201892699,
      0.0001886876135648,
      4.72309933847e-05
    ],
    "O3pl1*Oll": [
      -0.0642631697063401,
      -0.0627045534049781,
      -0.0626158242783927
    ],
    "O3pl1*Oll1122": [
      -0.0604663903883291,
      -0.0624573955658921,
      -0.0625539937368005
    ],
    "O3pl1*OpD": [
      0.0054242411527937,
      0.0003530402899978,
      8.83215080384e-05
    ],
    "O3pl1*Ope": [
      7.81968202425e-05,
      4.372578349125412e-06,
      1.085582345671018e-06
    ],
    "O3pl1*Opl1": [
      0.0007037713821827,
      3.93532051421e-05,
      9.77024111103916e-06
    ],
    "O3pl1*Opl2": [
      -0.0009324591287409,
      -5.8470225521e-05,
      -1.45995482073e-05
    ],
    "O3pl1*Opmu": [
      -0.0019565794327804,
      -0.0001172782479701,
      -2.92200917419e-05
    ],
    "O3pl1*OpWB": [
      0.0137530974557254,
      0.0008873819445778,
      0.0002219054511482
    ],
    "O3pl2*O3pl2": [
      0.001116449776863,
      7.4281671659e-05,
      1.86030340555e-05
    ],
    "O3pl2*Oll": [
      -0.0635312680832582,
      -0.0626586592186896,
      -0.0626043648667146
    ],
    "O3pl2*Oll1122": [
      -0.0604663903883291,
      -0.0624573955658921,
      -0.0625539937368005
    ],
    "O3pl2*OpD": [
      0.0037461914296553,
      0.0002499406448585,
      6.26032124329e-05
    ],
    "O3pl2*Ope": [
      -4.67588788216e-05,
      -2.8027481498449814e-06,
      -6.983098697802437e-07
    ],
    "O3pl2*Opl1": [
      -0.000200557505659,
      -1.25760392325e-05,
      -3.140136529282909e-06
    ],
    "O3pl2*Opl2": [
      -0.0008319781412029,
      -5.27003094794e-05,
      -1.31650618029e-05
    ],
    "O3pl2*Opmu": [
      -0.0008319781412029,
      -5.27003094794e-05,
      -1.31650618029e-05
    ],
    "O3pl2*OpWB": [
      0.0095185049311539,
      0.0006297795774917,
      0.0001576770527356
    ],
    "Oll*Oll": [
      2.5842014895727687,
      38.13600090231215,
      152.12151604634596
    ],
    "Oll*Oll1122": [
      5.019954543271119,
      76.13108515616985,
      304.10249067646345
    ],
    "Oll*OpD": [
      -0.0687571292509404,
      -0.0701484310897948,
      -0.070193729339043
    ],
    "Oll*Ope": [
      -7.81968202425e-05,
      -4.372578349125445e-06,
      -1.0855823456710253e-06
    ],
    "Oll*Opl1": [
      0.0841852661680807,
      0.078212095049462,
      0.0779255919500455
    ],
    "Oll*Opl2": [
      0.0849171677911626,
      0.0782579892357504,
      0.0779370513617237
    ],
    "Oll*Opmu": [
      0.0008319781412029,
      5.27003094794e-05,
      1.31650618029e-05
    ],
    "Oll*OpWB": [
      -0.2386422496196636,
      -0.2341022003580136,
      -0.2338351195267783
    ],
    "Oll1122*Oll1122": [
      2.4384509854434806,
      37.995254274569454,
      151.98101709827785
    ],
    "Oll1122*OpD": [
      -0.0641346287126829,
      -0.0698395819200962,
      -0.0701163707758784
    ],
    "Oll1122*Ope": [
      0.0,
      0.0,
      0.0
    ],
    "Oll1122*Opl1": [
      0.082586181995828,
      0.0781192114650315,
      0.0779024861708739
    ],
    "Oll1122*Opl2": [
      0.082586181995828,
      0.0781192114650315,
      0.0779024861708739
    ],
    "Oll1122*Opmu": [
      0.0,
      0.0,
      0.0
    ],
    "Oll1122*OpWB": [
      -0.2258288494904458,
      -0.2332648218660243,
      -0.2336255950767125
    ],
    "OpD*OpD": [
      0.0035534916404625,
      0.0002338460651324,
      5.85351189712e-05
    ],
    "OpD*Ope": [
      0.0001743452016522,
      9.80617348004969e-06,
      2.435335129175552e-06
    ],
    "OpD*Opl1": [
      0.0008017406145362,
      4.41911202992e-05,
      1.09629448738e-05
    ],
    "OpD*Opl2": [
      -0.0008763091086021,
      -5.890852484e-05,
      -1.47553507316e-05
    ],
    "OpD*Opmu": [
      -0.0019124364010855,
      -0.0001184060241437,
      -2.95473084024e-05
    ],
    "OpD*OpWB": [
      0.0171247880527023,
      0.0011260014853606,
      0.0002818355433889
    ],
    "Ope*Ope": [
      0.0001279364196908,
      7.34648830958742e-06,
      1.8264455712582856e-06
    ],
    "Ope*Opl1": [
      0.0,
      0.0,
      0.0
    ],
    "Ope*Opl2": [
      -0.0001249556990641,
      -7.175326498970478e-06,
      -1.783892215451282e-06
    ],
    "Ope*Opmu": [
      0.0001004809875379,
      5.769916041634892e-06,
      1.4344864044802414e-06
    ],
    "Ope*OpWB": [
      5.87069452619e-05,
      2.931487604288044e-06,
      7.231893379781615e-07
    ],
    "Opl1*Opl1": [
      0.0011514277772177,
      6.61183947862e-05,
      1.64380101413e-05
    ],
    "Opl1*Opl2": [
      0.0013985266665935,
      8.03075451978e-05,
      1.99656426423e-05
    ],
    "Opl1*Opmu": [
      -0.0011246012915774,
      -6.45779384907e-05,
      -1.6055029939e-05
    ],
    "Opl1*OpWB": [
      0.0009396973265077,
      5.00034525885e-05,
      1.23810010824e-05
    ],
    "Opl2*Opl2": [
      0.0007495038270657,
      4.30387306197e-05,
      1.07000645234e-05
    ],
    "Opl2*Opmu": [
      0.0,
      0.0,
      0.0
    ],
    "Opl2*OpWB": [
      -0.0032948951980637,
      -0.0002075989144974,
      -5.18473973302e-05
    ],
    "Opmu*Opmu": [
      0.0007495038270657,
      4.30387306197e-05,
      1.07000645234e-05
    ],
    "Opmu*OpWB": [
      -0.0052073287707951,
      -0.0003174165170135,
      -7.9149676366e-05
    ],
    "OpWB*OpWB": [
      0.021728596494171,
      0.0014165672815086,
      0.000354414574726
    ]
  },
  "NLO": {
    "SM": [
      0.7340744597500287,
      0.046260570659515,
      0.0115550706370421
    ],
    "O3pl1": [
      -0.0626282004776897,
      -0.0040768897529755,
      -0.0010199000863994
    ],
    "O3pl2": [
      -0.0505554204341207,
      -0.0033198612140766,
      -0.0008308761079638
    ],
    "Oll": [
      2.4486696812848288,
      2.3244322018357955,
      2.318242714086468
    ],
    "Oll1122": [
      2.3596644502419264,
      2.31882318939157,
      2.316841682190988
    ],
    "OpD": [
      -0.076248542822837,
      -0.0050944935423281,
      -0.0012760361339822
    ],
    "Ope": [
      -0.001289863256375,
      -7.21260548787e-05,
      -1.79067738957e-05
    ],
    "Opl1": [
      0.0263770305652118,
      0.0015321226912507,
      0.0003811318090804
    ],
    "Opl2": [
      0.038449810608781,
      0.0022891512301496,
      0.0005701557875161
    ],
    "Opmu": [
      0.0137235507929424,
      0.0008692961246541,
      0.0002171588235276
    ],