{
    "best_sm": [
        0.0006412213306615,
        0.0003490984641865
    ],
    "scales": [
        3000.0,
        3000.0
    ],
    "theory_cov": [
        [
            0.0,
            0.0
        ],
        [
            0.0,
            0.0
        ]
    ],
    "LO": {
        "SM": [
            0.0006412213306615,
            0.0003490984641865
        ],
        "O3pl1": [
            -3.13135650965e-05,
            -3.71683065342e-05
        ],
        "O3pl2": [
            -7.7746953224e-05,
            -4.23275718817e-05
        ],
        "O3pq": [
            -6.5052130349130256e-21,
            -6.098637220230962e-22
        ],
        "Oll": [
            7.7746953224e-05,
            4.23275718817e-05
        ],
        "Olu": [
            -0.0292149917058393,
            -0.0032461101895377
        ],
        "OpD": [
            -3.93526418418e-05,
            -7.99706171631e-05
        ],
        "Ope": [
            -7.318426797193287e-07,
            -6.5865841174739645e-06
        ],
        "Opl1": [
            4.64333881275e-05,
            5.159265347506015e-06
        ],
        "OpqMi": [
            -4.22810433448e-05,
            1.2401793636071678e-06
        ],
        "Opui": [
            -1.22971259995e-05,
            2.24372552959e-05
        ],
        "OpWB": [
            -0.0001247034253781,
            -0.0001507658297748
        ],
        "Oqe": [
            -0.0016207210107076,
            -0.0145864890963689
        ],
        "Oql31": [
            0.0,
            0.0
        ],
        "OqlM1": [
            -0.0837899361191988,
            -0.0093099929021332
        ],
        "O3pl1*O3pl1": [
            1.148831529467794e-06,
            1.1488315294677952e-06
        ],
        "O3pl1*O3pl2": [
            1.8983572164745245e-06,
            2.2532957431065834e-06
        ],
        "O3pl1*O3pq": [
            -1.3721933745519665e-21,
            -1.0164395367051604e-22
        ],
        "O3pl1*Oll": [
            -1.8983572164745224e-06,
            -2.2532957431065834e-06
        ],
        "O3pl1*Olu": [
            0.0035448131498827,
            0.0003938681277647
        ],
        "O3pl1*OpD": [
            2.834249740441018e-06,
            4.897984739708953e-06
        ],
        "O3pl1*Ope": [
            4.4367315829007365e-08,
            3.993058424610665e-07
        ],
        "O3pl1*Opl1": [
            3.993058424610648e-07,
            4.436731582900719e-08
        ],
        "O3pl1*OpqMi": [
            4.127723173913851e-07,
            -3.141268423012135e-07
        ],
        "O3pl1*Opui": [
            1.6546559980051464e-06,
            -1.2592217109736035e-06
        ],
        "O3pl1*OpWB": [
            7.064805160432981e-06,
            9.085019683485278e-06
        ],
        "O3pl1*Oqe": [
            9.82547792653e-05,
            0.000884293013388
        ],
        "O3pl1*Oql31": [
            1.4571677198205181e-18,
            1.691355389077387e-19
        ],
        "O3pl1*OqlM1": [
            0.000884293013388,
            9.82547792653e-05
        ],
        "O3pl2*O3pl2": [
            2.3566701724462297e-06,
            1.283035823132066e-06
        ],
        "O3pl2*O3pq": [
            1.2197274440461924e-21,
            2.0328790734103207e-22
        ],
        "O3pl2*Oll": [
            -4.713340344892459e-06,
            -2.566071646264132e-06
        ],
        "O3pl2*Olu": [
            0.0017711330588862,
            0.0001967925620984
        ],
        "O3pl2*OpD": [
            2.385719141129687e-06,
            4.848148006452138e-06
        ],
        "O3pl2*Ope": [
            4.4367315829007365e-08,
            3.993058424610665e-07
        ],
        "O3pl2*Opl1": [
            -2.814983128417937e-06,
            -3.1277590315754854e-07
        ],
        "O3pl2*OpqMi": [
            2.563250894821452e-06,
            -7.518477814231725e-08
        ],
        "O3pl2*Opui": [
            7.455023984404283e-07,
            -1.360238777591906e-06
        ],
        "O3pl2*OpWB": [
            7.560034980241453e-06,
            9.140045219019552e-06
        ],
        "O3pl2*Oqe": [
            9.82547792653e-05,
            0.000884293013388
        ],
        "O3pl2*Oql31": [
            8.326672684688675e-19,
            1.0408340855860842e-19
        ],
        "O3pl2*OqlM1": [
            0.0050796908435547,
            0.0005644100937283
        ],
        "O3pq*O3pq": [
            -6.098637220230962e-22,
            0.0
        ],
        "O3pq*Oll": [
            1.2197274440461924e-21,
            2.0328790734103207e-22
        ],
        "O3pq*Olu": [
            0.0,
            0.0
        ],
        "O3pq*OpD": [
            1.5246593050577406e-22,
            -4.0657581468206415e-22
        ],
        "O3pq*Ope": [
            0.0,
            -2.0328790734103207e-22
        ],
        "O3pq*Opl1": [
            -1.2197274440461924e-21,
            -1.0164395367051604e-22
        ],
        "O3pq*OpqMi": [
            -6.098637220230962e-22,
            0.0
        ],
        "O3pq*Opui": [
            0.0,
            0.0
        ],
        "O3pq*OpWB": [
            -4.0657581468206415e-22,
            4.0657581468206415e-22
        ],
        "O3pq*Oqe": [
            0.0,
            0.0
        ],
        "O3pq*Oql31": [
            0.0,
            0.0
        ],
        "O3pq*OqlM1": [
            0.0,
            0.0
        ],
        "Oll*Oll": [
            2.3566701724462297e-06,
            1.283035823132066e-06
        ],
        "Oll*Olu": [
            -0.0017711330588862,
            -0.0001967925620984
        ],
        "Oll*OpD": [
            -2.385719141129687e-06,
            -4.84814800645214e-06
        ],
        "Oll*Ope": [
            -4.4367315829007445e-08,
            -3.993058424610672e-07
        ],
        "Oll*Opl1": [
            2.814983128417937e-06,
            3.1277590315754854e-07
        ],
        "Oll*OpqMi": [
            -2.5632508948214505e-06,
            7.518477814231745e-08
        ],
        "Oll*Opui": [
            -7.455023984404294e-07,
            1.3602387775919058e-06
        ],
        "Oll*OpWB": [
            -7.560034980241447e-06,
            -9.140045219019552e-06
        ],
        "Oll*Oqe": [
            -9.82547792653e-05,
            -0.000884293013388
        ],
        "Oll*Oql31": [
            8.326672684688675e-19,
            1.0408340855860842e-19
        ],
        "Oll*OqlM1": [
            -0.0050796908435547,
            -0.0005644100937283
        ],
        "Olu*Olu": [
            3.227355133053156,
            0.3585950147836838
        ],
        "Olu*OpD": [
            0.0039749443378701,
            0.0004416604819855
        ],
        "Olu*Ope": [
            0.0,
            0.0
        ],
        "Olu*Opl1": [
            0.0017736800909964,
            0.0001970755656662
        ],
        "Olu*OpqMi": [
            0.0,
            0.0
        ],
        "Olu*Opui": [
            0.0033085577846685,
            0.0003676175316298
        ],
        "Olu*OpWB": [
            0.00992695287886,
            0.0011029947643177
        ],
        "Olu*Oqe": [
            0.0,
            0.0
        ],
        "Olu*Oql31": [
            0.0,
            0.0
        ],
        "Olu*OqlM1": [
            0.0,
            0.0
        ],
        "OpD*OpD": [
            1.8784073326278816e-06,
            5.350910123769211e-06
        ],
        "OpD*Ope": [
            9.9488335384247e-08,
            8.953950184582229e-07
        ],
        "OpD*Opl1": [
            4.485305993113302e-07,
            4.983673325681448e-08
        ],
        "OpD*OpqMi": [
            4.16741636448568e-07,
            -7.618795475411652e-07
        ],
        "OpD*Opui": [
            1.6731854062851913e-06,
            -3.052250850099485e-06
        ],
        "OpD*OpWB": [
            8.969505833247657e-06,
            1.96225730647e-05
        ],