{
  "best_sm": [
    0.0416087726283043,
    0.0221393729996762
  ],
  "scales": [
    380.0,
    380.0
  ],
  "theory_cov": [
    [
      0.0,
      0.0
    ],
    [
      0.0,
      0.0
    ]
  ],
  "LO": {
    "SM": [
      0.0416087726283043,
      0.0221393729996762
    ],
    "O3pl1": [
      -0.0018601995123982,
      -0.0023304942263956
    ],
    "O3pl2": [
      -0.0050449901532535,
      -0.0026843598531573
    ],
    "Oll": [
      0.0050449901532535,
      0.0026843598531573
    ],
    "OpD": [
      -0.0022457460317984,
      -0.005072214805127
    ],
    "Ope": [
      -5.87868392496e-05,
      -0.000529081553247
    ],
    "Opl1": [
      0.0031847906408552,
      0.0003538656267616
    ],
    "OpqMi": [
      -0.0028774015340096,
      2.27589021776e-05
    ],
    "Opu": [
      -0.0007771281429913,
      0.0015075433629757
    ],
    "OpWB": [
      -0.0075214574073169,
      -0.0094071957705446
    ]
  },
  "NLO": {
    "SM": [
      0.0416087726283043,
      0.0221393729996762
    ],
    "O3pl1": [
      -0.0018601995123982,
      -0.0023304942263956
    ],
    "O3pl2": [
      -0.0050449901532535,
      -0.0026843598531573
    ],
    "Oll": [
      0.0050449901532535,
      0.0026843598531573
    ],
    "OpD": [
      -0.0022457460317984,
      -0.005072214805127
    ],
    "Ope": [
      -5.87868392496e-05,
      -0.000529081553247
    ],
    "Opl1": [
      0.0031847906408552,
      0.0003538656267616
    ],
    "OpqMi": [
      -0.0028774015340096,
      2.27589021776e-05
    ],
    "Opu": [
      -0.0007771281429913,
      0.0015075433629757
    ],
    "OpWB": [
      -0.0075214574073169,
      -0.0094071957705446
    ]
  }
}
