{
  "best_sm": [
    0.4843284887277156,
    0.444432309751699
  ],
  "scales": [
    3000.0,
    3000.0
  ],
  "theory_cov": [
    [
      0.0,
      0.0
    ],
    [
      0.0,
      0.0
    ]
  ],
  "LO": {
    "SM": [
      0.4843284887277156,
      0.444432309751699
    ],
    "O3pl1": [
      0.0349931154716132,
      0.0046886990447629
    ],
    "O3pl2": [
      0.0151235601631175,
      0.0270225496168348
    ],
    "Oll": [
      49.31857112722798,
      7.4016401312364515
    ],
    "Oll1122": [
      49.31857112722798,
      7.401640131236453
    ],
    "OpD": [
      0.0397703048871362,
      0.0059773444391705
    ],
    "Ope": [
      -0.0040953225362043,
      -0.0434828618190423
    ],
    "Opl1": [
      0.0349931154716134,
      0.0046886990447627
    ],
    "Opl2": [
      0.0151235601631171,
      0.0270225496168345
    ],
    "Opmu": [
      -0.028804615652264,
      -0.0157090313720351
    ],
    "OpWB": [
      0.0935874551646927,
      0.05921731688598
    ]
  },
  "NLO": {
    "SM": [
      0.4843284887277156,
      0.444432309751699
    ],
    "O3pl1": [
      0.0349931154716132,
      0.0046886990447629
    ],
    "O3pl2": [
      0.0151235601631175,
      0.0270225496168348
    ],
    "Oll": [
      49.31857112722798,
      7.4016401312364515
    ],
    "Oll1122": [
      49.31857112722798,
      7.401640131236453
    ],
    "OpD": [
      0.0397703048871362,
      0.0059773444391705
    ],
    "Ope": [
      -0.0040953225362043,
      -0.0434828618190423
    ],
    "Opl1": [
      0.0349931154716134,
      0.0046886990447627
    ],
    "Opl2": [
      0.0151235601631171,
      0.0270225496168345
    ],
    "Opmu": [
      -0.028804615652264,
      -0.0157090313720351
    ],
    "OpWB": [
      0.0935874551646927,
      0.05921731688598
    ]
  }
}
