{
    "best_sm": [
        0.0392941942425375,
        0.0337956925864614
    ],
    "scales":[
        1500.0,
        1500.0
    ],
    "theory_cov": [
        [
            0.0,
            0.0
        ],
        [
            0.0,
            0.0
        ]
    ],
    "LO": {
        "SM": [
            0.0392941942425375,
            0.0337956925864614
        ],
        "cll1133": [
            1.9696317515986332,
            0.2188479723998481
        ],
        "O3pl1": [
            -0.0034629511822911,
            -0.0039530679568919
        ],
        "O3pl2": [
            -0.00476435161413,
            -0.004097668004874
        ],
        "O3pl3": [
            0.0019444280908268,
            -0.0004984276110058
        ],
        "Oll": [
            0.00476435161413,
            0.004097668004874
        ],
        "Oll1331": [
            1.9696317515986332,
            0.2188479723998481
        ],
        "OpD": [
            -0.004327314081207,
            -0.0084927212760325
        ],
        "Ope": [
            -6.12645968251e-05,
            -0.0005513813714259
        ],
        "Opl1": [
            0.0013014004318389,
            0.0001446000479821
        ],
        "Opl3": [
            0.0019444280908268,
            -0.0004984276110058
        ],
        "Opta": [
            0.0007383888760874,
            -0.0013510348443384
        ],
        "OpWB": [
            -0.0117325869557019,
            -0.0159646355714772
        ]
    },
    "NLO": {
        "SM": [
            0.0392941942425375,
            0.0337956925864614
        ],
        "cll1133": [
            1.9696317515986332,
            0.2188479723998481
        ],
        "O3pl1": [
            -0.0034629511822911,
            -0.0039530679568919
        ],
        "O3pl2": [
            -0.00476435161413,
            -0.004097668004874
        ],
        "O3pl3": [
            0.0019444280908268,
            -0.0004984276110058
        ],
        "Oll": [
            0.00476435161413,
            0.004097668004874
        ],
        "Oll1331": [
            1.9696317515986332,
            0.2188479723998481
        ],
        "OpD": [
            -0.004327314081207,
            -0.0084927212760325
        ],
        "Ope": [
            -6.12645968251e-05,
            -0.0005513813714259
        ],
        "Opl1": [
            0.0013014004318389,
            0.0001446000479821
        ],
        "Opl3": [
            0.0019444280908268,
            -0.0004984276110058
        ],
        "Opta": [
            0.0007383888760874,
            -0.0013510348443384
        ],
        "OpWB": [
            -0.0117325869557019,
            -0.0159646355714772
        ]
    }
}