{
  "best_sm": [
    0.5745451598020338,
    0.6311703198403922
  ],
  "scales": [
    380.0,
    380.0
  ],
  "theory_cov": [
    [
      0.0,
      0.0
    ],
    [
      0.0,
      0.0
    ]
  ],
  "LO": {
    "SM": [
      0.5745451598020338,
      0.6311703198403922
    ],
    "O3pl1": [
      0.0277308377046392,
      0.0048857493295961
    ],
    "O3pl2": [
      -2.775557561562892e-17,
      -1.52655665885959e-16
    ],
    "Oll": [
      6.938893903907227e-17,
      8.326672684688674e-17
    ],
    "OpD": [
      0.0300656957718018,
      0.0041518479922789
    ],
    "Ope": [
      -0.0022589873862087,
      -0.0368566853764417
    ],
    "Opl1": [
      0.0277308377046392,
      0.0048857493295962
    ],
    "OpqMi": [
      -0.0105870171986379,
      -0.0221187196420037
    ],
    "Opu": [
      0.0300744264311429,
      0.0120799175135811
    ],
    "OpWB": [
      0.0715544373674,
      0.050427916399438
    ]
  },
  "NLO": {
    "SM": [
      0.5745451598020338,
      0.6311703198403922
    ],
    "O3pl1": [
      0.0277308377046392,
      0.0048857493295961
    ],
    "O3pl2": [
      -2.775557561562892e-17,
      -1.52655665885959e-16
    ],
    "Oll": [
      6.938893903907227e-17,
      8.326672684688674e-17
    ],
    "OpD": [
      0.0300656957718018,
      0.0041518479922789
    ],
    "Ope": [
      -0.0022589873862087,
      -0.0368566853764417
    ],
    "Opl1": [
      0.0277308377046392,
      0.0048857493295962
    ],
    "OpqMi": [
      -0.0105870171986379,
      -0.0221187196420037
    ],
    "Opu": [
      0.0300744264311429,
      0.0120799175135811
    ],
    "OpWB": [
      0.0715544373674,
      0.050427916399438
    ]
  }
}
