{
  "best_sm": [
    0.9650085455582128,
    0.9606160103657794
  ],
  "scales": [
    3000.0,
    3000.0
  ],
  "theory_cov": [
    [
      0.0,
      0.0
    ],
    [
      0.0,
      0.0
    ]
  ],
  "LO": {
    "SM": [
      0.9650085455582128,
      0.9606160103657794
    ],
    "O3pl1": [
      0.0056600756838816,
      0.0034675274747672
    ],
    "O3pl2": [
      9.861556016232953e-14,
      -1.1473322292232524e-12
    ],
    "Oll": [
      7.946976410266872e-13,
      1.981859121258367e-12
    ],
    "Oll1111": [
      0.2333979684721967,
      0.00608378281298
    ],
    "OpD": [
      0.0044811274215651,
      0.0006665151429295
    ],
    "Ope": [
      -0.0037365525601201,
      -0.0064466295687535
    ],
    "Opl1": [
      0.0056600756864558,
      0.003467527477859
    ],
    "OpWB": [
      0.0105695773477619,
      0.0064752314118451
    ]
  },
  "NLO": {
    "SM": [
      0.9650085455582128,
      0.9606160103657794
    ],
    "O3pl1": [
      0.0056600756838816,
      0.0034675274747672
    ],
    "O3pl2": [
      9.861556016232953e-14,
      -1.1473322292232524e-12
    ],
    "Oll": [
      7.946976410266872e-13,
      1.981859121258367e-12
    ],
    "Oll1111": [
      0.2333979684721967,
      0.00608378281298
    ],
    "OpD": [
      0.0044811274215651,
      0.0006665151429295
    ],
    "Ope": [
      -0.0037365525601201,
      -0.0064466295687535
    ],
    "Opl1": [
      0.0056600756864558,
      0.003467527477859
    ],
    "OpWB": [
      0.0105695773477619,
      0.0064752314118451
    ]
  }
}
