{
    "best_sm": [
        0.7340744597500287,
        0.6258061326239706
    ],
    "scales":[
        380.0,
        380.0
    ],
    "theory_cov": [
        [
            0.0,
            0.0
        ],
        [
            0.0,
            0.0
        ]
    ],
    "LO": {
        "SM": [
            0.7340744597500287,
            0.6258061326239706
        ],
        "O3pl1": [
            -0.0626282004776897,
            -0.0729471065286901
        ],
        "O3pl2": [
            -0.0505554204341207,
            -0.085019886572259
        ],
        "Oll": [
            2.4486696812848288,
            0.3380628266183723
        ],
        "Oll1122": [
            2.3596644502419264,
            0.2621849389157696
        ],
        "OpD": [
            -0.076248542822837,
            -0.1583819739764209
        ],
        "Ope": [
            -0.001289863256375,
            -0.0116087693073751
        ],
        "Opl1": [
            0.0263770305652118,
            0.0029307811739124
        ],
        "Opl2": [
            0.038449810608781,
            -0.0091419988696568
        ],
        "Opmu": [
            0.0137235507929424,
            -0.0266221833566929
        ],
        "OpWB": [
            -0.2113581340602926,
            -0.2949862235892467
        ]
    },
    "NLO": {
        "SM": [
            0.7340744597500287,
            0.6258061326239706
        ],
        "O3pl1": [
            -0.0626282004776897,
            -0.0729471065286901
        ],
        "O3pl2": [
            -0.0505554204341207,
            -0.085019886572259
        ],
        "Oll": [
            2.4486696812848288,
            0.3380628266183723
        ],
        "Oll1122": [
            2.3596644502419264,
            0.2621849389157696
        ],
        "OpD": [
            -0.076248542822837,
            -0.1583819739764209
        ],
        "Ope": [
            -0.001289863256375,
            -0.0116087693073751
        ],
        "Opl1": [
            0.0263770305652118,
            0.0029307811739124
        ],
        "Opl2": [
            0.038449810608781,
            -0.0091419988696568
        ],
        "Opmu": [
            0.0137235507929424,
            -0.0266221833566929
        ],
        "OpWB": [
            -0.2113581340602926,
            -0.2949862235892467
        ]
    }
}