{
  "best_sm": [
    2.5e-05
  ],
  "theory_cov": [
    [
      0.0
    ]
  ],
  "LO": {
    "SM": [
      2.5e-05
    ],
    "OpD": [
      7.7e-07
    ],
    "Opd": [
      3.2e-06
    ],
    "OpW": [
      3.7e-06
    ],
    "O3pl1": [
      7e-06
    ],
    "O3pl2": [
      4.5e-06
    ],
    "Oll": [
      3.1e-06
    ],
    "OpD^2": [
      5.7e-09
    ],
    "Opd^2": [
      9.4e-08
    ],
    "OpW^2": [
      3.5e-07
    ],
    "O3pl1^2": [
      1.4e-06
    ],
    "O3pl2^2": [
      2.1e-07
    ],
    "Oll^2": [
      1.8e-07
    ],
    "Opd*OpD": [
      1.0709570486252004e-07
    ],
    "OpD*OpW": [
      5.391034130850963e-07
    ],
    "O3pl1*OpD": [
      1.780458505554117e-06
    ],
    "O3pl2*OpD": [
      3.580956436484532e-07
    ],
    "Oll*OpD": [
      2.2810631293324612e-07
    ],
    "Opd*OpW": [
      6.175240885989793e-07
    ],
    "O3pl1*Opd": [
      1.711501095529886e-06
    ],
    "O3pl2*Opd": [
      2.3112767034693185e-07
    ],
    "Oll*Opd": [
      6.334319221510706e-07
    ],
    "O3pl1*OpW": [
      3.061453902968327e-06
    ],
    "O3pl2*OpW": [
      9.339164844888434e-07
    ],
    "Oll*OpW": [
      7.009279563550022e-07
    ],
    "O3pl1*O3pl2": [
      2.786413465370852e-06
    ],
    "Oll*O3pl1": [
      1.48771637081804e-06
    ],
    "Oll*O3pl2": [
      2.765863337187866e-07
    ]
  }
}