{
    "best_sm": [
        0.4843284887277145,
        0.4444323097516955
    ],
    "scales": [
        3000.0,
        3000.0
    ],
    "theory_cov": [
        [
            0.0,
            0.0
        ],
        [
            0.0,
            0.0
        ]
    ],
    "LO": {
        "SM": [
            0.4843284887277145,
            0.4444323097516955
        ],
        "O3pl1": [
            0.0349931154716134,
            0.0046886990447627
        ],
        "O3pl2": [
            0.0151235601631172,
            0.0270225496168343
        ],
        "Oee1122": [
            4.8845369258941815,
            59.37804523239429
        ],
        "Ole1122": [
            -54.23140704054412,
            -6.773042824962784
        ],
        "Ole1221": [
            0.0,
            0.0
        ],
        "Ole2211": [
            -6.02571189339379,
            -60.95738542466508
        ],
        "Oll": [
            49.31857112722817,
            7.401640131236523
        ],
        "Oll1122": [
            49.31857112722818,
            7.401640131236524
        ],
        "OpD": [
            0.0397703048871362,
            0.0059773444391697
        ],
        "Ope": [
            -0.0040953225362042,
            -0.043482861819042
        ],
        "Opl1": [
            0.0349931154716134,
            0.0046886990447627
        ],
        "Opl2": [
            0.0151235601631171,
            0.0270225496168343
        ],
        "Opmu": [
            -0.0288046156522641,
            -0.0157090313720353
        ],
        "OpWB": [
            0.0935874551646922,
            0.0592173168859782
        ],
        "O3pl1*O3pl1": [
            0.0005011724699583,
            0.0002114249901922
        ],
        "O3pl1*O3pl2": [
            0.0012378058830442,
            0.00194032342275
        ],
        "O3pl1*Oee1122": [
            -0.5598857003097538,
            2.3729379117427527
        ],
        "O3pl1*Ole1122": [
            0.2311031002734014,
            0.0024058708974877
        ],
        "O3pl1*Ole1221": [
            0.0,
            0.0
        ],
        "O3pl1*Ole2211": [
            -0.3401506730113376,
            -3.6791492027226407
        ],
        "O3pl1*Oll": [
            -3.9969098196332062,
            0.5443850751607666
        ],
        "O3pl1*Oll1122": [
            -3.994788392926358,
            0.5446693233975957
        ],
        "O3pl1*OpD": [
            0.0015397002380236,
            0.0010774996608929
        ],
        "O3pl1*Ope": [
            -5.89669484075e-05,
            -0.0023749016845172
        ],
        "O3pl1*Opl1": [
            -0.0011190817669343,
            0.0001386017435558
        ],
        "O3pl1*Opl2": [
            -0.0008836208238067,
            0.0016560751859213
        ],
        "O3pl1*Opmu": [
            0.0002338465227945,
            -0.0004878088180144
        ],
        "O3pl1*OpWB": [
            0.0041832386536171,
            0.004412969976783
        ],
        "O3pl2*O3pl2": [
            0.0003077285763703,
            0.001306057989984
        ],
        "O3pl2*Oee1122": [
            -0.2452188660788828,
            -1.1371587687171356
        ],
        "O3pl2*Ole1122": [
            -1.2870637767754618,
            -0.6663304513259372
        ],
        "O3pl2*Ole1221": [
            0.0,
            0.0
        ],
        "O3pl2*Ole2211": [
            0.2228217089555532,
            -2.2961720211334087
        ],
        "O3pl2*Oll": [
            -0.8185527576929523,
            0.1054876941170031
        ],
        "O3pl2*Oll1122": [
            -0.8176359052206781,
            0.1071259123114032
        ],
        "O3pl2*OpD": [
            0.0013983242731278,
            0.0037628600624673
        ],
        "O3pl2*Ope": [
            0.0001647515258535,
            -0.0009426141009188
        ],
        "O3pl2*Opl1": [
            0.0003209534107706,
            0.0003021052283493
        ],
        "O3pl2*Opl2": [
            -0.0003013953195329,
            0.0009738977855673
        ],
        "O3pl2*Opmu": [
            -0.000609186137004,
            -0.0001071893039486
        ],
        "O3pl2*OpWB": [
            0.0034607676800834,
            0.0085011867426537
        ],
        "Oee1122*Oee1122": [
            262.4712107630729,
            -7963.64469791978
        ],
        "Oee1122*Ole1122": [
            858.842832885994,
            1064.4843825651749
        ],
        "Oee1122*Ole1221": [
            0.0,
            0.0
        ],
        "Oee1122*Ole2211": [
            95.42698143177708,
            9580.359443086578
        ],
        "Oee1122*Oll": [
            -1959.0377162794823,
            -3078.401569081155
        ],
        "Oee1122*Oll1122": [
            -1958.7415955441447,
            -3074.801827553174
        ],
        "Oee1122*OpD": [
            -0.9148329405969532,
            5.597057028493516
        ],
        "Oee1122*Ope": [
            -0.0592721041579084,
            8.19318105907068
        ],
        "Oee1122*Opl1": [
            -0.8560064356469027,
            -1.2268036162384668
        ],
        "Oee1122*Opl2": [
            -0.5413396014160299,
            -4.736900296698352
        ],
        "Oee1122*Opmu": [
            0.332039876417145,
            3.8281106588234657
        ],
        "Oee1122*OpWB": [
            -1.5034454411730764,
            2.307683494098825
        ],
        "Ole1122*Ole1122": [
            -1572.5796222242443,
            -459.7575078634548
        ],
        "Ole1122*Ole1221": [
            0.0,
            0.0
        ],
        "Ole1122*Ole2211": [
            538.0781768854719,
            702.9117966710697
        ],
        "Ole1122*Oll": [
            8674.91863154915,
            133.10157816183897
        ],
        "Ole1122*Oll1122": [
            8671.630900414171,
            132.69096842498448
        ],
        "Ole1122*OpD": [
            -0.3858675938627913,
            -0.814371930251303
        ],
        "Ole1122*Ope": [
            0.098808217427663,
            0.1409177471819664
        ],
        "Ole1122*Opl1": [
            3.5188342352518163,
            0.4130156077520842
        ],
        "Ole1122*Opl2": [
            2.0006673582029717,
            -0.2557207144713398
        ],
        "Ole1122*Opmu": [
            -1.789146987490921,
            -0.6907063906822932
        ],
        "Ole1122*OpWB": [
            -1.971892014308505,
            -1.239807132389392
        ],
        "Ole1221*Ole1221": [
            -5441.173708717329,
            -5802.807910783055
        ],
        "Ole1221*Ole2211": [
            0.0,
            0.0
        ],
        "Ole1221*Oll": [
            0.0,
            0.0
        ],
        "Ole1221*Oll1122": [
            0.0,
            0.0
        ],
        "Ole1221*OpD": [
            0.0,
            0.0
        ],
        "Ole1221*Ope": [
            0.0,
            0.0
        ],
        "Ole1221*Opl1": [
            0.0,
            0.0
        ],
        "Ole1221*Opl2": [
            0.0,
            0.0
        ],
        "Ole1221*Opmu": [
            0.0,
            0.0
        ],
        "Ole1221*OpWB": [
            0.0,
            0.0
        ],
        "Ole2211*Ole2211": [
            -413.8769255295703,
            -1326.170384086813
        ],
        "Ole2211*Oll": [
            963.8798479499054,
            1197.9142034565516
        ],
        "Ole2211*Oll1122": [
            963.5145444904634,
            1194.2187158248605
        ],
        "Ole2211*OpD": [
            -0.0428741770958657,
            -7.32934737226173
        ],
        "Ole2211*Ope": [
            -0.4439570534390168,
            -3.3339671984549657
        ],
        "Ole2211*Opl1": [
            0.0251527864307088,
            0.0163384289687347
        ],
        "Ole2211*Opl2": [
            0.5881251683976008,
            1.3993156105579645
        ],