{
  "best_sm": [
    0.489860377275956,
    0.4520064456118592
  ],
  "scales": [
    380.0,
    380.0
  ],
  "theory_cov": [
    [
      0.0,
      0.0
    ],
    [
      0.0,
      0.0
    ]
  ],
  "LO": {
    "SM": [
      0.489860377275956,
      0.4520064456118592
    ],
    "cll1133": [
      0.703330607702104,
      0.1075270192676494
    ],
    "O3pl1": [
      0.0340854072448153,
      0.004619766030951
    ],
    "O3pl2": [
      5.134781488891349e-16,
      -1.9428902930940242e-16
    ],
    "O3pl3": [
      0.0143742051842746,
      0.0270108662173567
    ],
    "Oll": [
      -3.400058012914542e-16,
      4.163336342344337e-16
    ],
    "Oll1331": [
      0.703330607702104,
      0.1075270192676494
    ],
    "OpD": [
      0.0380973391587857,
      0.0063917927192184
    ],
    "Ope": [
      -0.0040078771338482,
      -0.0430135761424489
    ],
    "Opl1": [
      0.0340854072448152,
      0.0046197660309512
    ],
    "Opl3": [
      0.0143742051842746,
      0.0270108662173567
    ],
    "Opta": [
      -0.0285202460229255,
      -0.0151685514749682
    ],
    "OpWB": [
      0.0904930693839356,
      0.0590667744793086
    ]
  },
  "NLO": {
    "SM": [
      0.489860377275956,
      0.4520064456118592
    ],
    "cll1133": [
      0.703330607702104,
      0.1075270192676494
    ],
    "O3pl1": [
      0.0340854072448153,
      0.004619766030951
    ],
    "O3pl2": [
      5.134781488891349e-16,
      -1.9428902930940242e-16
    ],
    "O3pl3": [
      0.0143742051842746,
      0.0270108662173567
    ],
    "Oll": [
      -3.400058012914542e-16,
      4.163336342344337e-16
    ],
    "Oll1331": [
      0.703330607702104,
      0.1075270192676494
    ],
    "OpD": [
      0.0380973391587857,
      0.0063917927192184
    ],
    "Ope": [
      -0.0040078771338482,
      -0.0430135761424489
    ],
    "Opl1": [
      0.0340854072448152,
      0.0046197660309512
    ],
    "Opl3": [
      0.0143742051842746,
      0.0270108662173567
    ],
    "Opta": [
      -0.0285202460229255,
      -0.0151685514749682
    ],
    "OpWB": [
      0.0904930693839356,
      0.0590667744793086
    ]
  }
}
