{
    "best_sm": [
        0.0006412213306615,
        0.0003490984641865
    ],
    "scales":[
        3000.0,
        3000.0
    ],
    "theory_cov": [
        [
            0.0,
            0.0
        ],
        [
            0.0,
            0.0
        ]
    ],
    "LO": {
        "SM": [
            0.0006412213306615,
            0.0003490984641865
        ],
        "O3pl1": [
            -3.13135650965e-05,
            -3.71683065342e-05
        ],
        "O3pl2": [
            -7.7746953224e-05,
            -4.23275718817e-05
        ],
        "Oll": [
            7.7746953224e-05,
            4.23275718817e-05
        ],
        "OpD": [
            -3.93526418418e-05,
            -7.99706171631e-05
        ],
        "Ope": [
            -7.318426797193072e-07,
            -6.586584117473766e-06
        ],
        "Opl1": [
            4.64333881275e-05,
            5.159265347506011e-06
        ],
        "OpqMi": [
            -4.22810433448e-05,
            1.2401793636071418e-06
        ],
        "Opu": [
            -1.22971259995e-05,
            2.24372552959e-05
        ],
        "OpWB": [
            -0.0001247034253781,
            -0.0001507658297748
        ]
    },
    "NLO": {
        "SM": [
            0.0006412213306615,
            0.0003490984641865
        ],
        "O3pl1": [
            -3.13135650965e-05,
            -3.71683065342e-05
        ],
        "O3pl2": [
            -7.7746953224e-05,
            -4.23275718817e-05
        ],
        "Oll": [
            7.7746953224e-05,
            4.23275718817e-05
        ],
        "OpD": [
            -3.93526418418e-05,
            -7.99706171631e-05
        ],
        "Ope": [
            -7.318426797193072e-07,
            -6.586584117473766e-06
        ],
        "Opl1": [
            4.64333881275e-05,
            5.159265347506011e-06
        ],
        "OpqMi": [
            -4.22810433448e-05,
            1.2401793636071418e-06
        ],
        "Opu": [
            -1.22971259995e-05,
            2.24372552959e-05
        ],
        "OpWB": [
            -0.0001247034253781,
            -0.0001507658297748
        ]
    }
}