{
    "best_sm": [
        0.4636205438308674,
        0.4068941877465201
    ],
    "scales": [
        3000.0,
        3000.0
    ],
    "theory_cov": [
        [
            0.0,
            0.0
        ],
        [
            0.0,
            0.0
        ]
    ],
    "LO": {
        "SM": [
            0.4636205438308674,
            0.4068941877465201
        ],
        "O3pl1": [
            -0.0291019146490054,
            -0.0593364863432244
        ],
        "O3pl2": [
            -0.0562131716635351,
            -0.0493352012309327
        ],
        "Oee1111": [
            -1.939263451118909,
            -17.453371060070136
        ],
        "Ole1111": [
            -4.953735546398488,
            -4.953735546398488
        ],
        "Oll": [
            0.0562131716635979,
            0.0493352012308196
        ],
        "Oll1111": [
            -19.562504684163727,
            -2.173611631573769
        ],
        "OpD": [
            -0.0601601195274801,
            -0.1031160708701327
        ],
        "Ope": [
            0.0148774307423631,
            -0.0117542020537377
        ],
        "Opl1": [
            0.0271112570147119,
            -0.0100012851120466
        ],
        "OpWB": [
            -0.1593166688335522,
            -0.2029325880001329
        ],
        "O3pl1*O3pl1": [
            0.0018884217813777,
            0.0026936128799617
        ],
        "O3pl1*O3pl2": [
            0.0017642778622311,
            0.0035972220570435
        ],
        "O3pl1*Oee1111": [
            0.1175661332630134,
            1.05809519936712
        ],
        "O3pl1*Ole1111": [
            0.5975527144181194,
            0.5975527144181194
        ],
        "O3pl1*Oll": [
            -0.0017642778622315,
            -0.0035972220570403
        ],
        "O3pl1*Oll1111": [
            -0.1196640630891168,
            -0.0132960070099017
        ],
        "O3pl1*OpD": [
            0.0043390266599663,
            0.0080924956134398
        ],
        "O3pl1*Ope": [
            -0.0019895933511717,
            -0.0003750741436342
        ],
        "O3pl1*Opl1": [
            0.0020125657005263,
            0.0017900037028841
        ],
        "O3pl1*OpWB": [
            0.0103474431684783,
            0.01677748167846
        ],
        "O3pl2*O3pl2": [
            0.0017039369321155,
            0.0014954514919336
        ],
        "O3pl2*Oee1111": [
            0.1175661332630134,
            1.05809519936712
        ],
        "O3pl2*Ole1111": [
            0.3003158405638937,
            0.3003158405638937
        ],
        "O3pl2*Oll": [
            -0.0034078738642269,
            -0.002990902983864
        ],
        "O3pl2*Oll1111": [
            1.1859595617757668,
            0.1317732846417527
        ],
        "O3pl2*OpD": [
            0.003647154091136,
            0.0062513206869733
        ],
        "O3pl2*Ope": [
            -0.0009019310936088,
            0.0007125881139253
        ],
        "O3pl2*Opl1": [
            -0.0016435960020069,
            0.0006063190731535
        ],
        "O3pl2*OpWB": [
            0.0096584322817878,
            0.0123026088437929
        ],
        "Oee1111*Oee1111": [
            62.47522035342315,
            562.2769831808084
        ],
        "Oee1111*Ole1111": [
            0.0,
            0.0
        ],
        "Oee1111*Oll": [
            -0.1175661332630134,
            -1.0580951993671217
        ],
        "Oee1111*Oll1111": [
            0.0,
            0.0
        ],
        "Oee1111*OpD": [
            0.2633129295873364,
            2.369816366286007
        ],
        "Oee1111*Ope": [
            0.1166549888941758,
            1.0498949000475803
        ],
        "Oee1111*Opl1": [
            0.0,
            0.0
        ],
        "Oee1111*OpWB": [
            0.4390840009353571,
            3.951756008418193
        ],
        "Ole1111*Ole1111": [
            162.02972995203908,
            162.02972995203908
        ],
        "Ole1111*Oll": [
            -0.3003158405638925,
            -0.3003158405638925
        ],
        "Ole1111*Oll1111": [
            0.0,
            0.0
        ],
        "Ole1111*OpD": [
            0.6722417929813527,
            0.6722417929813527
        ],
        "Ole1111*Ope": [
            -0.3696365080613991,
            -0.3696365080613991
        ],
        "Ole1111*Opl1": [
            0.297236873854228,
            0.297236873854228
        ],
        "Ole1111*OpWB": [
            1.6766721269703242,
            1.6766721269703242
        ],
        "Oll*Oll": [
            0.0017039369321155,
            0.0014954514919336
        ],
        "Oll*Oll1111": [
            -1.1859595617757668,
            -0.1317732846417521
        ],
        "Oll*OpD": [
            -0.0036471540911402,
            -0.0062513206869783
        ],
        "Oll*Ope": [
            0.0009019310936086,
            -0.0007125881139245
        ],
        "Oll*Opl1": [
            0.0016435960020078,
            -0.0006063190731543
        ],
        "Oll*OpWB": [
            -0.009658432281778,
            -0.0123026088437896
        ],
        "Oll1111*Oll1111": [
            562.2769831808084,
            62.47522035342315
        ],
        "Oll1111*OpD": [
            0.6031774726016684,
            0.0670197191779632
        ],
        "Oll1111*Ope": [
            0.0,
            0.0
        ],
        "Oll1111*Opl1": [
            -1.3056236248648705,
            -0.1450692916516526
        ],
        "Oll1111*OpWB": [
            1.9911911736319496,
            0.2212434637368839
        ],
        "OpD*OpD": [
            0.0030634882997852,
            0.0068820117581834
        ],
        "OpD*Ope": [
            -0.0020164925586585,
            0.0015979322140105
        ],
        "OpD*Opl1": [
            0.0006918725688524,
            0.00184117492644
        ],
        "OpD*OpWB": [
            0.0149133262235805,
            0.0267855209449355
        ],
        "Ope*Ope": [
            0.0007762186638098,
            0.0015756072256714
        ],
        "Ope*Opl1": [
            -0.0010876622575626,
            -0.0010876622575626
        ],
        "Ope*OpWB": [
            -0.0053996082323124,
            0.0006302707265014
        ],
        "Opl1*Opl1": [
            0.0018280808512682,
            0.0005918423148644
        ],
        "Opl1*OpWB": [
            0.0006890108866789,
            0.0044748728346876
        ],
        "OpWB*OpWB": [
            0.0186794010977323,
            0.0271519572425776
        ]
    }
}