{
    "best_sm": [
        0.5315660265950432,
        0.0337956925864616,
        0.0084452014132512
    ],
    "scales": [
        380.0,
        1500.0,
        3000.0
    ],
    "theory_cov": [
        [
            0.0,
            0.0,
            0.0
        ],
        [
            0.0,
            0.0,
            0.0
        ],
        [
            0.0,
            0.0,
            0.0
        ]
    ],
    "LO": {
        "SM": [
            0.5315660265950432,
            0.0337956925864616,
            0.0084452014132512
        ],
        "O3pl1": [
            -0.0619620063588617,
            -0.0039530679568919,
            -0.0009879949482918
        ],
        "O3pl2": [
            -0.0644514413807014,
            -0.004097668004874,
            -0.0010239657476248
        ],
        "O3pl3": [
            -0.0077653058366556,
            -0.0004984276110058,
            -0.0001245880701157
        ],
        "Oee1133": [
            3.555360949907612,
            3.510496516125773,
            3.508319815486818
        ],
        "Ole1133": [
            0.0470666749408475,
            0.0486164614072807,
            0.0486916528430656
        ],
        "Ole3311": [
            0.4236000744676282,
            0.4375481526655272,
            0.4382248755875907
        ],
        "Oll": [
            0.0644514413807014,
            0.004097668004874,
            0.0010239657476248
        ],
        "Oll1133": [
            0.2227025255060291,
            0.218847972399848,
            0.2186609599380411
        ],
        "Oll1331": [
            0.2227025255060291,
            0.218847972399848,
            0.2186609599380411
        ],
        "OpD": [
            -0.1345312425078343,
            -0.0084927212760325,
            -0.0021214966971294
        ],
        "Ope": [
            -0.0098606054697899,
            -0.0005513813714259,
            -0.000136891745501
        ],
        "Opl1": [
            0.0024894350218397,
            0.0001446000479821,
            3.5970799333e-05
        ],
        "Opl3": [
            -0.0077653058366556,
            -0.0004984276110058,
            -0.0001245880701157
        ],
        "Opta": [
            -0.0226131504446364,
            -0.0013510348443384,
            -0.000336558829439
        ],
        "OpWB": [
            -0.2505642667900025,
            -0.0159646355714772,
            -0.003989773050902
        ],
        "O3pl1*O3pl1": [
            0.0019114065270985,
            0.000121682682077,
            3.04092126766e-05
        ],
        "O3pl1*O3pl2": [
            0.0037563918881813,
            0.0002396512521027,
            5.98963207845e-05
        ],
        "O3pl1*O3pl3": [
            0.0006027562078902,
            3.77960709732e-05,
            9.43737697788016e-06
        ],
        "O3pl1*Oee1133": [
            -0.2155406162034267,
            -0.212820749545948,
            -0.212688788992963
        ],
        "O3pl1*Ole1133": [
            -0.005987239338984,
            -0.0059116874873874,
            -0.0059080219164711
        ],
        "O3pl1*Ole3311": [
            -0.0256803802373265,
            -0.0265259701540709,
            -0.0265669958832938
        ],
        "O3pl1*Oll": [
            -0.0037563918881813,
            -0.0002396512521027,
            -5.98963207845e-05
        ],
        "O3pl1*Oll1133": [
            -0.0057067511638503,
            -0.0058946600342379,
            -0.0059037768629541
        ],
        "O3pl1*Oll1331": [
            -0.0057067511638503,
            -0.0058946600342379,
            -0.0059037768629541
        ],
        "O3pl1*OpD": [
            0.0082315051042317,
            0.0005190344326491,
            0.0001296485334208
        ],
        "O3pl1*Ope": [
            0.0005977904941417,
            3.34270084626e-05,
            8.29894111854494e-06
        ],
        "O3pl1*Opl1": [
            6.64211660157e-05,
            3.714112051402261e-06,
            9.22104568727218e-07
        ],
        "O3pl1*Opl3": [
            0.0006027562078902,
            3.77960709732e-05,
            9.43737697788016e-06
        ],
        "O3pl1*Opta": [
            0.0012647636373415,
            7.58104991796e-05,
            1.88883256646e-05
        ],
        "O3pl1*OpWB": [
            0.0152789248810305,
            0.0009725611964089,
            0.0002430449712081
        ],
        "O3pl2*O3pl2": [
            0.001953655843404,
            0.0001242087511242,
            3.10385093558e-05
        ],
        "O3pl2*O3pl3": [
            0.0004707648052117,
            3.02167335251e-05,
            7.553041669382704e-06
        ],
        "O3pl2*Oee1133": [
            -0.2155406162034267,
            -0.212820749545948,
            -0.212688788992963
        ],
        "O3pl2*Ole1133": [
            -0.0028533755819251,
            -0.0029473300171189,
            -0.002951888431477
        ],
        "O3pl2*Ole3311": [
            -0.0256803802373265,
            -0.0265259701540709,
            -0.0265669958832938
        ],
        "O3pl2*Oll": [
            -0.0039073116868081,
            -0.0002484175022484,
            -6.20770187117e-05
        ],
        "O3pl2*Oll1133": [
            -0.0135011438371331,
            -0.0132674649608106,
            -0.0132561274955508
        ],
        "O3pl2*Oll1331": [
            -0.0135011438371331,
            -0.0132674649608106,
            -0.0132561274955508
        ],
        "O3pl2*OpD": [
            0.0081558377102343,
            0.0005148637235067,
            0.0001286138627878
        ],
        "O3pl2*Ope": [
            0.0005977904941417,
            3.34270084626e-05,
            8.29894111854494e-06
        ],
        "O3pl2*Opl1": [
            -0.0001509197986268,
            -8.766250145689875e-06,
            -2.180697927103394e-06
        ],
        "O3pl2*Opl3": [
            0.0004707648052117,
            3.02167335251e-05,
            7.553041669382704e-06
        ],
        "O3pl2*Opta": [
            0.0013709022655672,
            8.19052937138e-05,
            2.04035816638e-05
        ],
        "O3pl2*OpWB": [
            0.0151902372848754,
            0.0009678419257624,
            0.0002418764659958
        ],
        "O3pl3*O3pl3": [
            0.0004500687301777,
            2.58442800943e-05,
            6.425269997247941e-06
        ],
        "O3pl3*Oee1133": [
            0.0,
            0.0,
            0.0
        ],
        "O3pl3*Ole1133": [
            0.0,
            0.0,
            0.0
        ],
        "O3pl3*Ole3311": [
            -0.0282047738135301,
            -0.026679217232416,
            -0.0266052013649468
        ],
        "O3pl3*Oll": [
            -0.0004707648052117,
            -3.02167335251e-05,
            -7.553041669382701e-06
        ],
        "O3pl3*Oll1133": [
            0.0077943926732827,
            0.0073728049265726,
            0.0073523506325966
        ],
        "O3pl3*Oll1331": [
            0.0077943926732827,
            0.0073728049265726,
            0.0073523506325966
        ],
        "O3pl3*OpD": [
            0.0015010197151986,
            9.17445852248e-05,
            2.28800497259e-05
        ],
        "O3pl3*Ope": [
            -0.0009552476540313,
            -5.48531508077e-05,
            -1.36373039934e-05
        ],
        "O3pl3*Opl1": [
            0.0001319914026784,
            7.579337448135595e-06,
            1.884335308497451e-06
        ],
        "O3pl3*Opl3": [
            0.0009001374603554,
            5.16885601887e-05,
            1.28505399944e-05
        ],
        "O3pl3*Opta": [
            0.0,
            0.0,
            0.0
        ],
        "O3pl3*OpWB": [
            0.0036855930996172,
            0.0002235293135254,
            5.57247531602e-05
        ],
        "Oee1133*Oee1133": [
            8.284979221562235,
            129.0942053221262,
            516.3768212885047
        ],