{
    "best_sm": [
        0.4843284887277156,
        0.444432309751699
    ],
    "scales": [
        3000.0,
        3000.0
    ],
    "theory_cov": [
        [
            0.0,
            0.0
        ],
        [
            0.0,
            0.0
        ]
    ],
    "LO": {
        "SM": [
            0.4843284887277156,
            0.444432309751699
        ],
        "O3pl1": [
            0.0349931154716132,
            0.0046886990447629
        ],
        "O3pl2": [
            0.0151235601631175,
            0.0270225496168348
        ],
        "Oll": [
            49.31857112722798,
            7.4016401312364515
        ],
        "Oll1122": [
            49.31857112722798,
            7.401640131236453
        ],
        "OpD": [
            0.0397703048871362,
            0.0059773444391705
        ],
        "Ope": [
            -0.0040953225362043,
            -0.0434828618190423
        ],
        "Opl1": [
            0.0349931154716134,
            0.0046886990447627
        ],
        "Opl2": [
            0.0151235601631171,
            0.0270225496168345
        ],
        "Opmu": [
            -0.028804615652264,
            -0.0157090313720351
        ],
        "OpWB": [
            0.0935874551646927,
            0.05921731688598
        ],
        "O3pl1*O3pl1": [
            0.0005011724699582,
            0.0002114249901922
        ],
        "O3pl1*O3pl2": [
            0.0012378058830442,
            0.00194032342275
        ],
        "O3pl1*Oll": [
            -3.996909819633204,
            0.544385075160758
        ],
        "O3pl1*Oll1122": [
            -3.994788392926355,
            0.5446693233975864
        ],
        "O3pl1*OpD": [
            0.0015397002380235,
            0.001077499660893
        ],
        "O3pl1*Ope": [
            -5.89669484075e-05,
            -0.0023749016845172
        ],
        "O3pl1*Opl1": [
            -0.0011190817669343,
            0.0001386017435558
        ],
        "O3pl1*Opl2": [
            -0.0008836208238067,
            0.0016560751859213
        ],
        "O3pl1*Opmu": [
            0.0002338465227945,
            -0.0004878088180143
        ],
        "O3pl1*OpWB": [
            0.0041832386536171,
            0.0044129699767831
        ],
        "O3pl2*O3pl2": [
            0.0003077285763703,
            0.001306057989984
        ],
        "O3pl2*Oll": [
            -0.8185527576930207,
            0.1054876941169808
        ],
        "O3pl2*Oll1122": [
            -0.8176359052207496,
            0.1071259123113811
        ],
        "O3pl2*OpD": [
            0.0013983242731278,
            0.0037628600624674
        ],
        "O3pl2*Ope": [
            0.0001647515258535,
            -0.0009426141009188
        ],
        "O3pl2*Opl1": [
            0.0003209534107705,
            0.0003021052283493
        ],
        "O3pl2*Opl2": [
            -0.0003013953195329,
            0.0009738977855673
        ],
        "O3pl2*Opmu": [
            -0.000609186137004,
            -0.0001071893039486
        ],
        "O3pl2*OpWB": [
            0.0034607676800836,
            0.008501186742654
        ],
        "Oll*Oll": [
            -6656.359461627902,
            293.4454011240064
        ],
        "Oll*Oll1122": [
            -13309.72902845728,
            587.3395201411549
        ],
        "Oll*OpD": [
            -4.0228042284432055,
            1.4802186525368266
        ],
        "Oll*Ope": [
            0.8978066530742413,
            1.2484592975310915
        ],
        "Oll*Opl1": [
            -6.986804618165982,
            0.0956671820185265
        ],
        "Oll*Opl2": [
            -3.8084475562257074,
            -0.3432301990252431
        ],
        "Oll*Opmu": [
            4.8503337756817055,
            0.7026572467200035
        ],
        "Oll*OpWB": [
            -8.992353988867972,
            1.2135668993852105
        ],
        "Oll1122*Oll1122": [
            -6653.369566829369,
            293.89411901714845
        ],
        "Oll1122*OpD": [
            -4.020393188848984,
            1.4805810237620909
        ],
        "Oll1122*Ope": [
            0.8975583777639582,
            1.2458231874531522
        ],
        "Oll1122*Opl1": [
            -6.98468319145913,
            0.0959514302553551
        ],
        "Oll1122*Opl2": [
            -3.807530703753436,
            -0.3415919808308423
        ],
        "Oll1122*Opmu": [
            4.848587521308474,
            0.70170490057299
        ],
        "Oll1122*OpWB": [
            -8.986680332089014,
            1.2171568968992033
        ],
        "OpD*OpD": [
            0.00108448852108,
            0.001004005136907
        ],
        "OpD*Ope": [
            0.0001665627105289,
            -0.0049103847365815
        ],
        "OpD*Opl1": [
            -0.0008713393561965,
            0.0007151284356275
        ],
        "OpD*Opl2": [
            -0.0010127153210923,
            0.0034004888372019
        ],
        "OpD*Opmu": [
            -9.248982382058409e-06,
            -0.001570936205673
        ],
        "OpD*OpWB": [
            0.005486442062003,
            0.0090388467082814
        ],
        "Ope*Ope": [
            -0.0001076741011281,
            -0.0016987350182263
        ],
        "Ope*Opl1": [
            0.0001893083618751,
            0.0002612083934224
        ],
        "Ope*Opl2": [
            0.0004130268361362,
            0.0016934959770208
        ],
        "Ope*Opmu": [
            6.28626217992e-05,
            -0.0016163122208828
        ],
        "Ope*OpWB": [
            0.0001975412230252,
            -0.0061951008500751
        ],
        "Opl1*Opl1": [
            -0.0016202542368926,
            -7.28232466363e-05
        ],
        "Opl1*Opl2": [
            -0.0018004732960804,
            1.78569915207e-05
        ],
        "Opl1*Opmu": [
            0.0019801008960258,
            0.0004645373289992
        ],
        "Opl1*OpWB": [
            -0.0014904181253471,
            0.0008229724627896
        ],
        "Opl2*Opl2": [
            -0.0006091238959032,
            -0.0003321602044166
        ],
        "Opl2*Opmu": [
            0.0011370682362272,
            0.000845156843065
        ],
        "Opl2*OpWB": [
            -0.0022128890988808,
            0.0049111892286604
        ],
        "Opmu*Opmu": [
            -0.0004927560897229,
            -0.0005714915501952
        ],
        "Opmu*OpWB": [
            -0.0007009060132475,
            -0.0011110944482459
        ],
        "OpWB*OpWB": [
            0.007137176308818,
            0.0120578933824234
        ]
    },
    "NLO": {
        "SM": [
            0.4843284887277156,
            0.444432309751699
        ],
        "O3pl1": [
            0.0349931154716132,
            0.0046886990447629
        ],
        "O3pl2": [
            0.0151235601631175,
            0.0270225496168348
        ],
        "Oll": [
            49.31857112722798,
            7.4016401312364515
        ],
        "Oll1122": [
            49.31857112722798,
            7.401640131236453
        ],
        "OpD": [
            0.0397703048871362,
            0.0059773444391705
        ],
        "Ope": [
            -0.0040953225362043,
            -0.0434828618190423
        ],
        "Opl1": [
            0.0349931154716134,
            0.0046886990447627
        ],
        "Opl2": [
            0.0151235601631171,
            0.0270225496168345
        ],
        "Opmu": [
            -0.028804615652264,
            -0.0157090313720351
        ],
        "OpWB": [
            0.0935874551646927,
            0.05921731688598
        ],
        "O3pl1*O3pl1": [
            0.0005011724699582,
            0.0002114249901922
        ],
        "O3pl1*O3pl2": [
            0.0012378058830442,
            0.00194032342275
        ],
        "O3pl1*Oll": [
            -3.996909819633204,
            0.544385075160758
        ],