{
    "best_sm": [
        0.55925227552184,
        0.612872659184789
    ],
    "scales": [
        1500.0,
        1500.0
    ],
    "theory_cov": [
        [
            0.0,
            0.0
        ],
        [
            0.0,
            0.0
        ]
    ],
    "LO": {
        "SM": [
            0.55925227552184,
            0.612872659184789
        ],
        "O3pl1": [
            0.0285815947548622,
            0.0050441473319698
        ],
        "O3pl2": [
            0.0,
            -1.3877787807814457e-17
        ],
        "O3pq": [
            0.0,
            9.647662804878509e-18
        ],
        "Oll": [
            5.551115123125783e-17,
            1.3877787807814457e-17
        ],
        "Olu": [
            14.392832449876266,
            3.06500237574258
        ],
        "OpD": [
            0.03158014652021,
            0.0041709120272788
        ],
        "Ope": [
            -0.0024892422674546,
            -0.0401715005546823
        ],
        "Opl1": [
            0.0285815947548623,
            0.0050441473319698
        ],
        "OpqMi": [
            -0.0113436962577331,
            -0.0239853896679839
        ],
        "Opui": [
            0.0302169588574131,
            0.0129322572930802
        ],
        "OpWB": [
            0.0745561499292499,
            0.0542095112659909
        ],
        "Oqe": [
            0.7949823057495935,
            13.712827951468174
        ],
        "Oql31": [
            0.0,
            0.0
        ],
        "OqlM1": [
            -4.878022158059849,
            -0.6389649149634664
        ],
        "O3pl1*O3pl1": [
            -0.0005072894247624,
            0.0001697424091754
        ],
        "O3pl1*O3pl2": [
            0.0017327339283792,
            0.0003057969751796
        ],
        "O3pl1*O3pq": [
            -9.762962866912945e-19,
            4.858550276394208e-19
        ],
        "O3pl1*Oll": [
            -0.0017327339283792,
            -0.0003057969751796
        ],
        "O3pl1*Olu": [
            -0.7256254732349554,
            -0.0348431081867608
        ],
        "O3pl1*OpD": [
            -0.0009433623722956,
            0.0008669610586181
        ],
        "O3pl1*Ope": [
            6.28067509273e-05,
            -0.001743115814101
        ],
        "O3pl1*Opl1": [
            -0.0027473127779042,
            3.36878431712e-05
        ],
        "O3pl1*OpqMi": [
            0.0015219674569682,
            -0.0011815105035513
        ],
        "O3pl1*Opui": [
            -0.0016189406149573,
            -0.0001171878201387
        ],
        "O3pl1*OpWB": [
            -0.0015010324197447,
            0.0034113364470622
        ],
        "O3pl1*Oqe": [
            0.0083939039856371,
            0.6802427166922855
        ],
        "O3pl1*Oql31": [
            2.677841243496121e-16,
            4.685425956792282e-17
        ],
        "O3pl1*OqlM1": [
            0.7469971803319329,
            -0.0276519736065339
        ],
        "O3pl2*O3pl2": [
            -2.1684043449710093e-18,
            8.673617379884035e-19
        ],
        "O3pl2*O3pq": [
            1.265766245431108e-18,
            1.1932382265400508e-18
        ],
        "O3pl2*Oll": [
            8.673617379884035e-18,
            -1.734723475976807e-18
        ],
        "O3pl2*Olu": [
            0.8725527503022211,
            0.1858130609072726
        ],
        "O3pl2*OpD": [
            0.0019145184797446,
            0.000252857856391
        ],
        "O3pl2*Ope": [
            -0.0001509081130625,
            -0.0024353617270835
        ],
        "O3pl2*Opl1": [
            0.0017327339283792,
            0.0003057969751796
        ],
        "O3pl2*OpqMi": [
            -0.0006877015627568,
            -0.0014540930560231
        ],
        "O3pl2*Opui": [
            0.0018318764321495,
            0.0007840066719313
        ],
        "O3pl2*OpWB": [
            0.0045199007144192,
            0.0032864037229924
        ],
        "O3pl2*Oqe": [
            0.0481950998692666,
            0.8313280784129174
        ],
        "O3pl2*Oql31": [
            3.048362790683082e-16,
            7.448037754868948e-17
        ],
        "O3pl2*OqlM1": [
            -0.2957257832933981,
            -0.0387366834040221
        ],
        "O3pq*O3pq": [
            7.499953032052875e-20,
            -5.8187794959913665e-19
        ],
        "O3pq*Oll": [
            1.265766245431108e-18,
            -1.1462859063786373e-18
        ],
        "O3pq*Olu": [
            0.0,
            4.7343995765364576e-17
        ],
        "O3pq*OpD": [
            -1.2335305615419945e-19,
            3.6518202460189786e-18
        ],
        "O3pq*Ope": [
            0.0,
            -3.6829559063198734e-19
        ],
        "O3pq*Opl1": [
            -5.578835923950254e-19,
            -2.146595208744469e-19
        ],
        "O3pq*OpqMi": [
            7.499953032052875e-20,
            -8.104647920731713e-19
        ],
        "O3pq*Opui": [
            0.0,
            -5.164601625225264e-19
        ],
        "O3pq*OpWB": [
            -5.578835923950254e-19,
            2.7281503337129157e-18
        ],
        "O3pq*Oqe": [
            0.0,
            2.11817150160672e-16
        ],
        "O3pq*Oql31": [
            0.0,
            0.0
        ],
        "O3pq*OqlM1": [
            0.0,
            5.915014510751861e-17
        ],
        "Oll*Oll": [
            -9.107298248878237e-18,
            8.673617379884035e-19
        ],
        "Oll*Olu": [
            -0.8725527503022212,
            -0.1858130609072726
        ],
        "Oll*OpD": [
            -0.0019145184797446,
            -0.000252857856391
        ],
        "Oll*Ope": [
            0.0001509081130625,
            0.0024353617270835
        ],
        "Oll*Opl1": [
            -0.0017327339283792,
            -0.0003057969751796
        ],
        "Oll*OpqMi": [
            0.0006877015627569,
            0.0014540930560231
        ],
        "Oll*Opui": [
            -0.0018318764321495,
            -0.0007840066719313
        ],
        "Oll*OpWB": [
            -0.0045199007144191,
            -0.0032864037229924
        ],
        "Oll*Oqe": [
            -0.0481950998692666,
            -0.8313280784129174
        ],
        "Oll*Oql31": [
            3.048362790683082e-16,
            7.448037754868948e-17
        ],
        "Oll*OqlM1": [
            0.2957257832934001,
            0.0387366834040222
        ],
        "Olu*Olu": [
            -234.72425239654,
            -77.669377933215
        ],
        "Olu*OpD": [
            -0.7233887704435721,
            0.2943861879317095
        ],
        "Olu*Ope": [
            -0.0116508152914549,
            -0.0346451544447791
        ],
        "Olu*Opl1": [
            -1.5981782235371762,
            -0.2206561690940333
        ],
        "Olu*OpqMi": [
            0.8224538849246685,
            -0.0661745444594683
        ],
        "Olu*Opui": [
            -1.0183045629396783,
            -0.5161630329187952
        ],
        "Olu*OpWB": [
            -1.261472660042109,
            0.4054937929683426
        ],
        "Olu*Oqe": [
            18.04862143510569,
            63.60766778026666
        ],
        "Olu*Oql31": [
            0.0,
            0.0
        ],
        "Olu*OqlM1": [
            414.5347384382442,
            18.96335440941904
        ],
        "OpD*OpD": [
            -0.0004079135029685,
            0.0006449496857785
        ],
        "OpD*Ope": [
            0.0002238770261169,
            -0.0036460058389331
        ],
        "OpD*Opl1": [
            -0.0028578808520403,
            0.0006141032022271
        ],
        "OpD*OpqMi": [
            0.0016912781420468,
            -0.0024019474468375
        ],
        "OpD*Opui": [
            -0.0016663143733792,
            0.00093305595769
        ],