{
  "best_sm": [
    0.7340744597500287,
    0.6258061326239706
  ],
  "scales": [
    380.0,
    380.0
  ],
  "theory_cov": [
    [
      0.0,
      0.0
    ],
    [
      0.0,
      0.0
    ]
  ],
  "LO": {
    "SM": [
      0.7340744597500287,
      0.6258061326239706
    ],
    "O3pl1": [
      -0.0626282004776897,
      -0.0729471065286901
    ],
    "O3pl2": [
      -0.0505554204341207,
      -0.085019886572259
    ],
    "Oll": [
      2.4486696812848288,
      0.3380628266183723
    ],
    "Oll1122": [
      2.3596644502419264,
      0.2621849389157696
    ],
    "OpD": [
      -0.076248542822837,
      -0.1583819739764209
    ],
    "Ope": [
      -0.001289863256375,
      -0.0116087693073751
    ],
    "Opl1": [
      0.0263770305652118,
      0.0029307811739124
    ],
    "Opl2": [
      0.038449810608781,
      -0.0091419988696568
    ],
    "Opmu": [
      0.0137235507929424,
      -0.0266221833566929
    ],
    "OpWB": [
      -0.2113581340602926,
      -0.2949862235892467
    ],
    "O3pl1*O3pl1": [
      0.0022502753500968,
      0.0022502753500968
    ],
    "O3pl1*O3pl2": [
      0.0028643201892699,
      0.0051319713357376
    ],
    "O3pl1*Oll": [
      -0.0642631697063401,
      -0.0111408417008766
    ],
    "O3pl1*Oll1122": [
      -0.0604663903883291,
      -0.0067184878209254
    ],
    "O3pl1*OpD": [
      0.0054242411527937,
      0.009690849522402
    ],
    "O3pl1*Ope": [
      7.81968202425e-05,
      0.0007037713821827
    ],
    "O3pl1*Opl1": [
      0.0007037713821827,
      7.81968202425e-05
    ],
    "O3pl1*Opl2": [
      -0.0009324591287409,
      0.0007096174557864
    ],
    "O3pl1*Opmu": [
      -0.0019565794327804,
      0.0014889906445641
    ],
    "O3pl1*OpWB": [
      0.0137530974557254,
      0.0179876899802969
    ],
    "O3pl2*O3pl2": [
      0.001116449776863,
      0.0033841009233306
    ],
    "O3pl2*Oll": [
      -0.0635312680832582,
      -0.0118727433239585
    ],
    "O3pl2*Oll1122": [
      -0.0604663903883291,
      -0.0067184878209254
    ],
    "O3pl2*OpD": [
      0.0037461914296553,
      0.0113688992455404
    ],
    "O3pl2*Ope": [
      -4.67588788216e-05,
      -0.0004208299093947
    ],
    "O3pl2*Opl1": [
      -0.000200557505659,
      -2.22841672954e-05
    ],
    "O3pl2*Opl2": [
      -0.0008319781412029,
      0.0016139463436282
    ],
    "O3pl2*Opmu": [
      -0.0008319781412029,
      0.0016139463436282
    ],
    "O3pl2*OpWB": [
      0.0095185049311539,
      0.0222222825048684
    ],
    "Oll*Oll": [
      2.5842014895727687,
      0.2891337435970603
    ],
    "Oll*Oll1122": [
      5.019954543271119,
      0.557772727030124
    ],
    "Oll*OpD": [
      -0.0687571292509404,
      -0.0167278370888628
    ],
    "Oll*Ope": [
      -7.81968202425e-05,
      -0.0007037713821827
    ],
    "Oll*Opl1": [
      0.0841852661680807,
      0.00935391846312
    ],
    "Oll*Opl2": [
      0.0849171677911626,
      0.0086220168400381
    ],
    "Oll*Opmu": [
      0.0008319781412029,
      -0.0016139463436282
    ],
    "Oll*OpWB": [
      -0.2386422496196636,
      -0.0429753735540678
    ],
    "Oll1122*Oll1122": [
      2.4384509854434806,
      0.2709389983826089
    ],
    "Oll1122*OpD": [
      -0.0641346287126829,
      -0.0071260698569647
    ],
    "Oll1122*Ope": [
      0.0,
      0.0
    ],
    "Oll1122*Opl1": [
      0.082586181995828,
      0.0091762424439808
    ],
    "Oll1122*Opl2": [
      0.082586181995828,
      0.0091762424439808
    ],
    "Oll1122*Opmu": [
      0.0,
      0.0
    ],
    "Oll1122*OpWB": [
      -0.2258288494904458,
      -0.0250920943878273
    ],
    "OpD*OpD": [
      0.0035534916404625,
      0.0107180913418068
    ],
    "OpD*Ope": [
      0.0001743452016522,
      0.00156910681487
    ],
    "OpD*Opl1": [
      0.0008017406145362,
      8.9082290504e-05
    ],
    "OpD*Opl2": [
      -0.0008763091086021,
      0.0017671320136424
    ],
    "OpD*Opmu": [
      -0.0019124364010855,
      0.0036558884176078
    ],
    "OpD*OpWB": [
      0.0171247880527023,
      0.0393267962936006
    ],
    "Ope*Ope": [
      0.0001279364196908,
      0.0011514277772177
    ],
    "Ope*Opl1": [
      0.0,
      0.0
    ],
    "Ope*Opl2": [
      -0.0001249556990641,
      -0.0011246012915774
    ],
    "Ope*Opmu": [
      0.0001004809875379,
      0.0009043288878418
    ],
    "Ope*OpWB": [
      5.87069452619e-05,
      0.0005283625073574
    ],
    "Opl1*Opl1": [
      0.0011514277772177,
      0.0001279364196908
    ],
    "Opl1*Opl2": [
      0.0013985266665935,
      0.0001553918518437
    ],
    "Opl1*Opmu": [
      -0.0011246012915774,
      -0.0001249556990641
    ],
    "Opl1*OpWB": [
      0.0009396973265077,
      0.0001044108140564
    ],
    "Opl2*Opl2": [
      0.0007495038270657,
      0.0005298603698427
    ],
    "Opl2*Opmu": [
      0.0,
      0.0
    ],
    "Opl2*OpWB": [
      -0.0032948951980637,
      0.0043390033386279
    ],
    "Opmu*Opmu": [
      0.0007495038270657,
      0.0005298603698427
    ],
    "Opmu*OpWB": [
      -0.0052073287707951,
      0.0057943982234145
    ],
    "OpWB*OpWB": [
      0.021728596494171,
      0.0375438808487237
    ]
  },
  "NLO": {
    "SM": [
      0.7340744597500287,
      0.6258061326239706
    ],
    "O3pl1": [
      -0.0626282004776897,
      -0.0729471065286901
    ],
    "O3pl2": [
      -0.0505554204341207,
      -0.085019886572259
    ],
    "Oll": [
      2.4486696812848288,
      0.3380628266183723
    ],
    "Oll1122": [
      2.3596644502419264,
      0.2621849389157696
    ],
    "OpD": [
      -0.076248542822837,
      -0.1583819739764209
    ],
    "Ope": [
      -0.001289863256375,
      -0.0116087693073751
    ],
    "Opl1": [
      0.0263770305652118,
      0.0029307811739124
    ],
    "Opl2": [
      0.038449810608781,
      -0.0091419988696568
    ],
    "Opmu": [
      0.0137235507929424,
      -0.0266221833566929
    ],
    "OpWB": [
      -0.2113581340602926,
      -0.2949862235892467
    ],
    "O3pl1*O3pl1": [
      0.0022502753500968,
      0.0022502753500968
    ],
    "O3pl1*O3pl2": [
      0.0028643201892699,
      0.0051319713357376
    ],
    "O3pl1*Oll": [
      -0.0642631697063401,
      -0.0111408417008766
    ],
    "O3pl1*Oll1122": [
      -0.0604663903883291,
      -0.0067184878209254
    ],
    "O3pl1*OpD": [
      0.0054242411527937,
      0.009690849522402
    ],
    "O3pl1*Ope": [
      7.81968202425e-05,
      0.0007037713821827
    ],
    "O3pl1*Opl1": [
      0.0007037713821827,
      7.81968202425e-05
    ],
    "O3pl1*Opl2": [
      -0.0009324591287409,
      0.0007096174557864
    ],
    "O3pl1*Opmu": [
      -0.0019565794327804,
      0.0014889906445641
    ],
    "O3pl1*OpWB": [
      0.0137530974557254,
      0.0179876899802969
    ],
    "O3pl2*O3pl2": [
      0.001116449776863,
      0.0033841009233306
    ],
    "O3pl2*Oll": [
      -0.0635312680832582,
      -0.0118727433239585
    ],
    "O3pl2*Oll1122": [
      -0.0604663903883291,
      -0.0067184878209254
    ],
    "O3pl2*OpD": [
      0.0037461914296553,
      0.0113688992455404
    ],
    "O3pl2*Ope": [
      -4.67588788216e-05,
      -0.0004208299093947
    ],
    "O3pl2*Opl1": [
      -0.000200557505659,
      -2.22841672954e-05
    ],
    "O3pl2*Opl2": [
      -0.0008319781412029,
      0.0016139463436282
    ],
    "O3pl2*Opmu": [
      -0.0008319781412029,
      0.0016139463436282
    ],
    "O3pl2*OpWB": [
      0.0095185049311539,
      0.0222222825048684
    ],
    "Oll*Oll": [
      2.5842014895727687,
      0.2891337435970603
    ],
    "Oll*Oll1122": [
      5.019954543271119,
      0.557772727030124
    ],
    "Oll*OpD": [
      -0.0687571292509404,
      -0.0167278370888628
    ],
    "Oll*Ope": [
      -7.81968202425e-05,
      -0.0007037713821827
    ],
    "Oll*Opl1": [
      0.0841852661680807,
      0.00935391846312
    ],
    "Oll*Opl2": [
      0.0849171677911626,
      0.0086220168400381
    ],