{
  "best_sm": [
    1.8400226942608868,
    1.6234172293114464
  ],
  "scales": [
    1500.0,
    1500.0
  ],
  "theory_cov": [
    [
      0.0,
      0.0
    ],
    [
      0.0,
      0.0
    ]
  ],
  "LO": {
    "SM": [
      1.8400226942608868,
      1.6234172293114464
    ],
    "O3pl1": [
      -0.1217043369872448,
      -0.2369492945677429
    ],
    "O3pl2": [
      -0.2230995001279599,
      -0.1968364702721599
    ],
    "Oll": [
      0.2230995001277086,
      0.1968364702716823
    ],
    "Oll1111": [
      -19.389821293505648,
      -2.154424588167288
    ],
    "OpD": [
      -0.2456727378460942,
      -0.4095504106277563
    ],
    "Ope": [
      0.0591484817253069,
      -0.0427061567931139
    ],
    "Opl1": [
      0.101395163139565,
      -0.0401128242968965
    ],
    "OpWB": [
      -0.6438837620017235,
      -0.8100478593985734
    ]
  },
  "NLO": {
    "SM": [
      1.8400226942608868,
      1.6234172293114464
    ],
    "O3pl1": [
      -0.1217043369872448,
      -0.2369492945677429
    ],
    "O3pl2": [
      -0.2230995001279599,
      -0.1968364702721599
    ],
    "Oll": [
      0.2230995001277086,
      0.1968364702716823
    ],
    "Oll1111": [
      -19.389821293505648,
      -2.154424588167288
    ],
    "OpD": [
      -0.2456727378460942,
      -0.4095504106277563
    ],
    "Ope": [
      0.0591484817253069,
      -0.0427061567931139
    ],
    "Opl1": [
      0.101395163139565,
      -0.0401128242968965
    ],
    "OpWB": [
      -0.6438837620017235,
      -0.8100478593985734
    ]
  }
}
