{
    "best_sm": [
        0.6258061326239728,
        0.0397872524178344,
        0.0099424315536318
    ],
    "scales": [
        380.0,
        1500.0,
        3000.0
    ],
    "theory_cov": [
        [
            0.0,
            0.0,
            0.0
        ],
        [
            0.0,
            0.0,
            0.0
        ],
        [
            0.0,
            0.0,
            0.0
        ]
    ],
    "LO": {
        "SM": [
            0.6258061326239728,
            0.0397872524178344,
            0.0099424315536318
        ],
        "O3pl1": [
            -0.0729471065286903,
            -0.0046538981920056,
            -0.0011631542775655
        ],
        "O3pl2": [
            -0.0850198865722595,
            -0.0054109267309044,
            -0.0013521782560011
        ],
        "Oee1122": [
            4.185682633625111,
            4.13286428859802,
            4.130301685759251
        ],
        "Ole1122": [
            0.0554110164053816,
            0.0572355609143,
            0.0573240828650656
        ],
        "Ole1221": [
            0.0,
            0.0,
            0.0
        ],
        "Ole2211": [
            0.4986991476484347,
            0.5151200482287002,
            0.5159167457855913
        ],
        "Oll": [
            0.3380628266183722,
            0.2624711550900966,
            0.2586323558331286
        ],
        "Oll1122": [
            0.2621849389157695,
            0.2576470210435076,
            0.2574268535767763
        ],
        "OpD": [
            -0.1583819739764209,
            -0.0099983761024971,
            -0.0024976119183337
        ],
        "Ope": [
            -0.0116087693073754,
            -0.0006491344939089,
            -0.0001611609650618
        ],
        "Opl1": [
            0.0029307811739124,
            0.0001702358545834,
            4.23479787867e-05
        ],
        "Opl2": [
            -0.0091419988696567,
            -0.0005867926843154,
            -0.0001466759996489
        ],
        "Opmu": [
            -0.0266221833566929,
            -0.0015905566734418,
            -0.0003962265624853
        ],
        "OpWB": [
            -0.2949862235892466,
            -0.0187949687261492,
            -0.0046971106468669
        ],
        "O3pl1*O3pl1": [
            0.0022502753500968,
            0.000143255522114,
            3.58003913516e-05
        ],
        "O3pl1*O3pl2": [
            0.0051319713357376,
            0.0003266353144749,
            8.16257079768e-05
        ],
        "O3pl1*Oee1122": [
            -0.2537533113500001,
            -0.2505512458510582,
            -0.2503958903181784
        ],
        "O3pl1*Ole1122": [
            -0.0070487030930555,
            -0.006959756829196,
            -0.0069554413977271
        ],
        "O3pl1*Ole1221": [
            0.0,
            0.0,
            0.0
        ],
        "O3pl1*Ole2211": [
            -0.0302331951941646,
            -0.031228697782946,
            -0.0312769968684002
        ],
        "O3pl1*Oll": [
            -0.0111408417008766,
            -0.0072218490843114,
            -0.0070209589488909
        ],
        "O3pl1*Oll1122": [
            -0.0067184878209254,
            -0.0069397106184324,
            -0.0069504437485333
        ],
        "O3pl1*OpD": [
            0.009690849522402,
            0.0006110528414982,
            0.0001526336207379
        ],
        "O3pl1*Ope": [
            0.0007037713821827,
            3.93532051421e-05,
            9.770241111039266e-06
        ],
        "O3pl1*Opl1": [
            7.81968202425e-05,
            4.372578349125465e-06,
            1.08558234567103e-06
        ],
        "O3pl1*Opl2": [
            0.0007096174557864,
            4.44968485959e-05,
            1.11105076192e-05
        ],
        "O3pl1*Opmu": [
            0.0014889906445641,
            8.92507664717e-05,
            2.22369930441e-05
        ],
        "O3pl1*OpWB": [
            0.0179876899802969,
            0.0011449843116638,
            0.0002861338495609
        ],
        "O3pl2*O3pl2": [
            0.0033841009233306,
            0.000212229372569,
            5.29977486476e-05
        ],
        "O3pl2*Oee1122": [
            -0.2537533113500001,
            -0.2505512458510582,
            -0.2503958903181784
        ],
        "O3pl2*Ole1122": [
            -0.0033592439104627,
            -0.0034698553092162,
            -0.0034752218742666
        ],
        "O3pl2*Ole1221": [
            0.0,
            0.0,
            0.0
        ],
        "O3pl2*Ole2211": [
            -0.0634383278375,
            -0.0626378114627645,
            -0.0625989725795446
        ],
        "O3pl2*Oll": [
            -0.0118727433239585,
            -0.0072677432705999,
            -0.007032418360569
        ],
        "O3pl2*Oll1122": [
            -0.0067184878209254,
            -0.0069397106184324,
            -0.0069504437485333
        ],
        "O3pl2*OpD": [
            0.0113688992455404,
            0.0007141524866376,
            0.0001783519163435
        ],
        "O3pl2*Ope": [
            -0.0004208299093947,
            -2.52247333486e-05,
            -6.284788828022285e-06
        ],
        "O3pl2*Opl1": [
            -2.22841672954e-05,
            -1.397337692509442e-06,
            -3.4890405880921505e-07
        ],
        "O3pl2*Opl2": [
            0.0016139463436282,
            9.64260929706e-05,
            2.40208852596e-05
        ],
        "O3pl2*Opmu": [
            0.0016139463436282,
            9.64260929706e-05,
            2.40208852596e-05
        ],
        "O3pl2*OpWB": [
            0.0222222825048684,
            0.0014025866787499,
            0.0003503622479736
        ],
        "Oee1122*Oee1122": [
            9.753803941773922,
            151.98101709827787,
            607.9240683931115
        ],
        "Oee1122*Ole1122": [
            0.0,
            0.0,
            0.0
        ],
        "Oee1122*Ole1221": [
            0.0,
            0.0,
            0.0
        ],
        "Oee1122*Ole2211": [
            0.0,
            0.0,
            0.0
        ],
        "Oee1122*Oll": [
            0.2537533113500001,
            0.2505512458510582,
            0.2503958903181784
        ],
        "Oee1122*Oll1122": [
            0.0,
            0.0,
            0.0
        ],
        "Oee1122*OpD": [
            -0.5752585992728625,
            -0.5624914803141977,
            -0.5618720543312449
        ],
        "Oee1122*Ope": [
            -0.1328205305733416,
            -0.1256364547192739,
            -0.1252879028445774
        ],
        "Oee1122*Opl1": [
            0.0,
            0.0,
            0.0
        ],
        "Oee1122*Opl2": [
            0.0,
            0.0,
            0.0
        ],
        "Oee1122*Opmu": [
            -0.1328205305733416,
            -0.1256364547192739,
            -0.1252879028445774
        ],
        "Oee1122*OpWB": [
            -0.9477135643212132,
            -0.9357545443933646,
            -0.9351743251835376
        ],
        "Ole1122*Ole1122": [
            0.0677347495956522,
            1.0554237298491516,
            4.221694919396606
        ],
        "Ole1122*Ole1221": [
            0.0,
            0.0,
            0.0
        ],
        "Ole1122*Ole2211": [
            0.0,
            0.0,
            0.0
        ],
        "Ole1122*Oll": [
            0.0033592439104627,
            0.0034698553092162,
            0.0034752218742666
        ],
        "Ole1122*Oll1122": [
            0.0,
            0.0,
            0.0
        ],
        "Ole1122*OpD": [
            -0.007701825130774,
            -0.0077949056295794,
            -0.0077994216429144
        ],
        "Ole1122*Ope": [
            0.0,
            0.0,
            0.0
        ],
        "Ole1122*Opl1": [
            -0.0036894591825928,
            -0.0034899015199798,
            -0.0034802195234604
        ],