{
    "best_sm": [
        0.5048187445513032,
        0.4658089059412443
    ],
    "scales": [
        380.0,
        380.0
    ],
    "theory_cov": [
        [
            0.0,
            0.0
        ],
        [
            0.0,
            0.0
        ]
    ],
    "LO": {
        "SM": [
            0.5048187445513032,
            0.4658089059412443
        ],
        "O3pl1": [
            0.0351262385999313,
            0.0047608351196606
        ],
        "O3pl2": [
            0.0148131356436707,
            0.0278356695205983
        ],
        "Oee1122": [
            0.1428552529277255,
            1.7690468019338137
        ],
        "Ole1122": [
            -0.8390881879586738,
            -0.1059076718806696
        ],
        "Ole1221": [
            0.0,
            0.0
        ],
        "Ole2211": [
            -0.093232020884297,
            -0.9531690469260268
        ],
        "Oll": [
            0.7248074979223519,
            0.1108104623074239
        ],
        "Oll1122": [
            0.7248074979223522,
            0.1108104623074239
        ],
        "OpD": [
            0.0392606787914368,
            0.0065869723815827
        ],
        "Ope": [
            -0.0041302615946938,
            -0.0443270378952501
        ],
        "Opl1": [
            0.0351262385999314,
            0.0047608351196606
        ],
        "Opl2": [
            0.0148131356436706,
            0.0278356695205983
        ],
        "Opmu": [
            -0.0293911397195467,
            -0.0156317380777696
        ],
        "OpWB": [
            0.0932563640501533,
            0.0608704363948643
        ],
        "O3pl1*O3pl1": [
            0.0003213269197419,
            0.0002031378282144
        ],
        "O3pl1*O3pl2": [
            0.0010849745270136,
            0.0019809971776986
        ],
        "O3pl1*Oee1122": [
            -0.018727024219792,
            0.0671194019272038
        ],
        "O3pl1*Ole1122": [
            0.0112875857597802,
            0.0007055911766836
        ],
        "O3pl1*Ole1221": [
            0.0,
            0.0
        ],
        "O3pl1*Ole2211": [
            -0.0049535376830009,
            -0.0571150067197957
        ],
        "O3pl1*Oll": [
            -0.0717775417282472,
            0.0077939069496488
        ],
        "O3pl1*Oll1122": [
            -0.0696480445493646,
            0.0080825283722814
        ],
        "O3pl1*OpD": [
            0.0011080513072933,
            0.0011214646398439
        ],
        "O3pl1*Ope": [
            -4.026207768e-05,
            -0.0023913807152291
        ],
        "O3pl1*Opl1": [
            -0.0014868433393986,
            0.0001176542337963
        ],
        "O3pl1*Opl2": [
            -0.001044522651869,
            0.001692375755066
        ],
        "O3pl1*Opmu": [
            0.0005097971133675,
            -0.000433095537675
        ],
        "O3pl1*OpWB": [
            0.0032261585638533,
            0.0044579730498917
        ],
        "O3pl2*O3pl2": [
            0.000252398817643,
            0.0012627570671116
        ],
        "O3pl2*Oee1122": [
            -0.0082070102929665,
            -0.0530881460299123
        ],
        "O3pl2*Ole1122": [
            -0.0169821127273434,
            -0.0104323614513176
        ],
        "O3pl2*Ole1221": [
            0.0,
            0.0
        ],
        "O3pl2*Ole2211": [
            0.0043208124643828,
            -0.0304259257519098
        ],
        "O3pl2*Oll": [
            -0.0171704768697225,
            -0.0011346066352606
        ],
        "O3pl2*Oll1122": [
            -0.0162724436096607,
            0.0005529062348631
        ],
        "O3pl2*OpD": [
            0.0011758406903913,
            0.0038811513133246
        ],
        "O3pl2*Ope": [
            0.0002022172437291,
            -0.0006690155290884
        ],
        "O3pl2*Opl1": [
            0.0001869412669518,
            0.0002934843075747
        ],
        "O3pl2*Opl2": [
            -0.0003932356247756,
            0.0008380012640995
        ],
        "O3pl2*Opmu": [
            -0.0005192765518935,
            8.132443099987362e-06
        ],
        "O3pl2*OpWB": [
            0.0029687270569516,
            0.0084154210153037
        ],
        "Oee1122*Oee1122": [
            0.2423859214759227,
            -7.709837483636477
        ],
        "Oee1122*Ole1122": [
            0.434557902953938,
            0.5517223363520559
        ],
        "Oee1122*Ole1221": [
            0.0,
            0.0
        ],
        "Oee1122*Ole2211": [
            0.0482842114393264,
            4.965501027168504
        ],
        "Oee1122*Oll": [
            -0.9270699274236408,
            -1.5895507743368724
        ],
        "Oee1122*Oll1122": [
            -0.9184094539364877,
            -1.4823038750336042
        ],
        "Oee1122*OpD": [
            -0.0296686305107308,
            0.1605333355376235
        ],
        "Oee1122*Ope": [
            -0.0016653391945433,
            0.2731602774913996
        ],
        "Oee1122*Opl1": [
            -0.0273874977069463,
            -0.0401274973760645
        ],
        "Oee1122*Opl2": [
            -0.0168674837801207,
            -0.1603350453331809
        ],
        "Oee1122*Opmu": [
            0.0114170928814183,
            0.123673110258969
        ],
        "Oee1122*OpWB": [
            -0.0502963876881778,
            0.026201848298216
        ],
        "Ole1122*Ole1122": [
            -0.4556652601982105,
            -0.1200847280613058
        ],
        "Ole1122*Ole1221": [
            0.0,
            0.0
        ],
        "Ole1122*Ole2211": [
            0.1266757853539071,
            0.1687936980574639
        ],
        "Ole1122*Oll": [
            2.2556939331496424,
            0.0409796261460613
        ],
        "Ole1122*Oll1122": [
            2.204824953141768,
            0.0345590671143762
        ],
        "Ole1122*OpD": [
            0.0028002255858704,
            -0.0126662660121442
        ],
        "Ole1122*Ope": [
            0.0013315391938108,
            0.0019602692100955
        ],
        "Ole1122*Opl1": [
            0.0621565657676548,
            0.0071261502083687
        ],
        "Ole1122*Opl2": [
            0.0338868672805314,
            -0.0040118024196325
        ],
        "Ole1122*Opmu": [
            -0.0338239665724544,
            -0.0118906163243376
        ],
        "Ole1122*OpWB": [
            -0.010633911378025,
            -0.0181636883421639
        ],
        "Ole1221*Ole1221": [
            -1.4323370378768694,
            -1.5503074602137732
        ],
        "Ole1221*Ole2211": [
            0.0,
            0.0
        ],
        "Ole1221*Oll": [
            0.0,
            0.0
        ],
        "Ole1221*Oll1122": [
            0.0,
            0.0
        ],
        "Ole1221*OpD": [
            0.0,
            0.0
        ],
        "Ole1221*Ope": [
            0.0,
            0.0
        ],
        "Ole1221*Opl1": [
            0.0,
            0.0
        ],
        "Ole1221*Opl2": [
            0.0,
            0.0
        ],
        "Ole1221*Opmu": [
            0.0,
            0.0
        ],
        "Ole1221*OpWB": [
            0.0,
            0.0
        ],
        "Ole2211*Ole2211": [
            -0.1069298224015376,
            -0.4055877603218973
        ],
        "Ole2211*Oll": [
            0.2506326592388491,
            0.3688166353145523
        ],
        "Ole2211*Oll1122": [
            0.2449805503490852,
            0.3110316040293865
        ],
        "Ole2211*OpD": [
            0.0003111361762078,
            -0.1139963941092981
        ],
        "Ole2211*Ope": [
            -0.0075718123842554,
            -0.0612815062489952
        ],
        "Ole2211*Opl1": [
            0.0006985712067629,
            0.0006700245653701
        ],
        "Ole2211*Opl2": [
            0.0099729213541466,
            0.027359105533256
        ],