{
    "best_sm": [
        0.6429723330597755,
        0.5007840362853996
    ],
    "scales": [
        3000.0,
        3000.0
    ],
    "theory_cov": [
        [
            0.0,
            0.0
        ],
        [
            0.0,
            0.0
        ]
    ],
    "LO": {
        "SM": [
            0.6429723330597755,
            0.5007840362853996
        ],
        "O3pl1": [
            0.0158667154039447,
            0.0121388524728634
        ],
        "O3pl2": [
            2.775557561562892e-17,
            6.938893903907228e-18
        ],
        "Oeb": [
            0.5381962397808024,
            48.28536689587905
        ],
        "Olb": [
            -49.79741854165872,
            -15.595881160651876
        ],
        "Oll": [
            -2.775557561562892e-17,
            -6.245004513516506e-17
        ],
        "OpD": [
            0.0184844754758919,
            0.0204518432766623
        ],
        "Opdi": [
            -0.0257470144831108,
            -0.0278965371835318
        ],
        "Ope": [
            0.0042951335985586,
            0.104201135107976
        ],
        "Opl1": [
            0.0158667154039447,
            0.0121388524728633
        ],
        "OpQ3": [
            0.0071760402757257,
            -0.1030281919360849
        ],
        "OpQM": [
            0.0035880201378628,
            -0.0515140959680424
        ],
        "OpWB": [
            0.0363296082032647,
            -0.0735289958588196
        ],
        "OQe": [
            5.548960438416856,
            140.7666368632181
        ],
        "OQl31": [
            22.92403752330398,
            25.391067988450505
        ],
        "OQlM1": [
            11.46201876165199,
            12.695533994225253
        ],
        "O3pl1*O3pl1": [
            -0.0010138622809352,
            0.00047581728298
        ],
        "O3pl1*O3pl2": [
            0.0009619056021244,
            0.0007359072057287
        ],
        "O3pl1*Oeb": [
            -0.1685866131524007,
            -2.128652429252781
        ],
        "O3pl1*Olb": [
            6.009228422904904,
            0.5671462845084361
        ],
        "O3pl1*Oll": [
            -0.0009619056021244,
            -0.0007359072057287
        ],
        "O3pl1*OpD": [
            -0.0022736529318233,
            0.0022521866407259
        ],
        "O3pl1*Opdi": [
            0.0031497010275184,
            0.0011681018350076
        ],
        "O3pl1*Ope": [
            -0.000238816711569,
            0.0029908784306576
        ],
        "O3pl1*Opl1": [
            -0.0029896301639949,
            0.0002157273602313
        ],
        "O3pl1*OpQ3": [
            -0.0025432522592849,
            -0.0024428712393537
        ],
        "O3pl1*OpQM": [
            -0.0012716261296424,
            -0.0012214356196768
        ],
        "O3pl1*OpWB": [
            -0.004364925141832,
            0.0008704026763731
        ],
        "O3pl1*OQe": [
            -0.3327278417364487,
            3.427127954248837
        ],
        "O3pl1*OQl31": [
            -5.496780137074429,
            0.7459019785746879
        ],
        "O3pl1*OQlM1": [
            -2.7483900685372147,
            0.3729509892873439
        ],
        "O3pl2*O3pl2": [
            2.6020852139652106e-18,
            2.818925648462312e-18
        ],
        "O3pl2*Oeb": [
            0.0326276715065272,
            2.9272577049080653
        ],
        "O3pl2*Olb": [
            -3.018924499940847,
            -0.9454865154238892
        ],
        "O3pl2*Oll": [
            -8.673617379884035e-18,
            -1.0842021724855044e-17
        ],
        "O3pl2*OpD": [
            0.0011206049935307,
            0.0012398749281594
        ],
        "O3pl2*Opdi": [
            -0.001560890003934,
            -0.0016912029184087
        ],
        "O3pl2*Ope": [
            0.0002603886793922,
            0.0063171017476729
        ],
        "O3pl2*Opl1": [
            0.0009619056021244,
            0.0007359072057287
        ],
        "O3pl2*OpQ3": [
            0.0004350411012335,
            -0.006245993104246
        ],
        "O3pl2*OpQM": [
            0.0002175205506167,
            -0.003122996552123
        ],
        "O3pl2*OpWB": [
            0.0022024503978321,
            -0.0044576304064545
        ],
        "O3pl2*OQe": [
            0.3364008237239271,
            8.533852983666945
        ],
        "O3pl2*OQl31": [
            1.3897495200232015,
            1.5393110621963482
        ],
        "O3pl2*OQlM1": [
            0.6948747600116008,
            0.7696555310981741
        ],
        "Oeb*Oeb": [
            55.00187143845415,
            -5885.423637349555
        ],
        "Oeb*Olb": [
            388.16603836300783,
            2999.938847272925
        ],
        "Oeb*Oll": [
            -0.0326276715065272,
            -2.927257704908051
        ],
        "Oeb*OpD": [
            -0.2296613252717994,
            -2.9379203639356497
        ],
        "Oeb*Opdi": [
            0.1536246483692647,
            6.3894498008960845
        ],
        "Oeb*Ope": [
            -0.0491704248474688,
            -19.702422191900272
        ],
        "Oeb*Opl1": [
            -0.201214284658928,
            -5.055910134160836
        ],
        "Oeb*OpQ3": [
            -0.1568874586636703,
            16.275247680346844
        ],
        "Oeb*OpQM": [
            -0.0784437293318351,
            8.137623840173422
        ],
        "Oeb*OpWB": [
            -0.4003737299648692,
            16.68743848483583
        ],
        "Oeb*OQe": [
            -43.25360738552021,
            -27077.10439544528
        ],
        "Oeb*OQl31": [
            -375.6371681550263,
            -11795.57898586146
        ],
        "Oeb*OQlM1": [
            -187.81858407751315,
            -5897.7894929307295
        ],
        "Olb*Olb": [
            -9167.50048106207,
            -3244.6173458934272
        ],
        "Olb*Oll": [
            3.018924499940843,
            0.9454865154238896
        ],
        "Olb*OpD": [
            6.557168813085525,
            -0.8488450503814919
        ],
        "Olb*Opdi": [
            -9.558156940129408,
            -4.562777329003286
        ],
        "Olb*Ope": [
            -0.3752663850937143,
            -3.270630896574501
        ],
        "Olb*Opl1": [
            9.028152922845749,
            1.5126327999323244
        ],
        "Olb*OpQ3": [
            8.811871313503627,
            3.801380009047172
        ],
        "Olb*OpQM": [
            4.405935656751813,
            1.9006900045235864
        ],
        "Olb*OpWB": [
            13.811675081942042,
            2.842823059951677
        ],
        "Olb*OQe": [
            -408.8739354795342,
            -3630.390661031858
        ],
        "Olb*OQl31": [
            16533.6213280307,
            1577.530753707532
        ],
        "Olb*OQlM1": [
            8266.81066401535,
            788.765376853766
        ],
        "Oll*Oll": [
            4.3368086899420185e-18,
            8.890457814381136e-18
        ],
        "Oll*OpD": [
            -0.0011206049935307,
            -0.0012398749281594
        ],
        "Oll*Opdi": [
            0.001560890003934,
            0.0016912029184087
        ],
        "Oll*Ope": [
            -0.0002603886793922,
            -0.0063171017476729
        ],
        "Oll*Opl1": [
            -0.0009619056021244,
            -0.0007359072057287
        ],
        "Oll*OpQ3": [
            -0.0004350411012335,
            0.006245993104246
        ],
        "Oll*OpQM": [
            -0.0002175205506167,
            0.003122996552123
        ],
        "Oll*OpWB": [
            -0.002202450397832,
            0.0044576304064544
        ],
        "Oll*OQe": [
            -0.3364008237239266,
            -8.53385298366695
        ],
        "Oll*OQl31": [
            -1.3897495200232086,
            -1.5393110621963446
        ],