{
  "best_sm": [
    0.0019824305136282,
    0.0006293317399328
  ],
  "scales": [
    3000.0,
    3000.0
  ],
  "theory_cov": [
    [
      0.0,
      0.0
    ],
    [
      0.0,
      0.0
    ]
  ],
  "LO": {
    "SM": [
      0.0019824305136282,
      0.0006293317399328
    ],
    "O3pl1": [
      2.19593703411e-05,
      -4.71580761458e-05
    ],
    "O3pl2": [
      -0.0002403661965736,
      -7.63053613586e-05
    ],
    "Oll": [
      0.0002403661965736,
      7.63053613586e-05
    ],
    "Opd": [
      3.07428149989e-05,
      -5.60931382398e-05
    ],
    "OpD": [
      1.84250258715e-05,
      -0.0001092367547394
    ],
    "Ope": [
      -8.639680810872264e-06,
      -7.77571272978e-05
    ],
    "Opl1": [
      0.0002623255669147,
      2.91472852127e-05
    ],
    "OpQ3": [
      0.0003613248034502,
      9.97844828436e-05
    ],
    "OpQM": [
      0.0001806624017251,
      4.98922414218e-05
    ],
    "OpWB": [
      -7.0483618308e-05,
      -0.0001373862277893
    ],
    "OQe": [
      -0.0081386163144562,
      -0.073247546830106
    ],
    "OQl31": [
      0.6918244026627917,
      0.0768693780736435
    ],
    "OQlM1": [
      0.3459122013313958,
      0.0384346890368217
    ],
    "O3pl1*O3pl1": [
      1.6913448573394794e-06,
      1.6913448573394794e-06
    ],
    "O3pl1*O3pl2": [
      -1.331267424447094e-06,
      2.858916699220508e-06
    ],
    "O3pl1*Oll": [
      1.331267424447094e-06,
      -2.8589166992205157e-06
    ],
    "O3pl1*Opd": [
      -4.13663999501287e-06,
      3.1480542774339985e-06
    ],
    "O3pl1*OpD": [
      4.173632004047322e-06,
      7.210229840526925e-06
    ],
    "O3pl1*Ope": [
      5.237730154584491e-07,
      4.713957139126043e-06
    ],
    "O3pl1*Opl1": [
      4.713957139126048e-06,
      5.237730154584497e-07
    ],
    "O3pl1*OpQ3": [
      4.145556816111867e-06,
      -3.1548401318558733e-06
    ],
    "O3pl1*OpQM": [
      2.0727784080559333e-06,
      -1.5774200659279366e-06
    ],
    "O3pl1*OpWB": [
      7.701497416834369e-06,
      8.709862040770659e-06
    ],
    "O3pl1*OQe": [
      0.0004933964230851,
      0.0044405678077666
    ],
    "O3pl1*OQl31": [
      0.0088811356155333,
      0.0009867928461703
    ],
    "O3pl1*OQlM1": [
      0.0044405678077666,
      0.0004933964230851
    ],
    "O3pl2*O3pl2": [
      7.2859941443227426e-06,
      2.3129725558931757e-06
    ],
    "O3pl2*Oll": [
      -1.45719882886e-05,
      -4.625945111786357e-06
    ],
    "O3pl2*Opd": [
      -1.8637559961010744e-06,
      3.4005969439797534e-06
    ],
    "O3pl2*OpD": [
      -1.1170009137944622e-06,
      6.622381738544505e-06
    ],
    "O3pl2*Ope": [
      5.237730154584491e-07,
      4.713957139126043e-06
    ],
    "O3pl2*Opl1": [
      -1.5903255713e-05,
      -1.76702841256584e-06
    ],
    "O3pl2*OpQ3": [
      -2.1904996956e-05,
      -6.049346106536343e-06
    ],
    "O3pl2*OpQM": [
      -1.0952498478e-05,
      -3.0246730532681715e-06
    ],
    "O3pl2*OpWB": [
      4.2730070832193205e-06,
      8.328918670368988e-06
    ],
    "O3pl2*OQe": [
      0.0004933964230851,
      0.0044405678077666
    ],
    "O3pl2*OQl31": [
      -0.0419412431411163,
      -0.0046601381267907
    ],
    "O3pl2*OQlM1": [
      -0.0209706215705581,
      -0.0023300690633953
    ],
    "Oll*Oll": [
      7.2859941443227426e-06,
      2.3129725558931757e-06
    ],
    "Oll*Opd": [
      1.8637559961010744e-06,
      -3.4005969439797534e-06
    ],
    "Oll*OpD": [
      1.1170009137944622e-06,
      -6.622381738544505e-06
    ],
    "Oll*Ope": [
      -5.237730154584491e-07,
      -4.713957139126043e-06
    ],
    "Oll*Opl1": [
      1.5903255713e-05,
      1.76702841256584e-06
    ],
    "Oll*OpQ3": [
      2.1904996956e-05,
      6.04934610653635e-06
    ],
    "Oll*OpQM": [
      1.0952498478e-05,
      3.024673053268175e-06
    ],
    "Oll*OpWB": [
      -4.273007083219322e-06,
      -8.32891867036899e-06
    ],
    "Oll*OQe": [
      -0.0004933964230851,
      -0.0044405678077666
    ],
    "Oll*OQl31": [
      0.0419412431411163,
      0.0046601381267907
    ],
    "Oll*OQlM1": [
      0.0209706215705581,
      0.0023300690633953
    ],
    "Opd*Opd": [
      4.544371240952558e-06,
      3.2126349986239737e-06
    ],
    "Opd*OpD": [
      -4.1829635157129785e-06,
      7.630627125248705e-06
    ],
    "Opd*Ope": [
      2.0307786455552587e-07,
      1.827700780999733e-06
    ],
    "Opd*Opl1": [
      -2.2728839989117955e-06,
      -2.52542666545755e-07
    ],
    "Opd*OpQ3": [
      0.0,
      0.0
    ],
    "Opd*OpQM": [
      0.0,
      0.0
    ],
    "Opd*OpWB": [
      -1.12050885992e-05,
      1.22288957679e-05
    ],
    "Opd*OQe": [
      0.0,
      0.0
    ],
    "Opd*OQl31": [
      0.0,
      0.0
    ],
    "Opd*OQlM1": [
      0.0,
      0.0
    ],
    "OpD*OpD": [
      2.7664228222971047e-06,
      7.875997189776586e-06
    ],
    "OpD*Ope": [
      1.1748943983642728e-06,
      1.05740495852e-05
    ],
    "OpD*Opl1": [
      5.290632917841787e-06,
      5.878481019824206e-07
    ],
    "OpD*OpQ3": [
      4.198510666940273e-06,
      -7.642458775085774e-06
    ],
    "OpD*OpQM": [
      2.0992553334701363e-06,
      -3.821229387542887e-06
    ],
    "OpD*OpWB": [
      9.628058593336397e-06,
      1.86951702226e-05
    ],
    "OpD*OQe": [
      0.0011066183954668,
      0.009959565559202
    ],
    "OpD*OQl31": [
      0.0099706679164654,
      0.0011078519907183
    ],
    "OpD*OQlM1": [
      0.0049853339582327,
      0.0005539259953591
    ],
    "Ope*Ope": [
      1.145400714012144e-06,
      1.03086064261e-05
    ],
    "Ope*Opl1": [
      0.0,
      0.0
    ],
    "Ope*OpQ3": [
      -2.3275674574966344e-06,
      -2.09481071174e-05
    ],
    "Ope*OpQM": [
      -1.1637837287483172e-06,
      -1.04740535587e-05
    ],
    "Ope*OpWB": [
      -2.1706129140589378e-07,
      -1.953551622653045e-06
    ],
    "Ope*OQe": [
      0.0028234654864805,
      0.0254111893783248
    ],
    "Ope*OQl31": [
      0.0,
      0.0
    ],
    "Ope*OQlM1": [
      0.0,
      0.0
    ],
    "Opl1*Opl1": [
      1.03086064261e-05,
      1.1454007140121445e-06
    ],
    "Opl1*OpQ3": [
      2.60505537721e-05,
      2.894505974680471e-06
    ],
    "Opl1*OpQM": [
      1.3025276886e-05,
      1.4472529873402357e-06
    ],
    "Opl1*OpWB": [
      3.4284903336150474e-06,
      3.809433704016719e-07
    ],
    "Opl1*OQe": [
      0.0,
      0.0
    ],
    "Opl1*OQl31": [
      0.0508223787566496,
      0.005646930972961
    ],
    "Opl1*OQlM1": [
      0.0254111893783248,
      0.0028234654864805
    ],
    "OpQ3*OpQ3": [
      1.81774849638e-05,
      1.28505399944e-05
    ],
    "OpQ3*OpQM": [
      1.81774849638e-05,
      1.28505399944e-05
    ],
    "OpQ3*OpWB": [
      7.806533597645714e-07,
      6.809170088437991e-06
    ],
    "OpQ3*OQe": [
      -0.002956133484994,
      -0.0266052013649468
    ],
    "OpQ3*OQl31": [
      0.0661711556933702,
      0.0073523506325966
    ],
    "OpQ3*OQlM1": [
      0.0330855778466851,
      0.0036761753162983
    ],
    "OpQM*OpQM": [
      4.544371240952558e-06,
      3.2126349986239737e-06
    ],
    "OpQM*OpWB": [
      3.903266798822857e-07,
      3.404585044218996e-06
    ],
    "OpQM*OQe": [
      -0.001478066742497,
      -0.0133026006824734
    ],
    "OpQM*OQl31": [
      0.0330855778466851,
      0.0036761753162983
    ],
    "OpQM*OQlM1": [
      0.0165427889233425,
      0.0018380876581491
    ],
    "OpWB*OpWB": [
      1.15449904549e-05,
      1.90878839409e-05
    ],
    "OpWB*OQe": [
      -0.0009174007087212,
      -0.0082566063784916
    ],
    "OpWB*OQl31": [
      4.7563061675e-05,
      5.284784630564862e-06
    ],
    "OpWB*OQlM1": [
      2.37815308375e-05,
      2.642392315282431e-06
    ],
    "OQe*OQe": [
      1.792975073918419,
      16.136775665265773
    ],
    "OQe*OQl31": [
      0.0,
      0.0
    ],
    "OQe*OQlM1": [
      0.0,
      0.0
    ],
    "OQl31*OQl31": [
      64.5471026610631,
      7.171900295673676
    ],