{
    "best_sm": [
        0.6492090245820532,
        0.6432867393618444,
        0.6429723330597756
    ],
    "scales": [
        380.0,
        1500.0,
        3000.0
    ],
    "theory_cov": [
        [
            0.0,
            0.0,
            0.0
        ],
        [
            0.0,
            0.0,
            0.0
        ],
        [
            0.0,
            0.0,
            0.0
        ]
    ],
    "LO": {
        "SM": [
            0.6492090245820532,
            0.6432867393618444,
            0.6429723330597756
        ],
        "O3pl1": [
            0.0149136173700767,
            0.0158206527540116,
            0.0158667154039447
        ],
        "O3pl2": [
            0.0,
            0.0,
            0.0
        ],
        "Oeb": [
            0.00735821946377,
            0.1335263449664347,
            0.5381962397808007
        ],
        "Olb": [
            -0.7208361591542953,
            -12.390169441670883,
            -49.79741854165872
        ],
        "Oll": [
            0.0,
            0.0,
            0.0
        ],
        "OpD": [
            0.0173252919028739,
            0.0184274707318553,
            0.0184844754758919
        ],
        "Opdi": [
            -0.0246138913162533,
            -0.025695265728265,
            -0.0257470144831108
        ],
        "Ope": [
            0.0049192091546937,
            0.0043245501115734,
            0.0042951335985586
        ],
        "Opl1": [
            0.0149136173700766,
            0.0158206527540115,
            0.0158667154039446
        ],
        "OpQ3": [
            0.0056771547077421,
            0.007103327702777,
            0.0071760402757257
        ],
        "OpQM": [
            0.002838577353871,
            0.0035516638513885,
            0.0035880201378628
        ],
        "OpWB": [
            0.0331502979150321,
            0.0361756997802086,
            0.0363296082032647
        ],
        "OQe": [
            0.0958392480974806,
            1.3925923974668075,
            5.548960438416857
        ],
        "OQl31": [
            0.3217594351923023,
            5.694541785646187,
            22.924037523303863
        ],
        "OQlM1": [
            0.1608797175961511,
            2.8472708928230936,
            11.462018761651931
        ],
        "O3pl1*O3pl1": [
            -0.0010281437790017,
            -0.0010147079942271,
            -0.0010138622809352
        ],
        "O3pl1*O3pl2": [
            0.0009041248759431,
            0.0009591130946715,
            0.0009619056021244
        ],
        "O3pl1*Oeb": [
            -0.0024001525190371,
            -0.0419107089161125,
            -0.1685866131524004
        ],
        "O3pl1*Olb": [
            0.0943843054866144,
            1.5010503362590906,
            6.009228422904906
        ],
        "O3pl1*Oll": [
            -0.0009041248759431,
            -0.0009591130946715,
            -0.0009619056021244
        ],
        "O3pl1*OpD": [
            -0.0022977147818212,
            -0.0022751994673232,
            -0.0022736529318233
        ],
        "O3pl1*Opdi": [
            0.0032620029040848,
            0.0031554894780536,
            0.0031497010275184
        ],
        "O3pl1*Ope": [
            -0.0002990793034469,
            -0.0002415568642454,
            -0.000238816711569
        ],
        "O3pl1*Opl1": [
            -0.0029604124339466,
            -0.0029885290831257,
            -0.0029896301639949
        ],
        "O3pl1*OpQ3": [
            -0.0024029234524018,
            -0.002536929591522,
            -0.0025432522592849
        ],
        "O3pl1*OpQM": [
            -0.0012014617262009,
            -0.001268464795761,
            -0.0012716261296424
        ],
        "O3pl1*OpWB": [
            -0.004395138264718,
            -0.0043673949541483,
            -0.004364925141832
        ],
        "O3pl1*OQe": [
            -0.0061676155541104,
            -0.0837980422179395,
            -0.3327278417364488
        ],
        "O3pl1*OQl31": [
            -0.0808682138988011,
            -1.3686693943537462,
            -5.496780137074428
        ],
        "O3pl1*OQlM1": [
            -0.0404341069494005,
            -0.6843346971768731,
            -2.748390068537214
        ],
        "O3pl2*O3pl2": [
            0.0,
            0.0,
            0.0
        ],
        "O3pl2*Oeb": [
            0.0004460855535419,
            0.0080949166846771,
            0.0326276715065269
        ],
        "O3pl2*Olb": [
            -0.0437000552447046,
            -0.7511430749083298,
            -3.0189244999408484
        ],
        "O3pl2*Oll": [
            0.0,
            0.0,
            0.0
        ],
        "O3pl2*OpD": [
            0.001050330513628,
            0.0011171491312908,
            0.0011206049935307
        ],
        "O3pl2*Opdi": [
            -0.0014921954131288,
            -0.0015577527813947,
            -0.001560890003934
        ],
        "O3pl2*Ope": [
            0.000298222708573,
            0.0002621720295024,
            0.0002603886793922
        ],
        "O3pl2*Opl1": [
            0.0009041248759431,
            0.0009591130946714,
            0.0009619056021244
        ],
        "O3pl2*OpQ3": [
            0.000344172488034,
            0.0004306329657446,
            0.0004350411012335
        ],
        "O3pl2*OpQM": [
            0.000172086244017,
            0.0002153164828723,
            0.0002175205506167
        ],
        "O3pl2*OpWB": [
            0.0020097075207283,
            0.002193119835672,
            0.0022024503978321
        ],
        "O3pl2*OQe": [
            0.0058101697359141,
            0.0844246836535688,
            0.3364008237239272
        ],
        "O3pl2*OQl31": [
            0.0195063814638611,
            0.3452265642694403,
            1.3897495200231944
        ],
        "O3pl2*OQlM1": [
            0.0097531907319305,
            0.1726132821347201,
            0.6948747600115972
        ],
        "Oeb*Oeb": [
            0.0119493207436666,
            3.409976090110519,
            55.00187143845392
        ],
        "Oeb*Olb": [
            0.0853092594404526,
            24.082923211763926,
            388.16603836300783
        ],
        "Oeb*Oll": [
            -0.0004460855535419,
            -0.008094916684677,
            -0.0326276715065269
        ],
        "Oeb*OpD": [
            -0.0032654050473355,
            -0.0570882374672406,
            -0.2296613252717989
        ],
        "Oeb*Opdi": [
            0.0022384091119719,
            0.0382395562860958,
            0.1536246483692649
        ],
        "Oeb*Ope": [
            -0.0008070390944103,
            -0.0123072289049151,
            -0.0491704248474687
        ],
        "Oeb*Opl1": [
            -0.0028462380725791,
            -0.0500056256007897,
            -0.2012142846589273
        ],
        "Oeb*OpQ3": [
            -0.0020796698859901,
            -0.0388767720492483,
            -0.1568874586636695
        ],
        "Oeb*OpQM": [
            -0.001039834942995,
            -0.0194383860246241,
            -0.0784437293318347
        ],
        "Oeb*OpWB": [
            -0.0055907870400356,
            -0.0994464009583604,
            -0.4003737299648684
        ],
        "Oeb*OQe": [
            -0.0113423489883167,
            -2.7067987997552847,
            -43.25360738552021
        ],
        "Oeb*OQl31": [
            -0.0796461312837827,
            -23.26195323974494,
            -375.6371681550245
        ],
        "Oeb*OQlM1": [
            -0.0398230656418913,
            -11.63097661987247,
            -187.81858407751224
        ],
        "Olb*Olb": [
            -2.2608014532048606,
            -571.8722523033412,
            -9167.50048106207
        ],
        "Olb*Oll": [
            0.0437000552447045,
            0.7511430749083299,
            3.0189244999408444
        ],