{
    "best_sm": [
        26.82630615071824,
        25.07688208871616
    ],
    "scales": [
        380.0,
        380.0
    ],
    "theory_cov": [
        [
            0.0,
            0.0
        ],
        [
            0.0,
            0.0
        ]
    ],
    "LO": {
        "SM": [
            26.82630615071824,
            25.07688208871616
        ],
        "O3pl1": [
            -2.694076183222149,
            -3.6046468870402144
        ],
        "O3pl2": [
            -3.2526422153211314,
            -3.040527639255961
        ],
        "Oee1111": [
            -1.774235621061814,
            -15.968120589556415
        ],
        "Ole1111": [
            -5.681491898085921,
            -5.681491898085921
        ],
        "Oll": [
            3.2526422153211434,
            3.040527639255943
        ],
        "Oll1111": [
            -17.26559432609586,
            -1.918399369566212
        ],
        "OpD": [
            -4.6590437895838015,
            -5.968063448782343
        ],
        "Ope": [
            0.7711821907701687,
            -0.0677034625201356
        ],
        "Opl1": [
            0.5585660320992948,
            -0.5641192477843175
        ],
        "OpWB": [
            -11.10485151802656,
            -12.409142569110928
        ],
        "O3pl1*O3pl1": [
            0.1048587771607668,
            0.1418944133481034
        ],
        "O3pl1*O3pl2": [
            0.1633259882223151,
            0.2185285325948738
        ],
        "O3pl1*Oee1111": [
            0.1075614668782565,
            0.9680532019043088
        ],
        "O3pl1*Ole1111": [
            0.5620747043360363,
            0.5620747043360363
        ],
        "O3pl1*Oll": [
            -0.1633259882223183,
            -0.2185285325948734
        ],
        "O3pl1*Oll1111": [
            0.2435321504419096,
            0.0270591278268786
        ],
        "O3pl1*OpD": [
            0.2979466387646837,
            0.4407915044155166
        ],
        "O3pl1*Ope": [
            -0.0777321043532504,
            -0.0268754028306929
        ],
        "O3pl1*Opl1": [
            0.0463915660992092,
            0.0652602941013295
        ],
        "O3pl1*OpWB": [
            0.6966183484865213,
            0.9380231778286766
        ],
        "O3pl2*O3pl2": [
            0.0985942801950885,
            0.0921646508163644
        ],
        "O3pl2*Oee1111": [
            0.1075614668782565,
            0.9680532019043088
        ],
        "O3pl2*Ole1111": [
            0.3444354263664966,
            0.3444354263664966
        ],
        "O3pl2*Oll": [
            -0.1971885603901721,
            -0.184329301632722
        ],
        "O3pl2*Oll1111": [
            1.0467114007824725,
            0.1163012667536086
        ],
        "O3pl2*OpD": [
            0.2824504131856891,
            0.3618085734234938
        ],
        "O3pl2*Ope": [
            -0.0467522389275375,
            0.0041044625950208
        ],
        "O3pl2*Opl1": [
            -0.0338625721678422,
            0.0341992309621339
        ],
        "O3pl2*OpWB": [
            0.673221811446521,
            0.752293303995493
        ],
        "Oee1111*Oee1111": [
            1.0023802021149224,
            9.021421819034304
        ],
        "Oee1111*Ole1111": [
            0.0,
            0.0
        ],
        "Oee1111*Oll": [
            -0.1075614668782567,
            -0.9680532019043072
        ],
        "Oee1111*Oll1111": [
            0.0,
            0.0
        ],
        "Oee1111*OpD": [
            0.2234228130615635,
            2.0108053175540626
        ],
        "Oee1111*Ope": [
            0.0717625391760256,
            0.6458628525842305
        ],
        "Oee1111*Opl1": [
            0.0,
            0.0
        ],
        "Oee1111*OpWB": [
            0.4017187425712384,
            3.6154686831411578
        ],
        "Ole1111*Ole1111": [
            2.5996770005638274,
            2.5996770005638274
        ],
        "Ole1111*Oll": [
            -0.3444354263664957,
            -0.3444354263664957
        ],
        "Ole1111*Oll1111": [
            0.0,
            0.0
        ],
        "Ole1111*OpD": [
            0.7093688259985201,
            0.7093688259985201
        ],
        "Ole1111*Ope": [
            -0.2706508842005915,
            -0.2706508842005915
        ],
        "Ole1111*Opl1": [
            0.2176392779695432,
            0.2176392779695432
        ],
        "Ole1111*OpWB": [
            1.6928093322029922,
            1.6928093322029922
        ],
        "Oll*Oll": [
            0.0985942801950885,
            0.0921646508163644
        ],
        "Oll*Oll1111": [
            -1.046711400782474,
            -0.1163012667536088
        ],
        "Oll*OpD": [
            -0.2824504131856874,
            -0.3618085734234914
        ],
        "Oll*Ope": [
            0.0467522389275383,
            -0.0041044625950198
        ],
        "Oll*Opl1": [
            0.0338625721678446,
            -0.0341992309621338
        ],
        "Oll*OpWB": [
            -0.6732218114465274,
            -0.7522933039954579
        ],
        "Oll1111*Oll1111": [
            9.021421819034304,
            1.0023802021149224
        ],
        "Oll1111*OpD": [
            0.9240237403604848,
            0.1026693044844974
        ],
        "Oll1111*Ope": [
            0.0,
            0.0
        ],
        "Oll1111*Opl1": [
            -0.8031792503405595,
            -0.0892421389267284
        ],
        "Oll1111*OpWB": [
            2.4093898681912,
            0.2677099853545781
        ],
        "OpD*OpD": [
            0.2311740833636283,
            0.3621112004183824
        ],
        "OpD*Ope": [
            -0.0950178868023592,
            0.0095594662493041
        ],
        "OpD*Opl1": [
            0.0154962255789946,
            0.0789829309920245
        ],
        "OpD*OpWB": [
            1.0838285338998477,
            1.4987685804899178
        ],
        "Ope*Ope": [
            0.0212510080330021,
            0.0371558598969491
        ],
        "Ope*Opl1": [
            -0.0309798654257131,
            -0.0309798654257131
        ],
        "Ope*OpWB": [
            -0.2324610071986367,
            -0.0425222607320498
        ],
        "Opl1*Opl1": [
            0.0401270691335282,
            0.0155305315695975
        ],
        "Opl1*OpWB": [
            0.023396537040026,
            0.1857298738332078
        ],
        "OpWB*OpWB": [
            1.2790139502158082,
            1.5782413333820051
        ]
    }
}