{
  "best_sm": [
    0.9607530796243724,
    0.9646566725532554,
    0.9650085455582128
  ],
  "scales": [
    380.0,
    1500.0,
    3000.0
  ],
  "theory_cov": [
    [
      0.0,
      0.0,
      0.0
    ],
    [
      0.0,
      0.0,
      0.0
    ],
    [
      0.0,
      0.0,
      0.0
    ]
  ],
  "LO": {
    "SM": [
      0.9607530796243724,
      0.9646566725532554,
      0.9650085455582128
    ],
    "O3pl1": [
      0.0047225687672197,
      0.0055912671518947,
      0.0056600756838816
    ],
    "O3pl2": [
      6.938893903907227e-17,
      -6.410150188429499e-14,
      9.861556016232953e-14
    ],
    "Oll": [
      6.7307270867900115e-15,
      2.3685220451596933e-13,
      7.946976410266872e-13
    ],
    "Oll1111": [
      0.00141877166151,
      0.0562384538861131,
      0.2333979684721967
    ],
    "OpD": [
      0.0033082782962546,
      0.0043943173083138,
      0.0044811274215651
    ],
    "Ope": [
      -0.0039788832138361,
      -0.0037557956441476,
      -0.0037365525601201
    ],
    "Opl1": [
      0.0047225687672527,
      0.005591267152572,
      0.0056600756864558
    ],
    "OpWB": [
      0.0088188848755528,
      0.0104410848746293,
      0.0105695773477619
    ],
    "O3pl1*O3pl1": [
      0.0001252375080617,
      3.25161276425e-05,
      2.07299765668e-05
    ],
    "O3pl1*O3pl2": [
      0.000286301558824,
      0.0003389656307945,
      0.0003431370871113
    ],
    "O3pl1*Oll": [
      -0.0002863015588249,
      -0.0003389656308113,
      -0.0003431370871847
    ],
    "O3pl1*Oll1111": [
      0.0032711386819074,
      0.0632530308837497,
      0.2552685418882654
    ],
    "O3pl1*OpD": [
      0.0004333323833186,
      0.0002921189450302,
      0.0002718397793744
    ],
    "O3pl1*Ope": [
      -5.13324724287e-05,
      1.68037423707e-05,
      2.39441304043e-05
    ],
    "O3pl1*Opl1": [
      -3.58265426983e-05,
      -0.0002739333754823,
      -0.000301677133862
    ],
    "O3pl1*OpWB": [
      0.0010023720249898,
      0.0007544222272529,
      0.0007181932525114
    ],
    "O3pl2*O3pl2": [
      -5.295243410419205e-16,
      -9.353195301597951e-15,
      1.7057535939279944e-14
    ],
    "O3pl2*Oll": [
      1.9550333574258616e-15,
      4.0515334143176324e-14,
      7.73226968564522e-14
    ],
    "O3pl2*Oll1111": [
      8.60117784055e-05,
      0.0034094065759691,
      0.0141495456210387
    ],
    "O3pl2*OpD": [
      0.0002005614486395,
      0.0002664016041468,
      0.0002716643905241
    ],
    "O3pl2*Ope": [
      -0.0002412162792457,
      -0.0002276917924465,
      -0.0002265251975005
    ],
    "O3pl2*Opl1": [
      0.0002863015588287,
      0.0003389656309025,
      0.0003431370874676
    ],
    "O3pl2*OpWB": [
      0.000534637103541,
      0.0006329815451321,
      0.0006407712878604
    ],
    "Oll*Oll": [
      -1.3569874390828572e-15,
      -3.030171599749387e-14,
      -9.125859790071189e-14
    ],
    "Oll*Oll1111": [
      -8.60117784013e-05,
      -0.0034094065741403,
      -0.0141495455831557
    ],
    "Oll*OpD": [
      -0.0002005614486375,
      -0.0002664016041181,
      -0.0002716643903567
    ],
    "Oll*Ope": [
      0.0002412162792451,
      0.0002276917924338,
      0.0002265251974369
    ],
    "Oll*Opl1": [
      -0.0002863015588288,
      -0.0003389656309095,
      -0.0003431370875116
    ],
    "Oll*OpWB": [
      -0.0005346371035385,
      -0.0006329815450755,
      -0.0006407712875382
    ],
    "Oll1111*Oll1111": [
      -0.0838628051918552,
      -18.964226089740137,
      -301.04843911022635
    ],
    "Oll1111*OpD": [
      0.0024221933280327,
      0.052383554480344,
      0.2125782497503146
    ],
    "Oll1111*Ope": [
      -0.0026016222467238,
      -0.041385699075565,
      -0.1651537881359299
    ],
    "Oll1111*Opl1": [
      0.0031851269035235,
      0.0598436243142826,
      0.2411189963806248
    ],
    "Oll1111*OpWB": [
      0.0062691143059448,
      0.1244848705236907,
      0.5031090525412507
    ],
    "OpD*OpD": [
      0.0002449943750891,
      0.0002139975948703,
      0.0002069044794207
    ],
    "OpD*Ope": [
      -0.0002416497519407,
      -0.0001306910632083,
      -0.0001201103574767
    ],
    "OpD*Opl1": [
      0.0002327709346846,
      2.57173409461e-05,
      1.7538909707339945e-07
    ],
    "OpD*OpWB": [
      0.0011837279673288,
      0.0010429765382007,
      0.0010149350790757
    ],
    "Ope*Ope": [
      -3.40802787473e-05,
      -7.965323247151887e-06,
      -6.119991968928616e-06
    ],
    "Ope*Opl1": [
      0.0001898838068159,
      0.0002444955347955,
      0.0002504693278062
    ],
    "Ope*OpWB": [
      -0.0005463030584955,
      -0.0003938105567151,
      -0.0003782981672041
    ],
    "Opl1*Opl1": [
      -0.0001610640507639,
      -0.0003064495032077,
      -0.000322407110745
    ],
    "Opl1*OpWB": [
      0.0004677349214613,
      0.0001214406823332,
      7.74219656319e-05
    ],
    "OpWB*OpWB": [
      0.0014350989075394,
      0.0012954130208506,
      0.0012688594311632
    ]
  },
  "NLO": {
    "SM": [
      0.9607530796243724,
      0.9646566725532554,
      0.9650085455582128
    ],
    "O3pl1": [
      0.0047225687672197,
      0.0055912671518947,
      0.0056600756838816
    ],
    "O3pl2": [
      6.938893903907227e-17,
      -6.410150188429499e-14,
      9.861556016232953e-14
    ],
    "Oll": [
      6.7307270867900115e-15,
      2.3685220451596933e-13,
      7.946976410266872e-13
    ],
    "Oll1111": [
      0.00141877166151,
      0.0562384538861131,
      0.2333979684721967
    ],
    "OpD": [
      0.0033082782962546,
      0.0043943173083138,
      0.0044811274215651
    ],
    "Ope": [
      -0.0039788832138361,
      -0.0037557956441476,
      -0.0037365525601201
    ],
    "Opl1": [
      0.0047225687672527,
      0.005591267152572,
      0.0056600756864558
    ],
    "OpWB": [
      0.0088188848755528,
      0.0104410848746293,
      0.0105695773477619
    ],
    "O3pl1*O3pl1": [
      0.0001252375080617,
      3.25161276425e-05,
      2.07299765668e-05
    ],
    "O3pl1*O3pl2": [
      0.000286301558824,
      0.0003389656307945,
      0.0003431370871113
    ],
    "O3pl1*Oll": [
      -0.0002863015588249,
      -0.0003389656308113,
      -0.0003431370871847
    ],
    "O3pl1*Oll1111": [
      0.0032711386819074,
      0.0632530308837497,
      0.2552685418882654
    ],
    "O3pl1*OpD": [
      0.0004333323833186,
      0.0002921189450302,
      0.0002718397793744
    ],
    "O3pl1*Ope": [
      -5.13324724287e-05,
      1.68037423707e-05,
      2.39441304043e-05
    ],
    "O3pl1*Opl1": [
      -3.58265426983e-05,
      -0.0002739333754823,
      -0.000301677133862
    ],
    "O3pl1*OpWB": [
      0.0010023720249898,
      0.0007544222272529,
      0.0007181932525114
    ],
    "O3pl2*O3pl2": [
      -5.295243410419205e-16,
      -9.353195301597951e-15,
      1.7057535939279944e-14
    ],
    "O3pl2*Oll": [
      1.9550333574258616e-15,
      4.0515334143176324e-14,
      7.73226968564522e-14
    ],
    "O3pl2*Oll1111": [
      8.60117784055e-05,
      0.0034094065759691,
      0.0141495456210387
    ],
    "O3pl2*OpD": [
      0.0002005614486395,
      0.0002664016041468,
      0.0002716643905241
    ],
    "O3pl2*Ope": [
      -0.0002412162792457,
      -0.0002276917924465,
      -0.0002265251975005
    ],
    "O3pl2*Opl1": [
      0.0002863015588287,
      0.0003389656309025,
      0.0003431370874676
    ],
    "O3pl2*OpWB": [
      0.000534637103541,
      0.0006329815451321,
      0.0006407712878604
    ],
    "Oll*Oll": [
      -1.3569874390828572e-15,
      -3.030171599749387e-14,
      -9.125859790071189e-14
    ],
    "Oll*Oll1111": [
      -8.60117784013e-05,
      -0.0034094065741403,
      -0.0141495455831557
    ],
    "Oll*OpD": [
      -0.0002005614486375,
      -0.0002664016041181,
      -0.0002716643903567
    ],
    "Oll*Ope": [
      0.0002412162792451,
      0.0002276917924338,
      0.0002265251974369
    ],