{
  "best_sm": [
    0.1252421540341494,
    0.0,
    0.0
  ],
  "scales": [
    380,
    1500,
    3000
  ],
  "theory_cov": [
    [
      0.0
    ],
    [
      0.0
    ],
    [
      0.0
    ]
  ],
  "LO": {
    "SM": [
      0.1252421540341494,
      0.0,
      0.0
    ],
    "OpB": [
      -0.03524921605237204,
      0.0,
      0.0
    ],
    "OpW": [
      0.16226900671235175,
      0.0,
      0.0
    ],
    "OpD": [
      0.018088970138499583,
      0.0,
      0.0
    ],
    "O3pl1": [
      0.4286858372959452,
      0.0,
      0.0
    ],
    "Opl1": [
      0.44387122715396593,
      0.0,
      0.0
    ],
    "Ope": [
      -0.039659050348027296,
      0.0,
      0.0
    ],
    "Opd": [
      0.015185389858020747,
      0.0,
      0.0
    ],
    "OpWB": [
      0.029909513791217878,
      0.0,
      0.0
    ],
    "O3pl2": [
      -0.015185389858020747,
      0.0,
      0.0
    ],
    "Oll": [
      0.015185389858020747,
      0.0,
      0.0
    ],
    "OpB^2": [
      0.008886470374079221,
      0.0,
      0.0
    ],
    "OpB*OpW": [
      -0.044261724236316656,
      0.0,
      0.0
    ],
    "OpB*OpD": [
      -0.004547188314945515,
      0.0,
      0.0
    ],
    "O3pl1*OpB": [
      -0.08026253701114651,
      0.0,
      0.0
    ],
    "OpB*Opl1": [
      -0.08239948958942508,
      0.0,
      0.0
    ],
    "OpB*Ope": [
      -0.019210987571941562,
      0.0,
      0.0
    ],
    "OpB*Opd": [
      -0.002136952578278561,
      0.0,
      0.0
    ],
    "OpB*OpWB": [
      -0.000126793901760077,
      0.0,
      0.0
    ],
    "O3pl2*OpB": [
      0.002136952578278561,
      0.0,
      0.0
    ],
    "Oll*OpB": [
      -0.002136952578278561,
      0.0,
      0.0
    ],
    "OpW^2": [
      0.08310113418400664,
      0.0,
      0.0
    ],
    "OpD*OpW": [
      0.013720047157745144,
      0.0,
      0.0
    ],
    "O3pl1*OpW": [
      0.2976477526046996,
      0.0,
      0.0
    ],
    "Opl1*OpW": [
      0.3074851677617759,
      0.0,
      0.0
    ],
    "Ope*OpW": [
      -0.0008999898854026635,
      0.0,
      0.0
    ],
    "Opd*OpW": [
      0.009837415157076283,
      0.0,
      0.0
    ],
    "OpW*OpWB": [
      0.01786854446909198,
      0.0,
      0.0
    ],
    "O3pl2*OpW": [
      -0.009837415157076283,
      0.0,
      0.0
    ],
    "Oll*OpW": [
      0.009837415157076283,
      0.0,
      0.0
    ],
    "OpD^2": [
      0.0009380002542028519,
      0.0,
      0.0
    ],
    "O3pl1*OpD": [
      0.0366320001135857,
      0.0,
      0.0
    ],
    "OpD*Opl1": [
      0.037728627945490895,
      0.0,
      0.0
    ],
    "OpD*Ope": [
      0.004192069771721209,
      0.0,
      0.0
    ],
    "Opd*OpD": [
      0.0010966278319051968,
      0.0,
      0.0
    ],
    "OpD*OpWB": [
      0.0014371160039113348,
      0.0,
      0.0
    ],
    "O3pl2*OpD": [
      -0.0010966278319051968,
      0.0,
      0.0
    ],
    "Oll*OpD": [
      0.0010966278319051968,
      0.0,
      0.0
    ],
    "O3pl1^2": [
      0.3950888402852042,
      0.0,
      0.0
    ],
    "O3pl1*Opl1": [
      0.816166380685611,
      0.0,
      0.0
    ],
    "O3pl1*Ope": [
      0.002404294886087066,
      0.0,
      0.0
    ],
    "O3pl1*Opd": [
      0.02598870011520237,
      0.0,
      0.0
    ],
    "O3pl1*OpWB": [
      0.043988675483082225,
      0.0,
      0.0
    ],
    "O3pl1*O3pl2": [
      -0.02598870011520237,
      0.0,
      0.0
    ],
    "O3pl1*Oll": [
      0.02598870011520237,
      0.0,
      0.0
    ],
    "Opl1^2": [
      0.42153784082185497,
      0.0,
      0.0
    ],
    "Ope*Opl1": [
      0.0,
      0.0,
      0.0
    ],
    "Opd*Opl1": [
      0.026909300958099094,
      0.0,
      0.0
    ],
    "Opl1*OpWB": [
      0.04580191332974068,
      0.0,
      0.0
    ],
    "O3pl2*Opl1": [
      -0.026909300958099094,
      0.0,
      0.0
    ],
    "Oll*Opl1": [
      0.026909300958099094,
      0.0,
      0.0
    ],
    "Ope^2": [
      0.046837537869094975,
      0.0,
      0.0
    ],
    "Opd*Ope": [
      -0.002404294886087066,
      0.0,
      0.0
    ],
    "Ope*OpWB": [
      -0.013688432915104076,
      0.0,
      0.0
    ],
    "O3pl2*Ope": [
      0.002404294886087066,
      0.0,
      0.0
    ],
    "Oll*Ope": [
      -0.002404294886087066,
      0.0,
      0.0
    ],
    "Opd^2": [
      0.00046030042144836397,
      0.0,
      0.0
    ],
    "Opd*OpWB": [
      0.0018132378466584412,
      0.0,
      0.0
    ],
    "O3pl2*Opd": [
      -0.0009206008428967279,
      0.0,
      0.0
    ],
    "Oll*Opd": [
      0.0009206008428967279,
      0.0,
      0.0
    ],
    "OpWB^2": [
      0.0031025709826997695,
      0.0,
      0.0
    ],
    "O3pl2*OpWB": [
      -0.0018132378466584412,
      0.0,
      0.0
    ],
    "Oll*OpWB": [
      0.0018132378466584412,
      0.0,
      0.0
    ],
    "O3pl2^2": [
      0.00046030042144836397,
      0.0,
      0.0
    ],
    "O3pl2*Oll": [
      -0.0009206008428967279,
      0.0,
      0.0
    ],
    "Oll^2": [
      0.00046030042144836397,
      0.0,
      0.0
    ]
  }
}
