{
    "best_sm": [
        0.4898603772759541,
        0.4709210994192965,
        0.4699772715938436
    ],
    "scales": [
        380.0,
        1500.0,
        3000.0
    ],
    "theory_cov": [
        [
            0.0,
            0.0,
            0.0
        ],
        [
            0.0,
            0.0,
            0.0
        ],
        [
            0.0,
            0.0,
            0.0
        ]
    ],
    "LO": {
        "SM": [
            0.4898603772759541,
            0.4709210994192965,
            0.4699772715938436
        ],
        "O3pl1": [
            0.0340854072448153,
            0.0339667318685405,
            0.0339562287098147
        ],
        "O3pl2": [
            0.0,
            0.0,
            0.0
        ],
        "O3pl3": [
            0.0143742051842746,
            0.0146635192961674,
            0.0146754314637127
        ],
        "Oee1133": [
            0.138622285424894,
            2.3599374293527724,
            9.479604817224375
        ],
        "Ole1133": [
            -0.8142250278098775,
            -13.13487045774174,
            -52.624467296077086
        ],
        "Ole3311": [
            -0.0904694475344307,
            -1.4594300508601936,
            -5.847163032897452
        ],
        "Oll": [
            0.0,
            0.0,
            0.0
        ],
        "Oll1133": [
            0.7033306077021078,
            11.91679554205109,
            47.85720443199526
        ],
        "Oll1331": [
            0.7033306077021078,
            11.91679554205109,
            47.85720443199526
        ],
        "OpD": [
            0.0380973391587856,
            0.0385742626277194,
            0.0385918644397968
        ],
        "Ope": [
            -0.0040078771338481,
            -0.0039760569877428,
            -0.003973973360349
        ],
        "Opl1": [
            0.0340854072448153,
            0.0339667318685404,
            0.0339562287098146
        ],
        "Opl3": [
            0.0143742051842746,
            0.0146635192961674,
            0.0146754314637127
        ],
        "Opta": [
            -0.0285202460229253,
            -0.0279810601258061,
            -0.0279511013467784
        ],
        "OpWB": [
            0.0904930693839349,
            0.0908117187120626,
            0.0908143498831858
        ],
        "O3pl1*O3pl1": [
            0.0003118056289166,
            0.0004785385521151,
            0.0004863221460453
        ],
        "O3pl1*O3pl2": [
            0.0020663976976186,
            0.0020592031077891,
            0.0020585663630715
        ],
        "O3pl1*O3pl3": [
            -0.0010135722293209,
            -0.0008647758488142,
            -0.0008574381097984
        ],
        "O3pl1*Oee1133": [
            -0.0181721206840626,
            -0.2722625381809015,
            -1.086591270016818
        ],
        "O3pl1*Ole1133": [
            0.0109531214490364,
            0.0613936212600695,
            0.2242552462868392
        ],
        "O3pl1*Ole3311": [
            -0.0048067585929327,
            -0.0821662953545917,
            -0.3300716124558844
        ],
        "O3pl1*Oll": [
            -0.0020663976976186,
            -0.0020592031077891,
            -0.0020585663630715
        ],
        "O3pl1*Oll1133": [
            -0.0675842918824441,
            -0.9733564529413328,
            -3.8764181608110615
        ],
        "O3pl1*Oll1331": [
            -0.0675842918824441,
            -0.9733564529413328,
            -3.8764181608110615
        ],
        "O3pl1*OpD": [
            0.0010752184567043,
            0.001475109281927,
            0.0014940771269508
        ],
        "O3pl1*Ope": [
            -3.90690654321e-05,
            -5.64018779918e-05,
            -5.72196890577e-05
        ],
        "O3pl1*Opl1": [
            -0.0014427864397853,
            -0.0011021260035588,
            -0.0010859220709808
        ],
        "O3pl1*Opl3": [
            -0.0010135722293209,
            -0.0008647758488142,
            -0.0008574381097984
        ],
        "O3pl1*Opta": [
            0.0004946912312267,
            0.0002387609705807,
            0.0002269173780039
        ],
        "O3pl1*OpWB": [
            0.0031305637286625,
            0.0040177010062606,
            0.0040592844208224
        ],
        "O3pl2*O3pl2": [
            0.0,
            0.0,
            0.0
        ],
        "O3pl2*O3pl3": [
            0.0008714234887834,
            0.0008889629011897,
            0.000889685065822
        ],
        "O3pl2*Oee1133": [
            0.0084038535723877,
            0.1430691215015578,
            0.5746926662179277
        ],
        "O3pl2*Ole1133": [
            -0.0493616728920177,
            -0.7962899160175014,
            -3.190311832802307
        ],
        "O3pl2*Ole3311": [
            -0.0054846303213353,
            -0.0884766573352779,
            -0.3544790925335896
        ],
        "O3pl2*Oll": [
            0.0,
            0.0,
            0.0
        ],
        "O3pl2*Oll1133": [
            0.0426387966551699,
            0.722445200499453,
            2.9013007338435277
        ],
        "O3pl2*Oll1331": [
            0.0426387966551699,
            0.722445200499453,
            2.9013007338435277
        ],
        "O3pl2*OpD": [
            0.0023096175251092,
            0.0023385305890215,
            0.0023395976833263
        ],
        "O3pl2*Ope": [
            -0.0002429740100283,
            -0.0002410449417858,
            -0.000240918623716
        ],
        "O3pl2*Opl1": [
            0.0020663976976186,
            0.0020592031077891,
            0.0020585663630715
        ],
        "O3pl2*Opl3": [
            0.0008714234887834,
            0.0008889629011897,
            0.000889685065822
        ],
        "O3pl2*Opta": [
            -0.001729014715711,
            -0.0016963270471027,
            -0.0016945108225947
        ],
        "O3pl2*OpWB": [
            0.0054860623750901,
            0.0055053802090611,
            0.0055055397214856
        ],
        "O3pl3*O3pl3": [
            -0.000626503542032,
            -0.000592813452674,
            -0.0005910748455273
        ],
        "O3pl3*Oee1133": [
            -0.0163676805931009,
            -0.262336722210429,
            -1.050598157244618
        ],
        "O3pl3*Ole1133": [
            0.0328827599408886,
            0.4866829738193134,
            1.9413852545512869
        ],
        "O3pl3*Ole3311": [
            0.0096774120807022,
            0.1430636948078565,
            0.5706983347712317
        ],
        "O3pl3*Oll": [
            -0.0008714234887834,
            -0.0008889629011897,
            -0.000889685065822
        ],
        "O3pl3*Oll1133": [
            -0.0584290688110011,
            -0.9232348191908182,
            -3.694709135034665
        ],
        "O3pl3*Oll1331": [
            -0.0584290688110011,
            -0.9232348191908182,
            -3.694709135034665
        ],
        "O3pl3*OpD": [
            -0.0011686183636705,
            -0.0009915513863202,
            -0.0009827073867956
        ],
        "O3pl3*Ope": [
            0.0004391993213386,
            0.0004025740920768,
            0.0004007883700012
        ],
        "O3pl3*Opl1": [
            -0.0018849957181043,
            -0.001753738750004,
            -0.0017471231756205
        ],
        "O3pl3*Opl3": [
            -0.0012530070840641,
            -0.0011856269053481,
            -0.0011821496910547
        ],
        "O3pl3*Opta": [
            0.0012251249327608,
            0.0011090640901849,
            0.0011033755802428
        ],
        "O3pl3*OpWB": [
            -0.0026053021579942,
            -0.0021688629341415,
            -0.0021473186179152
        ],
        "Oee1133*Oee1133": [
            0.2352037443580074,
            63.35780562410068,
            1018.7755325349926
        ],