{
    "best_sm": [
        0.6235302331699747,
        0.0392941942425375,
        0.0098149932788342
    ],
    "scales": [
        380.0,
        1500.0,
        3000.0
    ],
    "theory_cov": [
        [
            0.0,
            0.0,
            0.0
        ],
        [
            0.0,
            0.0,
            0.0
        ],
        [
            0.0,
            0.0,
            0.0
        ]
    ],
    "LO": {
        "SM": [
            0.6235302331699747,
            0.0392941942425375,
            0.0098149932788342
        ],
        "O3pl1": [
            -0.0531970237190485,
            -0.0034629511822911,
            -0.0008663133967353
        ],
        "O3pl2": [
            -0.0756019389156057,
            -0.00476435161413,
            -0.0011900505907325
        ],
        "O3pl3": [
            0.0326596560550527,
            0.0019444280908268,
            0.0004842960634459
        ],
        "Oee1133": [
            0.1975200527726451,
            0.1950275842292096,
            0.1949066564159342
        ],
        "Ole1133": [
            0.4236000744676283,
            0.4375481526655272,
            0.4382248755875907
        ],
        "Ole3311": [
            0.0470666749408475,
            0.0486164614072808,
            0.0486916528430656
        ],
        "Oll": [
            0.0756019389156057,
            0.00476435161413,
            0.0011900505907325
        ],
        "Oll1133": [
            2.004322729554263,
            1.9696317515986332,
            1.967948639442371
        ],
        "Oll1331": [
            2.004322729554263,
            1.9696317515986332,
            1.967948639442371
        ],
        "OpD": [
            -0.0647662795697648,
            -0.004327314081207,
            -0.0010838779330726
        ],
        "Ope": [
            -0.0010956228299766,
            -6.12645968251e-05,
            -1.52101939445e-05
        ],
        "Opl1": [
            0.0224049151965573,
            0.0013014004318389,
            0.0003237371939971
        ],
        "Opl3": [
            0.0326596560550527,
            0.0019444280908268,
            0.0004842960634459
        ],
        "Opta": [
            0.0116569221448697,
            0.0007383888760874,
            0.0001844568899934
        ],
        "OpWB": [
            -0.1795297259870099,
            -0.0117325869557019,
            -0.0029356663124977
        ],
        "O3pl1*O3pl1": [
            0.0019114065270985,
            0.000121682682077,
            3.04092126766e-05
        ],
        "O3pl1*O3pl2": [
            0.0032250225600553,
            0.0002099383556915,
            5.25194842347e-05
        ],
        "O3pl1*O3pl3": [
            -0.0007920401673739,
            -4.96651979488e-05,
            -1.24010031639e-05
        ],
        "O3pl1*Oee1133": [
            -0.0119744786779681,
            -0.0118233749747748,
            -0.0118160438329423
        ],
        "O3pl1*Ole1133": [
            -0.0538851540508566,
            -0.053205187386487,
            -0.0531721972482407
        ],
        "O3pl1*Ole3311": [
            -0.0028533755819251,
            -0.0029473300171189,
            -0.002951888431477
        ],
        "O3pl1*Oll": [
            -0.0032250225600553,
            -0.0002099383556915,
            -5.25194842347e-05
        ],
        "O3pl1*Oll1133": [
            -0.0513607604746531,
            -0.0530519403081419,
            -0.0531339917665877
        ],
        "O3pl1*Oll1331": [
            -0.0513607604746531,
            -0.0530519403081419,
            -0.0531339917665877
        ],
        "O3pl1*OpD": [
            0.0046074050198169,
            0.0002998759750008,
            7.50211777152e-05
        ],
        "O3pl1*Ope": [
            6.64211660157e-05,
            3.71411205140225e-06,
            9.221045687272152e-07
        ],
        "O3pl1*Opl1": [
            0.0005977904941417,
            3.34270084626e-05,
            8.298941118544963e-06
        ],
        "O3pl1*Opl3": [
            -0.0007920401673739,
            -4.96651979488e-05,
            -1.24010031639e-05
        ],
        "O3pl1*Opta": [
            -0.0016619382594411,
            -9.96173240075e-05,
            -2.481983997e-05
        ],
        "O3pl1*OpWB": [
            0.0116820193775684,
            0.0007537511535299,
            0.0001884887232601
        ],
        "O3pl2*O3pl2": [
            0.0022916503738483,
            0.0001444173035013,
            3.60728827893e-05
        ],
        "O3pl2*O3pl3": [
            -0.0019799627914799,
            -0.000117879234982,
            -2.93600209404e-05
        ],
        "O3pl2*Oee1133": [
            -0.0119744786779681,
            -0.0118233749747748,
            -0.0118160438329423
        ],
        "O3pl2*Ole1133": [
            -0.0256803802373265,
            -0.0265259701540709,
            -0.0265669958832938
        ],
        "O3pl2*Ole3311": [
            -0.0028533755819251,
            -0.0029473300171189,
            -0.002951888431477
        ],
        "O3pl2*Oll": [
            -0.0045833007476967,
            -0.0002888346070027,
            -7.21457655787e-05
        ],
        "O3pl2*Oll1133": [
            -0.121510294534198,
            -0.119407184647296,
            -0.1193051474599579
        ],
        "O3pl2*Oll1331": [
            -0.121510294534198,
            -0.119407184647296,
            -0.1193051474599579
        ],
        "O3pl2*OpD": [
            0.0039263984738408,
            0.0002623395927193,
            6.57091420182e-05
        ],
        "O3pl2*Ope": [
            6.64211660157e-05,
            3.71411205140225e-06,
            9.221045687272152e-07
        ],
        "O3pl2*Opl1": [
            -0.0013582781876413,
            -7.88962513112e-05,
            -1.96262813439e-05
        ],
        "O3pl2*Opl3": [
            -0.0019799627914799,
            -0.000117879234982,
            -2.93600209404e-05
        ],
        "O3pl2*Opta": [
            -0.0007066906054098,
            -4.47641731998e-05,
            -1.11825359766e-05
        ],
        "O3pl2*OpWB": [
            0.0108838310121727,
            0.0007112777177118,
            0.0001779721763495
        ],
        "O3pl3*O3pl3": [
            0.000636636093035,
            3.6557530891e-05,
            9.088742481905107e-06
        ],
        "O3pl3*Oee1133": [
            0.0,
            0.0,
            0.0
        ],
        "O3pl3*Ole1133": [
            0.0,
            0.0,
            0.0
        ],
        "O3pl3*Ole3311": [
            -0.0031338637570588,
            -0.0029643574702684,
            -0.002956133484994
        ],
        "O3pl3*Oll": [
            0.0019799627914799,
            0.000117879234982,
            2.93600209404e-05
        ],
        "O3pl3*Oll1133": [
            0.0701495340595448,
            0.066355244339154,
            0.0661711556933702
        ],
        "O3pl3*Oll1331": [
            0.0701495340595448,
            0.066355244339154,
            0.0661711556933702
        ],
        "O3pl3*OpD": [
            -0.0007443457752252,
            -5.00374938009e-05,
            -1.25333433959e-05
        ],
        "O3pl3*Ope": [
            -0.0001061386282257,
            -6.0947945341910935e-06,
            -1.515255999274528e-06
        ],
        "O3pl3*Opl1": [
            0.001187922624106,
            6.82140370332e-05,
            1.69590177764e-05
        ],
        "O3pl3*Opl3": [
            0.0012732721860701,
            7.31150617821e-05,
            1.81774849638e-05
        ],
        "O3pl3*Opta": [
            0.0,
            0.0,
            0.0
        ],
        "O3pl3*OpWB": [
            -0.0027987171380665,
            -0.0001763366070609,
            -4.40397010373e-05
        ],
        "Oee1133*Oee1133": [
            0.230138311710062,
            3.5859501478368383,
            14.343800591347351
        ],