{
    "best_sm": [
        0.4636205438309541,
        0.4068941877465161
    ],
    "scales": [
        3000.0,
        3000.0
    ],
    "theory_cov": [
        [
            0.0,
            0.0
        ],
        [
            0.0,
            0.0
        ]
    ],
    "LO": {
        "SM": [
            0.4636205438309541,
            0.4068941877465161
        ],
        "O3pl1": [
            -0.0291019146481004,
            -0.0593364863421435
        ],
        "O3pl2": [
            -0.0562131716638368,
            -0.0493352012310081
        ],
        "Oll": [
            0.0562131716634597,
            0.0493352012306939
        ],
        "Oll1111": [
            -19.562504684163777,
            -2.1736116315737743
        ],
        "OpD": [
            -0.0601601195275681,
            -0.1031160708699819
        ],
        "Ope": [
            0.0148774307423348,
            -0.0117542020537503
        ],
        "Opl1": [
            0.0271112570145108,
            -0.0100012851122697
        ],
        "OpWB": [
            -0.1593166688339795,
            -0.2029325880005854
        ],
        "O3pl1*O3pl1": [
            0.0018884217813793,
            0.0026936128799675
        ],
        "O3pl1*O3pl2": [
            0.0017642778622611,
            0.0035972220570724
        ],
        "O3pl1*Oll": [
            -0.0017642778622018,
            -0.0035972220570147
        ],
        "O3pl1*Oll1111": [
            -0.1196640630891069,
            -0.0132960070099009
        ],
        "O3pl1*OpD": [
            0.0043390266599441,
            0.0080924956134118
        ],
        "O3pl1*Ope": [
            -0.0019895933511639,
            -0.0003750741436289
        ],
        "O3pl1*Opl1": [
            0.0020125657005267,
            0.0017900037028849
        ],
        "O3pl1*OpWB": [
            0.0103474431684849,
            0.0167774816784435
        ],
        "O3pl2*O3pl2": [
            0.0017039369321143,
            0.0014954514919374
        ],
        "O3pl2*Oll": [
            -0.0034078738642344,
            -0.0029909029838731
        ],
        "O3pl2*Oll1111": [
            1.1859595617757703,
            0.1317732846417525
        ],
        "O3pl2*OpD": [
            0.0036471540911138,
            0.0062513206869618
        ],
        "O3pl2*Ope": [
            -0.000901931093601,
            0.0007125881139306
        ],
        "O3pl2*Opl1": [
            -0.0016435960020065,
            0.0006063190731543
        ],
        "O3pl2*OpWB": [
            0.0096584322817977,
            0.0123026088437962
        ],
        "Oll*Oll": [
            0.0017039369321143,
            0.0014954514919374
        ],
        "Oll*Oll1111": [
            -1.185959561775765,
            -0.1317732846417525
        ],
        "Oll*OpD": [
            -0.0036471540911393,
            -0.0062513206869733
        ],
        "Oll*Ope": [
            0.0009019310936145,
            -0.0007125881139175
        ],
        "Oll*Opl1": [
            0.0016435960020069,
            -0.0006063190731541
        ],
        "Oll*OpWB": [
            -0.0096584322818043,
            -0.012302608843816
        ],
        "Oll1111*Oll1111": [
            562.2769831808084,
            62.47522035342315
        ],
        "Oll1111*OpD": [
            0.6031774726016553,
            0.0670197191779616
        ],
        "Oll1111*Ope": [
            0.0,
            0.0
        ],
        "Oll1111*Opl1": [
            -1.3056236248648752,
            -0.145069291651653
        ],
        "Oll1111*OpWB": [
            1.991191173631943,
            0.2212434637368855
        ],
        "OpD*OpD": [
            0.0030634882997901,
            0.0068820117581817
        ],
        "OpD*Ope": [
            -0.0020164925586585,
            0.0015979322140121
        ],
        "OpD*Opl1": [
            0.0006918725688541,
            0.0018411749264404
        ],
        "OpD*OpWB": [
            0.0149133262235838,
            0.0267855209449553
        ],
        "Ope*Ope": [
            0.0007762186638098,
            0.0015756072256714
        ],
        "Ope*Opl1": [
            -0.0010876622575626,
            -0.0010876622575626
        ],
        "Ope*OpWB": [
            -0.0053996082323099,
            0.0006302707265014
        ],
        "Opl1*Opl1": [
            0.0018280808512682,
            0.0005918423148644
        ],
        "Opl1*OpWB": [
            0.0006890108866739,
            0.0044748728346868
        ],
        "OpWB*OpWB": [
            0.0186794010977686,
            0.0271519572426106
        ]
    },
    "NLO": {
        "SM": [
            0.4636205438309541,
            0.4068941877465161
        ],
        "O3pl1": [
            -0.0291019146481004,
            -0.0593364863421435
        ],
        "O3pl2": [
            -0.0562131716638368,
            -0.0493352012310081
        ],
        "Oll": [
            0.0562131716634597,
            0.0493352012306939
        ],
        "Oll1111": [
            -19.562504684163777,
            -2.1736116315737743
        ],
        "OpD": [
            -0.0601601195275681,
            -0.1031160708699819
        ],
        "Ope": [
            0.0148774307423348,
            -0.0117542020537503
        ],
        "Opl1": [
            0.0271112570145108,
            -0.0100012851122697
        ],
        "OpWB": [
            -0.1593166688339795,
            -0.2029325880005854
        ],
        "O3pl1*O3pl1": [
            0.0018884217813793,
            0.0026936128799675
        ],
        "O3pl1*O3pl2": [
            0.0017642778622611,
            0.0035972220570724
        ],
        "O3pl1*Oll": [
            -0.0017642778622018,
            -0.0035972220570147
        ],
        "O3pl1*Oll1111": [
            -0.1196640630891069,
            -0.0132960070099009
        ],
        "O3pl1*OpD": [
            0.0043390266599441,
            0.0080924956134118
        ],
        "O3pl1*Ope": [
            -0.0019895933511639,
            -0.0003750741436289
        ],
        "O3pl1*Opl1": [
            0.0020125657005267,
            0.0017900037028849
        ],
        "O3pl1*OpWB": [
            0.0103474431684849,
            0.0167774816784435
        ],
        "O3pl2*O3pl2": [
            0.0017039369321143,
            0.0014954514919374
        ],
        "O3pl2*Oll": [
            -0.0034078738642344,
            -0.0029909029838731
        ],
        "O3pl2*Oll1111": [
            1.1859595617757703,
            0.1317732846417525
        ],
        "O3pl2*OpD": [
            0.0036471540911138,
            0.0062513206869618
        ],
        "O3pl2*Ope": [
            -0.000901931093601,
            0.0007125881139306
        ],
        "O3pl2*Opl1": [
            -0.0016435960020065,
            0.0006063190731543
        ],
        "O3pl2*OpWB": [
            0.0096584322817977,
            0.0123026088437962
        ],
        "Oll*Oll": [
            0.0017039369321143,
            0.0014954514919374
        ],
        "Oll*Oll1111": [
            -1.185959561775765,
            -0.1317732846417525
        ],
        "Oll*OpD": [
            -0.0036471540911393,
            -0.0062513206869733
        ],
        "Oll*Ope": [
            0.0009019310936145,
            -0.0007125881139175
        ],
        "Oll*Opl1": [
            0.0016435960020069,
            -0.0006063190731541
        ],
        "Oll*OpWB": [
            -0.0096584322818043,
            -0.012302608843816
        ],
        "Oll1111*Oll1111": [
            562.2769831808084,
            62.47522035342315
        ],
        "Oll1111*OpD": [
            0.6031774726016553,
            0.0670197191779616
        ],
        "Oll1111*Ope": [
            0.0,
            0.0
        ],
        "Oll1111*Opl1": [
            -1.3056236248648752,
            -0.145069291651653
        ],