{
    "best_sm": [
        0.463620543830869,
        0.4068941877465176
    ],
    "scales": [
        3000.0,
        3000.0
    ],
    "theory_cov": [
        [
            0.0,
            0.0
        ],
        [
            0.0,
            0.0
        ]
    ],
    "LO": {
        "SM": [
            0.463620543830869,
            0.4068941877465176
        ],
        "O3pl1": [
            -0.0291019146489865,
            -0.0593364863432119
        ],
        "O3pl2": [
            -0.05621317166351,
            -0.0493352012309453
        ],
        "Oee1111": [
            -1.939263451118912,
            -17.453371060070136
        ],
        "Ole1111": [
            -4.953735546398488,
            -4.953735546398488
        ],
        "Oll": [
            0.0562131716636356,
            0.0493352012308824
        ],
        "Oll1111": [
            -19.5625046841636,
            -2.173611631573762
        ],
        "OpD": [
            -0.0601601195274046,
            -0.1031160708698813
        ],
        "Ope": [
            0.0148774307423631,
            -0.0117542020537189
        ],
        "Opl1": [
            0.0271112570147496,
            -0.0100012851120403
        ],
        "OpWB": [
            -0.1593166688334264,
            -0.2029325880001329
        ],
        "O3pl1*O3pl1": [
            0.0018884217813777,
            0.0026936128799601
        ],
        "O3pl1*O3pl2": [
            0.0017642778622315,
            0.0035972220570403
        ],
        "O3pl1*Oee1111": [
            0.1175661332630134,
            1.05809519936712
        ],
        "O3pl1*Ole1111": [
            0.5975527144181194,
            0.5975527144181194
        ],
        "O3pl1*Oll": [
            -0.0017642778622315,
            -0.0035972220570427
        ],
        "O3pl1*Oll1111": [
            -0.1196640630891168,
            -0.0132960070099017
        ],
        "O3pl1*OpD": [
            0.0043390266599638,
            0.0080924956134348
        ],
        "O3pl1*Ope": [
            -0.0019895933511711,
            -0.0003750741436342
        ],
        "O3pl1*Opl1": [
            0.0020125657005251,
            0.0017900037028847
        ],
        "O3pl1*OpWB": [
            0.0103474431684849,
            0.0167774816784501
        ],
        "O3pl2*O3pl2": [
            0.0017039369321159,
            0.001495451491932
        ],
        "O3pl2*Oee1111": [
            0.1175661332630134,
            1.05809519936712
        ],
        "O3pl2*Ole1111": [
            0.3003158405638934,
            0.3003158405638934
        ],
        "O3pl2*Oll": [
            -0.0034078738642302,
            -0.0029909029838632
        ],
        "O3pl2*Oll1111": [
            1.1859595617757668,
            0.1317732846417527
        ],
        "O3pl2*OpD": [
            0.0036471540911369,
            0.0062513206869783
        ],
        "O3pl2*Ope": [
            -0.0009019310936082,
            0.0007125881139253
        ],
        "O3pl2*Opl1": [
            -0.0016435960020082,
            0.0006063190731541
        ],
        "O3pl2*OpWB": [
            0.0096584322817648,
            0.0123026088437995
        ],
        "Oee1111*Oee1111": [
            62.47522035342315,
            562.2769831808084
        ],
        "Oee1111*Ole1111": [
            0.0,
            0.0
        ],
        "Oee1111*Oll": [
            -0.1175661332630134,
            -1.0580951993671217
        ],
        "Oee1111*Oll1111": [
            0.0,
            0.0
        ],
        "Oee1111*OpD": [
            0.2633129295873364,
            2.369816366286007
        ],
        "Oee1111*Ope": [
            0.1166549888941758,
            1.0498949000475803
        ],
        "Oee1111*Opl1": [
            0.0,
            0.0
        ],
        "Oee1111*OpWB": [
            0.4390840009353554,
            3.9517560084181937
        ],
        "Ole1111*Ole1111": [
            162.02972995203908,
            162.02972995203908
        ],
        "Ole1111*Oll": [
            -0.3003158405638934,
            -0.3003158405638934
        ],
        "Ole1111*Oll1111": [
            0.0,
            0.0
        ],
        "Ole1111*OpD": [
            0.6722417929813527,
            0.6722417929813527
        ],
        "Ole1111*Ope": [
            -0.3696365080613991,
            -0.3696365080613991
        ],
        "Ole1111*Opl1": [
            0.2972368738542277,
            0.2972368738542277
        ],
        "Ole1111*OpWB": [
            1.676672126970322,
            1.676672126970322
        ],
        "Oll*Oll": [
            0.0017039369321159,
            0.001495451491932
        ],
        "Oll*Oll1111": [
            -1.1859595617757668,
            -0.1317732846417521
        ],
        "Oll*OpD": [
            -0.0036471540911393,
            -0.0062513206869832
        ],
        "Oll*Ope": [
            0.0009019310936086,
            -0.0007125881139257
        ],
        "Oll*Opl1": [
            0.0016435960020078,
            -0.0006063190731541
        ],
        "Oll*OpWB": [
            -0.009658432281778,
            -0.0123026088438028
        ],
        "Oll1111*Oll1111": [
            562.2769831808084,
            62.47522035342315
        ],
        "Oll1111*OpD": [
            0.6031774726016718,
            0.0670197191779638
        ],
        "Oll1111*Ope": [
            0.0,
            0.0
        ],
        "Oll1111*Opl1": [
            -1.3056236248648705,
            -0.1450692916516526
        ],
        "Oll1111*OpWB": [
            1.9911911736319496,
            0.221243463736885
        ],
        "OpD*OpD": [
            0.0030634882997893,
            0.0068820117581817
        ],
        "OpD*Ope": [
            -0.0020164925586593,
            0.0015979322140129
        ],
        "OpD*Opl1": [
            0.0006918725688557,
            0.0018411749264409
        ],
        "OpD*OpWB": [
            0.0149133262235706,
            0.0267855209449421
        ],
        "Ope*Ope": [
            0.0007762186638098,
            0.0015756072256714
        ],
        "Ope*Opl1": [
            -0.0010876622575626,
            -0.0010876622575626
        ],
        "Ope*OpWB": [
            -0.0053996082323124,
            0.0006302707265014
        ],
        "Opl1*Opl1": [
            0.0018280808512682,
            0.0005918423148644
        ],
        "Opl1*OpWB": [
            0.0006890108866772,
            0.0044748728346876
        ],
        "OpWB*OpWB": [
            0.0186794010977257,
            0.0271519572425711
        ]
    }
}