{
    "best_sm": [
        0.5584748482604327,
        0.611922442100229
    ],
    "scales": [
        3000.0,
        3000.0
    ],
    "theory_cov": [
        [
            0.0,
            0.0
        ],
        [
            0.0,
            0.0
        ]
    ],
    "LO": {
        "SM": [
            0.5584748482604327,
            0.611922442100229
        ],
        "O3pl1": [
            0.0286201627644215,
            0.0050511396927912
        ],
        "O3pl2": [
            -2.775557561562892e-17,
            -4.163336342344337e-17
        ],
        "O3pq": [
            1.133149409994399e-17,
            1.4253449438620368e-18
        ],
        "Oll": [
            5.551115123125783e-17,
            1.3877787807814457e-17
        ],
        "Olu": [
            57.73260139519995,
            12.279517563049776
        ],
        "OpD": [
            0.0316514774813192,
            0.0041694199089786
        ],
        "Ope": [
            -0.0024998541683953,
            -0.0403169956847538
        ],
        "Opl1": [
            0.0286201627644216,
            0.0050511396927912
        ],
        "OpqMi": [
            -0.0113796332478852,
            -0.024065975124452
        ],
        "Opui": [
            0.0302198160208471,
            0.0129729293986661
        ],
        "OpWB": [
            0.0746952799340182,
            0.0543730533394666
        ],
        "Oqe": [
            3.20275429225293,
            55.17836382122472
        ],
        "Oql31": [
            0.0,
            0.0
        ],
        "OqlM1": [
            -19.625240811494947,
            -2.579900128695097
        ],
        "O3pl1*O3pl1": [
            -0.0004996506511211,
            0.0001711235957244
        ],
        "O3pl1*O3pl2": [
            0.0017350720798815,
            0.0003062208808762
        ],
        "O3pl1*O3pq": [
            2.242147541516371e-19,
            -4.75297925253447e-19
        ],
        "O3pl1*Oll": [
            -0.0017350720798815,
            -0.0003062208808762
        ],
        "O3pl1*Olu": [
            -2.8817037406793204,
            -0.135579122284802
        ],
        "O3pl1*OpD": [
            -0.0009259483194705,
            0.0008693324435473
        ],
        "O3pl1*Ope": [
            6.21378781725e-05,
            -0.001753042462247
        ],
        "O3pl1*Opl1": [
            -0.0027343733821239,
            3.60263105725e-05
        ],
        "O3pl1*OpqMi": [
            0.0015176450265942,
            -0.0011874693435821
        ],
        "O3pl1*Opui": [
            -0.0016040247498061,
            -0.0001120305782458
        ],
        "O3pl1*OpWB": [
            -0.0014600653433565,
            0.0034284139644195
        ],
        "O3pl1*Oqe": [
            0.0345789495865825,
            2.740721464840897
        ],
        "O3pl1*Oql31": [
            1.0033605680896044e-15,
            1.880206120251071e-16
        ],
        "O3pl1*OqlM1": [
            2.988600341501287,
            -0.1127457766347741
        ],
        "O3pl2*O3pl2": [
            -3.903127820947816e-18,
            -1.734723475976807e-18
        ],
        "O3pl2*O3pq": [
            2.2137901823946072e-18,
            -1.8351568028581382e-19
        ],
        "O3pl2*Oll": [
            3.469446951953614e-18,
            3.469446951953614e-18
        ],
        "O3pl2*Olu": [
            3.4999879492043062,
            0.7444349025348103
        ],
        "O3pl2*OpD": [
            0.0019188428562364,
            0.0002527673980374
        ],
        "O3pl2*Ope": [
            -0.0001515514501807,
            -0.00244418224079
        ],
        "O3pl2*Opl1": [
            0.0017350720798815,
            0.0003062208808762
        ],
        "O3pl2*OpqMi": [
            -0.0006898802110322,
            -0.0014589784781192
        ],
        "O3pl2*Opui": [
            0.0018320496451582,
            0.0007864723823961
        ],
        "O3pl2*OpWB": [
            0.0045283353480281,
            0.0032963183166971
        ],
        "O3pl2*Oqe": [
            0.1941641491332418,
            3.345139553111384
        ],
        "O3pl2*Oql31": [
            5.733488960512028e-16,
            1.157049920154505e-16
        ],
        "O3pl2*OqlM1": [
            -1.1897628840639047,
            -0.1564041657983257
        ],
        "O3pq*O3pq": [
            4.940869484482506e-19,
            -2.9116127424784303e-19
        ],
        "O3pq*Oll": [
            -5.340570884946e-19,
            -5.29156791645205e-19
        ],
        "O3pq*Olu": [
            1.6876781801677112e-15,
            4.185620379088344e-17
        ],
        "O3pq*OpD": [
            1.3726346513537341e-18,
            1.8572076343157597e-18
        ],
        "O3pq*Ope": [
            -3.778928690804495e-20,
            -2.9300372670722576e-19
        ],
        "O3pq*Opl1": [
            -1.3596755180304658e-18,
            -1.9508282913196128e-19
        ],
        "O3pq*OpqMi": [
            1.0103728240074448e-18,
            -3.522814808915575e-19
        ],
        "O3pq*Opui": [
            8.304737653438879e-19,
            -6.139204812028545e-20
        ],
        "O3pq*OpWB": [
            3.159387488918227e-18,
            -3.0124180367268935e-18
        ],
        "O3pq*Oqe": [
            9.362506460557928e-17,
            1.880820503810643e-16
        ],
        "O3pq*Oql31": [
            0.0,
            0.0
        ],
        "O3pq*OqlM1": [
            1.0825161124517649e-15,
            3.200272262221208e-17
        ],
        "Oll*Oll": [
            -5.637851296924623e-18,
            0.0
        ],
        "Oll*Olu": [
            -3.4999879492043062,
            -0.7444349025348114
        ],
        "Oll*OpD": [
            -0.0019188428562364,
            -0.0002527673980374
        ],
        "Oll*Ope": [
            0.0001515514501807,
            0.00244418224079
        ],
        "Oll*Opl1": [
            -0.0017350720798815,
            -0.0003062208808762
        ],
        "Oll*OpqMi": [
            0.0006898802110322,
            0.0014589784781192
        ],
        "Oll*Opui": [
            -0.0018320496451582,
            -0.0007864723823961
        ],
        "Oll*OpWB": [
            -0.0045283353480281,
            -0.0032963183166971
        ],
        "Oll*Oqe": [
            -0.1941641491332419,
            -3.3451395531113857
        ],
        "Oll*Oql31": [
            5.733488960512028e-16,
            1.157049920154505e-16
        ],
        "Oll*OqlM1": [
            1.1897628840639038,
            0.156404165798325
        ],
        "Olu*Olu": [
            -3747.2884091544743,
            -1242.3260655685651
        ],
        "Olu*OpD": [
            -2.8697861390467274,
            1.1810000125302935
        ],
        "Olu*Ope": [
            -0.0480053229849514,
            -0.143206975342315
        ],
        "Olu*Opl1": [
            -6.38169168988362,
            -0.8800140248196122
        ],
        "Olu*OpqMi": [
            3.2883165768536715,
            -0.2674019536777784
        ],
        "Olu*Opui": [
            -4.05410220057521,
            -2.059238193872841
        ],
        "Olu*OpWB": [
            -4.985995806674594,
            1.636316262961612
        ],
        "Olu*Oqe": [
            291.8444400078668,
            1026.1577601578335
        ],
        "Olu*Oql31": [
            0.0,
            0.0
        ],
        "Olu*OqlM1": [
            6649.903132459347,
            303.489107306
        ],
        "OpD*OpD": [
            -0.0003978294151882,
            0.0006462991413855
        ],
        "OpD*Ope": [
            0.0002229131286261,
            -0.0036701162662114
        ],
        "OpD*Opl1": [
            -0.002844791175707,
            0.0006165650455098
        ],
        "OpD*OpqMi": [
            0.0016872362421775,
            -0.0024167079990059
        ],