{
    "best_sm": [
        0.6429723330597756,
        0.5007840362853996
    ],
    "scales": [
        3000.0,
        3000.0
    ],
    "theory_cov": [
        [
            0.0,
            0.0
        ],
        [
            0.0,
            0.0
        ]
    ],
    "LO": {
        "SM": [
            0.6429723330597756,
            0.5007840362853996
        ],
        "O3pl1": [
            0.0158667154039447,
            0.0121388524728634
        ],
        "O3pl2": [
            0.0,
            0.0
        ],
        "Oeb": [
            0.5381962397808007,
            48.28536689587901
        ],
        "Olb": [
            -49.79741854165872,
            -15.595881160651874
        ],
        "Oll": [
            0.0,
            0.0
        ],
        "OpD": [
            0.0184844754758919,
            0.0204518432766623
        ],
        "Opdi": [
            -0.0257470144831108,
            -0.0278965371835319
        ],
        "Ope": [
            0.0042951335985586,
            0.1042011351079759
        ],
        "Opl1": [
            0.0158667154039446,
            0.0121388524728633
        ],
        "OpQ3": [
            0.0071760402757257,
            -0.1030281919360849
        ],
        "OpQM": [
            0.0035880201378628,
            -0.0515140959680424
        ],
        "OpWB": [
            0.0363296082032647,
            -0.0735289958588196
        ],
        "OQe": [
            5.548960438416857,
            140.76663686321808
        ],
        "OQl31": [
            22.924037523303863,
            25.391067988450494
        ],
        "OQlM1": [
            11.462018761651931,
            12.695533994225247
        ],
        "O3pl1*O3pl1": [
            -0.0010138622809352,
            0.00047581728298
        ],
        "O3pl1*O3pl2": [
            0.0009619056021244,
            0.0007359072057287
        ],
        "O3pl1*Oeb": [
            -0.1685866131524004,
            -2.128652429252781
        ],
        "O3pl1*Olb": [
            6.009228422904906,
            0.567146284508437
        ],
        "O3pl1*Oll": [
            -0.0009619056021244,
            -0.0007359072057287
        ],
        "O3pl1*OpD": [
            -0.0022736529318233,
            0.0022521866407259
        ],
        "O3pl1*Opdi": [
            0.0031497010275184,
            0.0011681018350076
        ],
        "O3pl1*Ope": [
            -0.000238816711569,
            0.0029908784306576
        ],
        "O3pl1*Opl1": [
            -0.0029896301639949,
            0.0002157273602313
        ],
        "O3pl1*OpQ3": [
            -0.0025432522592849,
            -0.0024428712393537
        ],
        "O3pl1*OpQM": [
            -0.0012716261296424,
            -0.0012214356196768
        ],
        "O3pl1*OpWB": [
            -0.004364925141832,
            0.0008704026763731
        ],
        "O3pl1*OQe": [
            -0.3327278417364488,
            3.427127954248829
        ],
        "O3pl1*OQl31": [
            -5.496780137074428,
            0.7459019785746881
        ],
        "O3pl1*OQlM1": [
            -2.748390068537214,
            0.372950989287344
        ],
        "O3pl2*O3pl2": [
            0.0,
            0.0
        ],
        "O3pl2*Oeb": [
            0.0326276715065269,
            2.9272577049080546
        ],
        "O3pl2*Olb": [
            -3.0189244999408484,
            -0.9454865154238878
        ],
        "O3pl2*Oll": [
            0.0,
            0.0
        ],
        "O3pl2*OpD": [
            0.0011206049935307,
            0.0012398749281594
        ],
        "O3pl2*Opdi": [
            -0.001560890003934,
            -0.0016912029184087
        ],
        "O3pl2*Ope": [
            0.0002603886793922,
            0.0063171017476729
        ],
        "O3pl2*Opl1": [
            0.0009619056021244,
            0.0007359072057287
        ],
        "O3pl2*OpQ3": [
            0.0004350411012335,
            -0.006245993104246
        ],
        "O3pl2*OpQM": [
            0.0002175205506167,
            -0.003122996552123
        ],
        "O3pl2*OpWB": [
            0.0022024503978321,
            -0.0044576304064545
        ],
        "O3pl2*OQe": [
            0.3364008237239272,
            8.533852983666932
        ],
        "O3pl2*OQl31": [
            1.3897495200231944,
            1.5393110621963482
        ],
        "O3pl2*OQlM1": [
            0.6948747600115972,
            0.7696555310981741
        ],
        "Oeb*Oeb": [
            55.00187143845392,
            -5885.423637349548
        ],
        "Oeb*Olb": [
            388.16603836300783,
            2999.938847272925
        ],
        "Oeb*Oll": [
            -0.0326276715065269,
            -2.9272577049080475
        ],
        "Oeb*OpD": [
            -0.2296613252717989,
            -2.937920363935657
        ],
        "Oeb*Opdi": [
            0.1536246483692649,
            6.389449800896079
        ],
        "Oeb*Ope": [
            -0.0491704248474687,
            -19.702422191900272
        ],
        "Oeb*Opl1": [
            -0.2012142846589273,
            -5.055910134160833
        ],
        "Oeb*OpQ3": [
            -0.1568874586636695,
            16.27524768034685
        ],
        "Oeb*OpQM": [
            -0.0784437293318347,
            8.137623840173426
        ],
        "Oeb*OpWB": [
            -0.4003737299648684,
            16.687438484835816
        ],
        "Oeb*OQe": [
            -43.25360738552021,
            -27077.10439544527
        ],
        "Oeb*OQl31": [
            -375.6371681550245,
            -11795.57898586146
        ],
        "Oeb*OQlM1": [
            -187.81858407751224,
            -5897.7894929307295
        ],
        "Olb*Olb": [
            -9167.50048106207,
            -3244.6173458934272
        ],
        "Olb*Oll": [
            3.0189244999408444,
            0.945486515423888
        ],
        "Olb*OpD": [
            6.557168813085527,
            -0.848845050381491
        ],
        "Olb*Opdi": [
            -9.558156940129416,
            -4.562777329003286
        ],
        "Olb*Ope": [
            -0.3752663850937142,
            -3.2706308965745
        ],
        "Olb*Opl1": [
            9.02815292284575,
            1.512632799932324
        ],
        "Olb*OpQ3": [
            8.811871313503632,
            3.801380009047171
        ],
        "Olb*OpQM": [
            4.405935656751816,
            1.9006900045235853
        ],
        "Olb*OpWB": [
            13.811675081942049,
            2.8428230599516784
        ],
        "Olb*OQe": [
            -408.8739354795344,
            -3630.390661031857
        ],
        "Olb*OQl31": [
            16533.621328030706,
            1577.5307537075316
        ],
        "Olb*OQlM1": [
            8266.810664015353,
            788.7653768537658
        ],
        "Oll*Oll": [
            0.0,
            0.0
        ],
        "Oll*OpD": [
            -0.0011206049935307,
            -0.0012398749281594
        ],
        "Oll*Opdi": [
            0.001560890003934,
            0.0016912029184087
        ],
        "Oll*Ope": [
            -0.0002603886793922,
            -0.0063171017476729
        ],
        "Oll*Opl1": [
            -0.0009619056021244,
            -0.0007359072057287
        ],
        "Oll*OpQ3": [
            -0.0004350411012335,
            0.006245993104246
        ],
        "Oll*OpQM": [
            -0.0002175205506167,
            0.003122996552123
        ],
        "Oll*OpWB": [
            -0.002202450397832,
            0.0044576304064545
        ],
        "Oll*OQe": [
            -0.3364008237239268,
            -8.533852983666936
        ],
        "Oll*OQl31": [
            -1.3897495200231873,
            -1.5393110621963446
        ],
        "Oll*OQlM1": [
            -0.6948747600115937,
            -0.7696555310981723
        ],
        "OpD*OpD": [
            -0.0012960026947969,
            0.0023077324554624
        ],