{
    "best_sm": [
        0.6235302331699747,
        0.5315660265950432
    ],
    "scales": [
        380.0,
        380.0
    ],
    "theory_cov": [
        [
            0.0,
            0.0
        ],
        [
            0.0,
            0.0
        ]
    ],
    "LO": {
        "SM": [
            0.6235302331699747,
            0.5315660265950432
        ],
        "O3pl1": [
            -0.0531970237190485,
            -0.0619620063588617
        ],
        "O3pl2": [
            -0.0756019389156057,
            -0.0644514413807014
        ],
        "O3pl3": [
            0.0326596560550527,
            -0.0077653058366556
        ],
        "Oee1133": [
            0.1975200527726451,
            1.7776804749538069
        ],
        "Ole1133": [
            0.4236000744676283,
            0.0470666749408475
        ],
        "Ole3311": [
            0.0470666749408475,
            0.4236000744676283
        ],
        "Oll": [
            0.0756019389156057,
            0.0644514413807014
        ],
        "Oll1133": [
            2.004322729554263,
            0.2227025255060292
        ],
        "Oll1331": [
            2.004322729554263,
            0.2227025255060292
        ],
        "OpD": [
            -0.0647662795697648,
            -0.1345312425078343
        ],
        "Ope": [
            -0.0010956228299766,
            -0.0098606054697899
        ],
        "Opl1": [
            0.0224049151965573,
            0.0024894350218397
        ],
        "Opl3": [
            0.0326596560550527,
            -0.0077653058366556
        ],
        "Opta": [
            0.0116569221448697,
            -0.0226131504446364
        ],
        "OpWB": [
            -0.1795297259870099,
            -0.2505642667900026
        ],
        "O3pl1*O3pl1": [
            0.0019114065270985,
            0.0019114065270985
        ],
        "O3pl1*O3pl2": [
            0.0032250225600553,
            0.0037563918881813
        ],
        "O3pl1*O3pl3": [
            -0.0007920401673739,
            0.0006027562078902
        ],
        "O3pl1*Oee1133": [
            -0.0119744786779681,
            -0.1077703081017133
        ],
        "O3pl1*Ole1133": [
            -0.0538851540508566,
            -0.005987239338984
        ],
        "O3pl1*Ole3311": [
            -0.0028533755819251,
            -0.0256803802373265
        ],
        "O3pl1*Oll": [
            -0.0032250225600553,
            -0.0037563918881813
        ],
        "O3pl1*Oll1133": [
            -0.0513607604746531,
            -0.0057067511638503
        ],
        "O3pl1*Oll1331": [
            -0.0513607604746531,
            -0.0057067511638503
        ],
        "O3pl1*OpD": [
            0.0046074050198169,
            0.0082315051042317
        ],
        "O3pl1*Ope": [
            6.64211660157e-05,
            0.0005977904941417
        ],
        "O3pl1*Opl1": [
            0.0005977904941417,
            6.64211660157e-05
        ],
        "O3pl1*Opl3": [
            -0.0007920401673739,
            0.0006027562078902
        ],
        "O3pl1*Opta": [
            -0.0016619382594411,
            0.0012647636373415
        ],
        "O3pl1*OpWB": [
            0.0116820193775684,
            0.0152789248810305
        ],
        "O3pl2*O3pl2": [
            0.0022916503738483,
            0.001953655843404
        ],
        "O3pl2*O3pl3": [
            -0.0019799627914799,
            0.0004707648052117
        ],
        "O3pl2*Oee1133": [
            -0.0119744786779681,
            -0.1077703081017133
        ],
        "O3pl2*Ole1133": [
            -0.0256803802373265,
            -0.0028533755819251
        ],
        "O3pl2*Ole3311": [
            -0.0028533755819251,
            -0.0256803802373265
        ],
        "O3pl2*Oll": [
            -0.0045833007476967,
            -0.0039073116868081
        ],
        "O3pl2*Oll1133": [
            -0.121510294534198,
            -0.0135011438371331
        ],
        "O3pl2*Oll1331": [
            -0.121510294534198,
            -0.0135011438371331
        ],
        "O3pl2*OpD": [
            0.0039263984738408,
            0.0081558377102343
        ],
        "O3pl2*Ope": [
            6.64211660157e-05,
            0.0005977904941417
        ],
        "O3pl2*Opl1": [
            -0.0013582781876413,
            -0.0001509197986268
        ],
        "O3pl2*Opl3": [
            -0.0019799627914799,
            0.0004707648052117
        ],
        "O3pl2*Opta": [
            -0.0007066906054098,
            0.0013709022655672
        ],
        "O3pl2*OpWB": [
            0.0108838310121727,
            0.0151902372848754
        ],
        "O3pl3*O3pl3": [
            0.000636636093035,
            0.0004500687301777
        ],
        "O3pl3*Oee1133": [
            0.0,
            0.0
        ],
        "O3pl3*Ole1133": [
            0.0,
            0.0
        ],
        "O3pl3*Ole3311": [
            -0.0031338637570588,
            -0.0282047738135301
        ],
        "O3pl3*Oll": [
            0.0019799627914799,
            -0.0004707648052117
        ],
        "O3pl3*Oll1133": [
            0.0701495340595448,
            0.0077943926732827
        ],
        "O3pl3*Oll1331": [
            0.0701495340595448,
            0.0077943926732827
        ],
        "O3pl3*OpD": [
            -0.0007443457752252,
            0.0015010197151986
        ],
        "O3pl3*Ope": [
            -0.0001061386282257,
            -0.0009552476540313
        ],
        "O3pl3*Opl1": [
            0.001187922624106,
            0.0001319914026784
        ],
        "O3pl3*Opl3": [
            0.0012732721860701,
            0.0009001374603554
        ],
        "O3pl3*Opta": [
            0.0,
            0.0
        ],
        "O3pl3*OpWB": [
            -0.0027987171380665,
            0.0036855930996172
        ],
        "Oee1133*Oee1133": [
            0.230138311710062,
            2.0712448053905588
        ],
        "Oee1133*Ole1133": [
            0.0,
            0.0
        ],
        "Oee1133*Ole3311": [
            0.0,
            0.0
        ],
        "Oee1133*Oll": [
            0.0119744786779681,
            0.1077703081017133
        ],
        "Oee1133*Oll1133": [
            0.0,
            0.0
        ],
        "Oee1133*Oll1331": [
            0.0,
            0.0
        ],
        "Oee1133*OpD": [
            -0.0271461357278982,
            -0.2443152215510839
        ],
        "Oee1133*Ope": [
            -0.0062677275141177,
            -0.0564095476270602
        ],
        "Oee1133*Opl1": [
            0.0,
            0.0
        ],
        "Oee1133*Opl3": [
            0.0,
            0.0
        ],
        "Oee1133*Opta": [
            -0.0062677275141177,
            -0.0564095476270602
        ],
        "Oee1133*OpWB": [
            -0.0447220799145861,
            -0.4024987192312752
        ],
        "Ole1133*Ole1133": [
            0.5178112013476396,
            0.0575345779275155
        ],
        "Ole1133*Ole3311": [
            0.0,
            0.0
        ],
        "Ole1133*Oll": [
            0.0256803802373265,
            0.0028533755819251
        ],
        "Ole1133*Oll1133": [
            0.0,
            0.0
        ],
        "Ole1133*Oll1331": [
            0.0,
            0.0
        ],
        "Ole1133*OpD": [
            -0.0588780699322394,
            -0.0065420077702488
        ],
        "Ole1133*Ope": [
            0.0,
            0.0
        ],
        "Ole1133*Opl1": [
            -0.0282047738135301,
            -0.0031338637570588
        ],
        "Ole1133*Opl3": [
            0.0,
            0.0
        ],
        "Ole1133*Opta": [
            0.0350747670297724,
            0.0038971963366413
        ],
        "Ole1133*OpWB": [
            -0.1485800041311969,
            -0.0165088893479107
        ],
        "Ole3311*Ole3311": [
            0.0575345779275155,
            0.5178112013476396
        ],