{
    "best_sm": [
        0.6492090245820531,
        0.4610794306965316
    ],
    "scales": [
        380.0,
        380.0
    ],
    "theory_cov": [
        [
            0.0,
            0.0
        ],
        [
            0.0,
            0.0
        ]
    ],
    "LO": {
        "SM": [
            0.6492090245820531,
            0.4610794306965316
        ],
        "O3pl1": [
            0.0149136173700767,
            0.0140746712728221
        ],
        "O3pl2": [
            1.3877787807814457e-17,
            1.3877787807814457e-17
        ],
        "Oeb": [
            0.00735821946377,
            0.8627353266850093
        ],
        "Olb": [
            -0.7208361591542957,
            -0.2158430184465697
        ],
        "Oll": [
            -4.163336342344337e-17,
            -3.4694469519536136e-17
        ],
        "OpD": [
            0.0173252919028739,
            0.0235080622733228
        ],
        "Opdi": [
            -0.0246138913162534,
            -0.0308064968989439
        ],
        "Ope": [
            0.0049192091546937,
            0.113099424435423
        ],
        "Opl1": [
            0.0149136173700767,
            0.0140746712728221
        ],
        "OpQ3": [
            0.0056771547077421,
            -0.1108397028758535
        ],
        "OpQM": [
            0.002838577353871,
            -0.0554198514379267
        ],
        "OpWB": [
            0.0331502979150321,
            -0.0772076388940768
        ],
        "OQe": [
            0.0958392480974807,
            2.3245016484212506
        ],
        "OQl31": [
            0.3217594351923032,
            0.4657481267262521
        ],
        "OQlM1": [
            0.1608797175961516,
            0.232874063363126
        ],
        "O3pl1*O3pl1": [
            -0.0010281437790017,
            0.0005763194312668
        ],
        "O3pl1*O3pl2": [
            0.0009041248759431,
            0.0008532645100587
        ],
        "O3pl1*Oeb": [
            -0.0024001525190371,
            -0.0375146586755301
        ],
        "O3pl1*Olb": [
            0.0943843054866144,
            0.0088897240309948
        ],
        "O3pl1*Oll": [
            -0.0009041248759431,
            -0.0008532645100587
        ],
        "O3pl1*OpD": [
            -0.0022977147818212,
            0.0026773720949434
        ],
        "O3pl1*Opdi": [
            0.0032620029040848,
            0.0013227769681458
        ],
        "O3pl1*Ope": [
            -0.0002990793034469,
            0.0034119157371349
        ],
        "O3pl1*Opl1": [
            -0.0029604124339466,
            0.000299374352475
        ],
        "O3pl1*OpQ3": [
            -0.0024029234524018,
            -0.0027208020406719
        ],
        "O3pl1*OpQM": [
            -0.0012014617262009,
            -0.0013604010203359
        ],
        "O3pl1*OpWB": [
            -0.004395138264718,
            0.0012054056196943
        ],
        "O3pl1*OQe": [
            -0.0061676155541104,
            0.059036375942304
        ],
        "O3pl1*OQl31": [
            -0.0808682138988012,
            0.0146114074939541
        ],
        "O3pl1*OQlM1": [
            -0.0404341069494006,
            0.007305703746977
        ],
        "O3pl2*O3pl2": [
            3.469446951953614e-18,
            3.2526065174565133e-18
        ],
        "O3pl2*Oeb": [
            0.0004460855535419,
            0.0523025668994263
        ],
        "O3pl2*Olb": [
            -0.0437000552447046,
            -0.0130852922824587
        ],
        "O3pl2*Oll": [
            -8.673617379884035e-18,
            -7.806255641895632e-18
        ],
        "O3pl2*OpD": [
            0.001050330513628,
            0.0014251555044705
        ],
        "O3pl2*Opdi": [
            -0.0014921954131288,
            -0.0018676166550234
        ],
        "O3pl2*Ope": [
            0.000298222708573,
            0.0068565526759519
        ],
        "O3pl2*Opl1": [
            0.0009041248759431,
            0.0008532645100586
        ],
        "O3pl2*OpQ3": [
            0.000344172488034,
            -0.0067195590530089
        ],
        "O3pl2*OpQM": [
            0.000172086244017,
            -0.0033597795265044
        ],
        "O3pl2*OpWB": [
            0.0020097075207283,
            -0.0046806448901547
        ],
        "O3pl2*OQe": [
            0.0058101697359141,
            0.1409208585923227
        ],
        "O3pl2*OQl31": [
            0.0195063814638615,
            0.0282355686650539
        ],
        "O3pl2*OQlM1": [
            0.0097531907319307,
            0.0141177843325269
        ],
        "Oeb*Oeb": [
            0.0119493207436667,
            -1.498516494113427
        ],
        "Oeb*Olb": [
            0.0853092594404526,
            0.5929425705664305
        ],
        "Oeb*Oll": [
            -0.0004460855535419,
            -0.0523025668994263
        ],
        "Oeb*OpD": [
            -0.0032654050473355,
            -0.0513318671874283
        ],
        "Oeb*Opdi": [
            0.0022384091119719,
            0.101704984167159
        ],
        "Oeb*Ope": [
            -0.0008070390944103,
            -0.3050033993409986
        ],
        "Oeb*Opl1": [
            -0.0028462380725791,
            -0.0898172255749564
        ],
        "Oeb*OpQ3": [
            -0.0020796698859901,
            0.2378866445639614
        ],
        "Oeb*OpQM": [
            -0.001039834942995,
            0.1189433222819807
        ],
        "Oeb*OpWB": [
            -0.0055907870400356,
            0.2497285660027834
        ],
        "Oeb*OQe": [
            -0.0113423489883167,
            -6.385640789405416
        ],
        "Oeb*OQl31": [
            -0.0796461312837834,
            -3.2459337429148443
        ],
        "Oeb*OQlM1": [
            -0.0398230656418917,
            -1.622966871457422
        ],
        "Olb*Olb": [
            -2.260801453204861,
            -0.7517154899820655
        ],
        "Olb*Oll": [
            0.0437000552447046,
            0.0130852922824587
        ],
        "Olb*OpD": [
            0.1017550022284075,
            -0.0116531085223439
        ],
        "Olb*Opdi": [
            -0.1554623543206154,
            -0.067067207385683
        ],
        "Olb*Ope": [
            -0.0060681782487014,
            -0.0500119224817283
        ],
        "Olb*Opl1": [
            0.138084360731319,
            0.0219750163134535
        ],
        "Olb*OpQ3": [
            0.1318845610461645,
            0.0575673380306093
        ],
        "Olb*OpQM": [
            0.0659422805230822,
            0.0287836690153046
        ],
        "Olb*OpWB": [
            0.2177873947293183,
            0.0459156108955121
        ],
        "Olb*OQe": [
            -0.1017540309632318,
            -0.8578437745912812
        ],
        "Olb*OQl31": [
            3.7303941897065873,
            0.3201003632929852
        ],
        "Olb*OQlM1": [
            1.8651970948532937,
            0.1600501816464926
        ],
        "Oll*Oll": [
            6.0715321659188256e-18,
            5.854691731421724e-18
        ],
        "Oll*OpD": [
            -0.001050330513628,
            -0.0014251555044705
        ],
        "Oll*Opdi": [
            0.0014921954131288,
            0.0018676166550234
        ],
        "Oll*Ope": [
            -0.000298222708573,
            -0.0068565526759519
        ],
        "Oll*Opl1": [
            -0.0009041248759431,
            -0.0008532645100586
        ],
        "Oll*OpQ3": [
            -0.000344172488034,
            0.0067195590530089
        ],
        "Oll*OpQM": [
            -0.000172086244017,
            0.0033597795265044
        ],
        "Oll*OpWB": [
            -0.0020097075207283,
            0.0046806448901547
        ],
        "Oll*OQe": [
            -0.0058101697359141,
            -0.1409208585923229
        ],