{
    "best_sm": [
        0.7340744597500289,
        0.6258061326239728
    ],
    "scales": [
        380.0,
        380.0
    ],
    "theory_cov": [
        [
            0.0,
            0.0
        ],
        [
            0.0,
            0.0
        ]
    ],
    "LO": {
        "SM": [
            0.7340744597500289,
            0.6258061326239728
        ],
        "O3pl1": [
            -0.0626282004776899,
            -0.0729471065286903
        ],
        "O3pl2": [
            -0.0505554204341207,
            -0.0850198865722595
        ],
        "Oee1122": [
            0.4650758481805677,
            4.185682633625111
        ],
        "Ole1122": [
            0.4986991476484348,
            0.0554110164053816
        ],
        "Ole1221": [
            0.0,
            0.0
        ],
        "Ole2211": [
            0.0554110164053816,
            0.4986991476484347
        ],
        "Oll": [
            2.448669681284828,
            0.3380628266183722
        ],
        "Oll1122": [
            2.359664450241926,
            0.2621849389157695
        ],
        "OpD": [
            -0.0762485428228372,
            -0.1583819739764209
        ],
        "Ope": [
            -0.001289863256375,
            -0.0116087693073754
        ],
        "Opl1": [
            0.0263770305652117,
            0.0029307811739124
        ],
        "Opl2": [
            0.038449810608781,
            -0.0091419988696567
        ],
        "Opmu": [
            0.0137235507929424,
            -0.0266221833566929
        ],
        "OpWB": [
            -0.2113581340602926,
            -0.2949862235892466
        ],
        "O3pl1*O3pl1": [
            0.0022502753500968,
            0.0022502753500968
        ],
        "O3pl1*O3pl2": [
            0.0028643201892699,
            0.0051319713357376
        ],
        "O3pl1*Oee1122": [
            -0.0281948123722222,
            -0.2537533113500001
        ],
        "O3pl1*Ole1122": [
            -0.0634383278375,
            -0.0070487030930555
        ],
        "O3pl1*Ole1221": [
            0.0,
            0.0
        ],
        "O3pl1*Ole2211": [
            -0.0033592439104627,
            -0.0302331951941646
        ],
        "O3pl1*Oll": [
            -0.0642631697063401,
            -0.0111408417008766
        ],
        "O3pl1*Oll1122": [
            -0.0604663903883292,
            -0.0067184878209254
        ],
        "O3pl1*OpD": [
            0.0054242411527937,
            0.009690849522402
        ],
        "O3pl1*Ope": [
            7.81968202425e-05,
            0.0007037713821827
        ],
        "O3pl1*Opl1": [
            0.0007037713821827,
            7.81968202425e-05
        ],
        "O3pl1*Opl2": [
            -0.0009324591287409,
            0.0007096174557864
        ],
        "O3pl1*Opmu": [
            -0.0019565794327804,
            0.0014889906445641
        ],
        "O3pl1*OpWB": [
            0.0137530974557254,
            0.0179876899802969
        ],
        "O3pl2*O3pl2": [
            0.001116449776863,
            0.0033841009233306
        ],
        "O3pl2*Oee1122": [
            -0.0281948123722222,
            -0.2537533113500001
        ],
        "O3pl2*Ole1122": [
            -0.0302331951941646,
            -0.0033592439104627
        ],
        "O3pl2*Ole1221": [
            0.0,
            0.0
        ],
        "O3pl2*Ole2211": [
            -0.0070487030930555,
            -0.0634383278375
        ],
        "O3pl2*Oll": [
            -0.0635312680832582,
            -0.0118727433239585
        ],
        "O3pl2*Oll1122": [
            -0.0604663903883292,
            -0.0067184878209254
        ],
        "O3pl2*OpD": [
            0.0037461914296553,
            0.0113688992455404
        ],
        "O3pl2*Ope": [
            -4.67588788216e-05,
            -0.0004208299093947
        ],
        "O3pl2*Opl1": [
            -0.000200557505659,
            -2.22841672954e-05
        ],
        "O3pl2*Opl2": [
            -0.0008319781412029,
            0.0016139463436282
        ],
        "O3pl2*Opmu": [
            -0.0008319781412029,
            0.0016139463436282
        ],
        "O3pl2*OpWB": [
            0.009518504931154,
            0.0222222825048684
        ],
        "Oee1122*Oee1122": [
            1.0837559935304355,
            9.753803941773922
        ],
        "Oee1122*Ole1122": [
            0.0,
            0.0
        ],
        "Oee1122*Ole1221": [
            0.0,
            0.0
        ],
        "Oee1122*Ole2211": [
            0.0,
            0.0
        ],
        "Oee1122*Oll": [
            0.0281948123722222,
            0.2537533113500001
        ],
        "Oee1122*Oll1122": [
            0.0,
            0.0
        ],
        "Oee1122*OpD": [
            -0.0639176221414291,
            -0.5752585992728625
        ],
        "Oee1122*Ope": [
            -0.0147578367303712,
            -0.1328205305733416
        ],
        "Oee1122*Opl1": [
            0.0,
            0.0
        ],
        "Oee1122*Opl2": [
            0.0,
            0.0
        ],
        "Oee1122*Opmu": [
            -0.0147578367303712,
            -0.1328205305733416
        ],
        "Oee1122*OpWB": [
            -0.1053015071468014,
            -0.9477135643212132
        ],
        "Ole1122*Ole1122": [
            0.6096127463608702,
            0.0677347495956522
        ],
        "Ole1122*Ole1221": [
            0.0,
            0.0
        ],
        "Ole1122*Ole2211": [
            0.0,
            0.0
        ],
        "Ole1122*Oll": [
            0.0302331951941646,
            0.0033592439104627
        ],
        "Ole1122*Oll1122": [
            0.0,
            0.0
        ],
        "Ole1122*OpD": [
            -0.0693164261769661,
            -0.007701825130774
        ],
        "Ole1122*Ope": [
            0.0,
            0.0
        ],
        "Ole1122*Opl1": [
            -0.0332051326433354,
            -0.0036894591825928
        ],
        "Ole1122*Opl2": [
            0.0,
            0.0
        ],
        "Ole1122*Opmu": [
            0.041293090997914,
            0.0045881212219904
        ],
        "Ole1122*OpWB": [
            -0.174921407912763,
            -0.019435711990307
        ],
        "Ole1221*Ole1221": [
            2.0828110061443352,
            2.0828110061443352
        ],
        "Ole1221*Ole2211": [
            0.0,
            0.0
        ],
        "Ole1221*Oll": [
            0.0,
            0.0
        ],
        "Ole1221*Oll1122": [
            0.0,
            0.0
        ],
        "Ole1221*OpD": [
            0.0,
            0.0
        ],
        "Ole1221*Ope": [
            0.0,
            0.0
        ],
        "Ole1221*Opl1": [
            0.0,
            0.0
        ],
        "Ole1221*Opl2": [
            0.0,
            0.0
        ],
        "Ole1221*Opmu": [
            0.0,
            0.0
        ],
        "Ole1221*OpWB": [
            0.0,
            0.0
        ],
        "Ole2211*Ole2211": [
            0.0677347495956522,
            0.6096127463608702
        ],
        "Ole2211*Oll": [
            0.0033592439104627,
            0.0302331951941646
        ],
        "Ole2211*Oll1122": [
            0.0,
            0.0
        ],
        "Ole2211*OpD": [
            -0.007701825130774,
            -0.0693164261769661
        ],
        "Ole2211*Ope": [
            0.0045881212219904,
            0.041293090997914
        ],
        "Ole2211*Opl1": [
            0.0,
            0.0
        ],
        "Ole2211*Opl2": [
            -0.0036894591825928,
            -0.0332051326433354
        ],
        "Ole2211*Opmu": [
            0.0,
            0.0
        ],
        "Ole2211*OpWB": [
            -0.019435711990307,
            -0.174921407912763
        ],
        "Oll*Oll": [
            2.584201489572769,
            0.2891337435970604
        ],