{
    "best_sm": [
        0.9607530796243748,
        0.9646566725532622,
        0.965008545558268
    ],
    "scales": [
        380.0,
        1500.0,
        3000.0
    ],
    "theory_cov": [
        [
            0.0,
            0.0,
            0.0
        ],
        [
            0.0,
            0.0,
            0.0
        ],
        [
            0.0,
            0.0,
            0.0
        ]
    ],
    "LO": {
        "SM": [
            0.9607530796243748,
            0.9646566725532622,
            0.965008545558268
        ],
        "O3pl1": [
            0.0047225687672416,
            0.0055912671523718,
            0.005660075685824
        ],
        "O3pl2": [
            -2.095545958979983e-15,
            -1.6772694344524552e-13,
            -3.599481823712836e-13
        ],
        "Oee1111": [
            0.0001261961346327,
            0.0055266377452247,
            0.0230719903257945
        ],
        "Ole1111": [
            0.0517266503210546,
            0.7112923898829129,
            2.8161452443463624
        ],
        "Oll": [
            1.2351231148954868e-15,
            1.1425582702173642e-13,
            1.4779844015322396e-13
        ],
        "Oll1111": [
            0.0014187716615094,
            0.0562384538861575,
            0.2333979684745557
        ],
        "OpD": [
            0.0033082782962569,
            0.0043943173083033,
            0.004481127421634
        ],
        "Ope": [
            -0.0039788832138367,
            -0.0037557956441747,
            -0.0037365525602289
        ],
        "Opl1": [
            0.0047225687672456,
            0.0055912671524597,
            0.0056600756859808
        ],
        "OpWB": [
            0.008818884875561,
            0.0104410848743083,
            0.0105695773482488
        ],
        "O3pl1*O3pl1": [
            0.0001252375080638,
            3.25161276768e-05,
            2.07299767012e-05
        ],
        "O3pl1*O3pl2": [
            0.0002863015588274,
            0.000338965630862,
            0.0003431370873865
        ],
        "O3pl1*Oee1111": [
            0.0003173637192236,
            0.0058856287100695,
            0.0237248807700332
        ],
        "O3pl1*Ole1111": [
            0.0005862886860291,
            -0.0233800415973194,
            -0.1036056138211252
        ],
        "O3pl1*Oll": [
            -0.0002863015588274,
            -0.0003389656308636,
            -0.0003431370873989
        ],
        "O3pl1*Oll1111": [
            0.0032711386819215,
            0.0632530308888126,
            0.2552685419709117
        ],
        "O3pl1*OpD": [
            0.0004333323833219,
            0.0002921189450827,
            0.0002718397795686
        ],
        "O3pl1*Ope": [
            -5.13324724292e-05,
            1.6803742356e-05,
            2.39441303405e-05
        ],
        "O3pl1*Opl1": [
            -3.58265426992e-05,
            -0.0002739333755147,
            -0.0003016771339936
        ],
        "O3pl1*OpWB": [
            0.001002372025,
            0.000754422227404,
            0.0007181932532091
        ],
        "O3pl2*O3pl2": [
            -6.019490461639522e-16,
            -2.160424616981516e-14,
            -4.576027057279219e-14
        ],
        "O3pl2*Oee1111": [
            7.65052915974087e-06,
            0.0003350475299969,
            0.0013987190264325
        ],
        "O3pl2*Ole1111": [
            0.003135882471968,
            0.0431214726646269,
            0.1707263171921471
        ],
        "O3pl2*Oll": [
            1.1084883011491797e-15,
            3.8375552735558927e-14,
            5.900141486492316e-14
        ],
        "O3pl2*Oll1111": [
            8.60117784036e-05,
            0.0034094065748699,
            0.0141495456016693
        ],
        "O3pl2*OpD": [
            0.0002005614486387,
            0.0002664016041295,
            0.0002716643904251
        ],
        "O3pl2*Ope": [
            -0.0002412162792455,
            -0.0002276917924419,
            -0.000226525197482
        ],
        "O3pl2*Opl1": [
            0.0002863015588279,
            0.0003389656308934,
            0.0003431370874369
        ],
        "O3pl2*OpWB": [
            0.0005346371035413,
            0.0006329815450624,
            0.0006407712877603
        ],
        "Oee1111*Oee1111": [
            -0.0094112021354547,
            -2.167196616296362,
            -34.44756896217051
        ],
        "Oee1111*Ole1111": [
            0.0034478189935901,
            0.7598956616817967,
            12.026085034834606
        ],
        "Oee1111*Oll": [
            -7.65052915981156e-06,
            -0.000335047530053,
            -0.0013987190273232
        ],
        "Oee1111*Oll1111": [
            0.0001750552781926,
            0.1171311373021559,
            1.9497972656259888
        ],
        "Oee1111*OpD": [
            0.0002195538919233,
            0.0045756873057334,
            0.0185869380452527
        ],
        "Oee1111*Ope": [
            -0.0002824357071717,
            -0.0044701349578746,
            -0.0177940990437803
        ],
        "Oee1111*Opl1": [
            0.000309713190064,
            0.0055505811799886,
            0.0223261617427418
        ],
        "Oee1111*OpWB": [
            0.0006069288517921,
            0.0116164380685239,
            0.0469155972584918
        ],
        "Ole1111*Ole1111": [
            -0.098699043168108,
            -23.060990586875477,
            -366.8533434888785
        ],
        "Ole1111*Oll": [
            -0.0031358824719683,
            -0.0431214726647976,
            -0.1707263171947972
        ],
        "Ole1111*Oll1111": [
            0.0335921052614661,
            7.648474869481546,
            121.32129840911476
        ],
        "Ole1111*OpD": [
            0.002980229585581,
            0.010480227864647,
            0.0305691060683019
        ],
        "Ole1111*Ope": [
            0.0007453694504189,
            0.019790536384387,
            0.0812741605359427
        ],
        "Ole1111*Opl1": [
            -0.0025495937859392,
            -0.0665015142622079,
            -0.2743319310165533
        ],
        "Ole1111*OpWB": [
            0.0069507508619266,
            0.0368649809969245,
            0.1253406324139514
        ],
        "Oll*Oll": [
            -4.978656376053436e-16,
            -1.5121584540089827e-14,
            -2.0037790871008105e-14
        ],
        "Oll*Oll1111": [
            -8.60117784041e-05,
            -0.0034094065754373,
            -0.0141495456106612
        ],
        "Oll*OpD": [
            -0.0002005614486387,
            -0.0002664016041411,
            -0.0002716643904465
        ],
        "Oll*Ope": [
            0.0002412162792455,
            0.0002276917924435,
            0.0002265251974892
        ],
        "Oll*Opl1": [
            -0.0002863015588279,
            -0.0003389656308907,
            -0.0003431370874217
        ],
        "Oll*OpWB": [
            -0.0005346371035417,
            -0.0006329815450882,
            -0.0006407712878339
        ],
        "Oll1111*Oll1111": [
            -0.083862805191857,
            -18.9642260897406,
            -301.0484391102498
        ],
        "Oll1111*OpD": [
            0.0024221933280338,
            0.0523835544802304,
            0.2125782497534203
        ],
        "Oll1111*Ope": [
            -0.0026016222467242,
            -0.0413856990758538,
            -0.1651537881406399
        ],
        "Oll1111*Opl1": [
            0.0031851269035189,
            0.0598436243130907,
            0.2411189963605302
        ],
        "Oll1111*OpWB": [
            0.0062691143059506,
            0.1244848705203178,
            0.5031090525622162
        ],
        "OpD*OpD": [
            0.0002449943750894,
            0.0002139975948642,
            0.0002069044794281
        ],