{
    "best_sm": [
        0.0392941942425375,
        0.0337956925864616
    ],
    "scales": [
        1500.0,
        1500.0
    ],
    "theory_cov": [
        [
            0.0,
            0.0
        ],
        [
            0.0,
            0.0
        ]
    ],
    "LO": {
        "SM": [
            0.0392941942425375,
            0.0337956925864616
        ],
        "O3pl1": [
            -0.0034629511822911,
            -0.0039530679568919
        ],
        "O3pl2": [
            -0.00476435161413,
            -0.004097668004874
        ],
        "O3pl3": [
            0.0019444280908268,
            -0.0004984276110058
        ],
        "Oee1133": [
            0.3900551684584191,
            3.510496516125773
        ],
        "Ole1133": [
            0.4375481526655272,
            0.0486164614072807
        ],
        "Ole3311": [
            0.0486164614072807,
            0.4375481526655272
        ],
        "Oll": [
            0.00476435161413,
            0.004097668004874
        ],
        "Oll1133": [
            1.9696317515986328,
            0.218847972399848
        ],
        "Oll1331": [
            1.9696317515986328,
            0.218847972399848
        ],
        "OpD": [
            -0.004327314081207,
            -0.0084927212760325
        ],
        "Ope": [
            -6.12645968251e-05,
            -0.0005513813714259
        ],
        "Opl1": [
            0.0013014004318389,
            0.0001446000479821
        ],
        "Opl3": [
            0.0019444280908268,
            -0.0004984276110058
        ],
        "Opta": [
            0.0007383888760874,
            -0.0013510348443384
        ],
        "OpWB": [
            -0.0117325869557019,
            -0.0159646355714772
        ],
        "O3pl1*O3pl1": [
            0.000121682682077,
            0.000121682682077
        ],
        "O3pl1*O3pl2": [
            0.0002099383556915,
            0.0002396512521027
        ],
        "O3pl1*O3pl3": [
            -4.96651979488e-05,
            3.77960709732e-05
        ],
        "O3pl1*Oee1133": [
            -0.0236467499495497,
            -0.212820749545948
        ],
        "O3pl1*Ole1133": [
            -0.053205187386487,
            -0.0059116874873874
        ],
        "O3pl1*Ole3311": [
            -0.0029473300171189,
            -0.0265259701540709
        ],
        "O3pl1*Oll": [
            -0.0002099383556915,
            -0.0002396512521027
        ],
        "O3pl1*Oll1133": [
            -0.0530519403081419,
            -0.0058946600342379
        ],
        "O3pl1*Oll1331": [
            -0.0530519403081419,
            -0.0058946600342379
        ],
        "O3pl1*OpD": [
            0.0002998759750008,
            0.0005190344326491
        ],
        "O3pl1*Ope": [
            3.71411205140225e-06,
            3.34270084626e-05
        ],
        "O3pl1*Opl1": [
            3.34270084626e-05,
            3.714112051402261e-06
        ],
        "O3pl1*Opl3": [
            -4.96651979488e-05,
            3.77960709732e-05
        ],
        "O3pl1*Opta": [
            -9.96173240075e-05,
            7.58104991796e-05
        ],
        "O3pl1*OpWB": [
            0.0007537511535299,
            0.0009725611964089
        ],
        "O3pl2*O3pl2": [
            0.0001444173035013,
            0.0001242087511242
        ],
        "O3pl2*O3pl3": [
            -0.000117879234982,
            3.02167335251e-05
        ],
        "O3pl2*Oee1133": [
            -0.0236467499495497,
            -0.212820749545948
        ],
        "O3pl2*Ole1133": [
            -0.0265259701540709,
            -0.0029473300171189
        ],
        "O3pl2*Ole3311": [
            -0.0029473300171189,
            -0.0265259701540709
        ],
        "O3pl2*Oll": [
            -0.0002888346070027,
            -0.0002484175022484
        ],
        "O3pl2*Oll1133": [
            -0.119407184647296,
            -0.0132674649608106
        ],
        "O3pl2*Oll1331": [
            -0.119407184647296,
            -0.0132674649608106
        ],
        "O3pl2*OpD": [
            0.0002623395927193,
            0.0005148637235067
        ],
        "O3pl2*Ope": [
            3.71411205140225e-06,
            3.34270084626e-05
        ],
        "O3pl2*Opl1": [
            -7.88962513112e-05,
            -8.766250145689875e-06
        ],
        "O3pl2*Opl3": [
            -0.000117879234982,
            3.02167335251e-05
        ],
        "O3pl2*Opta": [
            -4.47641731998e-05,
            8.19052937138e-05
        ],
        "O3pl2*OpWB": [
            0.0007112777177118,
            0.0009678419257624
        ],
        "O3pl3*O3pl3": [
            3.6557530891e-05,
            2.58442800943e-05
        ],
        "O3pl3*Oee1133": [
            0.0,
            0.0
        ],
        "O3pl3*Ole1133": [
            0.0,
            0.0
        ],
        "O3pl3*Ole3311": [
            -0.0029643574702684,
            -0.026679217232416
        ],
        "O3pl3*Oll": [
            0.000117879234982,
            -3.02167335251e-05
        ],
        "O3pl3*Oll1133": [
            0.066355244339154,
            0.0073728049265726
        ],
        "O3pl3*Oll1331": [
            0.066355244339154,
            0.0073728049265726
        ],
        "O3pl3*OpD": [
            -5.00374938009e-05,
            9.17445852248e-05
        ],
        "O3pl3*Ope": [
            -6.0947945341910935e-06,
            -5.48531508077e-05
        ],
        "O3pl3*Opl1": [
            6.82140370332e-05,
            7.579337448135595e-06
        ],
        "O3pl3*Opl3": [
            7.31150617821e-05,
            5.16885601887e-05
        ],
        "O3pl3*Opta": [
            0.0,
            0.0
        ],
        "O3pl3*OpWB": [
            -0.0001763366070609,
            0.0002235293135254
        ],
        "Oee1133*Oee1133": [
            14.343800591347351,
            129.0942053221262
        ],
        "Oee1133*Ole1133": [
            0.0,
            0.0
        ],
        "Oee1133*Ole3311": [
            0.0,
            0.0
        ],
        "Oee1133*Oll": [
            0.0236467499495497,
            0.212820749545948
        ],
        "Oee1133*Oll1133": [
            0.0,
            0.0
        ],
        "Oee1133*Oll1331": [
            0.0,
            0.0
        ],
        "Oee1133*OpD": [
            -0.053087324864666,
            -0.4777859237819946
        ],
        "Oee1133*Ope": [
            -0.0118574298810737,
            -0.1067168689296641
        ],
        "Oee1133*Opl1": [
            0.0,
            0.0
        ],
        "Oee1133*Opl3": [
            0.0,
            0.0
        ],
        "Oee1133*Opta": [
            -0.0118574298810737,
            -0.1067168689296641
        ],
        "Oee1133*OpWB": [
            -0.0883154807323474,
            -0.7948393265911268
        ],
        "Ole1133*Ole1133": [
            8.068387832632887,
            0.8964875369592096
        ],
        "Ole1133*Ole3311": [
            0.0,
            0.0
        ],
        "Ole1133*Oll": [
            0.0265259701540709,
            0.0029473300171189
        ],
        "Ole1133*Oll1133": [
            0.0,
            0.0
        ],
        "Ole1133*Oll1331": [
            0.0,
            0.0
        ],
        "Ole1133*OpD": [
            -0.0595896415435055,
            -0.0066210712826117
        ],
        "Ole1133*Ope": [
            0.0,
            0.0
        ],
        "Ole1133*Opl1": [
            -0.026679217232416,
            -0.0029643574702684
        ],
        "Ole1133*Opl3": [
            0.0,
            0.0
        ],
        "Ole1133*Opta": [
            0.033177622169577,
            0.0036864024632863
        ],
        "Ole1133*OpWB": [
            -0.1488892875884402,
            -0.0165432541764933
        ],
        "Ole3311*Ole3311": [
            0.8964875369592096,
            8.068387832632887
        ],