{
    "best_sm": [
        0.7340744597500289,
        0.0462605706595149,
        0.0115550706370422
    ],
    "scales": [
        380.0,
        1500.0,
        3000.0
    ],
    "theory_cov": [
        [
            0.0,
            0.0,
            0.0
        ],
        [
            0.0,
            0.0,
            0.0
        ],
        [
            0.0,
            0.0,
            0.0
        ]
    ],
    "LO": {
        "SM": [
            0.7340744597500289,
            0.0462605706595149,
            0.0115550706370422
        ],
        "O3pl1": [
            -0.0626282004776899,
            -0.0040768897529755,
            -0.0010199000863994
        ],
        "O3pl2": [
            -0.0505554204341207,
            -0.0033198612140766,
            -0.0008308761079638
        ],
        "Oee1122": [
            0.4650758481805677,
            0.4592071431775577,
            0.4589224095288057
        ],
        "Ole1122": [
            0.4986991476484348,
            0.5151200482287002,
            0.5159167457855912
        ],
        "Ole1221": [
            0.0,
            0.0,
            0.0
        ],
        "Ole2211": [
            0.0554110164053816,
            0.0572355609143,
            0.0573240828650656
        ],
        "Oll": [
            2.448669681284828,
            2.324432201835795,
            2.318242714086467
        ],
        "Oll1122": [
            2.359664450241926,
            2.3188231893915696,
            2.316841682190988
        ],
        "OpD": [
            -0.0762485428228372,
            -0.0050944935423281,
            -0.0012760361339822
        ],
        "Ope": [
            -0.001289863256375,
            -7.21260548787e-05,
            -1.79067738957e-05
        ],
        "Opl1": [
            0.0263770305652117,
            0.0015321226912507,
            0.0003811318090804
        ],
        "Opl2": [
            0.038449810608781,
            0.0022891512301496,
            0.0005701557875161
        ],
        "Opmu": [
            0.0137235507929424,
            0.0008692961246541,
            0.0002171588235276
        ],
        "OpWB": [
            -0.2113581340602926,
            -0.013812630042318,
            -0.0034561237734974
        ],
        "O3pl1*O3pl1": [
            0.0022502753500968,
            0.000143255522114,
            3.58003913516e-05
        ],
        "O3pl1*O3pl2": [
            0.0028643201892699,
            0.0001886876135649,
            4.72309933847e-05
        ],
        "O3pl1*Oee1122": [
            -0.0281948123722222,
            -0.0278390273167842,
            -0.0278217655909087
        ],
        "O3pl1*Ole1122": [
            -0.0634383278375,
            -0.0626378114627645,
            -0.0625989725795446
        ],
        "O3pl1*Ole1221": [
            0.0,
            0.0,
            0.0
        ],
        "O3pl1*Ole2211": [
            -0.0033592439104627,
            -0.0034698553092162,
            -0.0034752218742666
        ],
        "O3pl1*Oll": [
            -0.0642631697063401,
            -0.0627045534049781,
            -0.0626158242783927
        ],
        "O3pl1*Oll1122": [
            -0.0604663903883292,
            -0.0624573955658921,
            -0.0625539937368005
        ],
        "O3pl1*OpD": [
            0.0054242411527937,
            0.0003530402899978,
            8.83215080384e-05
        ],
        "O3pl1*Ope": [
            7.81968202425e-05,
            4.372578349125461e-06,
            1.085582345671029e-06
        ],
        "O3pl1*Opl1": [
            0.0007037713821827,
            3.93532051421e-05,
            9.770241111039274e-06
        ],
        "O3pl1*Opl2": [
            -0.0009324591287409,
            -5.8470225521e-05,
            -1.45995482073e-05
        ],
        "O3pl1*Opmu": [
            -0.0019565794327804,
            -0.0001172782479701,
            -2.92200917419e-05
        ],
        "O3pl1*OpWB": [
            0.0137530974557254,
            0.0008873819445778,
            0.0002219054511482
        ],
        "O3pl2*O3pl2": [
            0.001116449776863,
            7.4281671659e-05,
            1.86030340555e-05
        ],
        "O3pl2*Oee1122": [
            -0.0281948123722222,
            -0.0278390273167842,
            -0.0278217655909087
        ],
        "O3pl2*Ole1122": [
            -0.0302331951941646,
            -0.031228697782946,
            -0.0312769968684002
        ],
        "O3pl2*Ole1221": [
            0.0,
            0.0,
            0.0
        ],
        "O3pl2*Ole2211": [
            -0.0070487030930555,
            -0.006959756829196,
            -0.0069554413977271
        ],
        "O3pl2*Oll": [
            -0.0635312680832582,
            -0.0626586592186896,
            -0.0626043648667146
        ],
        "O3pl2*Oll1122": [
            -0.0604663903883292,
            -0.0624573955658921,
            -0.0625539937368005
        ],
        "O3pl2*OpD": [
            0.0037461914296553,
            0.0002499406448585,
            6.26032124329e-05
        ],
        "O3pl2*Ope": [
            -4.67588788216e-05,
            -2.8027481498450174e-06,
            -6.983098697802534e-07
        ],
        "O3pl2*Opl1": [
            -0.000200557505659,
            -1.25760392325e-05,
            -3.1401365292829383e-06
        ],
        "O3pl2*Opl2": [
            -0.0008319781412029,
            -5.27003094794e-05,
            -1.31650618029e-05
        ],
        "O3pl2*Opmu": [
            -0.0008319781412029,
            -5.27003094794e-05,
            -1.31650618029e-05
        ],
        "O3pl2*OpWB": [
            0.009518504931154,
            0.0006297795774917,
            0.0001576770527356
        ],
        "Oee1122*Oee1122": [
            1.0837559935304355,
            16.886779677586425,
            67.5471187103457
        ],
        "Oee1122*Ole1122": [
            0.0,
            0.0,
            0.0
        ],
        "Oee1122*Ole1221": [
            0.0,
            0.0,
            0.0
        ],
        "Oee1122*Ole2211": [
            0.0,
            0.0,
            0.0
        ],
        "Oee1122*Oll": [
            0.0281948123722222,
            0.0278390273167842,
            0.0278217655909087
        ],
        "Oee1122*Oll1122": [
            0.0,
            0.0,
            0.0
        ],
        "Oee1122*OpD": [
            -0.0639176221414291,
            -0.0624990533682441,
            -0.0624302282590271
        ],
        "Oee1122*Ope": [
            -0.0147578367303712,
            -0.0139596060799193,
            -0.0139208780938419
        ],
        "Oee1122*Opl1": [
            0.0,
            0.0,
            0.0
        ],
        "Oee1122*Opl2": [
            0.0,
            0.0,
            0.0
        ],
        "Oee1122*Opmu": [
            -0.0147578367303712,
            -0.0139596060799193,
            -0.0139208780938419
        ],
        "Oee1122*OpWB": [
            -0.1053015071468014,
            -0.1039727271548182,
            -0.1039082583537263
        ],
        "Ole1122*Ole1122": [
            0.6096127463608702,
            9.498813568642367,
            37.99525427456947
        ],
        "Ole1122*Ole1221": [
            0.0,
            0.0,
            0.0
        ],
        "Ole1122*Ole2211": [
            0.0,
            0.0,
            0.0
        ],
        "Ole1122*Oll": [
            0.0302331951941646,
            0.031228697782946,
            0.0312769968684002
        ],
        "Ole1122*Oll1122": [
            0.0,
            0.0,
            0.0
        ],
        "Ole1122*OpD": [
            -0.0693164261769661,
            -0.0701541506662152,
            -0.0701947947862298
        ],
        "Ole1122*Ope": [
            0.0,
            0.0,
            0.0
        ],
        "Ole1122*Opl1": [
            -0.0332051326433354,
            -0.0314091136798184,
            -0.0313219757111443
        ],