{
    "best_sm": [
        0.4853011372619096,
        0.4454400621508122
    ],
    "scales": [
        1500.0,
        1500.0
    ],
    "theory_cov": [
        [
            0.0,
            0.0
        ],
        [
            0.0,
            0.0
        ]
    ],
    "LO": {
        "SM": [
            0.4853011372619096,
            0.4454400621508122
        ],
        "O3pl1": [
            0.0350039393545966,
            0.0046926651277461
        ],
        "O3pl2": [
            0.0151112842458476,
            0.0270633882042255
        ],
        "Oee1122": [
            1.2160002171745137,
            14.794838719984508
        ],
        "Ole1122": [
            -13.535956615217092,
            -1.6913508772116317
        ],
        "Ole1221": [
            0.0,
            0.0
        ],
        "Ole2211": [
            -1.5039951794685655,
            -15.222157894904685
        ],
        "Oll": [
            12.280686586790226,
            1.8446510007790409
        ],
        "Oll1122": [
            12.280686586790235,
            1.8446510007790424
        ],
        "OpD": [
            0.039752165586456,
            0.0060059651987805
        ],
        "Ope": [
            -0.004097469789205,
            -0.0435274292632818
        ],
        "Opl1": [
            0.0350039393545967,
            0.0046926651277461
        ],
        "Opl2": [
            0.0151112842458475,
            0.0270633882042255
        ],
        "Opmu": [
            -0.0288354892520052,
            -0.0157077450714283
        ],
        "OpWB": [
            0.093584743648177,
            0.0593009847475581
        ],
        "O3pl1*O3pl1": [
            0.00049315119635,
            0.0002111006584353
        ],
        "O3pl1*O3pl2": [
            0.0012309002673099,
            0.0019424820534876
        ],
        "O3pl1*Oee1122": [
            -0.140288170965303,
            0.5898989020309706
        ],
        "O3pl1*Ole1122": [
            0.0632683357252004,
            0.0010784960892174
        ],
        "O3pl1*Ole1221": [
            0.0,
            0.0
        ],
        "O3pl1*Ole2211": [
            -0.0846753238055216,
            -0.9184548238466694
        ],
        "O3pl1*Oll": [
            -1.0052009301928335,
            0.135410070391012
        ],
        "O3pl1*Oll1122": [
            -1.0030788472976404,
            0.1356945590681174
        ],
        "O3pl1*OpD": [
            0.0015201531912406,
            0.0010797088403967
        ],
        "O3pl1*Ope": [
            -5.81241646783e-05,
            -0.0023760116888879
        ],
        "O3pl1*Opl1": [
            -0.001135780502493,
            0.0001377126397654
        ],
        "O3pl1*Opl2": [
            -0.0008911826278833,
            0.0016579933763824
        ],
        "O3pl1*Opmu": [
            0.0002460517710917,
            -0.0004854277399
        ],
        "O3pl1*OpWB": [
            0.0041403854486896,
            0.0044157896767745
        ],
        "O3pl2*O3pl2": [
            0.0003051926625105,
            0.0013045018844385
        ],
        "O3pl2*Oee1122": [
            -0.0614547769614577,
            -0.2904701606317754
        ],
        "O3pl2*Ole1122": [
            -0.3190610939672142,
            -0.1664129036023389
        ],
        "O3pl2*Ole1221": [
            0.0,
            0.0
        ],
        "O3pl2*Ole2211": [
            0.0562539062230757,
            -0.5695548437714245
        ],
        "O3pl2*Oll": [
            -0.207837034970248,
            0.0242876348849008
        ],
        "O3pl2*Oll1122": [
            -0.2069209267146123,
            0.0259283288825786
        ],
        "O3pl2*OpD": [
            0.0013881105343233,
            0.0037689896551372
        ],
        "O3pl2*Ope": [
            0.0001664616013889,
            -0.0009308995468233
        ],
        "O3pl2*Opl1": [
            0.0003147920116742,
            0.0003017880558099
        ],
        "O3pl2*Opl2": [
            -0.0003057229306146,
            0.0009683097711994
        ],
        "O3pl2*Opmu": [
            -0.0006051956075348,
            -0.0001020294398644
        ],
        "O3pl2*OpWB": [
            0.0034384011037288,
            0.0084994060347872
        ],
        "Oee1122*Oee1122": [
            16.323124596514553,
            -496.3691119838463
        ],
        "Oee1122*Ole1122": [
            53.64218075630575,
            66.56078935464399
        ],
        "Oee1122*Ole1221": [
            0.0,
            0.0
        ],
        "Oee1122*Ole2211": [
            5.960242306256193,
            599.0471041917959
        ],
        "Oee1122*Oll": [
            -121.9783760448148,
            -192.50835187615175
        ],
        "Oee1122*Oll1122": [
            -121.90465710606132,
            -191.61142785092204
        ],
        "Oee1122*OpD": [
            -0.2288875023175975,
            1.3923427388556568
        ],
        "Oee1122*Ope": [
            -0.0147329010874114,
            2.0523119697337404
        ],
        "Oee1122*Opl1": [
            -0.2140071097189355,
            -0.3070251231987716
        ],
        "Oee1122*Opl2": [
            -0.1351737157150898,
            -1.187394185861518
        ],
        "Oee1122*Opmu": [
            0.0833023800012358,
            0.957506530865016
        ],
        "Oee1122*OpWB": [
            -0.3767330704753364,
            0.5591506929740966
        ],
        "Ole1122*Ole1122": [
            -98.877645296135,
            -28.75543359862147
        ],
        "Ole1122*Ole1221": [
            0.0,
            0.0
        ],
        "Ole1122*Ole2211": [
            33.494531448207724,
            43.79537125566266
        ],
        "Ole1122*Oll": [
            542.5662403168343,
            8.40147312756118
        ],
        "Ole1122*Oll1122": [
            541.7456349069049,
            8.298936475044961
        ],
        "Ole1122*OpD": [
            -0.0898484222251375,
            -0.2033245617287203
        ],
        "Ole1122*Ope": [
            0.0245218264624198,
            0.035021333433813
        ],
        "Ole1122*Opl1": [
            0.8838737456548297,
            0.1036151486054333
        ],
        "Ole1122*Opl2": [
            0.5015443159624189,
            -0.0638762510861226
        ],
        "Ole1122*Opmu": [
            -0.450933703290991,
            -0.1732668755946055
        ],
        "Ole1122*OpWB": [
            -0.4776652279952467,
            -0.3087440707977117
        ],
        "Ole1221*Ole1221": [
            -340.4595431481782,
            -363.3377427861617
        ],
        "Ole1221*Ole2211": [
            0.0,
            0.0
        ],
        "Ole1221*Oll": [
            0.0,
            0.0
        ],
        "Ole1221*Oll1122": [
            0.0,
            0.0
        ],
        "Ole1221*OpD": [
            0.0,
            0.0
        ],
        "Ole1221*Ope": [
            0.0,
            0.0
        ],
        "Ole1221*Opl1": [
            0.0,
            0.0
        ],
        "Ole1221*Opl2": [
            0.0,
            0.0
        ],
        "Ole1221*Opmu": [
            0.0,
            0.0
        ],
        "Ole1221*OpWB": [
            0.0,
            0.0
        ],
        "Ole2211*Ole2211": [
            -25.872863454329547,
            -83.61741736494258
        ],
        "Ole2211*Oll": [
            60.28513781298158,
            75.61325814805063
        ],
        "Ole2211*Oll1122": [
            60.19395943410053,
            74.69042827540468
        ],
        "Ole2211*OpD": [
            -0.0099831580250152,
            -1.8299210555584824
        ],
        "Ole2211*Ope": [
            -0.1113176208897394,
            -0.8390466815495722
        ],
        "Ole2211*Opl1": [
            0.0065030550755483,
            0.0043750487992755
        ],
        "Ole2211*Opl2": [
            0.1474322851041459,
            0.3532750288745209
        ],