{
  "best_sm": [
    0.5008
  ],
  "theory_cov": [
    [
      0.0
    ]
  ],
  "LO": {
    "SM": [
      0.5008
    ],
    "OpD": [
      -0.0152
    ],
    "Opd": [
      0.0607
    ],
    "OpW": [
      -0.01908
    ],
    "O3pl1": [
      -0.4289
    ],
    "O3pl2": [
      -0.09115
    ],
    "Oll": [
      0.09113
    ],
    "OpD^2": [
      0.0001152
    ],
    "Opd^2": [
      0.001841
    ],
    "OpW^2": [
      0.04555
    ],
    "O3pl1^2": [
      0.4057
    ],
    "O3pl2^2": [
      0.004143
    ],
    "Oll^2": [
      0.004141
    ],
    "Opd*OpD": [
      -0.0009212000000000001
    ],
    "OpD*OpW": [
      0.00021479999999999416
    ],
    "O3pl1*OpD": [
      0.006884800000000006
    ],
    "O3pl2*OpD": [
      0.0013867999999999999
    ],
    "Oll*OpD": [
      -0.0013792
    ],
    "Opd*OpW": [
      -0.001231000000000003
    ],
    "O3pl1*Opd": [
      -0.025040999999999997
    ],
    "O3pl2*Opd": [
      -0.0055238
    ],
    "Oll*Opd": [
      0.005527999999999999
    ],
    "O3pl1*OpW": [
      0.04145000000000002
    ],
    "O3pl2*OpW": [
      0.0016369999999999996
    ],
    "Oll*OpW": [
      -0.0017609999999999987
    ],
    "O3pl1*O3pl2": [
      0.03945699999999997
    ],
    "Oll*O3pl1": [
      -0.038440999999999996
    ],
    "Oll*O3pl2": [
      -0.008284
    ]
  }
}
