{
    "best_sm": [
        0.4636205438309541,
        0.4068941877465161
    ],
    "scales":[
        3000.0,
        3000.0
    ],
    "theory_cov": [
        [
            0.0,
            0.0
        ],
        [
            0.0,
            0.0
        ]
    ],
    "LO": {
        "SM": [
            0.4636205438309541,
            0.4068941877465161
        ],
        "O3pl1": [
            -0.0291019146481004,
            -0.0593364863421435
        ],
        "O3pl2": [
            -0.0562131716638368,
            -0.0493352012310081
        ],
        "Oll": [
            0.0562131716634597,
            0.0493352012306939
        ],
        "Oll1111": [
            -19.562504684163777,
            -2.1736116315737743
        ],
        "OpD": [
            -0.0601601195275681,
            -0.1031160708699819
        ],
        "Ope": [
            0.0148774307423348,
            -0.0117542020537503
        ],
        "Opl1": [
            0.0271112570145108,
            -0.0100012851122697
        ],
        "OpWB": [
            -0.1593166688339795,
            -0.2029325880005854
        ]
    },
    "NLO": {
        "SM": [
            0.4636205438309541,
            0.4068941877465161
        ],
        "O3pl1": [
            -0.0291019146481004,
            -0.0593364863421435
        ],
        "O3pl2": [
            -0.0562131716638368,
            -0.0493352012310081
        ],
        "Oll": [
            0.0562131716634597,
            0.0493352012306939
        ],
        "Oll1111": [
            -19.562504684163777,
            -2.1736116315737743
        ],
        "OpD": [
            -0.0601601195275681,
            -0.1031160708699819
        ],
        "Ope": [
            0.0148774307423348,
            -0.0117542020537503
        ],
        "Opl1": [
            0.0271112570145108,
            -0.0100012851122697
        ],
        "OpWB": [
            -0.1593166688339795,
            -0.2029325880005854
        ]
    }
}