{
    "best_sm": [
        0.4699772715938443,
        0.4312632628609987
    ],
    "scales": [
        3000.0,
        3000.0
    ],
    "theory_cov": [
        [
            0.0,
            0.0
        ],
        [
            0.0,
            0.0
        ]
    ],
    "LO": {
        "SM": [
            0.4699772715938443,
            0.4312632628609987
        ],
        "cll1133": [
            47.85720443199527,
            7.182320914749512
        ],
        "O3pl1": [
            0.0339562287098146,
            0.0045497674319566
        ],
        "O3pl2": [
            3.1225022567582533e-16,
            -2.289834988289385e-16
        ],
        "O3pl3": [
            0.0146754314637127,
            0.0262218400032401
        ],
        "Oll": [
            -2.498001805406602e-16,
            3.191891195797325e-16
        ],
        "Oll1331": [
            47.85720443199527,
            7.182320914749512
        ],
        "OpD": [
            0.0385918644397968,
            0.0058002287626666
        ],
        "Ope": [
            -0.003973973360349,
            -0.0421944139864434
        ],
        "Opl1": [
            0.0339562287098146,
            0.0045497674319569
        ],
        "Opl3": [
            0.0146754314637127,
            0.0262218400032401
        ],
        "Opta": [
            -0.0279511013467786,
            -0.0152435544789147
        ],
        "OpWB": [
            0.0908143498831861,
            0.0574626388265711
        ],
        "cll1133*cll1133": [
            -6456.222478545813,
            285.1856940234844
        ],
        "cll1133*O3pl1": [
            -3.8764181608110655,
            0.5285301370640376
        ],
        "cll1133*O3pl2": [
            2.9013007338434957,
            0.4354218594250307
        ],
        "cll1133*O3pl3": [
            -3.694709135034687,
            -0.3314702126462557
        ],
        "cll1133*Oll": [
            -2.901300733843509,
            -0.435421859425029
        ],
        "cll1133*Oll1331": [
            -12912.444957091626,
            570.3713880469688
        ],
        "cll1133*OpD": [
            -3.901264256813067,
            1.4367096838537643
        ],
        "cll1133*Ope": [
            0.870962677801206,
            1.2089079956160762
        ],
        "cll1133*Opl1": [
            -6.77771889465461,
            0.0931082776390062
        ],
        "cll1133*Opl3": [
            -3.694709135034687,
            -0.3314702126462557
        ],
        "cll1133*Opta": [
            4.704918226748408,
            0.6809125672157935
        ],
        "cll1133*OpWB": [
            -8.720394528630912,
            1.181091120633993
        ],
        "O3pl1*O3pl1": [
            0.0004863221460453,
            0.000205160221523
        ],
        "O3pl1*O3pl2": [
            0.0020585663630715,
            0.000275825630557
        ],
        "O3pl1*O3pl3": [
            -0.0008574381097984,
            0.0016070037496208
        ],
        "O3pl1*Oll": [
            -0.0020585663630715,
            -0.000275825630557
        ],
        "O3pl1*Oll1331": [
            -3.8764181608110655,
            0.5285301370640376
        ],
        "O3pl1*OpD": [
            0.0014940771269507,
            0.0010455720911648
        ],
        "O3pl1*Ope": [
            -5.72196890577e-05,
            -0.0023045305819715
        ],
        "O3pl1*Opl1": [
            -0.0010859220709808,
            0.000134494812489
        ],
        "O3pl1*Opl3": [
            -0.0008574381097984,
            0.0016070037496208
        ],
        "O3pl1*Opta": [
            0.0002269173780039,
            -0.0004733544746708
        ],
        "O3pl1*OpWB": [
            0.0040592844208224,
            0.0042822085373548
        ],
        "O3pl2*O3pl2": [
            3.426078865054194e-17,
            -7.589415207398531e-18
        ],
        "O3pl2*O3pl3": [
            0.000889685065822,
            0.0015896758815537
        ],
        "O3pl2*Oll": [
            -6.375108774214766e-17,
            2.688821387764051e-17
        ],
        "O3pl2*Oll1331": [
            2.9013007338434957,
            0.4354218594250307
        ],
        "O3pl2*OpD": [
            0.0023395976833264,
            0.0003516337438701
        ],
        "O3pl2*Ope": [
            -0.000240918623716,
            -0.002557999066513
        ],
        "O3pl2*Opl1": [
            0.0020585663630715,
            0.000275825630557
        ],
        "O3pl2*Opl3": [
            0.000889685065822,
            0.0015896758815537
        ],
        "O3pl2*Opta": [
            -0.0016945108225947,
            -0.0009241270216463
        ],
        "O3pl2*OpWB": [
            0.0055055397214858,
            0.00348362170701
        ],
        "O3pl3*O3pl3": [
            -0.0005910748455273,
            -0.0003223179107507
        ],
        "O3pl3*Oll": [
            -0.000889685065822,
            -0.0015896758815537
        ],
        "O3pl3*Oll1331": [
            -3.694709135034687,
            -0.3314702126462557
        ],
        "O3pl3*OpD": [
            -0.0009827073867956,
            0.0032997283929998
        ],
        "O3pl3*Ope": [
            0.0004007883700012,
            0.0016433157191025
        ],
        "O3pl3*Opl1": [
            -0.0017471231756205,
            1.7327868067e-05
        ],
        "O3pl3*Opl3": [
            -0.0011821496910547,
            -0.0006446358215014
        ],
        "O3pl3*Opta": [
            0.0011033755802428,
            0.0008201138615983
        ],
        "O3pl3*OpWB": [
            -0.0021473186179152,
            0.0047656649726103
        ],
        "Oll*Oll": [
            2.6454533008646308e-17,
            -1.8865117801247777e-17
        ],
        "Oll*Oll1331": [
            -2.901300733843509,
            -0.435421859425029
        ],
        "Oll*OpD": [
            -0.0023395976833264,
            -0.0003516337438701
        ],
        "Oll*Ope": [
            0.000240918623716,
            0.002557999066513
        ],
        "Oll*Opl1": [
            -0.0020585663630715,
            -0.000275825630557
        ],
        "Oll*Opl3": [
            -0.000889685065822,
            -0.0015896758815537
        ],
        "Oll*Opta": [
            0.0016945108225947,
            0.0009241270216463
        ],
        "Oll*OpWB": [
            -0.0055055397214858,
            -0.0034836217070099
        ],
        "Oll1331*Oll1331": [
            -6456.222478545813,
            285.1856940234844
        ],
        "Oll1331*OpD": [
            -3.901264256813067,
            1.4367096838537643
        ],
        "Oll1331*Ope": [
            0.870962677801206,
            1.2089079956160762
        ],
        "Oll1331*Opl1": [
            -6.77771889465461,
            0.0931082776390062
        ],
        "Oll1331*Opl3": [
            -3.694709135034687,
            -0.3314702126462557
        ],
        "Oll1331*Opta": [
            4.704918226748408,
            0.6809125672157935
        ],
        "Oll1331*OpWB": [
            -8.720394528630912,
            1.181091120633993
        ],
        "OpD*OpD": [
            0.0010523538632859,
            0.0009742552955106
        ],
        "OpD*Ope": [
            0.0001616272634494,
            -0.0047648843185685
        ],
        "OpD*Opl1": [
            -0.0008455205563756,
            0.0006939383472946
        ],
        "OpD*Opl3": [
            -0.0009827073867956,
            0.0032997283929998
        ],
        "OpD*Opta": [
            -8.974924263435886e-06,
            -0.0015243875365038
        ],