{
    "best_sm": [
        0.4658089059412443,
        0.4454400621508122,
        0.4444323097516955
    ],
    "scales": [
        380.0,
        1500.0,
        3000.0
    ],
    "theory_cov": [
        [
            0.0,
            0.0,
            0.0
        ],
        [
            0.0,
            0.0,
            0.0
        ],
        [
            0.0,
            0.0,
            0.0
        ]
    ],
    "LO": {
        "SM": [
            0.4658089059412443,
            0.4454400621508122,
            0.4444323097516955
        ],
        "O3pl1": [
            0.0047608351196606,
            0.0046926651277461,
            0.0046886990447627
        ],
        "O3pl2": [
            0.0278356695205983,
            0.0270633882042255,
            0.0270225496168343
        ],
        "Oee1122": [
            1.7690468019338137,
            29.589677439969016,
            118.75609046478856
        ],
        "Ole1122": [
            -0.1059076718806696,
            -1.6913508772116317,
            -6.773042824962782
        ],
        "Ole1221": [
            0.0,
            0.0,
            0.0
        ],
        "Ole2211": [
            -0.9531690469260268,
            -15.222157894904685,
            -60.95738542466506
        ],
        "Oll": [
            0.1108104623074239,
            1.8446510007790409,
            7.401640131236519
        ],
        "Oll1122": [
            0.1108104623074239,
            1.8446510007790424,
            7.401640131236521
        ],
        "OpD": [
            0.0065869723815827,
            0.0060059651987805,
            0.0059773444391697
        ],
        "Ope": [
            -0.0443270378952501,
            -0.0435274292632818,
            -0.043482861819042
        ],
        "Opl1": [
            0.0047608351196606,
            0.0046926651277461,
            0.0046886990447627
        ],
        "Opl2": [
            0.0278356695205983,
            0.0270633882042255,
            0.0270225496168343
        ],
        "Opmu": [
            -0.0156317380777696,
            -0.0157077450714283,
            -0.0157090313720353
        ],
        "OpWB": [
            0.0608704363948643,
            0.0593009847475581,
            0.0592173168859782
        ],
        "O3pl1*O3pl1": [
            0.0002031378282144,
            0.0002111006584353,
            0.0002114249901922
        ],
        "O3pl1*O3pl2": [
            0.0019809971776986,
            0.0019424820534876,
            0.00194032342275
        ],
        "O3pl1*Oee1122": [
            0.0671194019272038,
            1.1797978040619412,
            4.745875823485505
        ],
        "O3pl1*Ole1122": [
            0.0007055911766836,
            0.0010784960892174,
            0.002405870897488
        ],
        "O3pl1*Ole1221": [
            0.0,
            0.0,
            0.0
        ],
        "O3pl1*Ole2211": [
            -0.0571150067197957,
            -0.9184548238466694,
            -3.6791492027226393
        ],
        "O3pl1*Oll": [
            0.0077939069496488,
            0.135410070391012,
            0.5443850751607653
        ],
        "O3pl1*Oll1122": [
            0.0080825283722814,
            0.1356945590681174,
            0.5446693233975948
        ],
        "O3pl1*OpD": [
            0.0011214646398439,
            0.0010797088403967,
            0.0010774996608929
        ],
        "O3pl1*Ope": [
            -0.0023913807152291,
            -0.0023760116888879,
            -0.0023749016845172
        ],
        "O3pl1*Opl1": [
            0.0001176542337963,
            0.0001377126397654,
            0.0001386017435558
        ],
        "O3pl1*Opl2": [
            0.001692375755066,
            0.0016579933763824,
            0.0016560751859213
        ],
        "O3pl1*Opmu": [
            -0.000433095537675,
            -0.0004854277399,
            -0.0004878088180144
        ],
        "O3pl1*OpWB": [
            0.0044579730498917,
            0.0044157896767745,
            0.004412969976783
        ],
        "O3pl2*O3pl2": [
            0.0012627570671116,
            0.0013045018844385,
            0.001306057989984
        ],
        "O3pl2*Oee1122": [
            -0.0530881460299123,
            -0.5809403212635491,
            -2.2743175374342783
        ],
        "O3pl2*Ole1122": [
            -0.0104323614513176,
            -0.1664129036023389,
            -0.6663304513259367
        ],
        "O3pl2*Ole1221": [
            0.0,
            0.0,
            0.0
        ],
        "O3pl2*Ole2211": [
            -0.0304259257519098,
            -0.5695548437714243,
            -2.2961720211334065
        ],
        "O3pl2*Oll": [
            -0.0011346066352606,
            0.0242876348849008,
            0.1054876941170022
        ],
        "O3pl2*Oll1122": [
            0.0005529062348631,
            0.0259283288825786,
            0.1071259123114027
        ],
        "O3pl2*OpD": [
            0.0038811513133246,
            0.0037689896551372,
            0.0037628600624673
        ],
        "O3pl2*Ope": [
            -0.0006690155290884,
            -0.0009308995468233,
            -0.0009426141009188
        ],
        "O3pl2*Opl1": [
            0.0002934843075747,
            0.0003017880558099,
            0.0003021052283493
        ],
        "O3pl2*Opl2": [
            0.0008380012640995,
            0.0009683097711994,
            0.0009738977855673
        ],
        "O3pl2*Opmu": [
            8.132443099987362e-06,
            -0.0001020294398644,
            -0.0001071893039486
        ],
        "O3pl2*OpWB": [
            0.0084154210153037,
            0.0084994060347872,
            0.0085011867426537
        ],
        "Oee1122*Oee1122": [
            -7.709837483636477,
            -1985.4764479353853,
            -31854.57879167912
        ],
        "Oee1122*Ole1122": [
            0.5517223363520559,
            133.12157870928797,
            2128.968765130349
        ],
        "Oee1122*Ole1221": [
            0.0,
            0.0,
            0.0
        ],
        "Oee1122*Ole2211": [
            4.965501027168504,
            1198.094208383592,
            19160.71888617315
        ],
        "Oee1122*Oll": [
            -1.5895507743368724,
            -385.0167037523036,
            -6156.803138162306
        ],
        "Oee1122*Oll1122": [
            -1.4823038750336042,
            -383.2228557018441,
            -6149.603655106346
        ],
        "Oee1122*OpD": [
            0.1605333355376235,
            2.7846854777113137,
            11.19411405698702
        ],
        "Oee1122*Ope": [
            0.2731602774913996,
            4.104623939467481,
            16.386362118141353
        ],
        "Oee1122*Opl1": [
            -0.0401274973760645,
            -0.6140502463975432,
            -2.453607232476932
        ],
        "Oee1122*Opl2": [
            -0.1603350453331809,
            -2.374788371723036,
            -9.4738005933967
        ],
        "Oee1122*Opmu": [
            0.123673110258969,
            1.915013061730032,
            7.656221317646928
        ],
        "Oee1122*OpWB": [
            0.026201848298216,
            1.1183013859481932,
            4.61536698819765
        ],
        "Ole1122*Ole1122": [
            -0.1200847280613058,
            -28.75543359862147,
            -459.7575078634548
        ],
        "Ole1122*Ole1221": [
            0.0,
            0.0,
            0.0
        ],
        "Ole1122*Ole2211": [
            0.1687936980574639,
            43.79537125566266,
            702.9117966710696
        ],
        "Ole1122*Oll": [
            0.0409796261460613,
            8.40147312756118,
            133.10157816183894
        ],
        "Ole1122*Oll1122": [
            0.0345590671143762,
            8.298936475044961,
            132.69096842498442
        ],