{
    "best_sm": [
        0.0115550706370421,
        0.0099424315536318
    ],
    "scales": [
        3000.0,
        3000.0
    ],
    "theory_cov": [
        [
            0.0,
            0.0
        ],
        [
            0.0,
            0.0
        ]
    ],
    "LO": {
        "SM": [
            0.0115550706370421,
            0.0099424315536318
        ],
        "O3pl1": [
            -0.0010199000863994,
            -0.0011631542775655
        ],
        "O3pl2": [
            -0.0008308761079638,
            -0.0013521782560011
        ],
        "Oll": [
            2.318242714086468,
            0.2586323558331286
        ],
        "Oll1122": [
            2.316841682190988,
            0.2574268535767763
        ],
        "OpD": [
            -0.0012760361339822,
            -0.0024976119183337
        ],
        "Ope": [
            -1.79067738957e-05,
            -0.0001611609650618
        ],
        "Opl1": [
            0.0003811318090804,
            4.23479787867e-05
        ],
        "Opl2": [
            0.0005701557875161,
            -0.0001466759996489
        ],
        "Opmu": [
            0.0002171588235276,
            -0.0003962265624853
        ],
        "OpWB": [
            -0.0034561237734974,
            -0.0046971106468669
        ],
        "O3pl1*O3pl1": [
            3.58003913516e-05,
            3.58003913516e-05
        ],
        "O3pl1*O3pl2": [
            4.72309933847e-05,
            8.16257079768e-05
        ],
        "O3pl1*Oll": [
            -0.0626158242783927,
            -0.0070209589488909
        ],
        "O3pl1*Oll1122": [
            -0.0625539937368005,
            -0.0069504437485333
        ],
        "O3pl1*OpD": [
            8.83215080384e-05,
            0.0001526336207379
        ],
        "O3pl1*Ope": [
            1.085582345671018e-06,
            9.77024111103916e-06
        ],
        "O3pl1*Opl1": [
            9.77024111103916e-06,
            1.085582345671018e-06
        ],
        "O3pl1*Opl2": [
            -1.45995482073e-05,
            1.11105076192e-05
        ],
        "O3pl1*Opmu": [
            -2.92200917419e-05,
            2.22369930441e-05
        ],
        "O3pl1*OpWB": [
            0.0002219054511482,
            0.0002861338495609
        ],
        "O3pl2*O3pl2": [
            1.86030340555e-05,
            5.29977486476e-05
        ],
        "O3pl2*Oll": [
            -0.0626043648667146,
            -0.007032418360569
        ],
        "O3pl2*Oll1122": [
            -0.0625539937368005,
            -0.0069504437485333
        ],
        "O3pl2*OpD": [
            6.26032124329e-05,
            0.0001783519163435
        ],
        "O3pl2*Ope": [
            -6.983098697802437e-07,
            -6.284788828022197e-06
        ],
        "O3pl2*Opl1": [
            -3.140136529282909e-06,
            -3.4890405880921225e-07
        ],
        "O3pl2*Opl2": [
            -1.31650618029e-05,
            2.40208852596e-05
        ],
        "O3pl2*Opmu": [
            -1.31650618029e-05,
            2.40208852596e-05
        ],
        "O3pl2*OpWB": [
            0.0001576770527356,
            0.0003503622479736
        ],
        "Oll*Oll": [
            152.12151604634596,
            16.9024224943863
        ],
        "Oll*Oll1122": [
            304.10249067646345,
            33.789165630718145
        ],
        "Oll*OpD": [
            -0.070193729339043,
            -0.0079421233797384
        ],
        "Oll*Ope": [
            -1.0855823456710253e-06,
            -9.77024111103923e-06
        ],
        "Oll*Opl1": [
            0.0779255919500455,
            0.0086583991055606
        ],
        "Oll*Opl2": [
            0.0779370513617237,
            0.0086469396938825
        ],
        "Oll*Opmu": [
            1.31650618029e-05,
            -2.40208852596e-05
        ],
        "Oll*OpWB": [
            -0.2338351195267783,
            -0.026243157635742
        ],
        "Oll1122*Oll1122": [
            151.98101709827785,
            16.886779677586425
        ],
        "Oll1122*OpD": [
            -0.0701163707758784,
            -0.0077907078639864
        ],
        "Oll1122*Ope": [
            0.0,
            0.0
        ],
        "Oll1122*Opl1": [
            0.0779024861708739,
            0.0086558317967637
        ],
        "Oll1122*Opl2": [
            0.0779024861708739,
            0.0086558317967637
        ],
        "Oll1122*Opmu": [
            0.0,
            0.0
        ],
        "Oll1122*OpWB": [
            -0.2336255950767125,
            -0.025958399452968
        ],
        "OpD*OpD": [
            5.85351189712e-05,
            0.0001667485543972
        ],
        "OpD*Ope": [
            2.435335129175552e-06,
            2.19180161625e-05
        ],
        "OpD*Opl1": [
            1.09629448738e-05,
            1.2181049859878367e-06
        ],
        "OpD*Opl2": [
            -1.47553507316e-05,
            2.69364005915e-05
        ],
        "OpD*Opmu": [
            -2.95473084024e-05,
            5.39006596941e-05
        ],
        "OpD*OpWB": [
            0.0002818355433889,
            0.000618079585676
        ],
        "Ope*Ope": [
            1.8264455712582856e-06,
            1.64380101413e-05
        ],
        "Ope*Opl1": [
            0.0,
            0.0
        ],
        "Ope*Opl2": [
            -1.783892215451282e-06,
            -1.6055029939e-05
        ],
        "Ope*Opmu": [
            1.4344864044802414e-06,
            1.29103776403e-05
        ],
        "Ope*OpWB": [
            7.231893379781615e-07,
            6.50870404180347e-06
        ],
        "Opl1*Opl1": [
            1.64380101413e-05,
            1.8264455712582856e-06
        ],
        "Opl1*Opl2": [
            1.99656426423e-05,
            2.218404738036329e-06
        ],
        "Opl1*Opmu": [
            -1.6055029939e-05,
            -1.783892215451282e-06
        ],
        "Opl1*OpWB": [
            1.23810010824e-05,
            1.375666786938756e-06
        ],
        "Opl2*Opl2": [
            1.07000645234e-05,
            7.564391189179252e-06
        ],
        "Opl2*Opmu": [
            0.0,
            0.0
        ],
        "Opl2*OpWB": [
            -5.18473973302e-05,
            6.56040651995e-05
        ],
        "Opmu*Opmu": [
            1.07000645234e-05,
            7.564391189179252e-06
        ],
        "Opmu*OpWB": [
            -7.9149676366e-05,
            8.63815697457e-05
        ],
        "OpWB*OpWB": [
            0.000354414574726,
            0.0005942937079932
        ]
    },
    "NLO": {
        "SM": [
            0.0115550706370421,
            0.0099424315536318
        ],
        "O3pl1": [
            -0.0010199000863994,
            -0.0011631542775655
        ],
        "O3pl2": [
            -0.0008308761079638,
            -0.0013521782560011
        ],
        "Oll": [
            2.318242714086468,
            0.2586323558331286
        ],
        "Oll1122": [
            2.316841682190988,
            0.2574268535767763
        ],
        "OpD": [
            -0.0012760361339822,
            -0.0024976119183337
        ],
        "Ope": [
            -1.79067738957e-05,
            -0.0001611609650618
        ],
        "Opl1": [
            0.0003811318090804,
            4.23479787867e-05
        ],
        "Opl2": [
            0.0005701557875161,
            -0.0001466759996489
        ],
        "Opmu": [
            0.0002171588235276,
            -0.0003962265624853
        ],
        "OpWB": [
            -0.0034561237734974,
            -0.0046971106468669
        ],
        "O3pl1*O3pl1": [
            3.58003913516e-05,
            3.58003913516e-05
        ],
        "O3pl1*O3pl2": [
            4.72309933847e-05,
            8.16257079768e-05
        ],
        "O3pl1*Oll": [
            -0.0626158242783927,
            -0.0070209589488909
        ],