{
  "best_sm": [
    0.5745451598020338,
    0.6311703198403922
  ],
  "scales": [
    380.0,
    380.0
  ],
  "theory_cov": [
    [
      0.0,
      0.0
    ],
    [
      0.0,
      0.0
    ]
  ],
  "LO": {
    "SM": [
      0.5745451598020338,
      0.6311703198403922
    ],
    "O3pl1": [
      0.0277308377046392,
      0.0048857493295961
    ],
    "O3pl2": [
      -2.775557561562892e-17,
      -1.52655665885959e-16
    ],
    "Oll": [
      6.938893903907227e-17,
      8.326672684688674e-17
    ],
    "OpD": [
      0.0300656957718018,
      0.0041518479922789
    ],
    "Ope": [
      -0.0022589873862087,
      -0.0368566853764417
    ],
    "Opl1": [
      0.0277308377046392,
      0.0048857493295962
    ],
    "OpqMi": [
      -0.0105870171986379,
      -0.0221187196420037
    ],
    "Opu": [
      0.0300744264311429,
      0.0120799175135811
    ],
    "OpWB": [
      0.0715544373674,
      0.050427916399438
    ],
    "O3pl1*O3pl1": [
      -0.000659991468722,
      0.0001404631546718
    ],
    "O3pl1*O3pl2": [
      0.0016811575339067,
      0.0002961942362403
    ],
    "O3pl1*Oll": [
      -0.0016811575339067,
      -0.0002961942362403
    ],
    "O3pl1*OpD": [
      -0.0012851032505641,
      0.0008127508589081
    ],
    "O3pl1*Ope": [
      7.51362135063e-05,
      -0.0015285450657437
    ],
    "O3pl1*Opl1": [
      -0.0030011404713509,
      -1.52679268966e-05
    ],
    "O3pl1*OpqMi": [
      0.0016006730537087,
      -0.0010509971096273
    ],
    "O3pl1*Opu": [
      -0.0019247483463217,
      -0.0002216526456359
    ],
    "O3pl1*OpWB": [
      -0.0023146289099399,
      0.0030403331053017
    ],
    "O3pl2*O3pl2": [
      -1.734723475976807e-18,
      -2.3852447794681094e-17
    ],
    "O3pl2*Oll": [
      6.938893903907228e-18,
      3.5561831257524545e-17
    ],
    "O3pl2*OpD": [
      0.0018227062412347,
      0.0002517021161133
    ],
    "O3pl2*Ope": [
      -0.0001369491143316,
      -0.0022344039857501
    ],
    "O3pl2*Opl1": [
      0.0016811575339067,
      0.0002961942362403
    ],
    "O3pl2*OpqMi": [
      -0.0006418285633727,
      -0.0013409278350183
    ],
    "O3pl2*Opu": [
      0.0018232355297432,
      0.0007323343258949
    ],
    "O3pl2*OpWB": [
      0.0043379245425586,
      0.0030571478754842
    ],
    "Oll*Oll": [
      -6.938893903907228e-18,
      -1.431146867680866e-17
    ],
    "Oll*OpD": [
      -0.0018227062412347,
      -0.0002517021161133
    ],
    "Oll*Ope": [
      0.0001369491143316,
      0.0022344039857501
    ],
    "Oll*Opl1": [
      -0.0016811575339067,
      -0.0002961942362403
    ],
    "Oll*OpqMi": [
      0.0006418285633727,
      0.0013409278350183
    ],
    "Oll*Opu": [
      -0.0018232355297432,
      -0.0007323343258949
    ],
    "Oll*OpWB": [
      -0.0043379245425586,
      -0.0030571478754842
    ],
    "OpD*OpD": [
      -0.0006021843270037,
      0.0006094100950086
    ],
    "OpD*Ope": [
      0.0002407401870261,
      -0.0031076857787322
    ],
    "OpD*Opl1": [
      -0.0031078094917988,
      0.0005610487427947
    ],
    "OpD*OpqMi": [
      0.0017603080818671,
      -0.0020688062230696
    ],
    "OpD*Opu": [
      -0.0019945359444871,
      0.0008146100561202
    ],
    "OpD*OpWB": [
      -0.0022832691205618,
      0.0058510216610918
    ],
    "Ope*Ope": [
      -0.0003243406138929,
      -0.0066008337788666
    ],
    "Ope*Opl1": [
      0.0002120853278379,
      0.0007058589200064
    ],
    "Ope*OpqMi": [
      -0.0005862435266878,
      -0.0078212294803212
    ],
    "Ope*Opu": [
      -1.80409019952e-05,
      0.0026191353389648
    ],
    "Ope*OpWB": [
      0.0009793173043361,
      0.0075783984645507
    ],
    "Opl1*Opl1": [
      -0.0023411490026288,
      -0.0001557310815685
    ],
    "Opl1*OpqMi": [
      0.0022425016170815,
      0.0002899307253909
    ],
    "Opl1*Opu": [
      -0.0037479838760649,
      -0.0009539869715308
    ],
    "Opl1*OpWB": [
      -0.0066525534524986,
      -1.68147701824e-05
    ],
    "OpqMi*OpqMi": [
      -0.0006722901661319,
      -0.0022784980240472
    ],
    "OpqMi*Opu": [
      0.0018820245536097,
      0.0014937190557881
    ],
    "OpqMi*OpWB": [
      0.004301395984073,
      0.0040430354219656
    ],
    "Opu*Opu": [
      -0.001256309224255,
      -0.0010875235237465
    ],
    "Opu*OpWB": [
      -0.0037040408676137,
      -0.0018357156603538
    ],
    "OpWB*OpWB": [
      -0.0021270526406848,
      0.0019182271089342
    ]
  },
  "NLO": {
    "SM": [
      0.5745451598020338,
      0.6311703198403922
    ],
    "O3pl1": [
      0.0277308377046392,
      0.0048857493295961
    ],
    "O3pl2": [
      -2.775557561562892e-17,
      -1.52655665885959e-16
    ],
    "Oll": [
      6.938893903907227e-17,
      8.326672684688674e-17
    ],
    "OpD": [
      0.0300656957718018,
      0.0041518479922789
    ],
    "Ope": [
      -0.0022589873862087,
      -0.0368566853764417
    ],
    "Opl1": [
      0.0277308377046392,
      0.0048857493295962
    ],
    "OpqMi": [
      -0.0105870171986379,
      -0.0221187196420037
    ],
    "Opu": [
      0.0300744264311429,
      0.0120799175135811
    ],
    "OpWB": [
      0.0715544373674,
      0.050427916399438
    ],
    "O3pl1*O3pl1": [
      -0.000659991468722,
      0.0001404631546718
    ],
    "O3pl1*O3pl2": [
      0.0016811575339067,
      0.0002961942362403
    ],
    "O3pl1*Oll": [
      -0.0016811575339067,
      -0.0002961942362403
    ],
    "O3pl1*OpD": [
      -0.0012851032505641,
      0.0008127508589081
    ],
    "O3pl1*Ope": [
      7.51362135063e-05,
      -0.0015285450657437
    ],
    "O3pl1*Opl1": [
      -0.0030011404713509,
      -1.52679268966e-05
    ],
    "O3pl1*OpqMi": [
      0.0016006730537087,
      -0.0010509971096273
    ],
    "O3pl1*Opu": [
      -0.0019247483463217,
      -0.0002216526456359
    ],
    "O3pl1*OpWB": [
      -0.0023146289099399,
      0.0030403331053017
    ],
    "O3pl2*O3pl2": [
      -1.734723475976807e-18,
      -2.3852447794681094e-17
    ],
    "O3pl2*Oll": [
      6.938893903907228e-18,
      3.5561831257524545e-17
    ],
    "O3pl2*OpD": [
      0.0018227062412347,
      0.0002517021161133
    ],
    "O3pl2*Ope": [
      -0.0001369491143316,
      -0.0022344039857501
    ],
    "O3pl2*Opl1": [
      0.0016811575339067,
      0.0002961942362403
    ],
    "O3pl2*OpqMi": [
      -0.0006418285633727,
      -0.0013409278350183
    ],
    "O3pl2*Opu": [
      0.0018232355297432,
      0.0007323343258949
    ],
    "O3pl2*OpWB": [
      0.0043379245425586,
      0.0030571478754842
    ],
    "Oll*Oll": [
      -6.938893903907228e-18,
      -1.431146867680866e-17
    ],
    "Oll*OpD": [
      -0.0018227062412347,
      -0.0002517021161133
    ],
    "Oll*Ope": [
      0.0001369491143316,
      0.0022344039857501
    ],
    "Oll*Opl1": [
      -0.0016811575339067,
      -0.0002961942362403
    ],
    "Oll*OpqMi": [
      0.0006418285633727,
      0.0013409278350183
    ],
    "Oll*Opu": [
      -0.0018232355297432,
      -0.0007323343258949
    ],
    "Oll*OpWB": [
      -0.0043379245425586,
      -0.0030571478754842
    ],
    "OpD*OpD": [
      -0.0006021843270037,
      0.0006094100950086
    ],
    "OpD*Ope": [
      0.0002407401870261,
      -0.0031076857787322
    ],
    "OpD*Opl1": [
      -0.0031078094917988,
      0.0005610487427947
    ],
    "OpD*OpqMi": [
      0.0017603080818671,
      -0.0020688062230696
    ],
    "OpD*Opu": [
      -0.0019945359444871,
      0.0008146100561202
    ],
    "OpD*OpWB": [
      -0.0022832691205618,
      0.0058510216610918
    ],
    "Ope*Ope": [
      -0.0003243406138929,
      -0.0066008337788666
    ],
    "Ope*Opl1": [
      0.0002120853278379,
      0.0007058589200064
    ],
    "Ope*OpqMi": [
      -0.0005862435266878,
      -0.0078212294803212
    ],
    "Ope*Opu": [
      -1.80409019952e-05,
      0.0026191353389648
    ],
    "Ope*OpWB": [
      0.0009793173043361,
      0.0075783984645507
    ],