{
  "best_sm": [
    0.5592522755218394,
    0.6128726591847917
  ],
  "scales": [
    1500.0,
    1500.0
  ],
  "theory_cov": [
    [
      0.0,
      0.0
    ],
    [
      0.0,
      0.0
    ]
  ],
  "LO": {
    "SM": [
      0.5592522755218394,
      0.6128726591847917
    ],
    "O3pl1": [
      0.0285815947548621,
      0.0050441473319699
    ],
    "O3pl2": [
      -8.326672684688674e-17,
      1.8041124150158791e-16
    ],
    "Oll": [
      1.249000902703301e-16,
      -2.498001805406602e-16
    ],
    "OpD": [
      0.03158014652021,
      0.0041709120272793
    ],
    "Ope": [
      -0.0024892422674546,
      -0.0401715005546821
    ],
    "Opl1": [
      0.0285815947548622,
      0.0050441473319697
    ],
    "OpqMi": [
      -0.0113436962577331,
      -0.0239853896679838
    ],
    "Opu": [
      0.0302169588574131,
      0.01293225729308
    ],
    "OpWB": [
      0.0745561499292498,
      0.054209511265992
    ]
  },
  "NLO": {
    "SM": [
      0.5592522755218394,
      0.6128726591847917
    ],
    "O3pl1": [
      0.0285815947548621,
      0.0050441473319699
    ],
    "O3pl2": [
      -8.326672684688674e-17,
      1.8041124150158791e-16
    ],
    "Oll": [
      1.249000902703301e-16,
      -2.498001805406602e-16
    ],
    "OpD": [
      0.03158014652021,
      0.0041709120272793
    ],
    "Ope": [
      -0.0024892422674546,
      -0.0401715005546821
    ],
    "Opl1": [
      0.0285815947548622,
      0.0050441473319697
    ],
    "OpqMi": [
      -0.0113436962577331,
      -0.0239853896679838
    ],
    "Opu": [
      0.0302169588574131,
      0.01293225729308
    ],
    "OpWB": [
      0.0745561499292498,
      0.054209511265992
    ]
  }
}
