{
    "best_sm": [
        1.840022694260848,
        1.623417229311443
    ],
    "scales": [
        1500.0,
        1500.0
    ],
    "theory_cov": [
        [
            0.0,
            0.0
        ],
        [
            0.0,
            0.0
        ]
    ],
    "LO": {
        "SM": [
            1.840022694260848,
            1.623417229311443
        ],
        "O3pl1": [
            -0.121704336988068,
            -0.236949294568472
        ],
        "O3pl2": [
            -0.2230995001276582,
            -0.1968364702718331
        ],
        "Oee1111": [
            -1.926856538873898,
            -17.341708849865007
        ],
        "Ole1111": [
            -5.006094400097789,
            -5.006094400097789
        ],
        "Oll": [
            0.2230995001276708,
            0.196836470271896
        ],
        "Oll1111": [
            -19.3898212935056,
            -2.154424588167288
        ],
        "OpD": [
            -0.2456727378460063,
            -0.4095504106278568
        ],
        "Ope": [
            0.059148481725332,
            -0.0427061567930636
        ],
        "Opl1": [
            0.101395163139785,
            -0.0401128242966828
        ],
        "OpWB": [
            -0.6438837620013212,
            -0.8100478593983221
        ],
        "O3pl1*O3pl1": [
            0.0074401265524654,
            0.0106283573994135
        ],
        "O3pl1*O3pl2": [
            0.0073782178964852,
            0.0143648416236266
        ],
        "O3pl1*Oee1111": [
            0.1168139751704451,
            1.0513257765340052
        ],
        "O3pl1*Ole1111": [
            0.5950002283626934,
            0.5950002283626934
        ],
        "O3pl1*Oll": [
            -0.0073782178964872,
            -0.0143648416236266
        ],
        "O3pl1*Oll1111": [
            -0.0923587076987842,
            -0.0102620786331977
        ],
        "O3pl1*OpD": [
            0.0174282410809729,
            0.0320128987931868
        ],
        "O3pl1*Ope": [
            -0.0077038611991304,
            -0.0015290137339235
        ],
        "O3pl1*Opl1": [
            0.0075020352084555,
            0.0068918731752113
        ],
        "O3pl1*OpWB": [
            0.0415652800289861,
            0.0665193924450578
        ],
        "O3pl2*O3pl2": [
            0.0067626050364088,
            0.0059665185464171
        ],
        "O3pl2*Oee1111": [
            0.1168139751704451,
            1.0513257765340052
        ],
        "O3pl2*Ole1111": [
            0.3034900498070759,
            0.3034900498070759
        ],
        "O3pl2*Oll": [
            -0.0135252100728259,
            -0.0119330370928342
        ],
        "O3pl2*Oll1111": [
            1.1754907837937307,
            0.130610087088192
        ],
        "O3pl2*OpD": [
            0.0148936926646398,
            0.024828631780781
        ],
        "O3pl2*Ope": [
            -0.0035858244432002,
            0.0025890230220075
        ],
        "O3pl2*Opl1": [
            -0.0061469921763505,
            0.0024318045307855
        ],
        "O3pl2*OpWB": [
            0.0390348841596065,
            0.0491084357479659
        ],
        "Oee1111*Oee1111": [
            15.618805088355789,
            140.5692457952021
        ],
        "Oee1111*Ole1111": [
            0.0,
            0.0
        ],
        "Oee1111*Oll": [
            -0.1168139751704451,
            -1.0513257765340065
        ],
        "Oee1111*Oll1111": [
            0.0,
            0.0
        ],
        "Oee1111*OpD": [
            0.26031396162534,
            2.3428256546280477
        ],
        "Oee1111*Ope": [
            0.1132799418858951,
            1.0195194769730551
        ],
        "Oee1111*Opl1": [
            0.0,
            0.0
        ],
        "Oee1111*OpWB": [
            0.4362748536456169,
            3.926473682810551
        ],
        "Ole1111*Ole1111": [
            40.50743248800977,
            40.50743248800977
        ],
        "Ole1111*Oll": [
            -0.3034900498070778,
            -0.3034900498070778
        ],
        "Ole1111*Oll1111": [
            0.0,
            0.0
        ],
        "Ole1111*OpD": [
            0.6749129189502691,
            0.6749129189502691
        ],
        "Ole1111*Ope": [
            -0.3625149298215879,
            -0.3625149298215879
        ],
        "Ole1111*Opl1": [
            0.2915101785556175,
            0.2915101785556175
        ],
        "Ole1111*OpWB": [
            1.6778331275798612,
            1.6778331275798612
        ],
        "Oll*Oll": [
            0.0067626050364088,
            0.0059665185464171
        ],
        "Oll*Oll1111": [
            -1.175490783793734,
            -0.130610087088192
        ],
        "Oll*OpD": [
            -0.0148936926646282,
            -0.024828631780781
        ],
        "Oll*Ope": [
            0.0035858244432002,
            -0.0025890230220075
        ],
        "Oll*Opl1": [
            0.0061469921763505,
            -0.0024318045307853
        ],
        "Oll*OpWB": [
            -0.0390348841596098,
            -0.0491084357479626
        ],
        "Oll1111*Oll1111": [
            140.5692457952021,
            15.618805088355789
        ],
        "Oll1111*OpD": [
            0.6272989282788772,
            0.0696998809198751
        ],
        "Oll1111*Ope": [
            0.0,
            0.0
        ],
        "Oll1111*Opl1": [
            -1.2678494914925071,
            -0.1408721657213896
        ],
        "Oll1111*OpWB": [
            2.0226316555348247,
            0.2247368506149805
        ],
        "OpD*OpD": [
            0.0124207997970854,
            0.0271242669596986
        ],
        "OpD*Ope": [
            -0.0079398083380129,
            0.0057974315565362
        ],
        "OpD*Opl1": [
            0.0025345484163495,
            0.0071842670123762
        ],
        "OpD*OpWB": [
            0.0603577050341449,
            0.1061453922612637
        ],
        "Ope*Ope": [
            0.0029319107619315,
            0.0059028376082375
        ],
        "Ope*Opl1": [
            -0.0041180367559308,
            -0.0041180367559308
        ],
        "Ope*OpWB": [
            -0.021082263248576,
            0.0019794523572498
        ],
        "Opl1*Opl1": [
            0.0068245136924037,
            0.0022300343222121
        ],
        "Opl1*OpWB": [
            0.0025303958693713,
            0.017410956697124
        ],
        "OpWB*OpWB": [
            0.0752560316175041,
            0.1079612130068208
        ]
    }
}