{
  "best_sm": [
    0.03869
  ],
  "theory_cov": [
    [
      0.0
    ]
  ],
  "LO": {
    "SM": [
      0.03869
    ],
    "OpD": [
      -0.001173
    ],
    "Opd": [
      0.004698
    ],
    "OpW": [
      -0.001607
    ],
    "O3pl1": [
      -0.01602
    ],
    "O3pl2": [
      -0.007041
    ],
    "Oll": [
      0.007036
    ],
    "OpD^2": [
      8.891e-06
    ],
    "Opd^2": [
      0.0001421
    ],
    "OpW^2": [
      0.0004645
    ],
    "O3pl1^2": [
      0.002124
    ],
    "O3pl2^2": [
      0.0003201
    ],
    "Oll^2": [
      0.0003199
    ],
    "Opd*OpD": [
      -7.0961e-05
    ],
    "OpD*OpW": [
      2.4208999999999917e-05
    ],
    "O3pl1*OpD": [
      0.0002441090000000002
    ],
    "O3pl2*OpD": [
      0.00010650900000000005
    ],
    "Oll*OpD": [
      -0.00010649100000000001
    ],
    "Opd*OpW": [
      -9.640000000000001e-05
    ],
    "O3pl1*Opd": [
      -0.0009701
    ],
    "O3pl2*Opd": [
      -0.00042663999999999994
    ],
    "Oll*Opd": [
      0.0004266999999999999
    ],
    "O3pl1*OpW": [
      0.0006205
    ],
    "O3pl2*OpW": [
      0.00014550000000000007
    ],
    "Oll*OpW": [
      -0.00014550000000000007
    ],
    "O3pl1*O3pl2": [
      0.0014549
    ],
    "Oll*O3pl1": [
      -0.0014548
    ],
    "Oll*O3pl2": [
      -0.0006399999999999999
    ]
  }
}