{
    "best_sm": [
        0.046260570659515,
        0.0397872524178343
    ],
    "scales":[
        1500.0,
        1500.0
    ],
    "theory_cov": [
        [
            0.0,
            0.0
        ],
        [
            0.0,
            0.0
        ]
    ],
    "LO": {
        "SM": [
            0.046260570659515,
            0.0397872524178343
        ],
        "O3pl1": [
            -0.0040768897529755,
            -0.0046538981920056
        ],
        "O3pl2": [
            -0.0033198612140766,
            -0.0054109267309044
        ],
        "Oll": [
            2.3244322018357955,
            0.2624711550900967
        ],
        "Oll1122": [
            2.31882318939157,
            0.2576470210435077
        ],
        "OpD": [
            -0.0050944935423281,
            -0.0099983761024971
        ],
        "Ope": [
            -7.21260548787e-05,
            -0.0006491344939089
        ],
        "Opl1": [
            0.0015321226912507,
            0.0001702358545834
        ],
        "Opl2": [
            0.0022891512301496,
            -0.0005867926843154
        ],
        "Opmu": [
            0.0008692961246541,
            -0.0015905566734418
        ],
        "OpWB": [
            -0.013812630042318,
            -0.0187949687261492
        ]
    },
    "NLO": {
        "SM": [
            0.046260570659515,
            0.0397872524178343
        ],
        "O3pl1": [
            -0.0040768897529755,
            -0.0046538981920056
        ],
        "O3pl2": [
            -0.0033198612140766,
            -0.0054109267309044
        ],
        "Oll": [
            2.3244322018357955,
            0.2624711550900967
        ],
        "Oll1122": [
            2.31882318939157,
            0.2576470210435077
        ],
        "OpD": [
            -0.0050944935423281,
            -0.0099983761024971
        ],
        "Ope": [
            -7.21260548787e-05,
            -0.0006491344939089
        ],
        "Opl1": [
            0.0015321226912507,
            0.0001702358545834
        ],
        "Opl2": [
            0.0022891512301496,
            -0.0005867926843154
        ],
        "Opmu": [
            0.0008692961246541,
            -0.0015905566734418
        ],
        "OpWB": [
            -0.013812630042318,
            -0.0187949687261492
        ]
    }
}