{
  "best_sm": [
    0.504818744551303,
    0.4658089059412432
  ],
  "scales": [
    380.0,
    380.0
  ],
  "theory_cov": [
    [
      0.0,
      0.0
    ],
    [
      0.0,
      0.0
    ]
  ],
  "LO": {
    "SM": [
      0.504818744551303,
      0.4658089059412432
    ],
    "O3pl1": [
      0.035126238599931,
      0.0047608351196606
    ],
    "O3pl2": [
      0.0148131356436709,
      0.0278356695205988
    ],
    "Oll": [
      0.7248074979223535,
      0.110810462307425
    ],
    "Oll1122": [
      0.7248074979223531,
      0.1108104623074248
    ],
    "OpD": [
      0.0392606787914367,
      0.0065869723815823
    ],
    "Ope": [
      -0.0041302615946938,
      -0.0443270378952505
    ],
    "Opl1": [
      0.0351262385999314,
      0.0047608351196606
    ],
    "Opl2": [
      0.0148131356436706,
      0.0278356695205984
    ],
    "Opmu": [
      -0.0293911397195466,
      -0.0156317380777696
    ],
    "OpWB": [
      0.0932563640501536,
      0.0608704363948639
    ]
  },
  "NLO": {
    "SM": [
      0.504818744551303,
      0.4658089059412432
    ],
    "O3pl1": [
      0.035126238599931,
      0.0047608351196606
    ],
    "O3pl2": [
      0.0148131356436709,
      0.0278356695205988
    ],
    "Oll": [
      0.7248074979223535,
      0.110810462307425
    ],
    "Oll1122": [
      0.7248074979223531,
      0.1108104623074248
    ],
    "OpD": [
      0.0392606787914367,
      0.0065869723815823
    ],
    "Ope": [
      -0.0041302615946938,
      -0.0443270378952505
    ],
    "Opl1": [
      0.0351262385999314,
      0.0047608351196606
    ],
    "Opl2": [
      0.0148131356436706,
      0.0278356695205984
    ],
    "Opmu": [
      -0.0293911397195466,
      -0.0156317380777696
    ],
    "OpWB": [
      0.0932563640501536,
      0.0608704363948639
    ]
  }
}
