{
    "best_sm": [
        0.4699772715938443,
        0.4312632628609987
    ],
    "scales":[
        3000.0,
        3000.0
    ],
    "theory_cov": [
        [
            0.0,
            0.0
        ],
        [
            0.0,
            0.0
        ]
    ],
    "LO": {
        "SM": [
            0.4699772715938443,
            0.4312632628609987
        ],
        "cll1133": [
            47.85720443199527,
            7.182320914749512
        ],
        "O3pl1": [
            0.0339562287098146,
            0.0045497674319566
        ],
        "O3pl2": [
            3.1225022567582533e-16,
            -2.289834988289385e-16
        ],
        "O3pl3": [
            0.0146754314637127,
            0.0262218400032401
        ],
        "Oll": [
            -2.498001805406602e-16,
            3.191891195797325e-16
        ],
        "Oll1331": [
            47.85720443199527,
            7.182320914749512
        ],
        "OpD": [
            0.0385918644397968,
            0.0058002287626666
        ],
        "Ope": [
            -0.003973973360349,
            -0.0421944139864434
        ],
        "Opl1": [
            0.0339562287098146,
            0.0045497674319569
        ],
        "Opl3": [
            0.0146754314637127,
            0.0262218400032401
        ],
        "Opta": [
            -0.0279511013467786,
            -0.0152435544789147
        ],
        "OpWB": [
            0.0908143498831861,
            0.0574626388265711
        ]
    },
    "NLO": {
        "SM": [
            0.4699772715938443,
            0.4312632628609987
        ],
        "cll1133": [
            47.85720443199527,
            7.182320914749512
        ],
        "O3pl1": [
            0.0339562287098146,
            0.0045497674319566
        ],
        "O3pl2": [
            3.1225022567582533e-16,
            -2.289834988289385e-16
        ],
        "O3pl3": [
            0.0146754314637127,
            0.0262218400032401
        ],
        "Oll": [
            -2.498001805406602e-16,
            3.191891195797325e-16
        ],
        "Oll1331": [
            47.85720443199527,
            7.182320914749512
        ],
        "OpD": [
            0.0385918644397968,
            0.0058002287626666
        ],
        "Ope": [
            -0.003973973360349,
            -0.0421944139864434
        ],
        "Opl1": [
            0.0339562287098146,
            0.0045497674319569
        ],
        "Opl3": [
            0.0146754314637127,
            0.0262218400032401
        ],
        "Opta": [
            -0.0279511013467786,
            -0.0152435544789147
        ],
        "OpWB": [
            0.0908143498831861,
            0.0574626388265711
        ]
    }
}