{
    "best_sm": [
        0.9646566725532634,
        0.9604184807240652
    ],
    "scales": [
        1500.0,
        1500.0
    ],
    "theory_cov": [
        [
            0.0,
            0.0
        ],
        [
            0.0,
            0.0
        ]
    ],
    "LO": {
        "SM": [
            0.9646566725532634,
            0.9604184807240652
        ],
        "O3pl1": [
            0.0055912671523441,
            0.0034641103795466
        ],
        "O3pl2": [
            -2.212396932321781e-13,
            0.0
        ],
        "Oee1111": [
            0.0055266377452261,
            0.0111029751257962
        ],
        "Ole1111": [
            0.7112923898829173,
            0.7931278096654348
        ],
        "Oll": [
            2.214756156249109e-13,
            0.0
        ],
        "Oll1111": [
            0.0562384538861717,
            0.0014579841474133
        ],
        "OpD": [
            0.0043943173083167,
            0.0007051880591769
        ],
        "Ope": [
            -0.0037557956441781,
            -0.0063616172220553
        ],
        "Opl1": [
            0.0055912671524529,
            0.0034641103793979
        ],
        "OpWB": [
            0.0104410848742302,
            0.0064688503522979
        ],
        "O3pl1*O3pl1": [
            3.25161276746e-05,
            0.0002136245088727
        ],
        "O3pl1*O3pl2": [
            0.000338965630855,
            0.0002100086310136
        ],
        "O3pl1*Oee1111": [
            0.0058856287100406,
            0.0379518582287503
        ],
        "O3pl1*Ole1111": [
            -0.0233800415973851,
            0.0309328222878583
        ],
        "O3pl1*Oll": [
            -0.0003389656308528,
            -0.0002100086310198
        ],
        "O3pl1*Oll1111": [
            0.0632530308885206,
            0.0048604702146435
        ],
        "O3pl1*OpD": [
            0.00029211894508,
            0.000501751150322
        ],
        "O3pl1*Ope": [
            1.68037423564e-05,
            -0.0002162247463208
        ],
        "O3pl1*Opl1": [
            -0.0002739333755135,
            0.0002172403867122
        ],
        "O3pl1*OpWB": [
            0.000754422227387,
            0.0011900095301895
        ],
        "O3pl2*O3pl2": [
            0.0,
            0.0
        ],
        "O3pl2*Oee1111": [
            0.0003350475299408,
            0.00067310805713
        ],
        "O3pl2*Ole1111": [
            0.043121472664464,
            0.0480826726828196
        ],
        "O3pl2*Oll": [
            0.0,
            0.0
        ],
        "O3pl2*Oll1111": [
            0.0034094065743053,
            8.83890007526e-05
        ],
        "O3pl2*OpD": [
            0.0002664016041229,
            4.27514030162e-05
        ],
        "O3pl2*Ope": [
            -0.0002276917924407,
            -0.0003856674231952
        ],
        "O3pl2*Opl1": [
            0.0003389656308954,
            0.0002100086309927
        ],
        "O3pl2*OpWB": [
            0.0006329815450373,
            0.0003921683368886
        ],
        "Oee1111*Oee1111": [
            -2.1671966162963754,
            -21.6806593698996
        ],
        "Oee1111*Ole1111": [
            0.7598956616818073,
            8.50660806612732
        ],
        "Oee1111*Oll": [
            -0.0003350475299406,
            -0.0006731080572794
        ],
        "Oee1111*Oll1111": [
            0.1171311373021843,
            0.0303091887387836
        ],
        "Oee1111*OpD": [
            0.0045756873057483,
            0.0086579009344891
        ],
        "Oee1111*Ope": [
            -0.0044701349578784,
            -0.0686691199445859
        ],
        "Oee1111*Opl1": [
            0.0055505811799815,
            0.0372787501703267
        ],
        "Oee1111*OpWB": [
            0.01161643806844,
            0.0721279345598127
        ],
        "Ole1111*Ole1111": [
            -23.060990586875526,
            -25.77981258930104
        ],
        "Ole1111*Oll": [
            -0.0431214726644674,
            -0.0480826726828923
        ],
        "Ole1111*Oll1111": [
            7.648474869481646,
            1.0570498021054728
        ],
        "Ole1111*OpD": [
            0.0104802278646942,
            0.0947118256332184
        ],
        "Ole1111*Ope": [
            0.0197905363843775,
            0.060229091580476
        ],
        "Ole1111*Opl1": [
            -0.0665015142622291,
            -0.0171498503953119
        ],
        "Ole1111*OpWB": [
            0.0368649809966442,
            0.147552865373314
        ],
        "Oll*Oll": [
            0.0,
            0.0
        ],
        "Oll*Oll1111": [
            -0.0034094065743037,
            -8.83890007712e-05
        ],
        "Oll*OpD": [
            -0.0002664016041281,
            -4.27514030157e-05
        ],
        "Oll*Ope": [
            0.0002276917924407,
            0.000385667423196
        ],
        "Oll*Opl1": [
            -0.0003389656308955,
            -0.0002100086309932
        ],
        "Oll*OpWB": [
            -0.0006329815450319,
            -0.0003921683368997
        ],
        "Oll1111*Oll1111": [
            -18.964226089740585,
            -2.4202055485457787
        ],
        "Oll1111*OpD": [
            0.0523835544803743,
            0.0013053255911421
        ],
        "Oll1111*Ope": [
            -0.0413856990758906,
            -0.0084040993392006
        ],
        "Oll1111*Opl1": [
            0.0598436243130212,
            0.0047720812137301
        ],
        "Oll1111*OpWB": [
            0.1244848705194865,
            0.0092414577398387
        ],
        "OpD*OpD": [
            0.0002139975948696,
            0.0001141751914315
        ],
        "OpD*Ope": [
            -0.0001306910632114,
            -0.0007221804453398
        ],
        "OpD*Opl1": [
            2.57173409293e-05,
            0.0004589997472876
        ],
        "OpD*OpWB": [
            0.0010429765381608,
            0.0010167994516052
        ],
        "Ope*Ope": [
            -7.96532324613046e-06,
            -0.0002398188801322
        ],
        "Ope*Opl1": [
            0.0002444955348014,
            0.0001694426768728
        ],
        "Ope*OpWB": [
            -0.0003938105567095,
            -0.0011239683341979
        ],
        "Opl1*Opl1": [
            -0.0003064495032019,
            3.615877858911864e-06
        ],
        "Opl1*OpWB": [
            0.0001214406823181,
            0.0007978411932211
        ],
        "OpWB*OpWB": [
            0.0012954130207537,
            0.001477272767452
        ]
    }
}