{
    "best_sm": [
        0.4520064456118626,
        0.4322411543829787,
        0.4312632628610013
    ],
    "scales": [
        380.0,
        1500.0,
        3000.0
    ],
    "theory_cov": [
        [
            0.0,
            0.0,
            0.0
        ],
        [
            0.0,
            0.0,
            0.0
        ],
        [
            0.0,
            0.0,
            0.0
        ]
    ],
    "LO": {
        "SM": [
            0.4520064456118626,
            0.4322411543829787,
            0.4312632628610013
        ],
        "O3pl1": [
            0.0046197660309512,
            0.0045536159952829,
            0.0045497674319569
        ],
        "O3pl2": [
            0.0,
            0.0,
            0.0
        ],
        "O3pl3": [
            0.0270108662173563,
            0.026261468495729,
            0.0262218400032398
        ],
        "Oee1133": [
            1.7166278850924257,
            28.712900839489198,
            115.23720920982282
        ],
        "Ole1133": [
            -0.1027695042306621,
            -1.6412341810986468,
            -6.572349678678142
        ],
        "Ole3311": [
            -0.92492553807596,
            -14.77110762988783,
            -59.151147108103295
        ],
        "Oll": [
            0.0,
            0.0,
            0.0
        ],
        "Oll1133": [
            0.1075270192676473,
            1.7899918434828526,
            7.182320914749402
        ],
        "Oll1331": [
            0.1075270192676473,
            1.7899918434828526,
            7.182320914749402
        ],
        "OpD": [
            0.0063917927192192,
            0.0058280014558411,
            0.0058002287626672
        ],
        "Ope": [
            -0.0430135761424484,
            -0.0422376608454101,
            -0.042194413986443
        ],
        "Opl1": [
            0.0046197660309512,
            0.0045536159952829,
            0.0045497674319569
        ],
        "Opl3": [
            0.0270108662173563,
            0.026261468495729,
            0.0262218400032398
        ],
        "Opta": [
            -0.0151685514749679,
            -0.0152423062928924,
            -0.0152435544789145
        ],
        "OpWB": [
            0.0590667744793099,
            0.05754382751198,
            0.0574626388265719
        ],
        "O3pl1*O3pl1": [
            0.0001971186178052,
            0.0002048455000937,
            0.000205160221523
        ],
        "O3pl1*O3pl2": [
            0.0002800692337729,
            0.0002760589463082,
            0.000275825630557
        ],
        "O3pl1*O3pl3": [
            0.0016422286906287,
            0.0016088651018647,
            0.0016070037496207
        ],
        "O3pl1*Oee1133": [
            0.0651305758858465,
            1.1448390212229755,
            4.60524999614228
        ],
        "O3pl1*Ole1133": [
            0.0006846836884396,
            0.0010465389941575,
            0.002334582141097
        ],
        "O3pl1*Ole3311": [
            -0.0554226225588071,
            -0.8912399378520425,
            -3.570131727382948
        ],
        "O3pl1*Oll": [
            -0.0002800692337729,
            -0.0002760589463082,
            -0.000275825630557
        ],
        "O3pl1*Oll1133": [
            0.0078430336443004,
            0.1316737712631567,
            0.5285301370640161
        ],
        "O3pl1*Oll1331": [
            0.0078430336443004,
            0.1316737712631567,
            0.5285301370640161
        ],
        "O3pl1*OpD": [
            0.0010882343365911,
            0.0010477158101073,
            0.0010455720911649
        ],
        "O3pl1*Ope": [
            -0.0023205213198131,
            -0.00230560769562,
            -0.0023045305819714
        ],
        "O3pl1*Opl1": [
            0.0001141680018376,
            0.0001336320538792,
            0.000134494812489
        ],
        "O3pl1*Opl3": [
            0.0016422286906287,
            0.0016088651018647,
            0.0016070037496207
        ],
        "O3pl1*Opta": [
            -0.0004202624125429,
            -0.0004710439506738,
            -0.0004733544746708
        ],
        "O3pl1*OpWB": [
            0.0043258781170002,
            0.004284944686352,
            0.0042822085373549
        ],
        "O3pl2*O3pl2": [
            0.0,
            0.0,
            0.0
        ],
        "O3pl2*O3pl3": [
            0.0016375098986302,
            0.0015920783238965,
            0.0015896758815536
        ],
        "O3pl2*Oee1133": [
            0.1040690487851649,
            1.7406942437425987,
            6.986153989032751
        ],
        "O3pl2*Ole1133": [
            -0.0062303103906716,
            -0.0994983720956154,
            -0.3984428921860915
        ],
        "O3pl2*Ole3311": [
            -0.0560727935160446,
            -0.8954853488605397,
            -3.5859860296748245
        ],
        "O3pl2*Oll": [
            0.0,
            0.0,
            0.0
        ],
        "O3pl2*Oll1133": [
            0.0065187305362254,
            0.1085166739409195,
            0.4354218594250101
        ],
        "O3pl2*Oll1331": [
            0.0065187305362254,
            0.1085166739409195,
            0.4354218594250101
        ],
        "O3pl2*OpD": [
            0.0003874967860523,
            0.000353317438855,
            0.0003516337438702
        ],
        "O3pl2*Ope": [
            -0.0026076600484395,
            -0.0025606208691265,
            -0.0025579990665129
        ],
        "O3pl2*Opl1": [
            0.0002800692337729,
            0.0002760589463082,
            0.000275825630557
        ],
        "O3pl2*Opl3": [
            0.0016375098986302,
            0.0015920783238965,
            0.0015896758815536
        ],
        "O3pl2*Opta": [
            -0.0009195800308019,
            -0.0009240513514715,
            -0.0009241270216463
        ],
        "O3pl2*OpWB": [
            0.0035808710136027,
            0.0034885436993276,
            0.0034836217070101
        ],
        "O3pl3*O3pl3": [
            -0.0004121697939299,
            -0.0003262303494196,
            -0.0003223179107507
        ],
        "O3pl3*Oee1133": [
            -0.1555841312257121,
            -2.304420626767298,
            -9.193080849332112
        ],
        "O3pl3*Ole1133": [
            -0.0038929280420926,
            -0.0619835233809184,
            -0.2481434119082645
        ],
        "O3pl3*Ole3311": [
            0.0265484233759299,
            0.3428070783711939,
            1.3578522594784406
        ],
        "O3pl3*Oll": [
            -0.0016375098986302,
            -0.0015920783238965,
            -0.0015896758815536
        ],
        "O3pl3*Oll1133": [
            -0.0059822075569747,
            -0.0833566316373315,
            -0.3314702126462491
        ],
        "O3pl3*Oll1331": [
            -0.0059822075569747,
            -0.0833566316373315,
            -0.3314702126462491
        ],
        "O3pl3*OpD": [
            0.0033786514941589,
            0.003303992663716,
            0.0032997283929996
        ],
        "O3pl3*Ope": [
            0.0019584682285636,
            0.0016573049599318,
            0.0016433157191025
        ],
        "O3pl3*Opl1": [
            4.71879199845051e-06,
            1.67867779681e-05,
            1.7327868067e-05
        ],
        "O3pl3*Opl3": [
            -0.0008243395878598,
            -0.0006524606988392,
            -0.0006446358215014
        ],
        "O3pl3*Opta": [
            0.0009274715001424,
            0.0008250451627261,
            0.0008201138615983
        ],
        "O3pl3*OpWB": [
            0.0045851912770453,
            0.0047590150368738,
            0.0047656649726101
        ],
        "Oee1133*Oee1133": [
            -7.481386020694076,
            -1926.644468645131,
            -30910.690526612816
        ],