{
    "best_sm": [
        0.0025696739261274,
        0.0013974608075874
    ],
    "scales": [
        1500.0,
        1500.0
    ],
    "theory_cov": [
        [
            0.0,
            0.0
        ],
        [
            0.0,
            0.0
        ]
    ],
    "LO": {
        "SM": [
            0.0025696739261274,
            0.0013974608075874
        ],
        "O3pl1": [
            -0.0001249902169284,
            -0.0001487087416891
        ],
        "O3pl2": [
            -0.0003115684226063,
            -0.0001694396534311
        ],
        "O3pq": [
            0.0,
            0.0
        ],
        "Oll": [
            0.0003115684226063,
            0.0001694396534311
        ],
        "Olu": [
            -0.0291698768443684,
            -0.003241097427152
        ],
        "OpD": [
            -0.0001568076280739,
            -0.0003201322964658
        ],
        "Ope": [
            -2.9648155950871096e-06,
            -2.66833403557e-05
        ],
        "Opl1": [
            0.0001865782056778,
            2.07309117419e-05
        ],
        "OpqMi": [
            -0.0001698298465464,
            4.808266289303091e-06
        ],
        "Opui": [
            -4.92259250724e-05,
            9.00689896225e-05
        ],
        "OpWB": [
            -0.0004980870865591,
            -0.0006030865313195
        ],
        "Oqe": [
            -0.0016111864035745,
            -0.0145006776321712
        ],
        "Oql31": [
            0.0,
            0.0
        ],
        "OqlM1": [
            -0.0838966491577474,
            -0.0093218499064163
        ],
        "O3pl1*O3pl1": [
            4.597537698622262e-06,
            4.597537698622266e-06
        ],
        "O3pl1*O3pl2": [
            7.577421464582399e-06,
            9.015336071393183e-06
        ],
        "O3pl1*O3pq": [
            0.0,
            0.0
        ],
        "O3pl1*Oll": [
            -7.577421464582408e-06,
            -9.015336071393188e-06
        ],
        "O3pl1*Olu": [
            0.0035470124924324,
            0.0003941124991591
        ],
        "O3pl1*OpD": [
            1.13305482737e-05,
            1.9610429213e-05
        ],
        "O3pl1*Ope": [
            1.7973932585134808e-07,
            1.617653932662133e-06
        ],
        "O3pl1*Opl1": [
            1.617653932662131e-06,
            1.797393258513479e-07
        ],
        "O3pl1*OpqMi": [
            1.6459423279616428e-06,
            -1.2525904580036418e-06
        ],
        "O3pl1*Opui": [
            6.641154933837977e-06,
            -5.054033278645416e-06
        ],
        "O3pl1*OpWB": [
            2.82471996856e-05,
            3.63450447802e-05
        ],
        "O3pl1*Oqe": [
            9.76767521323e-05,
            0.0008790907691908
        ],
        "O3pl1*Oql31": [
            0.0,
            0.0
        ],
        "O3pl1*OqlM1": [
            0.0008790907691908,
            9.76767521323e-05
        ],
        "O3pl2*O3pl2": [
            9.444280165117608e-06,
            5.136064639343971e-06
        ],
        "O3pl2*O3pq": [
            0.0,
            0.0
        ],
        "O3pl2*Oll": [
            -1.88885603302e-05,
            -1.02721292786e-05
        ],
        "O3pl2*Olu": [
            0.0017683980102713,
            0.0001964886678079
        ],
        "O3pl2*OpD": [
            9.50632390259299e-06,
            1.94077376162e-05
        ],
        "O3pl2*Ope": [
            1.7973932585134808e-07,
            1.617653932662133e-06
        ],
        "O3pl2*Opl1": [
            -1.13111388656e-05,
            -1.2567932072947592e-06
        ],
        "O3pl2*OpqMi": [
            1.02957843915e-05,
            -2.9149689538371185e-07
        ],
        "O3pl2*Opui": [
            2.9842782133233205e-06,
            -5.460352914258155e-06
        ],
        "O3pl2*OpWB": [
            3.01960895314e-05,
            3.65615880964e-05
        ],
        "O3pl2*Oqe": [
            9.76767521323e-05,
            0.0008790907691908
        ],
        "O3pl2*Oql31": [
            0.0,
            0.0
        ],
        "O3pl2*OqlM1": [
            0.0050861602272291,
            0.0005651289141365
        ],
        "O3pq*O3pq": [
            0.0,
            0.0
        ],
        "O3pq*Oll": [
            0.0,
            0.0
        ],
        "O3pq*Olu": [
            0.0,
            0.0
        ],
        "O3pq*OpD": [
            0.0,
            0.0
        ],
        "O3pq*Ope": [
            0.0,
            0.0
        ],
        "O3pq*Opl1": [
            0.0,
            0.0
        ],
        "O3pq*OpqMi": [
            0.0,
            0.0
        ],
        "O3pq*Opui": [
            0.0,
            0.0
        ],
        "O3pq*OpWB": [
            0.0,
            0.0
        ],
        "O3pq*Oqe": [
            0.0,
            0.0
        ],
        "O3pq*Oql31": [
            0.0,
            0.0
        ],
        "O3pq*OqlM1": [
            0.0,
            0.0
        ],
        "Oll*Oll": [
            9.444280165117608e-06,
            5.136064639343971e-06
        ],
        "Oll*Olu": [
            -0.0017683980102713,
            -0.0001964886678079
        ],
        "Oll*OpD": [
            -9.506323902592991e-06,
            -1.94077376162e-05
        ],
        "Oll*Ope": [
            -1.7973932585134845e-07,
            -1.6176539326621362e-06
        ],
        "Oll*Opl1": [
            1.13111388656e-05,
            1.2567932072947586e-06
        ],
        "Oll*OpqMi": [
            -1.02957843915e-05,
            2.9149689538371217e-07
        ],
        "Oll*Opui": [
            -2.9842782133233235e-06,
            5.460352914258156e-06
        ],
        "Oll*OpWB": [
            -3.01960895314e-05,
            -3.65615880964e-05
        ],
        "Oll*Oqe": [
            -9.76767521323e-05,
            -0.0008790907691908
        ],
        "Oll*Oql31": [
            0.0,
            0.0
        ],
        "Oll*OqlM1": [
            -0.0050861602272291,
            -0.0005651289141365
        ],
        "Olu*Olu": [
            0.8068387832632888,
            0.0896487536959209
        ],
        "Olu*OpD": [
            0.003972642769567,
            0.0004414047521741
        ],
        "Olu*Ope": [
            0.0,
            0.0
        ],
        "Olu*Opl1": [
            0.001778614482161,
            0.0001976238313512
        ],
        "Olu*OpqMi": [
            0.0,
            0.0
        ],
        "Olu*Opui": [
            0.0033177622169577,
            0.0003686402463286
        ],
        "Olu*OpWB": [
            0.009925952505896,
            0.0011028836117662
        ],
        "Olu*Oqe": [
            0.0,
            0.0
        ],
        "Olu*Oql31": [
            0.0,
            0.0
        ],
        "Olu*OqlM1": [
            0.0,
            0.0
        ],
        "OpD*OpD": [
            7.505224118767073e-06,
            2.14359185487e-05
        ],
        "OpD*Ope": [
            4.024045914314191e-07,
            3.6216413228827743e-06
        ],
        "OpD*Opl1": [
            1.824224371130108e-06,
            2.026915967922343e-07
        ],
        "OpD*OpqMi": [
            1.6512404321550764e-06,
            -3.0454620964195537e-06
        ],
        "OpD*Opui": [
            6.705017895887328e-06,
            -1.22579928521e-05
        ],
        "OpD*OpWB": [
            3.58270860531e-05,
            7.85492640182e-05
        ],
        "OpD*Oqe": [
            0.0002197127543889,
            0.0019774147895006
        ],
        "OpD*Oql31": [
            0.0,
            0.0
        ],
        "OpD*OqlM1": [
            0.0009798007994673,
            0.0001088667554963
        ],
        "Ope*Ope": [
            7.182662665730533e-07,
            6.464396399157481e-06
        ],
        "Ope*Opl1": [
            0.0,
            0.0
        ],