{
  "best_sm": [
    0.4929
  ],
  "theory_cov": [
    [
      0.0
    ]
  ],
  "LO": {
    "SM": [
      0.4929
    ],
    "OpD": [
      -0.01494
    ],
    "Opd": [
      0.05976
    ],
    "OpW": [
      -0.01878
    ],
    "O3pl1": [
      -0.4222
    ],
    "O3pl2": [
      -0.08963
    ],
    "Oll": [
      0.08959
    ],
    "OpD^2": [
      0.0001132
    ],
    "Opd^2": [
      0.001813
    ],
    "OpW^2": [
      0.04482
    ],
    "O3pl1^2": [
      0.4002
    ],
    "O3pl2^2": [
      0.004076
    ],
    "Oll^2": [
      0.004074
    ],
    "Opd*OpD": [
      -0.0009072
    ],
    "OpD*OpW": [
      0.00023680000000000229
    ],
    "O3pl1*OpD": [
      0.005786800000000016
    ],
    "O3pl2*OpD": [
      0.0013568
    ],
    "Oll*OpD": [
      -0.0013582000000000004
    ],
    "Opd*OpW": [
      -0.0011929999999999996
    ],
    "O3pl1*Opd": [
      -0.026212999999999976
    ],
    "O3pl2*Opd": [
      -0.005436
    ],
    "Oll*Opd": [
      0.0054329999999999995
    ],
    "O3pl1*OpW": [
      0.04028000000000001
    ],
    "O3pl2*OpW": [
      0.0016240000000000004
    ],
    "Oll*OpW": [
      -0.0017640000000000017
    ],
    "O3pl1*O3pl2": [
      0.03812400000000002
    ],
    "Oll*O3pl1": [
      -0.038374
    ],
    "Oll*O3pl2": [
      -0.00815
    ]
  }
}