{
    "best_sm": [
        0.9583324404457368,
        0.9604184807240694,
        0.9606160103657794
    ],
    "scales": [
        380.0,
        1500.0,
        3000.0
    ],
    "theory_cov": [
        [
            0.0,
            0.0,
            0.0
        ],
        [
            0.0,
            0.0,
            0.0
        ],
        [
            0.0,
            0.0,
            0.0
        ]
    ],
    "LO": {
        "SM": [
            0.9583324404457368,
            0.9604184807240694,
            0.9606160103657794
        ],
        "O3pl1": [
            0.0034455250643927,
            0.0034641103790539,
            0.0034675274747672
        ],
        "O3pl2": [
            2.844946500601964e-15,
            1.2856382625159313e-13,
            -1.1473322292232524e-12
        ],
        "Oll": [
            4.3021142204224816e-15,
            1.8497703369035892e-13,
            1.981859121258367e-12
        ],
        "Oll1111": [
            -1.65418895265e-05,
            0.0014579841474269,
            0.00608378281298
        ],
        "OpD": [
            0.0011527190444411,
            0.0007051880590255,
            0.0006665151429295
        ],
        "Ope": [
            -0.005424857693034,
            -0.0063616172220331,
            -0.0064466295687535
        ],
        "Opl1": [
            0.0034455250644244,
            0.0034641103795321,
            0.003467527477859
        ],
        "OpWB": [
            0.0064341442922978,
            0.006468850352108,
            0.0064752314118451
        ],
        "O3pl1*O3pl1": [
            0.0001876058773419,
            0.0002136245087972,
            0.0002159412704604
        ],
        "O3pl1*O3pl2": [
            0.0002088819126885,
            0.0002100086309435,
            0.0002102157889703
        ],
        "O3pl1*Oll": [
            -0.0002088819126894,
            -0.0002100086309339,
            -0.0002102157890023
        ],
        "O3pl1*Oll1111": [
            0.0002744193038039,
            0.0048604702139906,
            0.0194937280851782
        ],
        "O3pl1*OpD": [
            0.0004583559224894,
            0.0005017511501727,
            0.00050645235055
        ],
        "O3pl1*Ope": [
            -0.0001848645117544,
            -0.0002162247463335,
            -0.0002174756226557
        ],
        "O3pl1*Opl1": [
            0.0001663298419987,
            0.0002172403867185,
            0.0002216667521639
        ],
        "O3pl1*OpWB": [
            0.0010907315622015,
            0.0011900095299413,
            0.0011990489786638
        ],
        "O3pl2*O3pl2": [
            3.204901621867151e-16,
            1.4880891657798042e-14,
            -1.380375848347715e-13
        ],
        "O3pl2*Oll": [
            -2.0036056147532122e-16,
            1.0174153186603974e-14,
            3.6122233676438853e-13
        ],
        "O3pl2*Oll1111": [
            -1.0028374365159132e-06,
            8.83890008882e-05,
            0.0003688239515006
        ],
        "O3pl2*OpD": [
            6.98825735708e-05,
            4.27514030251e-05,
            4.04068913521e-05
        ],
        "O3pl2*Ope": [
            -0.0003288772044376,
            -0.000385667423199,
            -0.0003908212216244
        ],
        "O3pl2*Opl1": [
            0.0002088819126933,
            0.0002100086310117,
            0.0002102157895741
        ],
        "O3pl2*OpWB": [
            0.0003900643127495,
            0.0003921683369211,
            0.0003925551825223
        ],
        "Oll*Oll": [
            -5.486062992776652e-16,
            -2.3137308041709662e-14,
            -2.392240051884986e-13
        ],
        "Oll*Oll1111": [
            1.0028374370849025e-06,
            -8.83890004715e-05,
            -0.0003688239470381
        ],
        "Oll*OpD": [
            -6.98825735681e-05,
            -4.27514029402e-05,
            -4.04068910926e-05
        ],
        "Oll*Ope": [
            0.0003288772044371,
            0.0003856674231956,
            0.0003908212216083
        ],
        "Oll*Opl1": [
            -0.0002088819126931,
            -0.0002100086310037,
            -0.0002102157895498
        ],
        "Oll*OpWB": [
            -0.0003900643127462,
            -0.0003921683367707,
            -0.000392555182103
        ],
        "Oll1111*Oll1111": [
            -0.0099811860057053,
            -2.4202055485457947,
            -38.65303415964976
        ],
        "Oll1111*OpD": [
            9.96915958069e-05,
            0.001305325590945,
            0.0049662170839731
        ],
        "Oll1111*Ope": [
            -0.0004150501439803,
            -0.0084040993391708,
            -0.0342618779586501
        ],
        "Oll1111*Opl1": [
            0.000275422141243,
            0.0047720812139093,
            0.0191249041440796
        ],
        "Oll1111*OpWB": [
            0.0005105755911274,
            0.0092414577395929,
            0.0370911613062409
        ],
        "OpD*OpD": [
            0.0001387407533507,
            0.0001141751913932,
            0.0001121482566418
        ],
        "OpD*Ope": [
            -0.000560297385909,
            -0.0007221804453378,
            -0.0007379201054923
        ],
        "OpD*Opl1": [
            0.0003884733489266,
            0.0004589997473171,
            0.0004660454597443
        ],
        "OpD*OpWB": [
            0.0009864280888626,
            0.0010167994514569,
            0.0010212003135973
        ],
        "Ope*Ope": [
            -0.0001484268121068,
            -0.0002398188801319,
            -0.0002509507536989
        ],
        "Ope*Opl1": [
            0.0001440126926831,
            0.0001694426768761,
            0.0001733455990233
        ],
        "Ope*OpWB": [
            -0.0009593569250444,
            -0.0011239683341906,
            -0.0011359283693997
        ],
        "Opl1*Opl1": [
            -2.12760353468e-05,
            3.615877862679249e-06,
            5.725481324479666e-06
        ],
        "Opl1*OpWB": [
            0.0007006672494696,
            0.0007978411932848,
            0.0008064937969064
        ],
        "OpWB*OpWB": [
            0.0013826128309614,
            0.0014772727672947,
            0.0014860740594564
        ]
    },
    "NLO": {
        "SM": [
            0.9583324404457368,
            0.9604184807240694,
            0.9606160103657794
        ],
        "O3pl1": [
            0.0034455250643927,
            0.0034641103790539,
            0.0034675274747672
        ],
        "O3pl2": [
            2.844946500601964e-15,
            1.2856382625159313e-13,
            -1.1473322292232524e-12
        ],
        "Oll": [
            4.3021142204224816e-15,
            1.8497703369035892e-13,
            1.981859121258367e-12
        ],
        "Oll1111": [
            -1.65418895265e-05,
            0.0014579841474269,
            0.00608378281298
        ],
        "OpD": [
            0.0011527190444411,
            0.0007051880590255,
            0.0006665151429295
        ],
        "Ope": [
            -0.005424857693034,
            -0.0063616172220331,
            -0.0064466295687535
        ],
        "Opl1": [
            0.0034455250644244,
            0.0034641103795321,
            0.003467527477859
        ],
        "OpWB": [
            0.0064341442922978,
            0.006468850352108,
            0.0064752314118451
        ],
        "O3pl1*O3pl1": [
            0.0001876058773419,
            0.0002136245087972,
            0.0002159412704604
        ],
        "O3pl1*O3pl2": [
            0.0002088819126885,
            0.0002100086309435,
            0.0002102157889703
        ],
        "O3pl1*Oll": [
            -0.0002088819126894,
            -0.0002100086309339,
            -0.0002102157890023
        ],
        "O3pl1*Oll1111": [
            0.0002744193038039,
            0.0048604702139906,
            0.0194937280851782
        ],