{
  "best_sm": [
    0.6311703198403922,
    0.6128726591847917,
    0.6119224421002301
  ],
  "scales": [
    380.0,
    1500.0,
    3000.0
  ],
  "theory_cov": [
    [
      0.0,
      0.0,
      0.0
    ],
    [
      0.0,
      0.0,
      0.0
    ],
    [
      0.0,
      0.0,
      0.0
    ]
  ],
  "LO": {
    "SM": [
      0.6311703198403922,
      0.6128726591847917,
      0.6119224421002301
    ],
    "O3pl1": [
      0.0048857493295961,
      0.0050441473319699,
      0.0050511396927912
    ],
    "O3pl2": [
      -1.52655665885959e-16,
      1.8041124150158791e-16,
      0.0
    ],
    "Oll": [
      8.326672684688674e-17,
      -2.498001805406602e-16,
      -4.163336342344337e-17
    ],
    "OpD": [
      0.0041518479922789,
      0.0041709120272793,
      0.0041694199089788
    ],
    "Ope": [
      -0.0368566853764417,
      -0.0401715005546821,
      -0.0403169956847537
    ],
    "Opl1": [
      0.0048857493295962,
      0.0050441473319697,
      0.0050511396927912
    ],
    "OpqMi": [
      -0.0221187196420037,
      -0.0239853896679838,
      -0.024065975124452
    ],
    "Opui": [
      0.0120799175135811,
      0.01293225729308,
      0.012972929398666
    ],
    "OpWB": [
      0.050427916399438,
      0.054209511265992,
      0.054373053339467
    ],
    "O3pl1*O3pl1": [
      0.0001404631546718,
      0.0001697424091754,
      0.0001711235957244
    ],
    "O3pl1*O3pl2": [
      0.0002961942362403,
      0.0003057969751796,
      0.0003062208808762
    ],
    "O3pl1*Oll": [
      -0.0002961942362403,
      -0.0003057969751796,
      -0.0003062208808762
    ],
    "O3pl1*OpD": [
      0.0008127508589081,
      0.0008669610586182,
      0.0008693324435473
    ],
    "O3pl1*Ope": [
      -0.0015285450657437,
      -0.001743115814101,
      -0.001753042462247
    ],
    "O3pl1*Opl1": [
      -1.52679268966e-05,
      3.36878431712e-05,
      3.60263105725e-05
    ],
    "O3pl1*OpqMi": [
      -0.0010509971096273,
      -0.0011815105035513,
      -0.001187469343582
    ],
    "O3pl1*Opui": [
      -0.0002216526456359,
      -0.0001171878201388,
      -0.0001120305782458
    ],
    "O3pl1*OpWB": [
      0.0030403331053017,
      0.0034113364470623,
      0.0034284139644195
    ],
    "O3pl2*O3pl2": [
      -2.3852447794681094e-17,
      9.97465998686664e-18,
      -9.54097911787244e-18
    ],
    "O3pl2*Oll": [
      3.5561831257524545e-17,
      -2.255140518769849e-17,
      8.673617379884035e-18
    ],
    "O3pl2*OpD": [
      0.0002517021161133,
      0.000252857856391,
      0.0002527673980374
    ],
    "O3pl2*Ope": [
      -0.0022344039857501,
      -0.0024353617270835,
      -0.00244418224079
    ],
    "O3pl2*Opl1": [
      0.0002961942362403,
      0.0003057969751796,
      0.0003062208808762
    ],
    "O3pl2*OpqMi": [
      -0.0013409278350183,
      -0.0014540930560231,
      -0.0014589784781192
    ],
    "O3pl2*Opui": [
      0.0007323343258949,
      0.0007840066719313,
      0.0007864723823961
    ],
    "O3pl2*OpWB": [
      0.0030571478754842,
      0.0032864037229925,
      0.0032963183166972
    ],
    "Oll*Oll": [
      -1.431146867680866e-17,
      1.431146867680866e-17,
      -8.673617379884034e-19
    ],
    "Oll*OpD": [
      -0.0002517021161133,
      -0.000252857856391,
      -0.0002527673980374
    ],
    "Oll*Ope": [
      0.0022344039857501,
      0.0024353617270835,
      0.00244418224079
    ],
    "Oll*Opl1": [
      -0.0002961942362403,
      -0.0003057969751796,
      -0.0003062208808762
    ],
    "Oll*OpqMi": [
      0.0013409278350183,
      0.0014540930560231,
      0.0014589784781192
    ],
    "Oll*Opui": [
      -0.0007323343258949,
      -0.0007840066719313,
      -0.0007864723823961
    ],
    "Oll*OpWB": [
      -0.0030571478754842,
      -0.0032864037229925,
      -0.0032963183166972
    ],
    "OpD*OpD": [
      0.0006094100950086,
      0.0006449496857785,
      0.0006462991413856
    ],
    "OpD*Ope": [
      -0.0031076857787322,
      -0.003646005838933,
      -0.0036701162662114
    ],
    "OpD*Opl1": [
      0.0005610487427947,
      0.0006141032022271,
      0.0006165650455098
    ],
    "OpD*OpqMi": [
      -0.0020688062230696,
      -0.0024019474468375,
      -0.0024167079990059
    ],
    "OpD*Opui": [
      0.0008146100561202,
      0.0009330559576899,
      0.0009388997620741
    ],
    "OpD*OpWB": [
      0.0058510216610918,
      0.0065765166447206,
      0.0066083397576402
    ],
    "Ope*Ope": [
      -0.0066008337788666,
      -0.005886077838327,
      -0.0058508652619208
    ],
    "Ope*Opl1": [
      0.0007058589200064,
      0.0006922459129825,
      0.0006911397785429
    ],
    "Ope*OpqMi": [
      -0.0078212294803212,
      -0.006897472298416,
      -0.0068523906379265
    ],
    "Ope*Opui": [
      0.0026191353389648,
      0.0026344956688083,
      0.0026334291031433
    ],
    "Ope*OpWB": [
      0.0075783984645507,
      0.0050774277565826,
      0.0049582343549154
    ],
    "Opl1*Opl1": [
      -0.0001557310815685,
      -0.0001360545660042,
      -0.0001350972851518
    ],
    "Opl1*OpqMi": [
      0.0002899307253909,
      0.0002725825524718,
      0.0002715091345371
    ],
    "Opl1*Opui": [
      -0.0009539869715308,
      -0.0009011944920701,
      -0.000898502960642
    ],
    "Opl1*OpWB": [
      -1.68147701824e-05,
      0.0001249327240698,
      0.0001320956477223
    ],
    "OpqMi*OpqMi": [
      -0.0022784980240472,
      -0.0019771310403397,
      -0.0019625668875943
    ],
    "OpqMi*Opui": [
      0.0014937190557881,
      0.0015014074562378,
      0.0015006816764663
    ],
    "OpqMi*OpWB": [
      0.0040430354219656,
      0.002462451742029,
      0.0023878073081685
    ],
    "Opui*Opui": [
      -0.0010875235237465,
      -0.0010407122635179,
      -0.0010382603636929
    ],
    "Opui*OpWB": [
      -0.0018357156603538,
      -0.0015585036838588,
      -0.0015429133322658
    ],
    "OpWB*OpWB": [
      0.0019182271089342,
      0.0039544708507435,
      0.0040493684618734
    ]
  },
  "NLO": {
    "SM": [
      0.6311703198403922,
      0.6128726591847917,
      0.6119224421002301
    ],
    "O3pl1": [
      0.0048857493295961,
      0.0050441473319699,
      0.0050511396927912
    ],
    "O3pl2": [
      -1.52655665885959e-16,
      1.8041124150158791e-16,
      0.0
    ],
    "Oll": [
      8.326672684688674e-17,
      -2.498001805406602e-16,
      -4.163336342344337e-17
    ],
    "OpD": [
      0.0041518479922789,
      0.0041709120272793,
      0.0041694199089788
    ],
    "Ope": [
      -0.0368566853764417,
      -0.0401715005546821,
      -0.0403169956847537
    ],
    "Opl1": [
      0.0048857493295962,
      0.0050441473319697,
      0.0050511396927912
    ],
    "OpqMi": [
      -0.0221187196420037,
      -0.0239853896679838,
      -0.024065975124452
    ],
    "Opui": [
      0.0120799175135811,
      0.01293225729308,
      0.012972929398666
    ],
    "OpWB": [
      0.050427916399438,
      0.054209511265992,
      0.054373053339467
    ],
    "O3pl1*O3pl1": [
      0.0001404631546718,
      0.0001697424091754,
      0.0001711235957244
    ],
    "O3pl1*O3pl2": [
      0.0002961942362403,
      0.0003057969751796,
      0.0003062208808762
    ],
    "O3pl1*Oll": [
      -0.0002961942362403,
      -0.0003057969751796,
      -0.0003062208808762
    ],
    "O3pl1*OpD": [
      0.0008127508589081,
      0.0008669610586182,
      0.0008693324435473
    ],
    "O3pl1*Ope": [
      -0.0015285450657437,
      -0.001743115814101,
      -0.001753042462247
    ],
    "O3pl1*Opl1": [
      -1.52679268966e-05,
      3.36878431712e-05,
      3.60263105725e-05
    ],
    "O3pl1*OpqMi": [
      -0.0010509971096273,
      -0.0011815105035513,
      -0.001187469343582
    ],
    "O3pl1*Opui": [
      -0.0002216526456359,
      -0.0001171878201388,
      -0.0001120305782458
    ],
    "O3pl1*OpWB": [
      0.0030403331053017,
      0.0034113364470623,
      0.0034284139644195
    ],