{
    "best_sm": [
        0.5048187445513032,
        0.4853011372619096,
        0.4843284887277145
    ],
    "scales": [
        380.0,
        1500.0,
        3000.0
    ],
    "theory_cov": [
        [
            0.0,
            0.0,
            0.0
        ],
        [
            0.0,
            0.0,
            0.0
        ],
        [
            0.0,
            0.0,
            0.0
        ]
    ],
    "LO": {
        "SM": [
            0.5048187445513032,
            0.4853011372619096,
            0.4843284887277145
        ],
        "O3pl1": [
            0.0351262385999313,
            0.0350039393545966,
            0.0349931154716134
        ],
        "O3pl2": [
            0.0148131356436707,
            0.0151112842458476,
            0.0151235601631172
        ],
        "Oee1122": [
            0.0714276264638627,
            1.2160002171745137,
            4.8845369258941815
        ],
        "Ole1122": [
            -0.8390881879586738,
            -13.535956615217092,
            -54.23140704054412
        ],
        "Ole1221": [
            0.0,
            0.0,
            0.0
        ],
        "Ole2211": [
            -0.093232020884297,
            -1.5039951794685655,
            -6.02571189339379
        ],
        "Oll": [
            0.7248074979223519,
            12.280686586790226,
            49.31857112722817
        ],
        "Oll1122": [
            0.7248074979223522,
            12.280686586790235,
            49.31857112722818
        ],
        "OpD": [
            0.0392606787914368,
            0.039752165586456,
            0.0397703048871362
        ],
        "Ope": [
            -0.0041302615946938,
            -0.004097469789205,
            -0.0040953225362042
        ],
        "Opl1": [
            0.0351262385999314,
            0.0350039393545967,
            0.0349931154716134
        ],
        "Opl2": [
            0.0148131356436706,
            0.0151112842458475,
            0.0151235601631171
        ],
        "Opmu": [
            -0.0293911397195467,
            -0.0288354892520052,
            -0.0288046156522641
        ],
        "OpWB": [
            0.0932563640501533,
            0.093584743648177,
            0.0935874551646922
        ],
        "O3pl1*O3pl1": [
            0.0003213269197419,
            0.00049315119635,
            0.0005011724699583
        ],
        "O3pl1*O3pl2": [
            0.0010849745270136,
            0.0012309002673099,
            0.0012378058830442
        ],
        "O3pl1*Oee1122": [
            -0.009363512109896,
            -0.140288170965303,
            -0.5598857003097538
        ],
        "O3pl1*Ole1122": [
            0.0112875857597802,
            0.0632683357252004,
            0.2311031002734014
        ],
        "O3pl1*Ole1221": [
            0.0,
            0.0,
            0.0
        ],
        "O3pl1*Ole2211": [
            -0.0049535376830009,
            -0.0846753238055216,
            -0.3401506730113376
        ],
        "O3pl1*Oll": [
            -0.0717775417282472,
            -1.0052009301928335,
            -3.9969098196332062
        ],
        "O3pl1*Oll1122": [
            -0.0696480445493646,
            -1.0030788472976404,
            -3.994788392926358
        ],
        "O3pl1*OpD": [
            0.0011080513072933,
            0.0015201531912406,
            0.0015397002380236
        ],
        "O3pl1*Ope": [
            -4.026207768e-05,
            -5.81241646783e-05,
            -5.89669484075e-05
        ],
        "O3pl1*Opl1": [
            -0.0014868433393986,
            -0.001135780502493,
            -0.0011190817669343
        ],
        "O3pl1*Opl2": [
            -0.001044522651869,
            -0.0008911826278833,
            -0.0008836208238067
        ],
        "O3pl1*Opmu": [
            0.0005097971133675,
            0.0002460517710917,
            0.0002338465227945
        ],
        "O3pl1*OpWB": [
            0.0032261585638533,
            0.0041403854486896,
            0.0041832386536171
        ],
        "O3pl2*O3pl2": [
            0.000252398817643,
            0.0003051926625105,
            0.0003077285763703
        ],
        "O3pl2*Oee1122": [
            -0.0041035051464832,
            -0.0614547769614577,
            -0.2452188660788828
        ],
        "O3pl2*Ole1122": [
            -0.0169821127273435,
            -0.3190610939672142,
            -1.2870637767754618
        ],
        "O3pl2*Ole1221": [
            0.0,
            0.0,
            0.0
        ],
        "O3pl2*Ole2211": [
            0.0043208124643828,
            0.0562539062230757,
            0.2228217089555532
        ],
        "O3pl2*Oll": [
            -0.0171704768697225,
            -0.207837034970248,
            -0.8185527576929523
        ],
        "O3pl2*Oll1122": [
            -0.0162724436096607,
            -0.2069209267146123,
            -0.8176359052206781
        ],
        "O3pl2*OpD": [
            0.0011758406903913,
            0.0013881105343233,
            0.0013983242731278
        ],
        "O3pl2*Ope": [
            0.0002022172437291,
            0.0001664616013889,
            0.0001647515258535
        ],
        "O3pl2*Opl1": [
            0.0001869412669518,
            0.0003147920116742,
            0.0003209534107706
        ],
        "O3pl2*Opl2": [
            -0.0003932356247756,
            -0.0003057229306146,
            -0.0003013953195329
        ],
        "O3pl2*Opmu": [
            -0.0005192765518935,
            -0.0006051956075348,
            -0.000609186137004
        ],
        "O3pl2*OpWB": [
            0.0029687270569516,
            0.0034384011037288,
            0.0034607676800834
        ],
        "Oee1122*Oee1122": [
            0.0605964803689806,
            16.323124596514553,
            262.4712107630729
        ],
        "Oee1122*Ole1122": [
            0.217278951476969,
            53.64218075630575,
            858.842832885994
        ],
        "Oee1122*Ole1221": [
            0.0,
            0.0,
            0.0
        ],
        "Oee1122*Ole2211": [
            0.0241421057196632,
            5.960242306256193,
            95.42698143177708
        ],
        "Oee1122*Oll": [
            -0.4635349637118204,
            -121.9783760448148,
            -1959.0377162794823
        ],
        "Oee1122*Oll1122": [
            -0.4592047269682437,
            -121.90465710606132,
            -1958.7415955441447
        ],
        "Oee1122*OpD": [
            -0.0148343152553654,
            -0.2288875023175975,
            -0.9148329405969532
        ],
        "Oee1122*Ope": [
            -0.0008326695972716,
            -0.0147329010874114,
            -0.0592721041579084
        ],
        "Oee1122*Opl1": [
            -0.0136937488534731,
            -0.2140071097189355,
            -0.8560064356469027
        ],
        "Oee1122*Opl2": [
            -0.0084337418900603,
            -0.1351737157150898,
            -0.5413396014160299
        ],
        "Oee1122*Opmu": [
            0.0057085464407091,
            0.0833023800012358,
            0.332039876417145
        ],
        "Oee1122*OpWB": [
            -0.0251481938440889,
            -0.3767330704753364,
            -1.5034454411730764
        ],
        "Ole1122*Ole1122": [
            -0.4556652601982105,
            -98.877645296135,
            -1572.5796222242443
        ],
        "Ole1122*Ole1221": [
            0.0,
            0.0,
            0.0
        ],
        "Ole1122*Ole2211": [
            0.1266757853539071,
            33.494531448207724,
            538.0781768854719
        ],
        "Ole1122*Oll": [
            2.255693933149643,
            542.5662403168343,
            8674.91863154915
        ],
        "Ole1122*Oll1122": [
            2.204824953141768,
            541.7456349069049,
            8671.630900414171
        ],