{
    "best_sm": [
        0.4658089059412432,
        0.4454400621508108,
        0.444432309751699
    ],
    "scales": [
        380.0,
        1500.0,
        3000.0
    ],
    "theory_cov": [
        [
            0.0,
            0.0,
            0.0
        ],
        [
            0.0,
            0.0,
            0.0
        ],
        [
            0.0,
            0.0,
            0.0
        ]
    ],
    "LO": {
        "SM": [
            0.4658089059412432,
            0.4454400621508108,
            0.444432309751699
        ],
        "O3pl1": [
            0.0047608351196606,
            0.0046926651277456,
            0.0046886990447629
        ],
        "O3pl2": [
            0.0278356695205988,
            0.0270633882042258,
            0.0270225496168348
        ],
        "Oll": [
            0.110810462307425,
            1.8446510007790569,
            7.4016401312364515
        ],
        "Oll1122": [
            0.1108104623074248,
            1.844651000779056,
            7.401640131236453
        ],
        "OpD": [
            0.0065869723815823,
            0.0060059651987801,
            0.0059773444391705
        ],
        "Ope": [
            -0.0443270378952505,
            -0.0435274292632822,
            -0.0434828618190423
        ],
        "Opl1": [
            0.0047608351196606,
            0.0046926651277462,
            0.0046886990447627
        ],
        "Opl2": [
            0.0278356695205984,
            0.0270633882042256,
            0.0270225496168345
        ],
        "Opmu": [
            -0.0156317380777696,
            -0.0157077450714283,
            -0.0157090313720351
        ],
        "OpWB": [
            0.0608704363948639,
            0.0593009847475576,
            0.05921731688598
        ],
        "O3pl1*O3pl1": [
            0.0002031378282144,
            0.0002111006584352,
            0.0002114249901922
        ],
        "O3pl1*O3pl2": [
            0.0019809971776986,
            0.0019424820534876,
            0.00194032342275
        ],
        "O3pl1*Oll": [
            0.007793906949649,
            0.135410070391018,
            0.544385075160758
        ],
        "O3pl1*Oll1122": [
            0.0080825283722815,
            0.1356945590681229,
            0.5446693233975864
        ],
        "O3pl1*OpD": [
            0.0011214646398439,
            0.0010797088403966,
            0.001077499660893
        ],
        "O3pl1*Ope": [
            -0.0023913807152292,
            -0.002376011688888,
            -0.0023749016845172
        ],
        "O3pl1*Opl1": [
            0.0001176542337963,
            0.0001377126397654,
            0.0001386017435558
        ],
        "O3pl1*Opl2": [
            0.001692375755066,
            0.0016579933763824,
            0.0016560751859213
        ],
        "O3pl1*Opmu": [
            -0.000433095537675,
            -0.0004854277399001,
            -0.0004878088180143
        ],
        "O3pl1*OpWB": [
            0.0044579730498918,
            0.0044157896767742,
            0.0044129699767831
        ],
        "O3pl2*O3pl2": [
            0.0012627570671117,
            0.0013045018844386,
            0.001306057989984
        ],
        "O3pl2*Oll": [
            -0.0011346066352608,
            0.0242876348848995,
            0.1054876941169808
        ],
        "O3pl2*Oll1122": [
            0.0005529062348629,
            0.0259283288825773,
            0.1071259123113811
        ],
        "O3pl2*OpD": [
            0.0038811513133247,
            0.0037689896551373,
            0.0037628600624674
        ],
        "O3pl2*Ope": [
            -0.0006690155290885,
            -0.0009308995468233,
            -0.0009426141009188
        ],
        "O3pl2*Opl1": [
            0.0002934843075747,
            0.0003017880558099,
            0.0003021052283493
        ],
        "O3pl2*Opl2": [
            0.0008380012640995,
            0.0009683097711994,
            0.0009738977855673
        ],
        "O3pl2*Opmu": [
            8.132443100011214e-06,
            -0.0001020294398644,
            -0.0001071893039486
        ],
        "O3pl2*OpWB": [
            0.0084154210153039,
            0.0084994060347873,
            0.008501186742654
        ],
        "Oll*Oll": [
            0.0613678565442406,
            18.16858538809784,
            293.4454011240064
        ],
        "Oll*Oll1122": [
            0.1294534994578652,
            36.449001113252905,
            587.3395201411549
        ],
        "Oll*OpD": [
            0.021873678673988,
            0.3687387146276892,
            1.4802186525368266
        ],
        "Oll*Ope": [
            0.0233138907688252,
            0.3146015216753194,
            1.2484592975310915
        ],
        "Oll*Opl1": [
            0.0010761205802651,
            0.0235797333338103,
            0.0956671820185265
        ],
        "Oll*Opl2": [
            -0.0078523930046445,
            -0.0875427021723013,
            -0.3432301990252431
        ],
        "Oll*Opmu": [
            0.0122106096014847,
            0.1764123781308282,
            0.7026572467200035
        ],
        "Oll*OpWB": [
            0.0124355209460296,
            0.2982181408308922,
            1.2135668993852105
        ],
        "Oll1122*Oll1122": [
            0.0680856429136246,
            18.28041572515505,
            293.89411901714845
        ],
        "Oll1122*OpD": [
            0.0222730080546175,
            0.3691028209612181,
            1.4805810237620909
        ],
        "Oll1122*Ope": [
            0.0206266032621479,
            0.3119627097354508,
            1.2458231874531522
        ],
        "Oll1122*Opl1": [
            0.0013647420028976,
            0.0238642220109156,
            0.0959514302553551
        ],
        "Oll1122*Opl2": [
            -0.0061648801345206,
            -0.0859020081746236,
            -0.3415919808308423
        ],
        "Oll1122*Opmu": [
            0.0112629492921424,
            0.1754601099646523,
            0.70170490057299
        ],
        "Oll1122*OpWB": [
            0.0161257373696141,
            0.3018132106350684,
            1.2171568968992033
        ],
        "OpD*OpD": [
            0.0010871343370906,
            0.0010079813228516,
            0.001004005136907
        ],
        "OpD*Ope": [
            -0.0049538794804538,
            -0.0049133568082061,
            -0.0049103847365815
        ],
        "OpD*Opl1": [
            0.0007221352592143,
            0.0007156025068682,
            0.0007151284356275
        ],
        "OpD*Opl2": [
            0.003481821932695,
            0.0034048833216087,
            0.0034004888372019
        ],
        "OpD*Opmu": [
            -0.0015220006152854,
            -0.0015690329473491,
            -0.001570936205673
        ],
        "OpD*OpWB": [
            0.0093418426161307,
            0.0090544184607374,
            0.0090388467082814
        ],
        "Ope*Ope": [
            -0.0019676768794696,
            -0.0017108316234619,
            -0.0016987350182263
        ],
        "Ope*Opl1": [
            0.000295906791448,
            0.0002628002509806,
            0.0002612083934224
        ],
        "Ope*Opl2": [
            0.0020182719775887,
            0.0017079123930452,
            0.0016934959770208
        ],
        "Ope*Opmu": [
            -0.0017934625300475,
            -0.0016245571240413,
            -0.0016163122208828
        ],
        "Ope*OpWB": [
            -0.0057149579989858,
            -0.0061752980038302,
            -0.0061951008500751
        ],
        "Opl1*Opl1": [
            -8.5483594418e-05,
            -7.33880186698e-05,
            -7.28232466363e-05
        ],
        "Opl1*Opl2": [
            4.862884942242622e-06,
            1.72993787047e-05,
            1.78569915207e-05
        ],