{
  "best_sm": [
    0.504818744551303,
    0.4658089059412432
  ],
  "scales": [
    380.0,
    380.0
  ],
  "theory_cov": [
    [
      0.0,
      0.0
    ],
    [
      0.0,
      0.0
    ]
  ],
  "LO": {
    "SM": [
      0.504818744551303,
      0.4658089059412432
    ],
    "O3pl1": [
      0.035126238599931,
      0.0047608351196606
    ],
    "O3pl2": [
      0.0148131356436709,
      0.0278356695205988
    ],
    "Oll": [
      0.7248074979223535,
      0.110810462307425
    ],
    "Oll1122": [
      0.7248074979223531,
      0.1108104623074248
    ],
    "OpD": [
      0.0392606787914367,
      0.0065869723815823
    ],
    "Ope": [
      -0.0041302615946938,
      -0.0443270378952505
    ],
    "Opl1": [
      0.0351262385999314,
      0.0047608351196606
    ],
    "Opl2": [
      0.0148131356436706,
      0.0278356695205984
    ],
    "Opmu": [
      -0.0293911397195466,
      -0.0156317380777696
    ],
    "OpWB": [
      0.0932563640501536,
      0.0608704363948639
    ],
    "O3pl1*O3pl1": [
      0.0003213269197419,
      0.0002031378282144
    ],
    "O3pl1*O3pl2": [
      0.0010849745270136,
      0.0019809971776986
    ],
    "O3pl1*Oll": [
      -0.0717775417282462,
      0.007793906949649
    ],
    "O3pl1*Oll1122": [
      -0.0696480445493636,
      0.0080825283722815
    ],
    "O3pl1*OpD": [
      0.0011080513072933,
      0.0011214646398439
    ],
    "O3pl1*Ope": [
      -4.026207768e-05,
      -0.0023913807152292
    ],
    "O3pl1*Opl1": [
      -0.0014868433393986,
      0.0001176542337963
    ],
    "O3pl1*Opl2": [
      -0.001044522651869,
      0.001692375755066
    ],
    "O3pl1*Opmu": [
      0.0005097971133675,
      -0.000433095537675
    ],
    "O3pl1*OpWB": [
      0.0032261585638532,
      0.0044579730498918
    ],
    "O3pl2*O3pl2": [
      0.000252398817643,
      0.0012627570671117
    ],
    "O3pl2*Oll": [
      -0.017170476869723,
      -0.0011346066352608
    ],
    "O3pl2*Oll1122": [
      -0.0162724436096613,
      0.0005529062348629
    ],
    "O3pl2*OpD": [
      0.0011758406903913,
      0.0038811513133247
    ],
    "O3pl2*Ope": [
      0.0002022172437291,
      -0.0006690155290885
    ],
    "O3pl2*Opl1": [
      0.0001869412669518,
      0.0002934843075747
    ],
    "O3pl2*Opl2": [
      -0.0003932356247756,
      0.0008380012640995
    ],
    "O3pl2*Opmu": [
      -0.0005192765518935,
      8.132443100011214e-06
    ],
    "O3pl2*OpWB": [
      0.0029687270569517,
      0.0084154210153039
    ],
    "Oll*Oll": [
      -1.624808838598601,
      0.0613678565442406
    ],
    "Oll*Oll1122": [
      -3.205676863048609,
      0.1294534994578652
    ],
    "Oll*OpD": [
      -0.0729966028921473,
      0.021873678673988
    ],
    "Oll*Ope": [
      0.0148005986506671,
      0.0233138907688252
    ],
    "Oll*Opl1": [
      -0.1157183558768382,
      0.0010761205802651
    ],
    "Oll*Opl2": [
      -0.0611112910183133,
      -0.0078523930046445
    ],
    "Oll*Opmu": [
      0.0827086092149504,
      0.0122106096014847
    ],
    "Oll*OpWB": [
      -0.1661007757816429,
      0.0124355209460296
    ],
    "Oll1122*Oll1122": [
      -1.5808680244500075,
      0.0680856429136246
    ],
    "Oll1122*OpD": [
      -0.0706164589296924,
      0.0222730080546175
    ],
    "Oll1122*Ope": [
      0.0145502051908344,
      0.0206266032621479
    ],
    "Oll1122*Opl1": [
      -0.1135888586979555,
      0.0013647420028976
    ],
    "Oll1122*Opl2": [
      -0.0602132577582516,
      -0.0061648801345206
    ],
    "Oll1122*Opmu": [
      0.080926797338371,
      0.0112629492921424
    ],
    "Oll1122*OpWB": [
      -0.160447191108958,
      0.0161257373696141
    ],
    "OpD*OpD": [
      0.0008133309032804,
      0.0010871343370906
    ],
    "OpD*Ope": [
      0.0002125410589325,
      -0.0049538794804538
    ],
    "OpD*Opl1": [
      -0.0012720926551616,
      0.0007221352592143
    ],
    "OpD*Opl2": [
      -0.0012043032720636,
      0.003481821932695
    ],
    "OpD*Opmu": [
      0.0002968422781153,
      -0.0015220006152854
    ],
    "OpD*OpWB": [
      0.0042649205524357,
      0.0093418426161307
    ],
    "Ope*Ope": [
      -0.0001225528367694,
      -0.0019676768794696
    ],
    "Ope*Opl1": [
      0.0002101313821527,
      0.000295906791448
    ],
    "Ope*Opl2": [
      0.0004526107035618,
      0.0020182719775887
    ],
    "Ope*Opmu": [
      5.64356812753e-05,
      -0.0017934625300475
    ],
    "Ope*OpWB": [
      0.0003024337039387,
      -0.0057149579989858
    ],
    "Opl1*Opl1": [
      -0.0018081702591406,
      -8.5483594418e-05
    ],
    "Opl1*Opl2": [
      -0.0019425559119307,
      4.862884942242622e-06
    ],
    "Opl1*Opmu": [
      0.0022916089899469,
      0.0005145647716672
    ],
    "Opl1*OpWB": [
      -0.0024274261088318,
      0.0007677566263071
    ],
    "Opl2*Opl2": [
      -0.0006456344424187,
      -0.0004247558030121
    ],
    "Opl2*Opmu": [
      0.0012625353246858,
      0.0009557927524423
    ],
    "Opl2*OpWB": [
      -0.0026848576157335,
      0.0047252045917192
    ],
    "Opmu*Opmu": [
      -0.0006116475825728,
      -0.0006223811012001
    ],
    "Opmu*OpWB": [
      -1.77018231317e-05,
      -0.0007935724797482
    ],
    "OpWB*OpWB": [
      0.0057841384423921,
      0.0120198334649613
    ]
  },
  "NLO": {
    "SM": [
      0.504818744551303,
      0.4658089059412432
    ],
    "O3pl1": [
      0.035126238599931,
      0.0047608351196606
    ],
    "O3pl2": [
      0.0148131356436709,
      0.0278356695205988
    ],
    "Oll": [
      0.7248074979223535,
      0.110810462307425
    ],
    "Oll1122": [
      0.7248074979223531,
      0.1108104623074248
    ],
    "OpD": [
      0.0392606787914367,
      0.0065869723815823
    ],
    "Ope": [
      -0.0041302615946938,
      -0.0443270378952505
    ],
    "Opl1": [
      0.0351262385999314,
      0.0047608351196606
    ],
    "Opl2": [
      0.0148131356436706,
      0.0278356695205984
    ],
    "Opmu": [
      -0.0293911397195466,
      -0.0156317380777696
    ],
    "OpWB": [
      0.0932563640501536,
      0.0608704363948639
    ],
    "O3pl1*O3pl1": [
      0.0003213269197419,
      0.0002031378282144
    ],
    "O3pl1*O3pl2": [
      0.0010849745270136,
      0.0019809971776986
    ],
    "O3pl1*Oll": [
      -0.0717775417282462,
      0.007793906949649
    ],
    "O3pl1*Oll1122": [
      -0.0696480445493636,
      0.0080825283722815
    ],
    "O3pl1*OpD": [
      0.0011080513072933,
      0.0011214646398439
    ],
    "O3pl1*Ope": [
      -4.026207768e-05,
      -0.0023913807152292
    ],
    "O3pl1*Opl1": [
      -0.0014868433393986,
      0.0001176542337963
    ],
    "O3pl1*Opl2": [
      -0.001044522651869,
      0.001692375755066
    ],
    "O3pl1*Opmu": [
      0.0005097971133675,
      -0.000433095537675
    ],
    "O3pl1*OpWB": [
      0.0032261585638532,
      0.0044579730498918
    ],
    "O3pl2*O3pl2": [
      0.000252398817643,
      0.0012627570671117
    ],
    "O3pl2*Oll": [
      -0.017170476869723,
      -0.0011346066352608
    ],
    "O3pl2*Oll1122": [
      -0.0162724436096613,
      0.0005529062348629
    ],
    "O3pl2*OpD": [
      0.0011758406903913,
      0.0038811513133247
    ],
    "O3pl2*Ope": [
      0.0002022172437291,
      -0.0006690155290885
    ],
    "O3pl2*Opl1": [
      0.0001869412669518,
      0.0002934843075747
    ],
    "O3pl2*Opl2": [
      -0.0003932356247756,
      0.0008380012640995
    ],
    "O3pl2*Opmu": [
      -0.0005192765518935,
      8.132443100011214e-06
    ],
    "O3pl2*OpWB": [
      0.0029687270569517,
      0.0084154210153039
    ],
    "Oll*Oll": [
      -1.624808838598601,
      0.0613678565442406
    ],
    "Oll*Oll1122": [
      -3.205676863048609,
      0.1294534994578652
    ],
    "Oll*OpD": [
      -0.0729966028921473,
      0.021873678673988
    ],
    "Oll*Ope": [
      0.0148005986506671,
      0.0233138907688252
    ],
    "Oll*Opl1": [
      -0.1157183558768382,
      0.0010761205802651
    ],