{
  "best_sm": [
    151.909,
    91.2548
  ],
  "scales": [
    172.0,
    172.0
  ],
  "theory_cov_current": [
    [
      1.0775182096969718,
      -0.14903445264646464
    ],
    [
      -0.14903445264646464,
      0.5424425156000007
    ]
  ],
  "theory_cov_conservative": [
    [
      1.0775182096969718,
      -0.14903445264646464
    ],
    [
      -0.14903445264646464,
      0.5424425156000007
    ]
  ],
  "theory_cov_aggressive": [
    [
      1.0775182096969718,
      -0.14903445264646464
    ],
    [
      -0.14903445264646464,
      0.5424425156000007
    ]
  ],
  "LO": {
    "SM": [
      137.89059,
      82.89159
    ],
    "O13qq": [
      -50.92792,
      -26.248389
    ],
    "O3pQ3": [
      16.718179,
      10.044852
    ],
    "O3pl1": [
      -16.7203365,
      -10.036359
    ],
    "O3pl2": [
      -16.7203365,
      -10.036359
    ],
    "O3pq": [
      16.716205,
      10.015068
    ],
    "O83qq": [
      0.0,
      0.0
    ],
    "Oll1221": [
      16.717316,
      10.05879
    ],
    "OtW": [
      5.1371895,
      0.2302051
    ],
    "O13qq*O13qq": [
      19.809774,
      6.2494162
    ],
    "O3pQ3*O13qq": [
      -3.0896523,
      -1.5916013
    ],
    "O3pQ3*O3pQ3": [
      0.50676386,
      0.30448011
    ],
    "O3pQ3*O83qq": [
      -3.094148e-05,
      -1.5937593e-05
    ],
    "O3pQ3*OtW": [
      0.31200114,
      0.00567799
    ],
    "O3pl1*O13qq": [
      3.09102005,
      1.59204155
    ],
    "O3pl1*O3pQ3": [
      -1.01357985,
      -0.60869654
    ],
    "O3pl1*O3pl1": [
      0.506815985,
      0.30421643
    ],
    "O3pl1*O3pl2": [
      1.0137453,
      0.60864444
    ],
    "O3pl1*O3pq": [
      -1.01352,
      -0.60779371
    ],
    "O3pl1*O83qq": [
      3.09126135e-05,
      1.5925475e-05
    ],
    "O3pl1*Oll1221": [
      -1.01355365,
      -0.60911906
    ],
    "O3pl1*OtW": [
      -0.312151935,
      -0.01271828
    ],
    "O3pl2*O13qq": [
      3.09102005,
      1.59204155
    ],
    "O3pl2*O3pQ3": [
      -1.01357985,
      -0.60869654
    ],
    "O3pl2*O3pl2": [
      0.506815985,
      0.30421643
    ],
    "O3pl2*O3pq": [
      -1.01352,
      -0.60779371
    ],
    "O3pl2*O83qq": [
      3.09126135e-05,
      1.5925475e-05
    ],
    "O3pl2*Oll1221": [
      -1.01355365,
      -0.60911906
    ],
    "O3pl2*OtW": [
      -0.312151935,
      -0.01271828
    ],
    "O3pq*O13qq": [
      -3.0907812,
      -1.5922588
    ],
    "O3pq*O3pQ3": [
      1.0136173,
      0.61080001
    ],
    "O3pq*O3pq": [
      0.50670402,
      0.30357728
    ],
    "O3pq*O83qq": [
      -3.0892647e-05,
      -1.5910801e-05
    ],
    "O3pq*Oll1221": [
      1.0149889,
      0.60906699
    ],
    "O3pq*OtW": [
      0.31186538,
      0.01311092
    ],
    "O83qq*O13qq": [
      0.0101178,
      0.0095156
    ],
    "O83qq*O83qq": [
      4.3975082,
      1.3834527
    ],
    "Oll1221*O13qq": [
      -3.0865545,
      -1.5909776
    ],
    "Oll1221*O3pQ3": [
      1.0133564,
      0.61298226
    ],
    "Oll1221*O83qq": [
      -3.0878646e-05,
      -1.5918782e-05
    ],
    "Oll1221*Oll1221": [
      0.50673769,
      0.30490263
    ],
    "Oll1221*OtW": [
      0.31207911,
      0.01325707
    ],
    "OtW*O13qq": [
      -1.9565512,
      -0.043880778
    ],
    "OtW*O83qq": [
      -1.9593357e-05,
      -4.4935425e-07
    ],
    "OtW*OtW": [
      2.0044785,
      0.9961011
    ]
  },
  "NLO_QCD": {
    "SM": [
      134.47221,
      80.570758
    ],
    "O13qq": [
      -56.05114993,
      -30.28480016
    ],
    "O3pQ3": [
      16.315629,
      9.822903
    ],
    "O3pl1": [
      -16.30082,
      -9.725139
    ],
    "O3pl2": [
      -16.30082,
      -9.725139
    ],
    "O3pq": [
      16.298479,
      9.77782
    ],
    "O83qq": [
      1.790192449,
      0.08092587935
    ],
    "Oll1221": [
      16.287998,
      9.804234
    ],
    "OtW": [
      5.4346432,
      0.5221375
    ],
    "O13qq*O13qq": [
      20.7849277,
      8.017441543
    ],
    "O3pQ3*O13qq": [
      -3.389133603,
      -1.806589895
    ],
    "O3pQ3*O3pQ3": [
      0.49456182,
      0.29775248
    ],
    "O3pQ3*O83qq": [
      -0.0007073317581,
      -0.002464257827
    ],
    "O3pQ3*OtW": [
      0.32886308,
      0.02868782
    ],
    "O3pl1*O13qq": [
      3.014392043,
      1.547466932
    ],
    "O3pl1*O3pQ3": [
      -0.98866152,
      -0.59253532
    ],
    "O3pl1*O3pl1": [
      0.49409975,
      0.29478284
    ],
    "O3pl1*O3pl2": [
      0.9886804,
      0.58075122
    ],
    "O3pl1*O3pq": [
      -0.98814171,
      -0.59116881
    ],
    "O3pl1*O83qq": [
      3.014627361e-05,
      1.547958716e-05
    ],
    "O3pl1*Oll1221": [
      -0.987824,
      -0.59196943
    ],
    "O3pl1*OtW": [
      -0.32940115,
      -0.02241004
    ],
    "O3pl2*O13qq": [
      3.014392043,
      1.547466932
    ],
    "O3pl2*O3pQ3": [
      -0.98866152,
      -0.59253532
    ],
    "O3pl2*O3pl2": [
      0.49409975,
      0.29478284
    ],
    "O3pl2*O3pq": [
      -0.98814171,
      -0.59116881
    ],
    "O3pl2*O83qq": [
      3.014627361e-05,
      1.547958716e-05
    ],
    "O3pl2*Oll1221": [
      -0.987824,
      -0.59196943
    ],
    "O3pl2*OtW": [
      -0.32940115,
      -0.02241004
    ],
    "O3pq*O13qq": [
      -3.014159114,
      -1.547678099
    ],
    "O3pq*O3pQ3": [
      0.98896052,
      0.59275365
    ],
    "O3pq*O3pq": [
      0.49404196,
      0.29638597
    ],
    "O3pq*O83qq": [
      -3.012680209e-05,
      -1.546532401e-05
    ],
    "O3pq*Oll1221": [
      0.99053509,
      0.59346994
    ],
    "O3pq*OtW": [
      0.32971934,
      0.03093033
    ],
    "O83qq*O13qq": [
      0.009866974435,
      0.009249178413
    ],
    "O83qq*O83qq": [
      5.094682724,
      2.021534482
    ],
    "Oll1221*O13qq": [
      -3.010037196,
      -1.546432771
    ],
    "Oll1221*O3pQ3": [
      0.98555033,
      0.59342503
    ],
    "Oll1221*O83qq": [
      -3.011314818e-05,
      -1.547308155e-05
    ],
    "Oll1221*Oll1221": [
      0.49372425,
      0.29718659
    ],
    "Oll1221*OtW": [
      0.33341025,
      0.03721991
    ],
    "OtW*O13qq": [
      -2.304514051,
      -0.1198770876
    ],
    "OtW*O83qq": [
      -7.585846744e-05,
      1.163895935e-05
    ],
    "OtW*OtW": [
      2.483168,
      1.1035046
    ]
  }
}
