{
  "best_sm": [
    57.4416,
    31.3842
  ],
  "scales": [
    172.0,
    172.0
  ],
  "theory_cov": [
    [
      0.14522203559191904,
      -0.05395681322626263
    ],
    [
      -0.05395681322626263,
      0.10251861702121216
    ]
  ],
  "LO": {
    "SM": [
      54.959457,
      29.890837
    ],
    "O13qq": [
      -19.351581,
      -8.908582
    ],
    "O3pQ3": [
      6.6618442,
      3.6243918
    ],
    "O3pl1": [
      -6.6639478,
      -3.62418075
    ],
    "O3pl2": [
      -6.6639478,
      -3.62418075
    ],
    "O3pq": [
      6.6646216,
      3.6234332
    ],
    "O83qq": [
      0.0,
      0.0
    ],
    "Oll1221": [
      6.6637135,
      3.6254857
    ],
    "OtW": [
      2.4187562,
      0.013679412
    ],
    "O13qq*O13qq": [
      5.6196752,
      1.6283243
    ],
    "O3pQ3*O13qq": [
      -1.1737,
      -0.54014535
    ],
    "O3pQ3*O3pQ3": [
      0.20193489,
      0.10986275
    ],
    "O3pQ3*O83qq": [
      -1.1757392e-05,
      -5.3995401e-06
    ],
    "O3pQ3*OtW": [
      0.14726661,
      0.00055353
    ],
    "O3pl1*O13qq": [
      1.1742273,
      0.539991715
    ],
    "O3pl1*O3pQ3": [
      -0.40392804,
      -0.219716895
    ],
    "O3pl1*O3pl1": [
      0.20199315,
      0.109854145
    ],
    "O3pl1*O3pl2": [
      0.40405769,
      0.21971993
    ],
    "O3pl1*O3pq": [
      -0.40401223,
      -0.219687835
    ],
    "O3pl1*O83qq": [
      1.17453465e-05,
      5.40089445e-06
    ],
    "O3pl1*Oll1221": [
      -0.4039847,
      -0.219750055
    ],
    "O3pl1*OtW": [
      -0.14644849,
      -0.0006237
    ],
    "O3pl2*O13qq": [
      1.1742273,
      0.539991715
    ],
    "O3pl2*O3pQ3": [
      -0.40392804,
      -0.219716895
    ],
    "O3pl2*O3pl2": [
      0.20199315,
      0.109854145
    ],
    "O3pl2*O3pq": [
      -0.40401223,
      -0.219687835
    ],
    "O3pl2*O83qq": [
      1.17453465e-05,
      5.40089445e-06
    ],
    "O3pl2*Oll1221": [
      -0.4039847,
      -0.219750055
    ],
    "O3pl2*OtW": [
      -0.14644849,
      -0.0006237
    ],
    "O3pq*O13qq": [
      -1.1744062,
      -0.5402426
    ],
    "O3pq*O3pQ3": [
      0.40412046,
      0.21985897
    ],
    "O3pq*O3pq": [
      0.20201908,
      0.10983369
    ],
    "O3pq*O83qq": [
      -1.1738273e-05,
      -5.4014321e-06
    ],
    "O3pq*Oll1221": [
      0.40376382,
      0.21965633
    ],
    "O3pq*OtW": [
      0.14675502,
      0.00088502
    ],
    "O83qq*O13qq": [
      -0.0038523,
      -0.00144887
    ],
    "O83qq*O83qq": [
      1.2458846,
      0.36180027
    ],
    "Oll1221*O13qq": [
      -1.1722953,
      -0.54064392
    ],
    "Oll1221*O3pQ3": [
      0.40421161,
      0.21970128
    ],
    "Oll1221*O83qq": [
      -1.1736055e-05,
      -5.3976813e-06
    ],
    "Oll1221*Oll1221": [
      0.20199155,
      0.10989591
    ],
    "Oll1221*OtW": [
      0.14707865,
      0.00083497
    ],
    "OtW*O13qq": [
      -0.8257054,
      0.004270389
    ],
    "OtW*O83qq": [
      -8.2687099e-06,
      4.242602e-08
    ],
    "OtW*OtW": [
      0.7677277,
      0.32345325
    ]
  },
  "NLO_QCD": {
    "SM": [
      53.866208,
      29.363126
    ],
    "O13qq": [
      -20.62191189,
      -9.972170715
    ],
    "O3pQ3": [
      6.5251488,
      3.5634339
    ],
    "O3pl1": [
      -6.5357494,
      -3.55843845
    ],
    "O3pl2": [
      -6.5357494,
      -3.55843845
    ],
    "O3pq": [
      6.5288005,
      3.5553607
    ],
    "O83qq": [
      1.000933403,
      0.05226540848
    ],
    "Oll1221": [
      6.5244909,
      3.5610239
    ],
    "OtW": [
      2.4543068,
      0.1064897
    ],
    "O13qq*O13qq": [
      5.621115462,
      1.944918114
    ],
    "O3pQ3*O13qq": [
      -1.253302776,
      -0.6029967469
    ],
    "O3pQ3*O3pQ3": [
      0.19779138,
      0.10801502
    ],
    "O3pQ3*O83qq": [
      -0.000395175504,
      1.188061817e-05
    ],
    "O3pQ3*OtW": [
      0.14997755,
      0.00583314
    ],
    "O3pl1*O13qq": [
      1.150869667,
      0.5304583731
    ],
    "O3pl1*O3pQ3": [
      -0.39589864,
      -0.215876395
    ],
    "O3pl1*O3pl1": [
      0.19810726,
      0.107861375
    ],
    "O3pl1*O3pl2": [
      0.3955179,
      0.21598599
    ],
    "O3pl1*O3pq": [
      -0.39600934,
      -0.215631675
    ],
    "O3pl1*O83qq": [
      1.151170903e-05,
      5.305543777e-06
    ],
    "O3pl1*Oll1221": [
      -0.3958787,
      -0.215803345
    ],
    "O3pl1*OtW": [
      -0.148742085,
      -0.006216455
    ],
    "O3pl2*O13qq": [
      1.150869667,
      0.5304583731
    ],
    "O3pl2*O3pQ3": [
      -0.39589864,
      -0.215876395
    ],
    "O3pl2*O3pl2": [
      0.19810726,
      0.107861375
    ],
    "O3pl2*O3pq": [
      -0.39600934,
      -0.215631675
    ],
    "O3pl2*O83qq": [
      1.151170903e-05,
      5.305543777e-06
    ],
    "O3pl2*Oll1221": [
      -0.3958787,
      -0.215803345
    ],
    "O3pl2*OtW": [
      -0.148742085,
      -0.006216455
    ],
    "O3pq*O13qq": [
      -1.151045008,
      -0.5307048289
    ],
    "O3pq*O3pQ3": [
      0.39594086,
      0.21639159
    ],
    "O3pq*O3pq": [
      0.19790208,
      0.1077703
    ],
    "O3pq*O83qq": [
      -1.150477624e-05,
      -5.306071935e-06
    ],
    "O3pq*Oll1221": [
      0.3961242,
      0.21591305
    ],
    "O3pq*OtW": [
      0.14978065,
      0.0066096
    ],
    "O83qq*O13qq": [
      -0.003775670365,
      -0.001423290769
    ],
    "O83qq*O83qq": [
      1.401610246,
      0.492673261
    ],
    "Oll1221*O13qq": [
      -1.148976098,
      -0.5310990637
    ],
    "Oll1221*O3pQ3": [
      0.3974857,
      0.21577743
    ],
    "Oll1221*O83qq": [
      -1.150260236e-05,
      -5.302387354e-06
    ],
    "Oll1221*Oll1221": [
      0.19777144,
      0.10794197
    ],
    "Oll1221*OtW": [
      0.14939239,
      0.00600877
    ],
    "OtW*O13qq": [
      -0.9223122404,
      0.0336825164
    ],
    "OtW*O83qq": [
      0.0004600508857,
      -3.486519131e-07
    ],
    "OtW*OtW": [
      0.91016057,
      0.34691945
    ]
  }
}