{
  "best_sm": [
    803.0
  ],
  "scales": [
    344.0
  ],
  "theory_cov_current": [
    [
      22.88
    ]
  ],
  "LO": {
    "SM": [
      480.91758
    ],
    "O11qq": [
      0.0
    ],
    "O13qq": [
      0.0
    ],
    "O1dt": [
      0.0
    ],
    "O1qd": [
      0.0
    ],
    "O1qt": [
      0.0
    ],
    "O1qu": [
      0.0
    ],
    "O1ut": [
      0.0
    ],
    "O81qq": [
      7.566453
    ],
    "O83qq": [
      1.3196472
    ],
    "O8dt": [
      3.1897257
    ],
    "O8qd": [
      3.1871842
    ],
    "O8qt": [
      7.5696492
    ],
    "O8qu": [
      4.450178
    ],
    "O8ut": [
      4.4498432
    ],
    "OtG": [
      152.79827
    ],
    "O11qq*O11qq": [
      7.0847462
    ],
    "O11qq*O13qq": [
      3.1819657
    ],
    "O11qq*O81qq": [
      0.0
    ],
    "O11qq*O83qq": [
      0.0
    ],
    "O13qq*O13qq": [
      7.076811
    ],
    "O13qq*O81qq": [
      0.0
    ],
    "O13qq*O83qq": [
      0.0
    ],
    "O1dt*O11qq": [
      -0.0086476474
    ],
    "O1dt*O13qq": [
      0.015213218
    ],
    "O1dt*O1dt": [
      2.7807399
    ],
    "O1dt*O1qt": [
      0.0052966854
    ],
    "O1dt*O1ut": [
      -0.0092148014
    ],
    "O1dt*O81qq": [
      0.0
    ],
    "O1dt*O83qq": [
      0.0
    ],
    "O1dt*O8dt": [
      0.0
    ],
    "O1dt*O8qt": [
      0.0
    ],
    "O1dt*O8ut": [
      0.0
    ],
    "O1qd*O11qq": [
      0.0047006082
    ],
    "O1qd*O13qq": [
      0.0075742539
    ],
    "O1qd*O1dt": [
      0.78290198
    ],
    "O1qd*O1qd": [
      2.7818102
    ],
    "O1qd*O1qt": [
      -0.010667816
    ],
    "O1qd*O1qu": [
      -0.0043372911
    ],
    "O1qd*O1ut": [
      -0.0018385727
    ],
    "O1qd*O81qq": [
      0.0
    ],
    "O1qd*O83qq": [
      0.0
    ],
    "O1qd*O8dt": [
      0.0
    ],
    "O1qd*O8qt": [
      0.0
    ],
    "O1qd*O8qu": [
      0.0
    ],
    "O1qd*O8ut": [
      0.0
    ],
    "O1qt*O11qq": [
      1.8770786
    ],
    "O1qt*O13qq": [
      0.319171
    ],
    "O1qt*O1qt": [
      7.0839041
    ],
    "O1qt*O1ut": [
      0.013310197
    ],
    "O1qt*O81qq": [
      0.0
    ],
    "O1qt*O83qq": [
      0.0
    ],
    "O1qt*O8qt": [
      0.0
    ],
    "O1qt*O8ut": [
      0.0
    ],
    "O1qu*O11qq": [
      -0.00060198065
    ],
    "O1qu*O13qq": [
      -0.0056308313
    ],
    "O1qu*O1dt": [
      -0.0074660256
    ],
    "O1qu*O1qt": [
      -0.0049600966
    ],
    "O1qu*O1qu": [
      4.3369019
    ],
    "O1qu*O1ut": [
      1.0882146
    ],
    "O1qu*O81qq": [
      0.0
    ],
    "O1qu*O83qq": [
      0.0
    ],
    "O1qu*O8dt": [
      0.0
    ],
    "O1qu*O8qt": [
      0.0
    ],
    "O1qu*O8qu": [
      0.0
    ],
    "O1qu*O8ut": [
      0.0
    ],
    "O1ut*O11qq": [
      0.014397233
    ],
    "O1ut*O13qq": [
      -0.0084921593
    ],
    "O1ut*O1ut": [
      4.3365755
    ],
    "O1ut*O81qq": [
      0.0
    ],
    "O1ut*O83qq": [
      0.0
    ],
    "O1ut*O8ut": [
      0.0
    ],
    "O81qq*O81qq": [
      1.5760992
    ],
    "O81qq*O83qq": [
      0.70191282
    ],
    "O83qq*O83qq": [
      1.5766821
    ],
    "O8dt*O11qq": [
      0.0
    ],
    "O8dt*O13qq": [
      0.0
    ],
    "O8dt*O1qt": [
      0.0
    ],
    "O8dt*O1ut": [
      0.0
    ],
    "O8dt*O81qq": [
      0.00073112537
    ],
    "O8dt*O83qq": [
      0.0030523373
    ],
    "O8dt*O8dt": [
      0.61674199
    ],
    "O8dt*O8qt": [
      0.0019862936
    ],
    "O8dt*O8ut": [
      -0.00029457755
    ],
    "O8qd*O11qq": [
      0.0
    ],
    "O8qd*O13qq": [
      0.0
    ],
    "O8qd*O1dt": [
      0.0
    ],
    "O8qd*O1qd": [
      0.0
    ],
    "O8qd*O1qt": [
      0.0
    ],
    "O8qd*O1qu": [
      0.0
    ],
    "O8qd*O1ut": [
      0.0
    ],
    "O8qd*O81qq": [
      0.0017967647
    ],
    "O8qd*O83qq": [
      -0.0022128259
    ],
    "O8qd*O8dt": [
      0.17633136
    ],
    "O8qd*O8qd": [
      0.61869674
    ],
    "O8qd*O8qt": [
      -0.0010426989
    ],
    "O8qd*O8qu": [
      -0.0010107086
    ],
    "O8qd*O8ut": [
      -0.0022843351
    ],
    "O8qt*O11qq": [
      0.0
    ],
    "O8qt*O13qq": [
      0.0
    ],
    "O8qt*O1ut": [
      0.0
    ],
    "O8qt*O81qq": [
      0.41624587
    ],
    "O8qt*O83qq": [
      0.066600949
    ],
    "O8qt*O8qt": [
      1.5749581
    ],
    "O8qt*O8ut": [
      -0.0035450204
    ],
    "O8qu*O11qq": [
      0.0
    ],
    "O8qu*O13qq": [
      0.0
    ],
    "O8qu*O1dt": [
      0.0
    ],
    "O8qu*O1qt": [
      0.0
    ],
    "O8qu*O1ut": [
      0.0
    ],
    "O8qu*O81qq": [
      -0.0015959799
    ],
    "O8qu*O83qq": [
      -0.00501495
    ],
    "O8qu*O8dt": [
      0.0029168478
    ],
    "O8qu*O8qt": [
      -0.00084776632
    ],
    "O8qu*O8qu": [
      0.96222903
    ],
    "O8qu*O8ut": [
      0.24602276
    ],
    "O8ut*O11qq": [
      0.0
    ],
    "O8ut*O13qq": [
      0.0
    ],
    "O8ut*O81qq": [
      -0.0012672033
    ],
    "O8ut*O83qq": [
      -0.0003666293
    ],
    "O8ut*O8ut": [
      0.96506333
    ],
    "OtG*O11qq": [
      0.0
    ],
    "OtG*O13qq": [
      0.0
    ],
    "OtG*O1dt": [
      0.0
    ],
    "OtG*O1qd": [
      0.0
    ],
    "OtG*O1qt": [
      0.0
    ],
    "OtG*O1qu": [
      0.0
    ],
    "OtG*O1ut": [
      0.0
    ],
    "OtG*O81qq": [
      1.132726
    ],
    "OtG*O83qq": [
      0.19367387
    ],
    "OtG*O8dt": [
      0.49214761
    ],
    "OtG*O8qd": [
      0.45735432
    ],
    "OtG*O8qt": [
      1.1323453
    ],
    "OtG*O8qu": [
      0.68348182
    ],
    "OtG*O8ut": [
      0.6493634
    ],
    "OtG*OtG": [
      27.435366
    ]
  },
  "NLO_QCD": {
    "SM": [
      719.48498
    ],
    "O11qq": [
      -0.19824192
    ],
    "O13qq": [
      0.087133074
    ],
    "O1dt": [
      -0.28513464
    ],
    "O1qd": [
      -0.039026912
    ],
    "O1qt": [
      -0.58224777
    ],
    "O1qu": [
      -0.40254513
    ],
    "O1ut": [
      -0.057177958
    ],
    "O81qq": [
      7.2875949
    ],
    "O83qq": [
      1.2098517
    ],
    "O8dt": [
      3.0516288
    ],
    "O8qd": [
      3.1666758
    ],
    "O8qt": [
      7.0839128
    ],
    "O8qu": [
      4.1186187
    ],
    "O8ut": [
      4.2295969
    ],
    "OtG": [
      227.94404
    ],
    "O11qq*O11qq": [
      9.4628206
    ],
    "O11qq*O13qq": [
      4.4146032
    ],
    "O11qq*O81qq": [
      0.58236198
    ],
    "O11qq*O83qq": [
      0.15736428
    ],
    "O13qq*O13qq": [
      9.4831277
    ],
    "O13qq*O81qq": [
      0.12819283
    ],
    "O13qq*O83qq": [
      0.59088895
    ],
    "O1dt*O11qq": [
      0.0017864985
    ],
    "O1dt*O13qq": [
      -0.013564188
    ],
    "O1dt*O1dt": [
      3.6982929
    ],
    "O1dt*O1qt": [
      -0.002788911
    ],
    "O1dt*O1ut": [
      -0.0017688747
    ],
    "O1dt*O81qq": [
      -0.0030049779
    ],
    "O1dt*O83qq": [
      -0.00270659
    ],
    "O1dt*O8dt": [
      0.21481219
    ],
    "O1dt*O8qt": [
      0.0017551699
    ],
    "O1dt*O8ut": [
      -0.0023484895
    ],
    "O1qd*O11qq": [
      0.0017628919
    ],
    "O1qd*O13qq": [
      -0.0082426076
    ],
    "O1qd*O1dt": [
      0.79849403
    ],
    "O1qd*O1qd": [
      3.6961808
    ],
    "O1qd*O1qt": [
      0.001555233
    ],
    "O1qd*O1qu": [
      0.00097244302
    ],
    "O1qd*O1ut": [
      0.0033114219
    ],
    "O1qd*O81qq": [
      -0.0075712243
    ],
    "O1qd*O83qq": [
      0.0041560013
    ],
    "O1qd*O8dt": [
      -0.012029746
    ],
    "O1qd*O8qt": [
      -0.0015869816
    ],
    "O1qd*O8qu": [
      -0.0034312776
    ],
    "O1qd*O8ut": [
      0.0012052278
    ],
    "O1qt*O11qq": [
      1.8798423
    ],
    "O1qt*O13qq": [
      0.249208
    ],
    "O1qt*O1qt": [
      9.4669502
    ],
    "O1qt*O1ut": [
      0.0063026249
    ],
    "O1qt*O81qq": [
      -0.03759694
    ],
    "O1qt*O83qq": [
      -0.0061588598
    ],
    "O1qt*O8qt": [
      -1.2325026
    ],
    "O1qt*O8ut": [
      -0.0042243632
    ],
    "O1qu*O11qq": [
      0.011527221
    ],
    "O1qu*O13qq": [
      0.0011492271
    ],