{
 "best_sm": [
  57.4416,
  31.3842
 ],
 "theory_cov": [
  [
   0.14522203559191904,
   -0.05395681322626263
  ],
  [
   -0.05395681322626263,
   0.10251861702121216
  ]
 ],
 "LO": {
  "SM": [
   52.2074993245,
   28.4387559586
  ],
  "O3pQ3": [
   6.32782891882,
   3.44346647125
  ],
  "OtW": [
   2.24402266775,
   0.0650668160678
  ],
  "O3pQ3*O3pQ3": [
   0.191701290169,
   0.1048953347
  ],
  "OtW*OtW": [
   0.725307760314,
   0.306211929653
  ],
  "Off": [
   0.0,
   0.0
  ],
  "ObW": [
   0.0,
   0.0
  ],
  "Off*Off": [
   0.0424582943593,
   0.029144680779
  ],
  "ObW*ObW": [
   0.495170014042,
   0.420087694566
  ],
  "O3pQ3*OtW": [
   0.137812191624,
   0.00309728961872
  ],
  "Off*ObW": [
   -0.00942251731646,
   0.0391931905015
  ],
  "O13qq": [
   -18.287222405,
   -8.4412962031
  ],
  "O83qq": [
   0.0180420671281,
   0.0221450685237
  ],
  "O13qq*O13qq": [
   5.59485786643,
   1.59681287072
  ],
  "O83qq*O83qq": [
   1.24340007436,
   0.357307866935
  ],
  "O13qq*O83qq": [
   0.0100095720392,
   -0.00355424375313
  ],
  "O3pQ3*O13qq": [
   -1.10683510207,
   -0.513851644154
  ],
  "O3pQ3*O83qq": [
   0.00182500807613,
   -0.0018693328371
  ],
  "OtW*O13qq": [
   -0.78530047193,
   -0.0052331605503
  ],
  "OtW*O83qq": [
   -0.000806831455004,
   -0.00247357146885
  ]
 },
 "NLO": {
  "SM": [
   57.112499212,
   31.170013114
  ],
  "O3pQ3": [
   6.82700188409,
   3.8266891531
  ],
  "OtW": [
   2.53971651423,
   0.158297017443
  ],
  "O3pQ3*O3pQ3": [
   0.208741625395,
   0.11516069489
  ],
  "OtW*OtW": [
   0.933583441051,
   0.355009122411
  ],
  "Off": [
   0.0,
   0.0
  ],
  "ObW": [
   0.0,
   0.0
  ],
  "Off*Off": [
   0.0463713493413,
   0.0317589118011
  ],
  "ObW*ObW": [
   0.578737148677,
   0.534050812785
  ],
  "O3pQ3*OtW": [
   0.156249915721,
   0.0123383712008
  ],
  "Off*ObW": [
   -0.000151640567443,
   0.0451236677489
  ],
  "O13qq": [
   -19.4876836719,
   -9.4490960278
  ],
  "O83qq": [
   1.00093340318,
   0.052265408484
  ],
  "O13qq*O13qq": [
   5.59629176827,
   1.90727994243
  ],
  "O83qq*O83qq": [
   1.39881517483,
   0.48655583363
  ],
  "O13qq*O83qq": [
   -0.724392969362,
   -0.00451565099573
  ],
  "O3pQ3*O13qq": [
   -1.18190296113,
   -0.573643501398
  ],
  "O3pQ3*O83qq": [
   0.0613400051921,
   0.00411309653503
  ],
  "OtW*O13qq": [
   -0.877179969624,
   -0.0412763371393
  ],
  "OtW*O83qq": [
   0.0448901376349,
   0.0203275118607
  ]
 }
}