{
 "best_sm": [
  93.763
 ],
 "theory_cov": [
  [
   1.424118747474748
  ]
 ],
 "LO": {
  "SM": [
   80.92094674
  ],
  "OpD": [
   1.857443515
  ],
  "OpD*OpD": [
   0.0218875981
  ],
  "OpWB": [
   6.796890374
  ],
  "OpWB*OpWB": [
   0.2144883182
  ],
  "OWWW": [
   -0.9358853918
  ],
  "OWWW*OWWW": [
   3.65316215
  ],
  "OpqMi": [
   -0.3282664594
  ],
  "OpqMi*OpqMi": [
   0.04169106043
  ],
  "O3pq": [
   13.23262886
  ],
  "O3pq*O3pq": [
   3.879954288
  ],
  "O3pQ3": [
   17.74491667
  ],
  "O3pQ3*O3pQ3": [
   2.262829766
  ],
  "OpQM": [
   1.841217538
  ],
  "OpQM*OpQM": [
   0.0878964529
  ],
  "Opt": [
   0.5131866197
  ],
  "Opt*Opt": [
   0.03859088789
  ],
  "OtZ": [
   -0.5762381587
  ],
  "OtZ*OtZ": [
   1.295040902
  ],
  "OtW": [
   0.8163406541
  ],
  "OtW*OtW": [
   6.844674312
  ],
  "O83qq": [
   0.0
  ],
  "O83qq*O83qq": [
   10.77518736
  ],
  "O13qq": [
   -46.43743205
  ],
  "O13qq*O13qq": [
   48.41366242
  ],
  "O3pl1": [
   -145.954185
  ],
  "O3pl1*O3pl1": [
   6.63625615
  ],
  "O3pl2": [
   -145.954185
  ],
  "O3pl2*O3pl2": [
   6.63625615
  ],
  "Oll": [
   14.71005648
  ],
  "Oll*Oll": [
   0.6688379678
  ],
  "OpD*OpWB": [
   0.08129103998
  ],
  "OpD*OWWW": [
   0.003961352304
  ],
  "OpD*OpqMi": [
   -0.01891712189
  ],
  "OpD*O3pq": [
   0.0307560083
  ],
  "OpD*O3pQ3": [
   0.2310867317
  ],
  "OpD*OpQM": [
   0.05137986773
  ],
  "OpD*Opt": [
   -0.03157778635
  ],
  "OpD*OtZ": [
   0.0624992387
  ],
  "OpD*OtW": [
   -0.0619039885
  ],
  "OpD*O83qq": [
   -0.0172709581
  ],
  "OpD*O13qq": [
   -0.3754123531
  ],
  "OpD*O3pl1": [
   -1.67887615
  ],
  "OpD*O3pl2": [
   -1.67887615
  ],
  "OpD*Oll": [
   0.1689537629
  ],
  "OpWB*OWWW": [
   0.1029324946
  ],
  "OpWB*OpqMi": [
   -0.01973099419
  ],
  "OpWB*O3pq": [
   0.7765981474
  ],
  "OpWB*O3pQ3": [
   0.8140930258
  ],
  "OpWB*OpQM": [
   0.05456397542
  ],
  "OpWB*Opt": [
   0.02432200075
  ],
  "OpWB*OtZ": [
   0.02413239696
  ],
  "OpWB*OtW": [
   -0.06277847184
  ],
  "OpWB*O83qq": [
   -0.04661801424
  ],
  "OpWB*O13qq": [
   -2.531547648
  ],
  "OpWB*O3pl1": [
   -6.12983785
  ],
  "OpWB*O3pl2": [
   -6.12983785
  ],
  "OpWB*Oll": [
   0.6168195331
  ],
  "OWWW*OpqMi": [
   -0.007473492432
  ],
  "OWWW*O3pq": [
   -0.4431608496
  ],
  "OWWW*O3pQ3": [
   -0.1849494528
  ],
  "OWWW*OpQM": [
   0.0814630703
  ],
  "OWWW*Opt": [
   -0.01807234229
  ],
  "OWWW*OtZ": [
   0.1148606928
  ],
  "OWWW*OtW": [
   -0.420856128
  ],
  "OWWW*O83qq": [
   -0.0064772064
  ],
  "OWWW*O13qq": [
   4.820200762
  ],
  "OWWW*O3pl1": [
   0.97213885
  ],
  "OWWW*O3pl2": [
   0.97213885
  ],
  "OWWW*Oll": [
   -0.06871972464
  ],
  "OpqMi*O3pq": [
   0.06952389797
  ],
  "OpqMi*O3pQ3": [
   -0.009465300432
  ],
  "OpqMi*OpQM": [
   -0.01310164229
  ],
  "OpqMi*Opt": [
   0.003182268096
  ],
  "OpqMi*OtZ": [
   0.007262358768
  ],
  "OpqMi*OtW": [
   -0.000989028432
  ],
  "OpqMi*O83qq": [
   -0.01173934843
  ],
  "OpqMi*O13qq": [
   -0.2148543734
  ],
  "OpqMi*O3pl1": [
   0.29568756
  ],
  "OpqMi*O3pl2": [
   0.29568756
  ],
  "OpqMi*Oll": [
   -0.02895192619
  ],
  "O3pq*O3pQ3": [
   0.49806792
  ],
  "O3pq*OpQM": [
   -0.1303828445
  ],
  "O3pq*Opt": [
   0.2864430475
  ],
  "O3pq*OtZ": [
   -0.3520982304
  ],
  "O3pq*OtW": [
   0.607768056
  ],
  "O3pq*O83qq": [
   -0.017399088
  ],
  "O3pq*O13qq": [
   -10.54951229
  ],
  "O3pq*O3pl1": [
   -11.9391315
  ],
  "O3pq*O3pl2": [
   -11.9391315
  ],
  "O3pq*Oll": [
   1.205702266
  ],
  "O3pQ3*OpQM": [
   0.3498192835
  ],
  "O3pQ3*Opt": [
   -0.04000077749
  ],
  "O3pQ3*OtZ": [
   0.1385159328
  ],
  "O3pQ3*OtW": [
   0.073854144
  ],
  "O3pQ3*O83qq": [
   0.0
  ],
  "O3pQ3*O13qq": [
   -5.675783702
  ],
  "O3pQ3*O3pl1": [
   -15.9986855
  ],
  "O3pQ3*O3pl2": [
   -15.9986855
  ],
  "O3pQ3*Oll": [
   1.611995314
  ],
  "OpQM*Opt": [
   -0.07583786885
  ],
  "OpQM*OtZ": [
   0.1220237827
  ],
  "OpQM*OtW": [
   -0.1624489373
  ],
  "OpQM*O83qq": [
   0.0
  ],
  "OpQM*O13qq": [
   0.1264124131
  ],
  "OpQM*O3pl1": [
   -1.6625693
  ],
  "OpQM*O3pl2": [
   -1.6625693
  ],
  "OpQM*Oll": [
   0.1675368778
  ],
  "Opt*OtZ": [
   -0.1376298101
  ],
  "Opt*OtW": [
   0.1390523803
  ],
  "Opt*O83qq": [
   0.0
  ],
  "Opt*O13qq": [
   -0.5162256389
  ],
  "Opt*O3pl1": [
   -0.45960481
  ],
  "Opt*O3pl2": [
   -0.45960481
  ],
  "Opt*Oll": [
   0.04765562827
  ],
  "OtZ*OtW": [
   -2.979957254
  ],
  "OtZ*O83qq": [
   0.0
  ],
  "OtZ*O13qq": [
   0.1591704576
  ],
  "OtZ*O3pl1": [
   0.51957085
  ],
  "OtZ*O3pl2": [
   0.51957085
  ],
  "OtZ*Oll": [
   -0.05248941264
  ],
  "OtW*O83qq": [
   0.0
  ],
  "OtW*O13qq": [
   -1.970342136
  ],
  "OtW*O3pl1": [
   -0.85870215
  ],
  "OtW*O3pl2": [
   -0.85870215
  ],
  "OtW*Oll": [
   0.07452957456
  ],
  "O83qq*O13qq": [
   0.0
  ],
  "O83qq*O3pl1": [
   -0.01777615
  ],
  "O83qq*O3pl2": [
   -0.01777615
  ],
  "O83qq*Oll": [
   0.00532352016
  ],
  "O13qq*O3pl1": [
   41.3906935
  ],
  "O13qq*O3pl2": [
   41.3906935
  ],
  "O13qq*Oll": [
   -4.187867746
  ],
  "O3pl1*O3pl2": [
   1.33933837
  ],
  "O3pl1*Oll": [
   -13.2715535
  ],
  "O3pl2*Oll": [
   -13.2715535
  ]
 },
 "NLO": {
  "SM": [
   102.7696024
  ],
  "OpD": [
   2.358953264
  ],
  "OpD*OpD": [
   0.02779724958
  ],
  "OpWB": [
   8.632050775
  ],
  "OpWB*OpWB": [
   0.2724001642
  ],
  "OWWW": [
   -1.188574448
  ],
  "OWWW*OWWW": [
   4.639515931
  ],
  "OpqMi": [
   -0.4168984034
  ],
  "OpqMi*OpqMi": [
   0.05294764675
  ],
  "O3pq": [
   16.80543866
  ],
  "O3pq*O3pq": [
   4.927541946
  ],
  "O3pQ3": [
   21.9763968
  ],
  "O3pQ3*O3pQ3": [
   3.060280436
  ],
  "OpQM": [
   2.249284442
  ],
  "OpQM*OpQM": [
   0.1216846055
  ],
  "Opt": [
   0.6060489604
  ],
  "Opt*Opt": [
   0.05099096298
  ],
  "OtZ": [
   -0.7615382725
  ],
  "OtZ*OtZ": [
   1.902201
  ],
  "OtW": [
   3.989634776
  ],
  "OtW*OtW": [
   11.35567852
  ],
  "O83qq": [
   0.0
  ],
  "O83qq*O83qq": [
   11.63212575
  ],
  "O13qq": [
   -58.45930532
  ],
  "O13qq*O13qq": [
   57.11135501
  ],
  "O3pl1": [
   -185.3618149
  ],
  "O3pl1*O3pl1": [
   8.42804531
  ],
  "O3pl2": [
   -185.3618149
  ],
  "O3pl2*O3pl2": [
   8.42804531
  ],
  "Oll": [
   18.68177173
  ],
  "Oll*Oll": [
   0.8494242192
  ],
  "OpD*OpWB": [
   0.1032396208
  ],
  "OpD*OWWW": [
   0.005030917426
  ],
  "OpD*OpqMi": [
   -0.0240247448
  ],
  "OpD*O3pq": [
   0.03906013055
  ],
  "OpD*O3pQ3": [
   0.2934801492
  ],
  "OpD*OpQM": [
   0.06525243201
  ],
  "OpD*Opt": [
   -0.04010378867
  ],
  "OpD*OtZ": [
   0.07937403315
  ],
  "OpD*OtW": [
   -0.07861806539
  ],
  "OpD*O83qq": [
   -0.02193411678
  ],
  "OpD*O13qq": [
   -0.4767736885
  ],
  "OpD*O3pl1": [
   -2.132172711
  ],
  "OpD*O3pl2": [
   -2.132172711
  ],
  "OpD*Oll": [
   0.2145712789
  ],
  "OpWB*OWWW": [
   0.1307242681
  ],
  "OpWB*OpqMi": [
   -0.02505836262
  ],
  "OpWB*O3pq": [
   0.9862796471
  ],
  "OpWB*O3pQ3": [
   1.033898143
  ],
  "OpWB*OpQM": [
   0.06929624879
  ],
  "OpWB*Opt": [
   0.03088894096
  ],
  "OpWB*OtZ": [
   0.03064814414
  ],
  "OpWB*OtW": [
   -0.07972865924
  ],
  "OpWB*O83qq": [
   -0.05920487808
  ],
  "OpWB*O13qq": [
   -3.215065513
  ],
  "OpWB*O3pl1": [
   -7.784894069
  ],
  "OpWB*O3pl2": [
   -7.784894069
  ],
  "OpWB*Oll": [
   0.7833608071
  ],
  "OWWW*OpqMi": [
   -0.009491335389
  ],
  "OWWW*O3pq": [
   -0.562814279
  ],
  "OWWW*O3pQ3": [
   -0.2348858051
  ],
  "OWWW*OpQM": [
   0.1034580993
  ],
  "OWWW*Opt": [
   -0.02295187471
  ],
  "OWWW*OtZ": [
   0.1458730799
  ],
  "OWWW*OtW": [
   -0.5344872826
  ],
  "OWWW*O83qq": [
   -0.008226052128
  ],
  "OWWW*O13qq": [
   6.121654967
  ],
  "OWWW*O3pl1": [
   1.234616339
  ],
  "OWWW*O3pl2": [
   1.234616339
  ],
  "OWWW*Oll": [
   -0.08727405029
  ],
  "OpqMi*O3pq": [
   0.08829535042
  ],
  "OpqMi*O3pQ3": [
   -0.01202093155
  ],
  "OpqMi*OpQM": [
   -0.01663908571
  ],
  "OpqMi*Opt": [
   0.004041480482
  ],
  "OpqMi*OtZ": [
   0.009223195635
  ],
  "OpqMi*OtW": [
   -0.001256066109
  ],