{
  "best_sm": [
    779.356
  ],
  "scales": [
    424.387
  ],
  "theory_cov": [
    [
      76.02778479434345
    ]
  ],
  "LO": {
    "SM": [
      467.04553
    ],
    "O11qq": [
      0.0
    ],
    "O13qq": [
      0.0
    ],
    "O1qt": [
      0.0
    ],
    "O3pl1": [
      -28.318513
    ],
    "O3pl2": [
      -28.318513
    ],
    "O3pq": [
      56.566563
    ],
    "O81qq": [
      131.88054
    ],
    "O83qq": [
      -48.074399
    ],
    "O8qt": [
      131.7253
    ],
    "Oll1221": [
      28.332715
    ],
    "OtG": [
      135.75697
    ],
    "O11qq*O11qq": [
      208.77957
    ],
    "O11qq*O13qq": [
      -156.74247
    ],
    "O11qq*O3pl1": [
      0.0
    ],
    "O11qq*O3pl2": [
      0.0
    ],
    "O11qq*O3pq": [
      0.0
    ],
    "O11qq*O81qq": [
      0.0
    ],
    "O11qq*O83qq": [
      0.0
    ],
    "O11qq*Oll1221": [
      0.0
    ],
    "O13qq*O13qq": [
      478.70912
    ],
    "O13qq*O3pl1": [
      0.0
    ],
    "O13qq*O3pl2": [
      0.0
    ],
    "O13qq*O3pq": [
      0.0
    ],
    "O13qq*O81qq": [
      0.0
    ],
    "O13qq*O83qq": [
      0.0
    ],
    "O13qq*Oll1221": [
      0.0
    ],
    "O1qt*O11qq": [
      34.51504
    ],
    "O1qt*O13qq": [
      -14.90797
    ],
    "O1qt*O1qt": [
      209.71285
    ],
    "O1qt*O3pl1": [
      0.0
    ],
    "O1qt*O3pl2": [
      0.0
    ],
    "O1qt*O3pq": [
      0.0
    ],
    "O1qt*O81qq": [
      0.0
    ],
    "O1qt*O83qq": [
      0.0
    ],
    "O1qt*O8qt": [
      0.0
    ],
    "O1qt*Oll1221": [
      0.0
    ],
    "O3pl1*O3pl1": [
      0.42913435
    ],
    "O3pl1*O3pl2": [
      0.8574957
    ],
    "O3pl1*O3pq": [
      -1.714712
    ],
    "O3pl1*Oll1221": [
      -0.85859893
    ],
    "O3pl2*O3pl2": [
      0.42913435
    ],
    "O3pl2*O3pq": [
      -1.714712
    ],
    "O3pl2*Oll1221": [
      -0.85859893
    ],
    "O3pq*O3pq": [
      1.7147461
    ],
    "O3pq*Oll1221": [
      1.7193818
    ],
    "O81qq*O3pl1": [
      -4.50906085
    ],
    "O81qq*O3pl2": [
      -4.50906085
    ],
    "O81qq*O3pq": [
      8.0641639
    ],
    "O81qq*O81qq": [
      46.92504
    ],
    "O81qq*O83qq": [
      -35.13254
    ],
    "O81qq*Oll1221": [
      4.3232893
    ],
    "O83qq*O3pl1": [
      1.61747065
    ],
    "O83qq*O3pl2": [
      1.61747065
    ],
    "O83qq*O3pq": [
      -2.8574161
    ],
    "O83qq*O83qq": [
      106.0056
    ],
    "O83qq*Oll1221": [
      -1.9430347
    ],
    "O8qt*O11qq": [
      0.0
    ],
    "O8qt*O13qq": [
      0.0
    ],
    "O8qt*O3pl1": [
      -3.78403435
    ],
    "O8qt*O3pl2": [
      -3.78403435
    ],
    "O8qt*O3pq": [
      7.9451879
    ],
    "O8qt*O81qq": [
      7.301285
    ],
    "O8qt*O83qq": [
      -2.357825
    ],
    "O8qt*O8qt": [
      46.368225
    ],
    "O8qt*Oll1221": [
      4.2689163
    ],
    "Oll1221*Oll1221": [
      0.42946468
    ],
    "OtG*O11qq": [
      0.0
    ],
    "OtG*O13qq": [
      0.0
    ],
    "OtG*O1qt": [
      0.0
    ],
    "OtG*O3pl1": [
      -4.13678035
    ],
    "OtG*O3pl2": [
      -4.13678035
    ],
    "OtG*O3pq": [
      8.2147229
    ],
    "OtG*O81qq": [
      19.208108
    ],
    "OtG*O83qq": [
      -9.168771
    ],
    "OtG*O8qt": [
      19.856222
    ],
    "OtG*Oll1221": [
      4.1342253
    ],
    "OtG*OtG": [
      14.885871
    ]
  },
  "NLO_QCD": {
    "SM": [
      667.8751079
    ],
    "O11qq": [
      0.0
    ],
    "O13qq": [
      0.0
    ],
    "O1qt": [
      0.0
    ],
    "O3pl1": [
      -40.49547359
    ],
    "O3pl2": [
      -40.49547359
    ],
    "O3pq": [
      80.89018509
    ],
    "O81qq": [
      188.5891722
    ],
    "O83qq": [
      -68.74639057
    ],
    "O8qt": [
      188.367179
    ],
    "Oll1221": [
      40.51578245
    ],
    "OtG": [
      194.1324671
    ],
    "O11qq*O11qq": [
      298.5547851
    ],
    "O11qq*O13qq": [
      -224.1417321
    ],
    "O11qq*O3pl1": [
      0.0
    ],
    "O11qq*O3pl2": [
      0.0
    ],
    "O11qq*O3pq": [
      0.0
    ],
    "O11qq*O81qq": [
      0.0
    ],
    "O11qq*O83qq": [
      0.0
    ],
    "O11qq*Oll1221": [
      0.0
    ],
    "O13qq*O13qq": [
      684.5540416
    ],
    "O13qq*O3pl1": [
      0.0
    ],
    "O13qq*O3pl2": [
      0.0
    ],
    "O13qq*O3pq": [
      0.0
    ],
    "O13qq*O81qq": [
      0.0
    ],
    "O13qq*O83qq": [
      0.0
    ],
    "O13qq*Oll1221": [
      0.0
    ],
    "O1qt*O11qq": [
      49.3565072
    ],
    "O1qt*O13qq": [
      -21.3183971
    ],
    "O1qt*O1qt": [
      299.8893755
    ],
    "O1qt*O3pl1": [
      0.0
    ],
    "O1qt*O3pl2": [
      0.0
    ],
    "O1qt*O3pq": [
      0.0
    ],
    "O1qt*O81qq": [
      0.0
    ],
    "O1qt*O83qq": [
      0.0
    ],
    "O1qt*O8qt": [
      0.0
    ],
    "O1qt*Oll1221": [
      0.0
    ],
    "O3pl1*O3pl1": [
      0.6136621205
    ],
    "O3pl1*O3pl2": [
      1.226218851
    ],
    "O3pl1*O3pq": [
      -2.45203816
    ],
    "O3pl1*Oll1221": [
      -1.22779647
    ],
    "O3pl2*O3pl2": [
      0.6136621205
    ],
    "O3pl2*O3pq": [
      -2.45203816
    ],
    "O3pl2*Oll1221": [
      -1.22779647
    ],
    "O3pq*O3pq": [
      2.452086923
    ],
    "O3pq*Oll1221": [
      2.458715974
    ],
    "O81qq*O3pl1": [
      -6.447957016
    ],
    "O81qq*O3pl2": [
      -6.447957016
    ],
    "O81qq*O3pq": [
      11.53175438
    ],
    "O81qq*O81qq": [
      67.1028072
    ],
    "O81qq*O83qq": [
      -50.2395322
    ],
    "O81qq*Oll1221": [
      6.182303699
    ],
    "O83qq*O3pl1": [
      2.312983029
    ],
    "O83qq*O3pl2": [
      2.312983029
    ],
    "O83qq*O3pq": [
      -4.086105023
    ],
    "O83qq*O83qq": [
      151.588008
    ],
    "O83qq*Oll1221": [
      -2.778539621
    ],
    "O8qt*O11qq": [
      0.0
    ],
    "O8qt*O13qq": [
      0.0
    ],
    "O8qt*O3pl1": [
      -5.411169121
    ],
    "O8qt*O3pl2": [
      -5.411169121
    ],
    "O8qt*O3pq": [
      11.3616187
    ],
    "O8qt*O81qq": [
      10.44083755
    ],
    "O8qt*O83qq": [
      -3.37168975
    ],
    "O8qt*O8qt": [
      66.30656175
    ],
    "O8qt*Oll1221": [
      6.104550309
    ],
    "Oll1221*Oll1221": [
      0.6141344924
    ],
    "OtG*O11qq": [
      0.0
    ],
    "OtG*O13qq": [
      0.0
    ],
    "OtG*O1qt": [
      0.0
    ],
    "OtG*O3pl1": [
      -5.915595901
    ],
    "OtG*O3pl2": [
      -5.915595901
    ],
    "OtG*O3pq": [
      11.74705375
    ],
    "OtG*O81qq": [
      27.46759444
    ],
    "OtG*O83qq": [
      -13.11134253
    ],
    "OtG*O8qt": [
      28.39439746
    ],
    "OtG*Oll1221": [
      5.911942179
    ],
    "OtG*OtG": [
      21.28679553
    ]
  }
}