{
 "best_sm": [
  18.8095,
  17.7128,
  15.6763,
  12.8687,
  9.72763,
  6.60497
 ],
 "theory_cov": [
  [
   0.009697115526262618,
   0.0060949041595959605,
   0.00038210462424242693,
   -0.004539532205050508,
   -0.0062509190738383735,
   -0.005383062604040406
  ],
  [
   0.0060949041595959605,
   0.004114949943434342,
   0.0005820220444444433,
   -0.0028210965797979813,
   -0.004221902747272719,
   -0.003748746852525256
  ],
  [
   0.00038210462424242693,
   0.0005820220444444433,
   0.0005870038424242428,
   7.293697575757567e-05,
   -0.0006936368240404019,
   -0.0009308063272727284
  ],
  [
   -0.004539532205050508,
   -0.0028210965797979813,
   7.293697575757567e-05,
   0.0024646647060606107,
   0.0028142221477777773,
   0.0020082453373737406
  ],
  [
   -0.0062509190738383735,
   -0.004221902747272719,
   -0.0006936368240404019,
   0.0028142221477777773,
   0.004466148924151498,
   0.0038859287755555493
  ],
  [
   -0.005383062604040406,
   -0.003748746852525256,
   -0.0009308063272727284,
   0.0020082453373737406,
   0.0038859287755555493,
   0.00416880640808081
  ]
 ],
 "LO": {
  "SM": [
   18.6582,
   17.694,
   15.6142,
   13.0359,
   9.79875,
   6.59906
  ],
  "O3pQ3": [
   2.27185,
   2.13966,
   1.90593,
   1.56967,
   1.19603,
   0.800344
  ],
  "OtW": [
   0.359349,
   0.343046,
   0.350893,
   0.346517,
   0.341729,
   0.314634
  ],
  "O3pQ3*O3pQ3": [
   0.0687974,
   0.0647732,
   0.0576775,
   0.047618,
   0.0360214,
   0.0244181
  ],
  "OtW*OtW": [
   0.239617,
   0.225489,
   0.198082,
   0.160663,
   0.123022,
   0.0842992
  ],
  "Off*Off": [
   0.016983,
   0.0159167,
   0.0141127,
   0.0114882,
   0.0085145,
   0.0055014
  ],
  "ObW*ObW": [
   0.757093,
   0.701521,
   0.605765,
   0.476527,
   0.337935,
   0.210206
  ],
  "O3pQ3*OtW": [
   0.0222119,
   0.0203785,
   0.0214629,
   0.0219076,
   0.0198845,
   0.0195713
  ],
  "Off*ObW": [
   0.0130738,
   0.0123103,
   0.0108239,
   0.0101907,
   0.00846099,
   0.00561935
  ],
  "O13qq": [
   -6.20858,
   -5.82747,
   -5.17101,
   -4.26432,
   -3.19787,
   -2.19857
  ],
  "O83qq": [
   0.0212071,
   -0.0381181,
   0.0380617,
   -0.0170847,
   -0.0142877,
   0.013722
  ],
  "O13qq*O13qq": [
   1.65513,
   1.55126,
   1.38115,
   1.13706,
   0.858005,
   0.600039
  ],
  "O83qq*O83qq": [
   0.368538,
   0.346354,
   0.305817,
   0.252307,
   0.192333,
   0.131161
  ],
  "O13qq*O83qq": [
   -0.00425094,
   0.00510566,
   0.000180123,
   0.00403463,
   0.00457223,
   0.00745431
  ],
  "O3pQ3*O13qq": [
   -0.37674,
   -0.351717,
   -0.314997,
   -0.257803,
   -0.19346,
   -0.135068
  ],
  "O3pQ3*O83qq": [
   -0.00217828,
   0.000428766,
   0.000745412,
   0.000817815,
   0.000114593,
   0.000459955
  ],
  "OtW*O13qq": [
   -0.116242,
   -0.111931,
   -0.120613,
   -0.120897,
   -0.121036,
   -0.111591
  ],
  "OtW*O83qq": [
   0.000133852,
   -0.000978573,
   -0.00176051,
   0.00434495,
   -0.00188534,
   0.000616105
  ]
 },
 "NLO": {
  "SM": [
   19.2073,
   18.0834,
   15.8376,
   12.6257,
   9.45511,
   6.19089
  ],
  "O3pQ3": [
   2.33914,
   2.20665,
   1.88152,
   1.54873,
   1.14562,
   0.785666
  ],
  "OtW": [
   0.415252,
   0.360484,
   0.349579,
   0.39625,
   0.37191,
   0.263419
  ],
  "O3pQ3*O3pQ3": [
   0.0700634,
   0.0656629,
   0.0587897,
   0.0473185,
   0.0353984,
   0.0226031
  ],
  "OtW*OtW": [
   0.283974,
   0.26577,
   0.229618,
   0.181074,
   0.131351,
   0.088096
  ],
  "Off*Off": [
   0.0172957,
   0.0164274,
   0.0141919,
   0.0114171,
   0.00835674,
   0.00522231
  ],
  "ObW*ObW": [
   0.865469,
   0.794348,
   0.674412,
   0.512523,
   0.351597,
   0.208372
  ],
  "O3pQ3*OtW": [
   0.0264951,
   0.0242965,
   0.02244,
   0.0221391,
   0.021531,
   0.0175515
  ],
  "Off*ObW": [
   0.0186277,
   0.0163349,
   0.0145633,
   0.0118302,
   0.00584742,
   0.00635315
  ],
  "O13qq": [
   -6.42478,
   -6.27225,
   -5.12441,
   -4.08135,
   -3.30483,
   -2.0124
  ],
  "O83qq": [
   0.231027,
   0.204627,
   0.226431,
   0.189381,
   0.11413,
   0.0617931
  ],
  "O13qq*O13qq": [
   1.67913,
   1.64564,
   1.33556,
   1.06357,
   0.834661,
   0.499599
  ],
  "O83qq*O83qq": [
   0.387875,
   0.369355,
   0.325298,
   0.269598,
   0.207856,
   0.141479
  ],
  "O13qq*O83qq": [
   -0.128679,
   -0.184096,
   -0.135516,
   -0.105296,
   -0.113308,
   -0.049777
  ],
  "O3pQ3*O13qq": [
   -0.385771,
   -0.37795,
   -0.314924,
   -0.253732,
   -0.200722,
   -0.114299
  ],
  "O3pQ3*O83qq": [
   0.0189592,
   0.0136661,
   0.0107803,
   0.0115005,
   0.00459823,
   0.00799978
  ],
  "OtW*O13qq": [
   -0.14843,
   -0.172041,
   -0.140395,
   -0.125694,
   -0.139411,
   -0.0938229
  ],
  "OtW*O83qq": [
   0.013601,
   0.0104487,
   0.0132395,
   0.0141251,
   0.0119422,
   0.00680993
  ]
 }
}