{
  "best_sm": [
    18.8095,
    17.7128,
    15.6763,
    12.8687,
    9.72763,
    6.60497
  ],
  "scales": [
    172.0,
    172.0,
    172.0,
    172.0,
    172.0,
    172.0
  ],
  "theory_cov": [
    [
      0.009697115526262618,
      0.0060949041595959605,
      0.00038210462424242693,
      -0.004539532205050508,
      -0.0062509190738383735,
      -0.005383062604040406
    ],
    [
      0.0060949041595959605,
      0.004114949943434342,
      0.0005820220444444433,
      -0.0028210965797979813,
      -0.004221902747272719,
      -0.003748746852525256
    ],
    [
      0.00038210462424242693,
      0.0005820220444444433,
      0.0005870038424242428,
      7.293697575757567e-05,
      -0.0006936368240404019,
      -0.0009308063272727284
    ],
    [
      -0.004539532205050508,
      -0.0028210965797979813,
      7.293697575757567e-05,
      0.0024646647060606107,
      0.0028142221477777773,
      0.0020082453373737406
    ],
    [
      -0.0062509190738383735,
      -0.004221902747272719,
      -0.0006936368240404019,
      0.0028142221477777773,
      0.004466148924151498,
      0.0038859287755555493
    ],
    [
      -0.005383062604040406,
      -0.003748746852525256,
      -0.0009308063272727284,
      0.0020082453373737406,
      0.0038859287755555493,
      0.00416880640808081
    ]
  ],
  "LO": {
    "SM": [
      18.559794,
      17.436987,
      15.345653,
      12.531068,
      9.3458033,
      6.2030568
    ],
    "O3pl1": [
      -2.2513908,
      -2.1111076,
      -1.86328515,
      -1.5190373,
      -1.133377,
      -0.75278351
    ],
    "O3pl1*O3pl1": [
      0.0682428095,
      0.063990619,
      0.0564787625,
      0.04604411,
      0.0343541885,
      0.022817862
    ],
    "O3pl2": [
      -2.2513908,
      -2.1111076,
      -1.86328515,
      -1.5190373,
      -1.133377,
      -0.75278351
    ],
    "O3pl2*O3pl2": [
      0.0682428095,
      0.063990619,
      0.0564787625,
      0.04604411,
      0.0343541885,
      0.022817862
    ],
    "O3pq": [
      2.2485445,
      2.1143126,
      1.8591498,
      1.5212856,
      1.1360847,
      0.7505974
    ],
    "O3pq*O3pq": [
      0.06815809,
      0.064089253,
      0.056354743,
      0.046113392,
      0.034437159,
      0.02275224
    ],
    "Oll": [
      2.2495579,
      2.1158047,
      1.8593301,
      1.5198276,
      1.1334302,
      0.75420468
    ],
    "Oll*Oll": [
      0.068188808,
      0.064134477,
      0.05636021,
      0.046069194,
      0.034356699,
      0.022861585
    ],
    "O3pQ3": [
      2.2534539,
      2.112426,
      1.8596932,
      1.5227091,
      1.1335446,
      0.75321268
    ],
    "O3pQ3*O3pQ3": [
      0.068306905,
      0.064032062,
      0.056371216,
      0.046156541,
      0.034360165,
      0.022831515
    ],
    "OtW": [
      0.31941314,
      0.32586873,
      0.33818839,
      0.34676066,
      0.34297815,
      0.3082025
    ],
    "OtW*OtW": [
      0.23579358,
      0.22057956,
      0.19383685,
      0.15869548,
      0.12026462,
      0.082247096
    ],
    "O83qq": [
      0.0,
      0.0,
      0.0,
      0.0,
      0.0,
      0.0
    ],
    "O83qq*O83qq": [
      0.33680756,
      0.31907554,
      0.28468681,
      0.23635688,
      0.18009766,
      0.12494941
    ],
    "O13qq": [
      -6.1151886,
      -5.748591,
      -5.0561282,
      -4.1554765,
      -3.132003,
      -2.1058944
    ],
    "O13qq*O13qq": [
      1.5183888,
      1.4374312,
      1.2782971,
      1.0581363,
      0.81081286,
      0.55719905
    ],
    "O3pl1*O3pl2": [
      0.13631067,
      0.1285383,
      0.11242911,
      0.09201077,
      0.068700663,
      0.045552285
    ],
    "O3pl1*O3pq": [
      -0.1364009,
      -0.12807987,
      -0.112833505,
      -0.092157502,
      -0.0687913475,
      -0.045570102
    ],
    "O3pl1*Oll": [
      -0.13643162,
      -0.128125095,
      -0.11283897,
      -0.092113304,
      -0.0687108875,
      -0.045679447
    ],
    "O3pl1*O3pQ3": [
      -0.136549715,
      -0.12802268,
      -0.11284998,
      -0.092200651,
      -0.0687143535,
      -0.045649377
    ],
    "O3pl1*OtW": [
      -0.0195753795,
      -0.019392894,
      -0.0204413125,
      -0.021188525,
      -0.0206819035,
      -0.0189080515
    ],
    "O3pl1*O83qq": [
      3.7113368e-06,
      3.4845383e-06,
      3.0716703e-06,
      2.5132846e-06,
      1.89358095e-06,
      1.2824863e-06
    ],
    "O3pl1*O13qq": [
      0.37081377,
      0.348536795,
      0.307434935,
      0.25189575,
      0.189503805,
      0.127929775
    ],
    "O3pl2*O3pq": [
      -0.1364009,
      -0.12807987,
      -0.112833505,
      -0.092157502,
      -0.0687913475,
      -0.045570102
    ],
    "O3pl2*Oll": [
      -0.13643162,
      -0.128125095,
      -0.11283897,
      -0.092113304,
      -0.0687108875,
      -0.045679447
    ],
    "O3pl2*O3pQ3": [
      -0.136549715,
      -0.12802268,
      -0.11284998,
      -0.092200651,
      -0.0687143535,
      -0.045649377
    ],
    "O3pl2*OtW": [
      -0.0195753795,
      -0.019392894,
      -0.0204413125,
      -0.021188525,
      -0.0206819035,
      -0.0189080515
    ],
    "O3pl2*O83qq": [
      3.7113368e-06,
      3.4845383e-06,
      3.0716703e-06,
      2.5132846e-06,
      1.89358095e-06,
      1.2824863e-06
    ],
    "O3pl2*O13qq": [
      0.37081377,
      0.348536795,
      0.307434935,
      0.25189575,
      0.189503805,
      0.127929775
    ],
    "O3pq*Oll": [
      0.13664387,
      0.12793361,
      0.11267037,
      0.092177384,
      0.068727742,
      0.045585928
    ],
    "O3pq*O3pQ3": [
      0.13662161,
      0.12806424,
      0.11270467,
      0.091812827,
      0.068575726,
      0.045605774
    ],
    "O3pq*OtW": [
      0.01969949,
      0.020173657,
      0.020499987,
      0.020381198,
      0.020311471,
      0.018750104
    ],
    "O3pq*O83qq": [
      -3.7035779e-06,
      -3.479199e-06,
      -3.0680644e-06,
      -2.5096418e-06,
      -1.895841e-06,
      -1.2822836e-06
    ],
    "O3pq*O13qq": [
      -0.37077452,
      -0.34844128,
      -0.3068894,
      -0.25207666,
      -0.18981031,
      -0.1279567
    ],
    "Oll*O3pQ3": [
      0.13667367,
      0.12799204,
      0.11264644,
      0.091850165,
      0.068458126,
      0.045176849
    ],
    "Oll*OtW": [
      0.019168822,
      0.020160833,
      0.02072668,
      0.021224176,
      0.020346681,
      0.018142929
    ],
    "Oll*O83qq": [
      -3.7137647e-06,
      -3.4898787e-06,
      -3.0741139e-06,
      -2.5178683e-06,
      -1.8948341e-06,
      -1.2796301e-06
    ],
    "Oll*O13qq": [
      -0.37032228,
      -0.3487667,
      -0.30667727,
      -0.25204585,
      -0.1892085,
      -0.1285068
    ],
    "O3pQ3*OtW": [
      0.019050975,
      0.020555808,
      0.020563054,
      0.020454889,
      0.020488485,
      0.018764939
    ],
    "O3pQ3*O83qq": [
      -3.704958e-06,
      -3.4861878e-06,
      -3.0682605e-06,
      -2.519782e-06,
      -1.895548e-06,
      -1.2827916e-06
    ],
    "O3pQ3*O13qq": [
      -0.37078627,
      -0.34800544,
      -0.30678629,
      -0.25202975,
      -0.18918867,
      -0.12834873
    ],
    "OtW*O83qq": [
      -1.0446996e-06,
      -1.0895159e-06,
      -1.1466171e-06,
      -1.2009626e-06,
      -1.1816943e-06,
      -1.0553247e-06
    ],
    "OtW*O13qq": [
      -0.10437783,
      -0.10965104,
      -0.11559661,
      -0.12053892,
      -0.11829313,
      -0.10550558
    ],
    "O83qq*O13qq": [
      0.00674234,
      0.00802096,
      0.00298269,
      0.00100112,
      0.00340786,
      0.0025476
    ]
  },
  "NLO": {
    "SM": [
      18.368002,
      17.212928,
      15.103087,
      12.266011,
      9.1045053,
      5.9869853
    ],
    "O3pl1": [
      -2.22884245,
      -2.08516525,
      -1.83581265,
      -1.48839895,
      -1.1018098,
      -0.724348315
    ],
    "O3pl1*O3pl1": [
      0.0675593215,
      0.0632042555,
      0.055646019,
      0.045115411,
      0.0333973435,
      0.021955955
    ],