{
 "best_sm": [
  135.228,
  125.324,
  101.445,
  61.6565
 ],
 "theory_cov": [
  [
   1.6540715493939415,
   1.1785728015151515,
   0.5337098442424237,
   -0.03637823613131355
  ],
  [
   1.1785728015151515,
   0.9302207146464635,
   0.44260977474747415,
   -0.01512838994949509
  ],
  [
   0.5337098442424237,
   0.44260977474747415,
   0.2817228359595957,
   0.05023724551515161
  ],
  [
   -0.03637823613131355,
   -0.01512838994949509,
   0.05023724551515161,
   0.09700730445555586
  ]
 ],
 "LO": {
  "SM": [
   107.04494066,
   99.4366118079,
   83.1825698986,
   51.5643310715
  ],
  "O3pQ3": [
   13.0188498515,
   12.0800309983,
   10.1329180149,
   6.23504526473
  ],
  "OtW": [
   1.6506671767,
   1.80695746068,
   1.75908966799,
   1.63894751217
  ],
  "O3pQ3*O3pQ3": [
   0.392055315196,
   0.36502019591,
   0.305134528225,
   0.188584569532
  ],
  "OtW*OtW": [
   1.48621501199,
   1.35865190589,
   1.10443812564,
   0.666419556326
  ],
  "Off": [
   0.0,
   0.0,
   0.0,
   0.0
  ],
  "ObW": [
   0.0,
   0.0,
   0.0,
   0.0
  ],
  "Off*Off": [
   0.0976971237358,
   0.0902842296861,
   0.0748548670726,
   0.0449826053824
  ],
  "ObW*ObW": [
   1.45477134612,
   1.32617772801,
   1.04882224251,
   0.575851338985
  ],
  "O3pQ3*OtW": [
   0.104064378718,
   0.107676703771,
   0.102694242958,
   0.0980098288867
  ],
  "Off*ObW": [
   0.038917691623,
   0.0387799997742,
   0.0348992626452,
   0.0213694570907
  ],
  "O13qq": [
   -37.6119826768,
   -34.8172879957,
   -28.6951770673,
   -17.3822962379
  ],
  "O83qq": [
   -0.09557529287,
   -0.0495994411715,
   0.0338048789411,
   0.0484445547083
  ],
  "O13qq*O13qq": [
   14.0148666735,
   12.7850740924,
   10.190170776,
   5.90845351555
  ],
  "O83qq*O83qq": [
   3.12669835198,
   2.83798888152,
   2.26631670545,
   1.31432057665
  ],
  "O13qq*O83qq": [
   0.0405869305188,
   0.043683045202,
   -0.0330473617967,
   -0.0014018267897
  ],
  "O3pQ3*O13qq": [
   -2.27628318513,
   -2.11291504809,
   -1.73037656257,
   -1.06277955195
  ],
  "O3pQ3*O83qq": [
   0.00468708425126,
   -0.00356003737687,
   0.00504133069088,
   0.00125526107544
  ],
  "OtW*O13qq": [
   -0.584609697261,
   -0.638862611332,
   -0.685775008579,
   -0.645935167866
  ],
  "OtW*O83qq": [
   0.00673791850069,
   -0.00654677062687,
   -0.000545242356806,
   -0.00798339712449
  ]
 },
 "NLO": {
  "SM": [
   122.188784992,
   112.75082776,
   91.7438446977,
   53.867458191
  ],
  "O3pQ3": [
   15.1344604412,
   13.8921393663,
   11.0716535523,
   6.44942025092
  ],
  "OtW": [
   2.45077612625,
   2.47012017204,
   2.35832444901,
   1.77854616432
  ],
  "O3pQ3*O3pQ3": [
   0.448440488084,
   0.413336423459,
   0.338990061273,
   0.196768837853
  ],
  "OtW*OtW": [
   2.09117897107,
   1.88673231322,
   1.46868446911,
   0.825279044256
  ],
  "Off": [
   0.0,
   0.0,
   0.0,
   0.0
  ],
  "ObW": [
   0.0,
   0.0,
   0.0,
   0.0
  ],
  "Off*Off": [
   0.111427829258,
   0.103270824073,
   0.0825977114848,
   0.0480385773964
  ],
  "ObW*ObW": [
   1.99908043761,
   1.77832169047,
   1.33330050239,
   0.676886970488
  ],
  "O3pQ3*OtW": [
   0.154207606313,
   0.149575626299,
   0.135527104057,
   0.115195109295
  ],
  "Off*ObW": [
   0.0569617624156,
   0.0585315466072,
   0.0563274245387,
   0.0276294690888
  ],
  "O13qq": [
   -44.4001380309,
   -40.5758858659,
   -31.9775022664,
   -18.4352851327
  ],
  "O83qq": [
   1.42807933288,
   0.99034135715,
   1.02893017428,
   0.832179693995
  ],
  "O13qq*O13qq": [
   16.7527546578,
   14.9158552536,
   11.3465693526,
   6.03523282643
  ],
  "O83qq*O83qq": [
   3.8036869212,
   3.4891569124,
   2.7571250218,
   1.60312151039
  ],
  "O13qq*O83qq": [
   -0.873809506095,
   -0.894188654407,
   -0.890100409508,
   -0.47609835525
  ],
  "O3pQ3*O13qq": [
   -2.68450131054,
   -2.44661279764,
   -1.96977996459,
   -1.09807201007
  ],
  "O3pQ3*O83qq": [
   0.0645883643834,
   0.060851089389,
   0.0832943222235,
   0.0391263465558
  ],
  "OtW*O13qq": [
   -1.05536341155,
   -1.07087242634,
   -0.947741805907,
   -0.70098357719
  ],
  "OtW*O83qq": [
   0.0571581031875,
   0.0308838924233,
   0.0960530106175,
   0.0329078890767
  ]
 }
}