{
 "best_sm": [
  803.0
 ],
 "scales": [
  344.0
 ],
 "theory_cov": [
  [
   22.88
  ]
 ],
 "LO": {
  "SM": [
   481.28779
  ],
  "OtG": [
   153.09876
  ],
  "OtG*OtG": [
   27.412433
  ],
  "O83qq": [
   1.209497
  ],
  "O83qq*O83qq": [
   1.5745375
  ],
  "O81qq": [
   7.2872238
  ],
  "O81qq*O81qq": [
   1.5754146
  ],
  "O1qu": [
   0.0
  ],
  "O1qu*O1qu": [
   4.334538
  ],
  "O1ut": [
   0.0
  ],
  "O1ut*O1ut": [
   4.3344296
  ],
  "O1qd": [
   0.0
  ],
  "O1qd*O1qd": [
   2.7812963
  ],
  "O1dt": [
   0.0
  ],
  "O1dt*O1dt": [
   2.7817725
  ],
  "O8qt": [
   7.0835915
  ],
  "O8qt*O8qt": [
   1.5744844
  ],
  "O8qu": [
   4.1183649
  ],
  "O8qu*O8qu": [
   0.96334807
  ],
  "O8ut": [
   4.2293213
  ],
  "O8ut*O8ut": [
   0.96310438
  ],
  "O8qd": [
   3.1664633
  ],
  "O8qd*O8qd": [
   0.61825568
  ],
  "O8dt": [
   3.0514028
  ],
  "O8dt*O8dt": [
   0.61785075
  ],
  "O13qq": [
   0.0
  ],
  "O13qq*O13qq": [
   7.0883259
  ],
  "O11qq": [
   0.0
  ],
  "O11qq*O11qq": [
   7.0884996
  ],
  "O1qt": [
   0.0
  ],
  "O1qt*O1qt": [
   7.0888378
  ],
  "OtG*O83qq": [
   -0.012925677
  ],
  "OtG*O81qq": [
   -0.091952849
  ],
  "OtG*O1qu": [
   0.0
  ],
  "OtG*O1ut": [
   0.0
  ],
  "OtG*O1qd": [
   0.0
  ],
  "OtG*O1dt": [
   0.0
  ],
  "OtG*O8qt": [
   -0.033755174
  ],
  "OtG*O8qu": [
   -0.032737416
  ],
  "OtG*O8ut": [
   -0.048789833
  ],
  "OtG*O8qd": [
   0.033560971
  ],
  "OtG*O8dt": [
   -0.042046603
  ],
  "OtG*O13qq": [
   0.0
  ],
  "OtG*O11qq": [
   0.0
  ],
  "OtG*O1qt": [
   0.0
  ],
  "O81qq*O83qq": [
   0.70647449
  ],
  "O1qu*O83qq": [
   0.0
  ],
  "O1ut*O83qq": [
   0.0
  ],
  "O1qd*O83qq": [
   0.0
  ],
  "O1dt*O83qq": [
   0.0
  ],
  "O8qt*O83qq": [
   0.074823885
  ],
  "O8qu*O83qq": [
   0.00090729078
  ],
  "O8ut*O83qq": [
   -3.7753482e-05
  ],
  "O8qd*O83qq": [
   -0.00059631774
  ],
  "O8dt*O83qq": [
   0.00062784347
  ],
  "O13qq*O83qq": [
   0.0
  ],
  "O11qq*O83qq": [
   0.0
  ],
  "O1qt*O83qq": [
   0.0
  ],
  "O1qu*O81qq": [
   0.0
  ],
  "O1ut*O81qq": [
   0.0
  ],
  "O1qd*O81qq": [
   0.0
  ],
  "O1dt*O81qq": [
   0.0
  ],
  "O8qt*O81qq": [
   0.41776062
  ],
  "O8qu*O81qq": [
   -4.6467171e-05
  ],
  "O8ut*O81qq": [
   0.00015059556
  ],
  "O8qd*O81qq": [
   0.0010950733
  ],
  "O8dt*O81qq": [
   0.0010153459
  ],
  "O13qq*O81qq": [
   0.0
  ],
  "O11qq*O81qq": [
   0.0
  ],
  "O1qt*O81qq": [
   0.0
  ],
  "O1qu*O1ut": [
   1.1041206
  ],
  "O1qd*O1qu": [
   -0.0034061347
  ],
  "O1qu*O1dt": [
   -0.0029799418
  ],
  "O1qu*O8qt": [
   0.0
  ],
  "O1qu*O8qu": [
   0.0
  ],
  "O1qu*O8ut": [
   0.0
  ],
  "O8qd*O1qu": [
   0.0
  ],
  "O1qu*O8dt": [
   0.0
  ],
  "O1qu*O13qq": [
   0.0020807244
  ],
  "O1qu*O11qq": [
   -0.0066877787
  ],
  "O1qu*O1qt": [
   -0.0028554333
  ],
  "O1qd*O1ut": [
   0.0034737223
  ],
  "O1dt*O1ut": [
   -0.00089160369
  ],
  "O8qt*O1ut": [
   0.0
  ],
  "O8qu*O1ut": [
   0.0
  ],
  "O1ut*O8ut": [
   0.0
  ],
  "O8qd*O1ut": [
   0.0
  ],
  "O8dt*O1ut": [
   0.0
  ],
  "O1ut*O13qq": [
   0.00056045552
  ],
  "O1ut*O11qq": [
   -0.0012927395
  ],
  "O1qt*O1ut": [
   -0.010690875
  ],
  "O1qd*O1dt": [
   0.78862105
  ],
  "O1qd*O8qt": [
   0.0
  ],
  "O1qd*O8qu": [
   0.0
  ],
  "O1qd*O8ut": [
   0.0
  ],
  "O8qd*O1qd": [
   0.0
  ],
  "O1qd*O8dt": [
   0.0
  ],
  "O1qd*O13qq": [
   -5.3265731e-05
  ],
  "O1qd*O11qq": [
   0.00071973941
  ],
  "O1qd*O1qt": [
   -0.0051176638
  ],
  "O1dt*O8qt": [
   0.0
  ],
  "O8qu*O1dt": [
   0.0
  ],
  "O1dt*O8ut": [
   0.0
  ],
  "O8qd*O1dt": [
   0.0
  ],
  "O1dt*O8dt": [
   0.0
  ],
  "O1dt*O13qq": [
   0.0081937125
  ],
  "O1dt*O11qq": [
   -0.00084168159
  ],
  "O1dt*O1qt": [
   -0.0047585911
  ],
  "O8qu*O8qt": [
   -0.00047430328
  ],
  "O8qt*O8ut": [
   0.0024039654
  ],
  "O8qd*O8qt": [
   -7.6489215e-05
  ],
  "O8dt*O8qt": [
   0.00076244378
  ],
  "O8qt*O13qq": [
   0.0
  ],
  "O8qt*O11qq": [
   0.0
  ],
  "O1qt*O8qt": [
   0.0
  ],
  "O8qu*O8ut": [
   0.24570468
  ],
  "O8qd*O8qu": [
   -6.3829306e-05
  ],
  "O8qu*O8dt": [
   0.00029501257
  ],
  "O8qu*O13qq": [
   0.0
  ],
  "O8qu*O11qq": [
   0.0
  ],
  "O8qu*O1qt": [
   0.0
  ],
  "O8qd*O8ut": [
   -0.00032937334
  ],
  "O8dt*O8ut": [
   -0.00031580718
  ],
  "O8ut*O13qq": [
   0.0
  ],
  "O8ut*O11qq": [
   0.0
  ],
  "O1qt*O8ut": [
   0.0
  ],
  "O8qd*O8dt": [
   0.17523313
  ],
  "O8qd*O13qq": [
   0.0
  ],
  "O8qd*O11qq": [
   0.0
  ],
  "O8qd*O1qt": [
   0.0
  ],
  "O8dt*O13qq": [
   0.0
  ],
  "O8dt*O11qq": [
   0.0
  ],
  "O8dt*O1qt": [
   0.0
  ],
  "O11qq*O13qq": [
   3.1783551
  ],
  "O1qt*O13qq": [
   0.3235057
  ],
  "O1qt*O11qq": [
   1.8792271
  ]
 },
 "NLO": {
  "SM": [
   719.48498
  ],
  "OtG": [
   227.94404
  ],
  "OtG*OtG": [
   40.357954
  ],
  "O83qq": [
   1.2098517
  ],
  "O83qq*O83qq": [
   1.5829314
  ],
  "O81qq": [
   7.2875949
  ],
  "O81qq*O81qq": [
   1.7051307
  ],
  "O1qu": [
   0.0
  ],
  "O1qu*O1qu": [
   5.8264128
  ],
  "O1ut": [
   0.0
  ],
  "O1ut*O1ut": [
   5.8350263
  ],
  "O1qd": [
   0.0
  ],
  "O1qd*O1qd": [
   3.6961808
  ],
  "O1dt": [
   0.0
  ],
  "O1dt*O1dt": [
   3.6982929
  ],
  "O8qt": [
   7.0839128
  ],
  "O8qt*O8qt": [
   1.3015139
  ],
  "O8qu": [
   4.1186187
  ],
  "O8qu*O8qu": [
   0.79164292
  ],
  "O8ut": [
   4.2295969
  ],
  "O8ut*O8ut": [
   1.0151117
  ],
  "O8qd": [
   3.1666758
  ],
  "O8qd*O8qd": [
   0.50921319
  ],
  "O8dt": [
   3.0516288
  ],
  "O8dt*O8dt": [
   0.64523161
  ],
  "O13qq": [
   0.0
  ],
  "O13qq*O13qq": [
   9.4831277
  ],
  "O11qq": [
   0.0
  ],
  "O11qq*O11qq": [
   9.4628206
  ],
  "O1qt": [
   0.0
  ],
  "O1qt*O1qt": [
   9.4669502
  ],
  "OtG*O83qq": [
   0.2020369
  ],
  "OtG*O81qq": [
   1.0600393
  ],
  "OtG*O1qu": [
   0.0
  ],
  "OtG*O1ut": [
   0.0
  ],
  "OtG*O1qd": [
   0.0
  ],
  "OtG*O1dt": [
   0.0
  ],
  "OtG*O8qt": [
   1.1080466
  ],
  "OtG*O8qu": [
   0.65640017
  ],
  "OtG*O8ut": [
   0.62785064
  ],
  "OtG*O8qd": [
   0.52568018
  ],
  "OtG*O8dt": [
   0.42542998
  ],
  "OtG*O13qq": [
   0.0
  ],
  "OtG*O11qq": [
   0.0
  ],
  "OtG*O1qt": [
   0.0
  ],
  "O81qq*O83qq": [
   0.76306668
  ],
  "O1qu*O83qq": [
   0.0
  ],
  "O1ut*O83qq": [
   0.0
  ],
  "O1qd*O83qq": [
   0.0
  ],
  "O1dt*O83qq": [
   0.0
  ],
  "O8qt*O83qq": [
   0.073683256
  ],
  "O8qu*O83qq": [
   0.0078585624
  ],
  "O8ut*O83qq": [
   0.00066111512
  ],
  "O8qd*O83qq": [
   0.016120947
  ],
  "O8dt*O83qq": [
   0.0018057368
  ],
  "O13qq*O83qq": [
   0.0
  ],
  "O11qq*O83qq": [
   0.0
  ],
  "O1qt*O83qq": [
   0.0
  ],
  "O1qu*O81qq": [
   0.0
  ],
  "O1ut*O81qq": [
   0.0
  ],
  "O1qd*O81qq": [
   0.0
  ],
  "O1dt*O81qq": [
   0.0
  ],
  "O8qt*O81qq": [
   0.44674818
  ],
  "O8qu*O81qq": [
   0.081077499
  ],
  "O8ut*O81qq": [
   0.0027915165
  ],
  "O8qd*O81qq": [
   0.084640516
  ],
  "O8dt*O81qq": [
   0.0040828278
  ],
  "O13qq*O81qq": [
   0.0
  ],
  "O11qq*O81qq": [
   0.0
  ],
  "O1qt*O81qq": [
   0.0
  ],
  "O1qu*O1ut": [
   1.0719821
  ],
  "O1qd*O1qu": [
   0.00097244302
  ],
  "O1qu*O1dt": [
   0.00066632933
  ],
  "O1qu*O8qt": [
   0.0
  ],
  "O1qu*O8qu": [
   0.0
  ],
  "O1qu*O8ut": [
   0.0
  ],
  "O8qd*O1qu": [
   0.0
  ],
  "O1qu*O8dt": [
   0.0
  ],
  "O1qu*O13qq": [
   0.0011492271
  ],
  "O1qu*O11qq": [
   0.011527221
  ],
  "O1qu*O1qt": [
   0.0032630124
  ],
  "O1qd*O1ut": [
   0.0033114219
  ],
  "O1dt*O1ut": [
   -0.0017688747
  ],
  "O8qt*O1ut": [
   0.0
  ],
  "O8qu*O1ut": [
   0.0
  ],
  "O1ut*O8ut": [
   0.0
  ],
  "O8qd*O1ut": [
   0.0
  ],
  "O8dt*O1ut": [
   0.0
  ],
  "O1ut*O13qq": [
   0.0021516563
  ],
  "O1ut*O11qq": [
   -0.0058051783
  ],
  "O1qt*O1ut": [
   0.0063026249
  ],
  "O1qd*O1dt": [
   0.79849403
  ],
  "O1qd*O8qt": [
   0.0
  ],
  "O1qd*O8qu": [
   0.0
  ],
  "O1qd*O8ut": [
   0.0
  ],
  "O8qd*O1qd": [
   0.0
  ],
  "O1qd*O8dt": [
   0.0
  ],
  "O1qd*O13qq": [
   -0.0082426076
  ],
  "O1qd*O11qq": [
   0.0017628919
  ],
  "O1qd*O1qt": [
   0.001555233
  ],
  "O1dt*O8qt": [
   0.0
  ],
  "O8qu*O1dt": [
   0.0
  ],
  "O1dt*O8ut": [
   0.0
  ],