{
 "best_sm": [
  76.7937
 ],
 "theory_cov": [
  [
   0.8804341488676766
  ]
 ],
 "LO": {
  "SM": [
   52.077124
  ],
  "OtG": [
   3.8060214
  ],
  "OtG*OtG": [
   1.796668
  ],
  "OtW": [
   -4.4773975
  ],
  "OtW*OtW": [
   1.2572391
  ],
  "O3pQ3": [
   6.3152249
  ],
  "O3pQ3*O3pQ3": [
   0.19142627
  ],
  "O3pl1": [
   -3.1579599
  ],
  "O3pl1*O3pl1": [
   0.047861264
  ],
  "O3pl2": [
   -3.1579599
  ],
  "O3pl2*O3pl2": [
   0.047861264
  ],
  "Oll": [
   3.1562221
  ],
  "Oll*Oll": [
   0.047835681
  ],
  "OtG*OtW": [
   -0.55168
  ],
  "OtG*O3pQ3": [
   0.23363763
  ],
  "OtG*O3pl1": [
   -0.11474771
  ],
  "OtG*O3pl2": [
   -0.11474771
  ],
  "OtG*Oll": [
   0.11991512
  ],
  "OtW*O3pQ3": [
   -0.27135887
  ],
  "OtW*O3pl1": [
   0.135132785
  ],
  "OtW*O3pl2": [
   0.135132785
  ],
  "OtW*Oll": [
   -0.13630528
  ],
  "O3pQ3*O3pl1": [
   -0.19141557
  ],
  "O3pQ3*O3pl2": [
   -0.19141557
  ],
  "O3pQ3*Oll": [
   0.19181184
  ],
  "O3pl1*O3pl2": [
   0.095630242
  ],
  "O3pl1*Oll": [
   -0.095696945
  ],
  "O3pl2*Oll": [
   -0.095696945
  ]
 },
 "NLO": {
  "SM": [
   68.605883
  ],
  "OtG": [
   4.8008805
  ],
  "OtG*OtG": [
   2.1469135
  ],
  "OtW": [
   -5.9699145
  ],
  "OtW*OtW": [
   1.7069929
  ],
  "O3pQ3": [
   8.3149661
  ],
  "O3pQ3*O3pQ3": [
   0.25204205
  ],
  "O3pl1": [
   -4.1585415
  ],
  "O3pl1*O3pl1": [
   0.0630258745
  ],
  "O3pl2": [
   -4.1585415
  ],
  "O3pl2*O3pl2": [
   0.0630258745
  ],
  "Oll": [
   4.1638488
  ],
  "Oll*Oll": [
   0.06310722
  ],
  "OtG*OtW": [
   -0.7074657
  ],
  "OtG*O3pQ3": [
   0.31810985
  ],
  "OtG*O3pl1": [
   -0.130056025
  ],
  "OtG*O3pl2": [
   -0.130056025
  ],
  "OtG*Oll": [
   0.17374738
  ],
  "OtW*O3pQ3": [
   -0.35910465
  ],
  "OtW*O3pl1": [
   0.183434725
  ],
  "OtW*O3pl2": [
   0.183434725
  ],
  "OtW*Oll": [
   -0.18081572
  ],
  "O3pQ3*O3pl1": [
   -0.25200592
  ],
  "O3pQ3*O3pl2": [
   -0.25200592
  ],
  "O3pQ3*Oll": [
   0.25258014
  ],
  "O3pl1*O3pl2": [
   0.12585197
  ],
  "O3pl1*Oll": [
   -0.126133095
  ],
  "O3pl2*Oll": [
   -0.126133095
  ]
 }
}