{
    "best_sm": [
        168.4
    ],
    "theory_cov": [
        [
            1.971
        ]
    ],
    "LO": {
        "SM": [
            102.28343
        ],
        "OtG": [
            27.89047368
        ],
        "OtG*OtG": [
            3.8902253129999997
        ],
        "O8qd": [
            0.9412668599999999
        ],
        "O8qd*O8qd": [
            0.11495713
        ],
        "O1qd": [
            0.0
        ],
        "O1qd*O1qd": [
            0.51786744
        ],
        "O1qu": [
            0.0
        ],
        "O1qu*O1qu": [
            0.84631081
        ],
        "O8qu": [
            1.4294652
        ],
        "O8qu*O8qu": [
            0.18839604
        ],
        "O1dt": [
            0.0
        ],
        "O1dt*O1dt": [
            0.5169732
        ],
        "O8dt": [
            0.94260439
        ],
        "O8dt*O8dt": [
            0.11475761
        ],
        "O1qt": [
            0.0
        ],
        "O1qt*O1qt": [
            1.3599119
        ],
        "O8qt": [
            2.3675961
        ],
        "O8qt*O8qt": [
            0.30220122
        ],
        "O1ut": [
            0.0
        ],
        "O1ut*O1ut": [
            0.84669578
        ],
        "O8ut": [
            1.4337731
        ],
        "O8ut*O8ut": [
            0.18778754
        ],
        "O11qq": [
            0.0
        ],
        "O11qq*O11qq": [
            1.3585247999999999
        ],
        "O13qq": [
            0.0
        ],
        "O13qq*O13qq": [
            1.360537
        ],
        "O81qq": [
            2.3661913
        ],
        "O81qq*O81qq": [
            0.30223057999999997
        ],
        "O83qq": [
            0.49885757000000003
        ],
        "O83qq*O83qq": [
            0.3022959
        ],
        "OtG*O8qd": [
            0.11917414479999999
        ],
        "OtG*O1qd": [
            0.0
        ],
        "OtG*O1qu": [
            0.0
        ],
        "OtG*O8qu": [
            0.1792534392
        ],
        "OtG*O1dt": [
            0.0
        ],
        "OtG*O8dt": [
            0.1188816956
        ],
        "OtG*O1qt": [
            0.0
        ],
        "OtG*O8qt": [
            0.30174055879999995
        ],
        "OtG*O1ut": [
            0.0
        ],
        "OtG*O8ut": [
            0.183324743
        ],
        "OtG*O11qq": [
            0.0
        ],
        "OtG*O13qq": [
            0.0
        ],
        "OtG*O81qq": [
            0.3012592752
        ],
        "OtG*O83qq": [
            0.06554630014
        ],
        "O8qd*O1qd": [
            0.0
        ],
        "O8qd*O1qu": [
            0.0
        ],
        "O8qd*O8qu": [
            0.0
        ],
        "O8qd*O1dt": [
            0.0
        ],
        "O8qd*O8dt": [
            0.050789436
        ],
        "O8qd*O1qt": [
            0.0
        ],
        "O8qd*O8qt": [
            0.0
        ],
        "O8qd*O1ut": [
            0.0
        ],
        "O8qd*O8ut": [
            0.0
        ],
        "O8qd*O11qq": [
            0.0
        ],
        "O8qd*O13qq": [
            0.0
        ],
        "O8qd*O81qq": [
            0.0
        ],
        "O8qd*O83qq": [
            0.0
        ],
        "O1qd*O1qu": [
            0.0
        ],
        "O1qd*O8qu": [
            0.0
        ],
        "O1qd*O1dt": [
            0.22768276
        ],
        "O1qd*O8dt": [
            0.0
        ],
        "O1qd*O1qt": [
            0.0
        ],
        "O1qd*O8qt": [
            0.0
        ],
        "O1qd*O1ut": [
            0.0
        ],
        "O1qd*O8ut": [
            0.0
        ],
        "O1qd*O11qq": [
            0.0
        ],
        "O1qd*O13qq": [
            0.0
        ],
        "O1qd*O81qq": [
            0.0
        ],
        "O1qd*O83qq": [
            0.0
        ],
        "O1qu*O8qu": [
            0.0
        ],
        "O1qu*O1dt": [
            0.0
        ],
        "O1qu*O8dt": [
            0.0
        ],
        "O1qu*O1qt": [
            0.0
        ],
        "O1qu*O8qt": [
            0.0
        ],
        "O1qu*O1ut": [
            0.34620177
        ],
        "O1qu*O8ut": [
            0.0
        ],
        "O1qu*O11qq": [
            0.0
        ],
        "O1qu*O13qq": [
            0.0
        ],
        "O1qu*O81qq": [
            0.0
        ],
        "O1qu*O83qq": [
            0.0
        ],
        "O8qu*O1dt": [
            0.0
        ],
        "O8qu*O8dt": [
            0.0
        ],
        "O8qu*O1qt": [
            0.0
        ],
        "O8qu*O8qt": [
            0.0
        ],
        "O8qu*O1ut": [
            0.0
        ],
        "O8qu*O8ut": [
            0.076704444
        ],
        "O8qu*O11qq": [
            0.0
        ],
        "O8qu*O13qq": [
            0.0
        ],
        "O8qu*O81qq": [
            0.0
        ],
        "O8qu*O83qq": [
            0.0
        ],
        "O1dt*O8dt": [
            0.0
        ],
        "O1dt*O1qt": [
            0.0
        ],
        "O1dt*O8qt": [
            0.0
        ],
        "O1dt*O1ut": [
            0.0
        ],
        "O1dt*O8ut": [
            0.0
        ],
        "O1dt*O11qq": [
            0.0
        ],
        "O1dt*O13qq": [
            0.0
        ],
        "O1dt*O81qq": [
            0.0
        ],
        "O1dt*O83qq": [
            0.0
        ],
        "O8dt*O1qt": [
            0.0
        ],
        "O8dt*O8qt": [
            0.0
        ],
        "O8dt*O1ut": [
            0.0
        ],
        "O8dt*O8ut": [
            0.0
        ],
        "O8dt*O11qq": [
            0.0
        ],
        "O8dt*O13qq": [
            0.0
        ],
        "O8dt*O81qq": [
            0.0
        ],
        "O8dt*O83qq": [
            0.0
        ],
        "O1qt*O8qt": [
            0.0
        ],
        "O1qt*O1ut": [
            0.0
        ],
        "O1qt*O8ut": [
            0.0
        ],
        "O1qt*O11qq": [
            0.5738163500000001
        ],
        "O1qt*O13qq": [
            0.11765756000000001
        ],
        "O1qt*O81qq": [
            0.0
        ],
        "O1qt*O83qq": [
            0.0
        ],
        "O8qt*O1ut": [
            0.0
        ],
        "O8qt*O8ut": [
            0.0
        ],
        "O8qt*O11qq": [
            0.0
        ],
        "O8qt*O13qq": [
            0.0
        ],
        "O8qt*O81qq": [
            0.1281686
        ],
        "O8qt*O83qq": [
            0.027408850000000002
        ],
        "O1ut*O8ut": [
            0.0
        ],
        "O1ut*O11qq": [
            0.0
        ],
        "O1ut*O13qq": [
            0.0
        ],
        "O1ut*O81qq": [
            0.0
        ],
        "O1ut*O83qq": [
            0.0
        ],
        "O8ut*O11qq": [
            0.0
        ],
        "O8ut*O13qq": [
            0.0
        ],
        "O8ut*O81qq": [
            0.0
        ],
        "O8ut*O83qq": [
            0.0
        ],
        "O11qq*O13qq": [
            0.67126307
        ],
        "O11qq*O81qq": [
            0.0
        ],
        "O11qq*O83qq": [
            0.0
        ],
        "O13qq*O81qq": [
            0.0
        ],
        "O13qq*O83qq": [
            0.0
        ],
        "O81qq*O83qq": [
            0.14814885
        ]
    },
    "NLO": {
        "SM": [
            150.57148
        ],
        "OtG": [
            40.96228728
        ],
        "OtG*OtG": [
            5.734954872
        ],
        "O8qd": [
            0.9616700499999999
        ],
        "O8qd*O8qd": [
            0.097077124
        ],
        "O1qd": [
            -0.037005785000000006
        ],
        "O1qd*O1qd": [
            0.67411347
        ],
        "O1qu": [
            -0.1334458
        ],
        "O1qu*O1qu": [
            1.1115144000000001
        ],
        "O8qu": [
            1.3891117
        ],
        "O8qu*O8qu": [
            0.15883635000000002
        ],
        "O1dt": [
            -0.059738412
        ],