{
  "best_sm": [
    0.5921796515517677
  ],
  "scales": [
    240.0
  ],
  "theory_cov_current": [
    [
      0.0
    ]
  ],
  "theory_cov_conservative": [
    [
      0.0
    ]
  ],
  "theory_cov_aggressive": [
    [
      0.0
    ]
  ],
  "LO": {
    "SM": [
      0.5921796515517677
    ],
    "O3pQ3": [
      -0.0267523752692898
    ],
    "O3pl1": [
      0.0190550976692501
    ],
    "O3pl2": [
      0.0
    ],
    "OQe": [
      0.301401659882888
    ],
    "OQl13": [
      0.1986638616465674
    ],
    "OQl1M": [
      0.0993319308232837
    ],
    "Oeb": [
      0.0391394475782842
    ],
    "Ol1b": [
      -0.1909329002544956
    ],
    "Oll1221": [
      0.0
    ],
    "OpD": [
      0.028520457516813
    ],
    "OpQM": [
      -0.0133761876346449
    ],
    "OpWB": [
      0.0106047484498278
    ],
    "Opdi": [
      -0.0207987283056647
    ],
    "Ope": [
      0.0423153023571689
    ],
    "Opl1": [
      0.01905509766925
    ],
    "O3pQ3*O3pQ3": [
      -0.0006019607626526
    ],
    "O3pQ3*OQe": [
      0.0247680824529524
    ],
    "O3pQ3*OQl13": [
      0.0269598131461883
    ],
    "O3pQ3*OQl1M": [
      0.0134799065730941
    ],
    "O3pQ3*OpQM": [
      -0.0006019607626526
    ],
    "O3pQ3*OpWB": [
      -0.0054860486869741
    ],
    "O3pl1*O3pQ3": [
      -0.0007140139803799
    ],
    "O3pl1*O3pl1": [
      -0.0007459507923242
    ],
    "O3pl1*O3pl2": [
      0.0011551984598225
    ],
    "O3pl1*OQe": [
      -0.013125641195066
    ],
    "O3pl1*OQl13": [
      -0.0287446570100253
    ],
    "O3pl1*OQl1M": [
      -0.0143723285050126
    ],
    "O3pl1*Oeb": [
      -0.0086805672000565
    ],
    "O3pl1*Ol1b": [
      0.0232385475704051
    ],
    "O3pl1*Oll1221": [
      -0.0011551984598225
    ],
    "O3pl1*OpD": [
      -0.0015997505813098
    ],
    "O3pl1*OpQM": [
      -0.0003570069901899
    ],
    "O3pl1*OpWB": [
      -0.0012954283871405
    ],
    "O3pl1*Opdi": [
      0.002825974126594
    ],
    "O3pl1*Ope": [
      -0.0016679076875365
    ],
    "O3pl1*Opl1": [
      -0.0026471000444711
    ],
    "O3pl2*O3pQ3": [
      -0.0016218391132967
    ],
    "O3pl2*O3pl2": [
      0.0
    ],
    "O3pl2*OQe": [
      0.0182722093231016
    ],
    "O3pl2*OQl13": [
      0.0120438210803226
    ],
    "O3pl2*OQl1M": [
      0.0060219105401613
    ],
    "O3pl2*Oeb": [
      0.002372794427273
    ],
    "O3pl2*Ol1b": [
      -0.0115751383767183
    ],
    "O3pl2*Oll1221": [
      0.0
    ],
    "O3pl2*OpD": [
      0.0017290275373411
    ],
    "O3pl2*OpQM": [
      -0.0008109195566483
    ],
    "O3pl2*OpWB": [
      0.0006429035048094
    ],
    "O3pl2*Opdi": [
      -0.001260904526548
    ],
    "O3pl2*Ope": [
      0.0025653278171757
    ],
    "O3pl2*Opl1": [
      0.0011551984598225
    ],
    "OQe*OQe": [
      -0.2278457522992013
    ],
    "OQe*OQl13": [
      -0.4680214991784096
    ],
    "OQe*OQl1M": [
      -0.2340107495892048
    ],
    "OQl13*OQl13": [
      -0.2322073302820131
    ],
    "OQl13*OQl1M": [
      -0.2322073302820131
    ],
    "OQl1M*OQl1M": [
      -0.0580518325705032
    ],
    "Oeb*O3pQ3": [
      0.0013826561990773
    ],
    "Oeb*OQe": [
      -0.0922065179886219
    ],
    "Oeb*OQl13": [
      -0.1335074850066658
    ],
    "Oeb*OQl1M": [
      -0.0667537425033329
    ],
    "Oeb*Oeb": [
      0.0135038832033272
    ],
    "Oeb*Ol1b": [
      0.0584112838289496
    ],
    "Oeb*Oll1221": [
      -0.002372794427273
    ],
    "Oeb*OpD": [
      -0.0141066274501605
    ],
    "Oeb*OpQM": [
      0.0006913280995386
    ],
    "Oeb*OpWB": [
      -0.0104881011636376
    ],
    "Oeb*Opdi": [
      0.0034314558177083
    ],
    "Oeb*Ope": [
      -0.0139224757479735
    ],
    "Oeb*Opl1": [
      -0.0110533616273295
    ],
    "Ol1b*O3pQ3": [
      0.0410332185032216
    ],
    "Ol1b*OQe": [
      -0.0884773619774243
    ],
    "Ol1b*OQl13": [
      0.296483776016073
    ],
    "Ol1b*OQl1M": [
      0.1482418880080365
    ],
    "Ol1b*Ol1b": [
      -0.2696553088099128
    ],
    "Ol1b*Oll1221": [
      0.0115751383767183
    ],
    "Ol1b*OpD": [
      0.0188230098474335
    ],
    "Ol1b*OpQM": [
      0.0205166092516108
    ],
    "Ol1b*OpWB": [
      0.0600926936055831
    ],
    "Ol1b*Opdi": [
      -0.0548271557228725
    ],
    "Ol1b*Ope": [
      -0.0141739630998958
    ],
    "Ol1b*Opl1": [
      0.0348136859471234
    ],
    "Oll1221*O3pQ3": [
      0.0016218391132967
    ],
    "Oll1221*OQe": [
      -0.0182722093231015
    ],
    "Oll1221*OQl13": [
      -0.0120438210803226
    ],
    "Oll1221*OQl1M": [
      -0.0060219105401613
    ],
    "Oll1221*Oll1221": [
      0.0
    ],
    "Oll1221*OpD": [
      -0.0017290275373411
    ],
    "Oll1221*OpQM": [
      0.0008109195566483
    ],
    "Oll1221*OpWB": [
      -0.0006429035048094
    ],
    "Oll1221*Opdi": [
      0.001260904526548
    ],
    "Oll1221*Ope": [
      -0.0025653278171757
    ],
    "Oll1221*Opl1": [
      -0.0011551984598225
    ],
    "OpD*O3pQ3": [
      9.982998615e-05
    ],
    "OpD*OQe": [
      -0.0253962860035963
    ],
    "OpD*OQl13": [
      -0.0397764697346812
    ],
    "OpD*OQl1M": [
      -0.0198882348673406
    ],
    "OpD*OpD": [
      -0.0009286214899286
    ],
    "OpD*OpQM": [
      4.9914993075e-05
    ],
    "OpD*OpWB": [
      0.0003346215264772
    ],
    "OpD*Opdi": [
      0.0028210865427014
    ],
    "OpD*Ope": [
      -0.0032945746165
    ],
    "OpD*Opl1": [
      -0.0033287781186509
    ],
    "OpQM*OQe": [
      0.0123840412264762
    ],
    "OpQM*OQl13": [
      0.0134799065730941
    ],
    "OpQM*OQl1M": [
      0.006739953286547
    ],
    "OpQM*OpQM": [
      -0.0001504901906631
    ],
    "OpQM*OpWB": [
      -0.002743024343487
    ],
    "OpWB*OQe": [
      0.0327365112748649
    ],
    "OpWB*OQl13": [
      -0.006014736171793
    ],
    "OpWB*OQl1M": [
      -0.0030073680858965
    ],
    "OpWB*OpWB": [
      -0.0031704099175179
    ],
    "Opdi*O3pQ3": [
      0.0037333215268448
    ],
    "Opdi*OQe": [
      -0.0013401963090972
    ],
    "Opdi*OQl13": [
      0.0377659873114304
    ],
    "Opdi*OQl1M": [
      0.0188829936557152
    ],
    "Opdi*OpQM": [
      0.0018666607634224
    ],
    "Opdi*OpWB": [
      0.0064083841847212
    ],
    "Opdi*Opdi": [
      -0.0026926540714602
    ],
    "Opdi*Ope": [
      -0.0002785345460682
    ],
    "Opdi*Opl1": [
      0.004086878653142
    ],
    "Ope*O3pQ3": [
      0.0035232805053389
    ],
    "Ope*OQe": [
      -0.0631488495726359
    ],
    "Ope*OQl13": [
      -0.0638847781002656
    ],
    "Ope*OQl1M": [
      -0.0319423890501328
    ],
    "Ope*OpQM": [
      0.0017616402526694
    ],
    "Ope*OpWB": [
      0.0049655068130071
    ],
    "Ope*Ope": [
      -0.0043611762921942
    ],
    "Ope*Opl1": [
      -0.0042332355047123
    ],
    "Opl1*O3pQ3": [
      0.0009078251329168
    ],
    "Opl1*OQe": [
      -0.0313978505181676
    ],
    "Opl1*OQl13": [
      -0.0407884780903479
    ],
    "Opl1*OQl1M": [
      -0.0203942390451739
    ],
    "Opl1*OpQM": [
      0.0004539125664584
    ],
    "Opl1*OpWB": [
      -0.0019383318919499
    ],
    "Opl1*Opl1": [
      -0.0019011492521468
    ]
  }
}
