{
 "best_sm": [
  0.1944
 ],
 "scales": [
    240.0
    ],
 "theory_cov": [
  [
   0.0
  ]
 ],
 "LO": {
  "SM": [
   0.24007
  ],
  "OpD": [
   0.005005
  ],
  "OpD*OpD": [
   0.002107
  ],
  "OpWB": [
   0.06477
  ],
  "OpWB*OpWB": [
   0.004696
  ],
  "Opd": [
   0.02912
  ],
  "Opd*Opd": [
   0.0008824
  ],
  "OpW": [
   0.1332
  ],
  "OpW*OpW": [
   0.02815
  ],
  "OpB": [
   0.02605
  ],
  "OpB*OpB": [
   0.00988
  ],
  "Opl1": [
   0.2211
  ],
  "Opl1*Opl1": [
   0.08366
  ],
  "O3pl1": [
   0.1918
  ],
  "O3pl1*O3pl1": [
   0.07128
  ],
  "O3pl2": [
   -0.02904
  ],
  "O3pl2*O3pl2": [
   0.0008828
  ],
  "Ope": [
   -0.1776
  ],
  "Ope*Ope": [
   0.08374
  ],
  "Oll": [
   0.02917
  ],
  "Oll*Oll": [
   0.0008821
  ],
  "OpD*OpWB": [
   -0.000668495926137
  ],
  "OpD*Opd": [
   0.0002969975737014
  ],
  "OpD*OpW": [
   0.0100597386522323
  ],
  "OpD*OpB": [
   -0.0084232294190615
  ],
  "OpD*Opl1": [
   0.0188026206117782
  ],
  "OpD*O3pl1": [
   0.0184892142252023
  ],
  "OpD*O3pl2": [
   -0.0002960033391827
  ],
  "OpD*Ope": [
   0.0187999819517378
  ],
  "OpD*Oll": [
   0.0002933388363368
  ],
  "OpWB*Opd": [
   0.0039245211005885
  ],
  "OpWB*OpW": [
   0.0153000418085915
  ],
  "OpWB*OpB": [
   0.0064392079126863
  ],
  "OpWB*Opl1": [
   0.0244692886024114
  ],
  "OpWB*O3pl1": [
   0.0205697747848955
  ],
  "OpWB*O3pl2": [
   -0.0039211179262555
  ],
  "OpWB*Ope": [
   -0.0304559607472663
  ],
  "OpWB*Oll": [
   0.003915036258751
  ],
  "Opd*OpW": [
   0.0081265504469518
  ],
  "Opd*OpB": [
   0.0015360925980018
  ],
  "Opd*Opl1": [
   0.0134209403275213
  ],
  "Opd*O3pl1": [
   0.0116202579122875
  ],
  "Opd*O3pl2": [
   -0.0017651999080399
  ],
  "Opd*Ope": [
   -0.0107712459907396
  ],
  "Opd*Oll": [
   0.001762099566398
  ],
  "OpW*OpB": [
   -0.0112248972071691
  ],
  "OpW*Opl1": [
   0.0962799884986769
  ],
  "OpW*O3pl1": [
   0.0878164937422278
  ],
  "OpW*O3pl2": [
   -0.0081117333806136
  ],
  "OpW*Ope": [
   -0.0066560198639074
  ],
  "OpW*Oll": [
   0.0080940495995878
  ],
  "OpB*Opl1": [
   -0.0228254008639685
  ],
  "OpB*O3pl1": [
   -0.0243745702693411
  ],
  "OpB*O3pl2": [
   -0.0015408886055862
  ],
  "OpB*Ope": [
   -0.0522720549626885
  ],
  "OpB*Oll": [
   0.0015388225016115
  ],
  "Opl1*O3pl1": [
   0.1537729285757803
  ],
  "Opl1*O3pl2": [
   -0.0133970544159366
  ],
  "Opl1*Ope": [
   1.999044426654796e-05
  ],
  "Opl1*Oll": [
   0.0133497801893126
  ],
  "O3pl1*O3pl2": [
   -0.0116409949435395
  ],
  "O3pl1*Ope": [
   0.0107207086909645
  ],
  "O3pl1*Oll": [
   0.0116662882914363
  ],
  "O3pl2*Ope": [
   0.0107726603164244
  ],
  "O3pl2*Oll": [
   -0.0017648997199259
  ],
  "Ope*Oll": [
   -0.0107790498305294
  ]
 },
 "NLO": {
  "SM": [
   0.1944
  ],
  "Op": [
   -0.00167344
  ],
  "OpD": [
   0.005005
  ],
  "OpD*OpD": [
   0.002107
  ],
  "OpWB": [
   0.06477
  ],
  "OpWB*OpWB": [
   0.004696
  ],
  "Opd": [
   0.02912
  ],
  "Opd*Opd": [
   0.0008824
  ],
  "OpW": [
   0.1332
  ],
  "OpW*OpW": [
   0.02815
  ],
  "OpB": [
   0.02605
  ],
  "OpB*OpB": [
   0.00988
  ],
  "Opl1": [
   0.2211
  ],
  "Opl1*Opl1": [
   0.08366
  ],
  "O3pl1": [
   0.1918
  ],
  "O3pl1*O3pl1": [
   0.07128
  ],
  "O3pl2": [
   -0.02904
  ],
  "O3pl2*O3pl2": [
   0.0008828
  ],
  "Ope": [
   -0.1776
  ],
  "Ope*Ope": [
   0.08374
  ],
  "Oll": [
   0.02917
  ],
  "Oll*Oll": [
   0.0008821
  ],
  "OpD*OpWB": [
   -0.000668495926137
  ],
  "OpD*Opd": [
   0.0002969975737014
  ],
  "OpD*OpW": [
   0.0100597386522323
  ],
  "OpD*OpB": [
   -0.0084232294190615
  ],
  "OpD*Opl1": [
   0.0188026206117782
  ],
  "OpD*O3pl1": [
   0.0184892142252023
  ],
  "OpD*O3pl2": [
   -0.0002960033391827
  ],
  "OpD*Ope": [
   0.0187999819517378
  ],
  "OpD*Oll": [
   0.0002933388363368
  ],
  "OpWB*Opd": [
   0.0039245211005885
  ],
  "OpWB*OpW": [
   0.0153000418085915
  ],
  "OpWB*OpB": [
   0.0064392079126863
  ],
  "OpWB*Opl1": [
   0.0244692886024114
  ],
  "OpWB*O3pl1": [
   0.0205697747848955
  ],
  "OpWB*O3pl2": [
   -0.0039211179262555
  ],
  "OpWB*Ope": [
   -0.0304559607472663
  ],
  "OpWB*Oll": [
   0.003915036258751
  ],
  "Opd*OpW": [
   0.0081265504469518
  ],
  "Opd*OpB": [
   0.0015360925980018
  ],
  "Opd*Opl1": [
   0.0134209403275213
  ],
  "Opd*O3pl1": [
   0.0116202579122875
  ],
  "Opd*O3pl2": [
   -0.0017651999080399
  ],
  "Opd*Ope": [
   -0.0107712459907396
  ],
  "Opd*Oll": [
   0.001762099566398
  ],
  "OpW*OpB": [
   -0.0112248972071691
  ],
  "OpW*Opl1": [
   0.0962799884986769
  ],
  "OpW*O3pl1": [
   0.0878164937422278
  ],
  "OpW*O3pl2": [
   -0.0081117333806136
  ],
  "OpW*Ope": [
   -0.0066560198639074
  ],
  "OpW*Oll": [
   0.0080940495995878
  ],
  "OpB*Opl1": [
   -0.0228254008639685
  ],
  "OpB*O3pl1": [
   -0.0243745702693411
  ],
  "OpB*O3pl2": [
   -0.0015408886055862
  ],
  "OpB*Ope": [
   -0.0522720549626885
  ],
  "OpB*Oll": [
   0.0015388225016115
  ],
  "Opl1*O3pl1": [
   0.1537729285757803
  ],
  "Opl1*O3pl2": [
   -0.0133970544159366
  ],
  "Opl1*Ope": [
   1.999044426654796e-05
  ],
  "Opl1*Oll": [
   0.0133497801893126
  ],
  "O3pl1*O3pl2": [
   -0.0116409949435395
  ],
  "O3pl1*Ope": [
   0.0107207086909645
  ],
  "O3pl1*Oll": [
   0.0116662882914363
  ],
  "O3pl2*Ope": [
   0.0107726603164244
  ],
  "O3pl2*Oll": [
   -0.0017648997199259
  ],
  "Ope*Oll": [
   -0.0107790498305294
  ]
 }
}