{
  "best_sm": [
    0.264957164884285
  ],
  "scales": [
    240.0
  ],
  "theory_cov": [
    [
      2.129991294434121e-09
    ]
  ],
  "LO": {
    "SM": [
      0.264957164884285
    ],
    "O3pQ3": [
      -0.0242060015075823
    ],
    "O3pl1": [
      -0.0071526068745413
    ],
    "OQe": [
      0.0288585217403519
    ],
    "OQl13": [
      -0.2124289038942495
    ],
    "OQl1M": [
      -0.1062144519471247
    ],
    "Oeb": [
      -0.0418513456809421
    ],
    "Oeu": [
      -0.0495016314381862
    ],
    "Ol1b": [
      -0.018281389873844
    ],
    "Ol1u": [
      -0.0216231666864875
    ],
    "OpD": [
      -0.0100570871090804
    ],
    "OpQM": [
      -0.0121030007537911
    ],
    "OpWB": [
      -0.0241791884816301
    ],
    "Opdi": [
      0.0014376021131445
    ],
    "Ope": [
      0.003624111666105
    ],
    "Opl1": [
      -0.0071526068745413
    ],
    "OpqMi": [
      -0.0063074988875571
    ],
    "Opui": [
      0.0017003909623877
    ],
    "Oqe": [
      -0.0076839343106381
    ],
    "Oql1M": [
      -0.0736266322759446
    ],
    "O3pQ3*O3pQ3": [
      0.0005696418123853
    ],
    "O3pQ3*OQe": [
      0.0033005230459821
    ],
    "O3pQ3*OQl13": [
      0.0174907747264029
    ],
    "O3pQ3*OQl1M": [
      0.0087453873632014
    ],
    "O3pQ3*Oeb": [
      0.0076469246422504
    ],
    "O3pQ3*Oeu": [
      -0.0005755713395247
    ],
    "O3pQ3*Ol1b": [
      0.0033403086196233
    ],
    "O3pQ3*Ol1u": [
      -0.0002514194916999
    ],
    "O3pQ3*Oll1221": [
      0.0014674674538743
    ],
    "O3pQ3*OpD": [
      -0.0005426477616855
    ],
    "O3pQ3*OpQM": [
      0.0005696418123853
    ],
    "O3pQ3*OpWB": [
      -0.0019243382036965
    ],
    "O3pQ3*Opdi": [
      -0.0002626733942694
    ],
    "O3pQ3*Ope": [
      0.0002641772046809
    ],
    "O3pQ3*Opl1": [
      0.001261458474138
    ],
    "O3pQ3*OpqMi": [
      -7.33393118223e-05
    ],
    "O3pQ3*Opui": [
      1.97709908846e-05
    ],
    "O3pQ3*Oqe": [
      -8.93435677875e-05
    ],
    "O3pQ3*Oql1M": [
      -0.0008560804590183
    ],
    "O3pl1*O3pQ3": [
      -0.0002060089797363
    ],
    "O3pl1*O3pl1": [
      -0.0001280660850831
    ],
    "O3pl1*O3pl2": [
      -0.0004336204719916
    ],
    "O3pl1*OQe": [
      -0.0015803276960742
    ],
    "O3pl1*OQl13": [
      -0.0047444946193753
    ],
    "O3pl1*OQl1M": [
      -0.0023722473096876
    ],
    "O3pl1*Oeb": [
      0.0022918305134489
    ],
    "O3pl1*Oeu": [
      -0.0001319315814506
    ],
    "O3pl1*Ol1b": [
      0.0024300188555434
    ],
    "O3pl1*Ol1u": [
      0.0016324773021434
    ],
    "O3pl1*Oll1221": [
      0.0004336204719916
    ],
    "O3pl1*OpD": [
      -0.0004543971434663
    ],
    "O3pl1*OpQM": [
      -0.0001030044898681
    ],
    "O3pl1*OpWB": [
      -0.0007508640162375
    ],
    "O3pl1*Opdi": [
      5.49021101195e-05
    ],
    "O3pl1*Ope": [
      -0.0002886485342906
    ],
    "O3pl1*Opl1": [
      0.0001774883018252
    ],
    "O3pl1*OpqMi": [
      -0.0003906646904553
    ],
    "O3pl1*Opui": [
      0.000162585382197
    ],
    "O3pl1*Oqe": [
      -2.0479195855e-05
    ],
    "O3pl1*Oql1M": [
      -0.0041939472520922
    ],
    "O3pl2*O3pQ3": [
      -0.0014674674538743
    ],
    "O3pl2*OQe": [
      0.0017495223821921
    ],
    "O3pl2*OQl13": [
      -0.0128783146043089
    ],
    "O3pl2*OQl1M": [
      -0.0064391573021544
    ],
    "O3pl2*Oeb": [
      -0.0025372008536143
    ],
    "O3pl2*Oeu": [
      -0.0030009926681393
    ],
    "O3pl2*Ol1b": [
      -0.0011082931083455
    ],
    "O3pl2*Ol1u": [
      -0.0013108853749423
    ],
    "O3pl2*OpD": [
      -0.0006097020199198
    ],
    "O3pl2*OpQM": [
      -0.0007337337269371
    ],
    "O3pl2*OpWB": [
      -0.001465841937867
    ],
    "O3pl2*Opdi": [
      8.71533578976e-05
    ],
    "O3pl2*Ope": [
      0.0002197085676273
    ],
    "O3pl2*Opl1": [
      -0.0004336204719916
    ],
    "O3pl2*OpqMi": [
      -0.0003823865469866
    ],
    "O3pl2*Opui": [
      0.0001030846996925
    ],
    "O3pl2*Oqe": [
      -0.0004658317283438
    ],
    "O3pl2*Oql1M": [
      -0.0044635495279748
    ],
    "OQe*OQe": [
      -0.0253589559843742
    ],
    "OQe*OQl13": [
      -0.0462745300281928
    ],
    "OQe*OQl1M": [
      -0.0231372650140964
    ],
    "OQe*Oql1M": [
      0.0010206236056927
    ],
    "OQl13*OQl13": [
      0.0563058326046538
    ],
    "OQl13*OQl1M": [
      0.0563058326046538
    ],
    "OQl13*Oql1M": [
      -0.0075128572349131
    ],
    "OQl1M*OQl1M": [
      0.0140764581511634
    ],
    "Oeb*OQe": [
      -0.0091167035979111
    ],
    "Oeb*OQl13": [
      0.0671084738801805
    ],
    "Oeb*OQl1M": [
      0.0335542369400902
    ],
    "Oeb*Oeb": [
      -0.021891524338702
    ],
    "Oeb*Oeu": [
      -0.0009951430882521
    ],
    "Oeb*Ol1b": [
      0.0057752789396917
    ],
    "Oeb*Ol1u": [
      -0.0004346956706074
    ],
    "Oeb*Oll1221": [
      0.0025372008536143
    ],
    "Oeb*OpD": [
      0.0046346038551877
    ],
    "Oeb*OpQM": [
      0.0038234623211252
    ],
    "Oeb*OpWB": [
      0.0069184860255782
    ],
    "Oeb*Opdi": [
      0.0038325699539722
    ],
    "Oeb*Ope": [
      -0.0002436932594855
    ],
    "Oeb*Opl1": [
      0.0048290313670633
    ],
    "Oeb*OpqMi": [
      -0.0001268011526034
    ],
    "Oeb*Opui": [
      3.41833645555e-05
    ],
    "Oeb*Oqe": [
      -0.000154471961785
    ],
    "Oeb*Oql1M": [
      -0.0014801337267476
    ],
    "Oeu*OQe": [
      0.0006861991646821
    ],
    "Oeu*OQl13": [
      -0.0050511435657757
    ],
    "Oeu*OQl1M": [
      -0.0025255717828878
    ],
    "Oeu*Oeu": [
      0.006430746608486
    ],
    "Oeu*Ol1b": [
      -0.0004346956706074
    ],
    "Oeu*Ol1u": [
      -0.0091079741044989
    ],
    "Oeu*Oll1221": [
      0.0030009926681393
    ],
    "Oeu*OpD": [
      0.0014847488583464
    ],
    "Oeu*OpQM": [
      -0.0002877856697623
    ],
    "Oeu*OpWB": [
      -0.0014265096418477
    ],
    "Oeu*Opdi": [
      3.41833645555e-05
    ],
    "Oeu*Ope": [
      0.0011521116409196
    ],
    "Oeu*Opl1": [
      0.0028690610866886
    ],
    "Oeu*OpqMi": [
      -0.0026568049613161
    ],
    "Oeu*Opui": [
      -0.0018189329664603
    ],
    "Oeu*Oqe": [
      -0.0032365784224239
    ],
    "Oeu*Oql1M": [
      -0.0310125463995902
    ],
    "Ol1b*OQe": [
      -0.0039823334262244
    ],
    "Ol1b*OQl13": [
      0.029314139244056
    ],
    "Ol1b*OQl1M": [
      0.014657069622028
    ],
    "Ol1b*Ol1b": [
      -0.0272407887007554
    ],
    "Ol1b*Ol1u": [
      -0.0001898825689245
    ],
    "Ol1b*Oll1221": [
      0.0011082931083455
    ],
    "Ol1b*OpD": [
      0.0021147572427881
    ],
    "Ol1b*OpQM": [
      0.0016701543098116
    ],
    "Ol1b*OpWB": [
      0.0056904442722579
    ],
    "Ol1b*Opdi": [
      -0.0055292461830285
    ],
    "Ol1b*Ope": [
      -0.0007306209770268
    ],
    "Ol1b*Opl1": [
      0.0035383119638889
    ],
    "Ol1b*OpqMi": [
      -5.53889312154e-05
    ],
    "Ol1b*Opui": [
      1.4931883419e-05
    ],
    "Ol1b*Oqe": [
      -6.74760180831e-05
    ],
    "Ol1b*Oql1M": [
      -0.0006465479492675
    ],
    "Ol1u*OQe": [
      0.0002997436344412
    ],
    "Ol1u*OQl13": [
      -0.002206426659221
    ],
    "Ol1u*OQl1M": [
      -0.0011032133296105
    ],
    "Ol1u*Ol1u": [
      0.0148668692263664
    ],
    "Ol1u*Oll1221": [
      0.0013108853749423
    ],
    "Ol1u*OpD": [
      0.0007553495391127
    ],
    "Ol1u*OpQM": [
      -0.0001257097458499
    ],
    "Ol1u*OpWB": [
      0.0025329680059128
    ],
    "Ol1u*Opdi": [
      1.4931883419e-05
    ],
    "Ol1u*Ope": [
      -0.0002350057831997
    ],
    "Ol1u*Opl1": [
      0.0029433626770857
    ],
    "Ol1u*OpqMi": [
      -0.001160538246174
    ],
    "Ol1u*Opui": [
      0.0034655248891941
    ],
    "Ol1u*Oqe": [
      -0.0014137932970826
    ],
    "Ol1u*Oql1M": [
      -0.0135468153409882
    ],
    "Oll1221*OQe": [
      -0.0017495223821921
    ],