{
  "best_sm": [
    0.1782288384628852
  ],
  "scales": [
    365.0
  ],
  "theory_cov": [
    [
      0.0
    ]
  ],
  "LO": {
    "SM": [
      0.1782288384628852
    ],
    "O3pl1": [
      -0.0108351002489007
    ],
    "O3pl2": [
      0.0038714756499442
    ],
    "Oee1122": [
      0.2811339006428042
    ],
    "Ole1122": [
      0.0667005923788926
    ],
    "Ole1221": [
      0.0
    ],
    "Ole2211": [
      0.0667005923788926
    ],
    "Oll": [
      0.3171179777588656
    ],
    "Oll1122": [
      0.3171179777588655
    ],
    "OpD": [
      -0.0171253666901759
    ],
    "Ope": [
      0.0021642807442719
    ],
    "Opl1": [
      -0.0108351002489007
    ],
    "Opl2": [
      0.0038714756499442
    ],
    "Opmu": [
      -0.0017096431223373
    ],
    "OpWB": [
      -0.0350905664710007
    ],
    "O3pl1*O3pl1": [
      -0.0001568466594699
    ],
    "O3pl1*O3pl2": [
      -0.0005361383476696
    ],
    "O3pl1*Oee1122": [
      -0.0061543062264774
    ],
    "O3pl1*Ole1122": [
      -0.0059382263032671
    ],
    "O3pl1*Ole1221": [
      0.0
    ],
    "O3pl1*Ole2211": [
      -0.0014601436185695
    ],
    "O3pl1*Oll": [
      0.0048525024578912
    ],
    "O3pl1*Oll1122": [
      0.0041956340787932
    ],
    "O3pl1*OpD": [
      -0.0006067855245106
    ],
    "O3pl1*Ope": [
      -0.000282886503524
    ],
    "O3pl1*Opl1": [
      0.0003431750601581
    ],
    "O3pl1*Opl2": [
      0.0001207300314282
    ],
    "O3pl1*Opmu": [
      -0.0001278078548545
    ],
    "O3pl1*OpWB": [
      -0.0011164606236165
    ],
    "O3pl2*O3pl2": [
      0.0004038799877362
    ],
    "O3pl2*Oee1122": [
      0.0170434943270099
    ],
    "O3pl2*Ole1122": [
      0.0040436644788073
    ],
    "O3pl2*Ole1221": [
      0.0
    ],
    "O3pl2*Ole2211": [
      -0.0004344182058902
    ],
    "O3pl2*Oll": [
      0.0301279606677568
    ],
    "O3pl2*Oll1122": [
      0.0303626654583427
    ],
    "O3pl2*OpD": [
      -0.0006250736136777
    ],
    "O3pl2*Ope": [
      5.01230622714e-05
    ],
    "O3pl2*Opl1": [
      -0.0007708431382556
    ],
    "O3pl2*Opl2": [
      0.0005730551848865
    ],
    "O3pl2*Opmu": [
      -0.0001036456037146
    ],
    "O3pl2*OpWB": [
      -0.0013115330188356
    ],
    "Oee1122*Oee1122": [
      0.3018476638713046
    ],
    "Oee1122*Ole1122": [
      0.0
    ],
    "Oee1122*Ole1221": [
      0.0
    ],
    "Oee1122*Ole2211": [
      0.0
    ],
    "Oee1122*Oll": [
      -0.0170434943270099
    ],
    "Oee1122*Oll1122": [
      0.0
    ],
    "Oee1122*OpD": [
      -0.0172569449983032
    ],
    "Oee1122*Ope": [
      -0.0028455306550253
    ],
    "Oee1122*Opl1": [
      -0.0231978005534873
    ],
    "Oee1122*Opl2": [
      0.0
    ],
    "Oee1122*Opmu": [
      -0.0089561653693952
    ],
    "Oee1122*OpWB": [
      -0.0145047374987866
    ],
    "Ole1122*Ole1122": [
      0.0754619159678261
    ],
    "Ole1122*Ole1221": [
      0.0
    ],
    "Ole1122*Ole2211": [
      0.0
    ],
    "Ole1122*Oll": [
      -0.0040436644788073
    ],
    "Ole1122*Oll1122": [
      0.0
    ],
    "Ole1122*OpD": [
      -0.0042084477966713
    ],
    "Ole1122*Ope": [
      0.0014497823077457
    ],
    "Ole1122*Opl1": [
      -0.0099818907820744
    ],
    "Ole1122*Opl2": [
      0.0
    ],
    "Ole1122*Opmu": [
      0.005568834125182
    ],
    "Ole1122*OpWB": [
      -0.011803663841214
    ],
    "Ole1221*Ole1221": [
      0.464083531896945
    ],
    "Ole1221*Ole2211": [
      0.0
    ],
    "Ole1221*Oll": [
      0.0
    ],
    "Ole1221*Oll1122": [
      0.0
    ],
    "Ole1221*OpD": [
      0.0
    ],
    "Ole1221*Ope": [
      0.0
    ],
    "Ole1221*Opl1": [
      0.0
    ],
    "Ole1221*Opl2": [
      0.0
    ],
    "Ole1221*Opmu": [
      0.0
    ],
    "Ole1221*OpWB": [
      0.0
    ],
    "Ole2211*Ole2211": [
      0.0754619159678261
    ],
    "Ole2211*Oll": [
      -0.0040436644788073
    ],
    "Ole2211*Oll1122": [
      0.0
    ],
    "Ole2211*OpD": [
      -0.0042084477966713
    ],
    "Ole2211*Ope": [
      0.0070186164329278
    ],
    "Ole2211*Opl1": [
      -0.0055038080973768
    ],
    "Ole2211*Opl2": [
      -0.0044780826846976
    ],
    "Ole2211*Opmu": [
      0.0
    ],
    "Ole2211*OpWB": [
      -0.011803663841214
    ],
    "Oll*Oll": [
      0.2826226666633259
    ],
    "Oll*Oll1122": [
      0.5844703305346305
    ],
    "Oll*OpD": [
      0.0166631623041636
    ],
    "Oll*Ope": [
      0.0067615652630675
    ],
    "Oll*Opl1": [
      -0.0143724947500874
    ],
    "Oll*Opl2": [
      0.0109029634597781
    ],
    "Oll*Opmu": [
      0.0001036456037146
    ],
    "Oll*OpWB": [
      0.0273628200094468
    ],
    "Oll1122*Oll1122": [
      0.3018476638713046
    ],
    "Oll1122*OpD": [
      0.0156249520799088
    ],
    "Oll1122*Ope": [
      0.006892772870911
    ],
    "Oll1122*Opl1": [
      -0.0150293631291854
    ],
    "Oll1122*Opl2": [
      0.011137668250364
    ],
    "Oll1122*Opmu": [
      0.0
    ],
    "Oll1122*OpWB": [
      0.025235485421862
    ],
    "OpD*OpD": [
      -0.0004682937195763
    ],
    "OpD*Ope": [
      -0.0004944135445573
    ],
    "OpD*Opl1": [
      0.000431424699744
    ],
    "OpD*Opl2": [
      0.000413136610577
    ],
    "OpD*Opmu": [
      0.0001007320407566
    ],
    "OpD*OpWB": [
      -0.0018377106543425
    ],
    "Ope*Ope": [
      -0.0003469958935412
    ],
    "Ope*Opl1": [
      -0.0004140941113675
    ],
    "Ope*Opl2": [
      -8.1084545572e-05
    ],
    "Ope*Opmu": [
      9.5709589279e-05
    ],
    "Ope*OpWB": [
      -9.27590073985e-05
    ],
    "Opl1*Opl1": [
      0.000500021719628
    ],
    "Opl1*Opl2": [
      -0.0001139747591576
    ],
    "Opl1*Opmu": [
      -2.41622511399e-05
    ],
    "Opl1*OpWB": [
      0.0010108739639682
    ],
    "Opl2*Opl2": [
      0.0001691751971502
    ],
    "Opl2*Opmu": [
      0.0
    ],
    "Opl2*OpWB": [
      0.0008158015687491
    ],
    "Opmu*Opmu": [
      0.0001691751971502
    ],
    "Opmu*OpWB": [
      -0.0002203491566236
    ],
    "OpWB*OpWB": [
      -0.0022475319307467
    ]
  }
}