{
  "best_sm": [
    0.264957164884285
  ],
  "scales": [
    240.0
  ],
  "theory_cov": [
    [
      0.0
    ]
  ],
  "LO": {
    "SM": [
      0.264957164884285
    ],
    "O3pl1": [
      -0.0071526068745413
    ],
    "O3pl2": [
      0.0
    ],
    "O3pq": [
      0.0
    ],
    "Oll": [
      0.0
    ],
    "Olu": [
      -0.0216231666864874
    ],
    "OpD": [
      -0.0100570871090804
    ],
    "Ope": [
      0.003624111666105
    ],
    "Opl1": [
      -0.0071526068745413
    ],
    "OpqMi": [
      -0.0063074988875571
    ],
    "Opui": [
      0.0017003909623877
    ],
    "OpWB": [
      -0.0241791884816301
    ],
    "Oqe": [
      -0.0076839343106381
    ],
    "Oql31": [
      0.0
    ],
    "OqlM1": [
      -0.0736266322759446
    ],
    "O3pl1*O3pl1": [
      -0.0001280660850831
    ],
    "O3pl1*O3pl2": [
      -0.0004336204719916
    ],
    "O3pl1*O3pq": [
      0.0
    ],
    "O3pl1*Oll": [
      0.0004336204719916
    ],
    "O3pl1*Olu": [
      0.0016324773021434
    ],
    "O3pl1*OpD": [
      -0.0004543971434663
    ],
    "O3pl1*Ope": [
      -0.0002886485342906
    ],
    "O3pl1*Opl1": [
      0.0001774883018252
    ],
    "O3pl1*OpqMi": [
      -0.0003906646904553
    ],
    "O3pl1*Opui": [
      0.000162585382197
    ],
    "O3pl1*OpWB": [
      -0.0007508640162375
    ],
    "O3pl1*Oqe": [
      -2.0479195855e-05
    ],
    "O3pl1*Oql31": [
      0.0
    ],
    "O3pl1*OqlM1": [
      -0.0041939472520922
    ],
    "O3pl2*O3pl2": [
      0.0
    ],
    "O3pl2*O3pq": [
      0.0
    ],
    "O3pl2*Oll": [
      0.0
    ],
    "O3pl2*Olu": [
      -0.0013108853749423
    ],
    "O3pl2*OpD": [
      -0.0006097020199198
    ],
    "O3pl2*Ope": [
      0.0002197085676273
    ],
    "O3pl2*Opl1": [
      -0.0004336204719916
    ],
    "O3pl2*OpqMi": [
      -0.0003823865469866
    ],
    "O3pl2*Opui": [
      0.0001030846996925
    ],
    "O3pl2*OpWB": [
      -0.001465841937867
    ],
    "O3pl2*Oqe": [
      -0.0004658317283438
    ],
    "O3pl2*Oql31": [
      0.0
    ],
    "O3pl2*OqlM1": [
      -0.0044635495279748
    ],
    "O3pq*O3pq": [
      0.0
    ],
    "O3pq*Oll": [
      0.0
    ],
    "O3pq*Olu": [
      0.0
    ],
    "O3pq*OpD": [
      0.0
    ],
    "O3pq*Ope": [
      0.0
    ],
    "O3pq*Opl1": [
      0.0
    ],
    "O3pq*OpqMi": [
      0.0
    ],
    "O3pq*Opui": [
      0.0
    ],
    "O3pq*OpWB": [
      0.0
    ],
    "O3pq*Oqe": [
      0.0
    ],
    "O3pq*Oql31": [
      0.0
    ],
    "O3pq*OqlM1": [
      0.0
    ],
    "Oll*Oll": [
      0.0
    ],
    "Oll*Olu": [
      0.0013108853749423
    ],
    "Oll*OpD": [
      0.0006097020199198
    ],
    "Oll*Ope": [
      -0.0002197085676273
    ],
    "Oll*Opl1": [
      0.0004336204719916
    ],
    "Oll*OpqMi": [
      0.0003823865469866
    ],
    "Oll*Opui": [
      -0.0001030846996925
    ],
    "Oll*OpWB": [
      0.001465841937867
    ],
    "Oll*Oqe": [
      0.0004658317283438
    ],
    "Oll*Oql31": [
      0.0
    ],
    "Oll*OqlM1": [
      0.0044635495279748
    ],
    "Olu*Olu": [
      0.0148668692263664
    ],
    "Olu*OpD": [
      0.0007553495391128
    ],
    "Olu*Ope": [
      -0.0002350057831997
    ],
    "Olu*Opl1": [
      0.0029433626770857
    ],
    "Olu*OpqMi": [
      -0.001160538246174
    ],
    "Olu*Opui": [
      0.003465524889194
    ],
    "Olu*OpWB": [
      0.0025329680059128
    ],
    "Olu*Oqe": [
      -0.0014137932970826
    ],
    "Olu*Oql31": [
      0.0
    ],
    "Olu*OqlM1": [
      -0.0135468153409882
    ],
    "OpD*OpD": [
      -0.000321738497252
    ],
    "OpD*Ope": [
      -0.000508230807271
    ],
    "OpD*Opl1": [
      0.0001553048764534
    ],
    "OpD*OpqMi": [
      -0.000758921283158
    ],
    "OpD*Opui": [
      -4.10151662933e-05
    ],
    "OpD*OpWB": [
      -0.0010765545007378
    ],
    "OpD*Oqe": [
      0.0003906498794959
    ],
    "OpD*Oql31": [
      0.0
    ],
    "OpD*OqlM1": [
      -0.0078012084733339
    ],
    "Ope*Ope": [
      -0.0002313968365367
    ],
    "Ope*Opl1": [
      -0.0005083571019179
    ],
    "Ope*OpqMi": [
      0.0002320768532355
    ],
    "Ope*Opui": [
      -0.0001086157641627
    ],
    "Ope*OpWB": [
      -0.000315455121206
    ],
    "Ope*Oqe": [
      -0.004081228648292
    ],
    "Ope*Oql31": [
      0.0
    ],
    "Ope*OqlM1": [
      -0.0008001919715665
    ],
    "Opl1*Opl1": [
      0.0003055543869084
    ],
    "Opl1*OpqMi": [
      -8.278143468702648e-06
    ],
    "Opl1*Opui": [
      5.95006825044e-05
    ],
    "Opl1*OpWB": [
      0.0007149779216295
    ],
    "Opl1*Oqe": [
      0.0004453525324888
    ],
    "Opl1*Oql31": [
      0.0
    ],
    "Opl1*OqlM1": [
      0.0002696022758825
    ],
    "OpqMi*OpqMi": [
      7.34705521582e-05
    ],
    "OpqMi*Opui": [
      9.12617829715e-05
    ],
    "OpqMi*OpWB": [
      -0.0017864625033635
    ],
    "OpqMi*Oqe": [
      -0.0029475658283984
    ],
    "OpqMi*Oql31": [
      0.0
    ],
    "OpqMi*OqlM1": [
      -0.0007989551417778
    ],
    "Opui*Opui": [
      0.0002304343361144
    ],
    "Opui*OpWB": [
      0.0003441486690484
    ],
    "Opui*Oqe": [
      0.0001111771175748
    ],
    "Opui*Oql31": [
      0.0
    ],
    "Opui*OqlM1": [
      0.0010652871852181
    ],
    "OpWB*OpWB": [
      -0.0013000896975486
    ],
    "OpWB*Oqe": [
      0.004512706829793
    ],
    "OpWB*Oql31": [
      0.0
    ],
    "OpWB*OqlM1": [
      -0.0154742927219158
    ],
    "Oqe*Oqe": [
      0.0166049289756044
    ],
    "Oqe*Oql31": [
      0.0
    ],
    "Oqe*OqlM1": [
      -0.0048139498116872
    ],
    "Oql31*Oql31": [
      0.0
    ],
    "Oql31*OqlM1": [
      0.0
    ],
    "OqlM1*OqlM1": [
      -0.006207245371966
    ]
  }
}