{
  "best_sm": [
    0.1186552382991608
  ],
  "scales": [
    365.0
  ],
  "theory_cov": [
    [
      0.0
    ]
  ],
  "LO": {
    "SM": [
      0.1186552382991608
    ],
    "O3pl1": [
      0.004501263793714
    ],
    "Oeb": [
      0.0657568332021894
    ],
    "Olb": [
      0.0312023538784726
    ],
    "Olu": [
      0.0344918538088907
    ],
    "OpD": [
      0.006424798092317
    ],
    "Opdi": [
      -0.0007997663559873
    ],
    "Ope": [
      -0.0020812489573188
    ],
    "Opl1": [
      0.004501263793714
    ],
    "OpQ3": [
      0.0140654594651223
    ],
    "OpQM": [
      0.0070327297325611
    ],
    "OpqMi": [
      0.0034450359485423
    ],
    "Opui": [
      -0.0008840815131905
    ],
    "OpWB": [
      0.0151052507982107
    ],
    "Oqe": [
      0.0153931657112234
    ],
    "OQe": [
      -0.0379066047689609
    ],
    "OQl31": [
      0.3202313409632116
    ],
    "OqlM1": [
      0.1057438383164162
    ],
    "OQlM1": [
      0.1601156704816058
    ],
    "O3pl1*O3pl1": [
      0.000126792369751
    ],
    "O3pl1*O3pl2": [
      0.0002728851403446
    ],
    "O3pl1*Oeb": [
      -0.0024413391221344
    ],
    "O3pl1*Olb": [
      -0.0032532775361619
    ],
    "O3pl1*Oll": [
      -0.0002728851403446
    ],
    "O3pl1*Olu": [
      -0.0015645744306052
    ],
    "O3pl1*OpD": [
      0.0004195764837337
    ],
    "O3pl1*Opdi": [
      -4.76031148932e-05
    ],
    "O3pl1*Ope": [
      0.0001195402806594
    ],
    "O3pl1*Opl1": [
      -1.93004008425e-05
    ],
    "O3pl1*OpQ3": [
      0.0003637177468038
    ],
    "O3pl1*OpQM": [
      0.0001818588734019
    ],
    "O3pl1*OpqMi": [
      0.0002771283067662
    ],
    "O3pl1*Opui": [
      -0.000104696851668
    ],
    "O3pl1*OpWB": [
      0.0008052200578164
    ],
    "O3pl1*Oqe": [
      0.0003352074420007
    ],
    "O3pl1*OQe": [
      0.0014073499696252
    ],
    "O3pl1*OQl31": [
      0.0121206941406276
    ],
    "O3pl1*OqlM1": [
      0.0077801478124268
    ],
    "O3pl1*OQlM1": [
      0.0060603470703138
    ],
    "O3pl2*Oeb": [
      0.0039864499125902
    ],
    "O3pl2*Olb": [
      0.0018916151346428
    ],
    "O3pl2*Olu": [
      0.0020910381614446
    ],
    "O3pl2*OpD": [
      0.000389497707634
    ],
    "O3pl2*Opdi": [
      -4.84851286879e-05
    ],
    "O3pl2*Ope": [
      -0.0001261738791232
    ],
    "O3pl2*Opl1": [
      0.0002728851403446
    ],
    "O3pl2*OpQ3": [
      0.0008527060523561
    ],
    "O3pl2*OpQM": [
      0.000426353026178
    ],
    "O3pl2*OpqMi": [
      0.0002088522604747
    ],
    "O3pl2*Opui": [
      -5.35966605956e-05
    ],
    "O3pl2*OpWB": [
      0.0009157424832036
    ],
    "O3pl2*Oqe": [
      0.0009331970704141
    ],
    "O3pl2*OQe": [
      -0.0022980544212519
    ],
    "O3pl2*OQl31": [
      0.0194137421013902
    ],
    "O3pl2*OqlM1": [
      0.0064106267666094
    ],
    "O3pl2*OQlM1": [
      0.0097068710506951
    ],
    "Oeb*Oeb": [
      0.0857610272563627
    ],
    "Oeb*Olb": [
      -0.0191148331102511
    ],
    "Oeb*Oll": [
      -0.0039864499125902
    ],
    "Oeb*Olu": [
      0.0085498284348346
    ],
    "Oeb*OpD": [
      -0.0054663559838545
    ],
    "Oeb*Opdi": [
      -0.0057945605148137
    ],
    "Oeb*Ope": [
      -0.0002023379391159
    ],
    "Oeb*Opl1": [
      -0.0064277890347246
    ],
    "Oeb*OpQ3": [
      -0.0086166226862874
    ],
    "Oeb*OpQM": [
      -0.0043083113431437
    ],
    "Oeb*OpqMi": [
      0.0008539542836715
    ],
    "Oeb*Opui": [
      -0.0002191458105461
    ],
    "Oeb*OpWB": [
      -0.0067546442732715
    ],
    "Oeb*Oqe": [
      0.0038156524328656
    ],
    "Oeb*OQe": [
      0.0232219154605141
    ],
    "Oeb*OQl31": [
      -0.1961765020364975
    ],
    "Oeb*OqlM1": [
      0.0262117449718869
    ],
    "Oeb*OQlM1": [
      -0.0980882510182487
    ],
    "Olb*Olb": [
      0.1013675297488029
    ],
    "Olb*Oll": [
      -0.0018916151346428
    ],
    "Olb*Olu": [
      0.0040569893565837
    ],
    "Olb*OpD": [
      -0.0026472419646496
    ],
    "Olb*Opdi": [
      0.0080477397459059
    ],
    "Olb*Ope": [
      0.0008980109473572
    ],
    "Olb*Opl1": [
      -0.0051448926708047
    ],
    "Olb*OpQ3": [
      -0.004088683977042
    ],
    "Olb*OpQM": [
      -0.002044341988521
    ],
    "Olb*OpqMi": [
      0.000405210872507
    ],
    "Olb*Opui": [
      -0.0001039871416955
    ],
    "Olb*OpWB": [
      -0.0071170310677877
    ],
    "Olb*Oqe": [
      0.0018105698174583
    ],
    "Olb*OQe": [
      0.0110190589882423
    ],
    "Olb*OQl31": [
      -0.0930879475348562
    ],
    "Olb*OqlM1": [
      0.012437766579639
    ],
    "Olb*OQlM1": [
      -0.0465439737674281
    ],
    "Oll*Olu": [
      -0.0020910381614446
    ],
    "Oll*OpD": [
      -0.000389497707634
    ],
    "Oll*Opdi": [
      4.84851286879e-05
    ],
    "Oll*Ope": [
      0.0001261738791232
    ],
    "Oll*Opl1": [
      -0.0002728851403446
    ],
    "Oll*OpQ3": [
      -0.0008527060523561
    ],
    "Oll*OpQM": [
      -0.000426353026178
    ],
    "Oll*OpqMi": [
      -0.0002088522604747
    ],
    "Oll*Opui": [
      5.35966605956e-05
    ],
    "Oll*OpWB": [
      -0.0009157424832036
    ],
    "Oll*Oqe": [
      -0.0009331970704141
    ],
    "Oll*OQe": [
      0.0022980544212519
    ],
    "Oll*OQl31": [
      -0.0194137421013902
    ],
    "Oll*OqlM1": [
      -0.0064106267666095
    ],
    "Oll*OQlM1": [
      -0.0097068710506951
    ],
    "Olu*Olu": [
      -0.048507267841088
    ],
    "Olu*OpD": [
      -2.64461467339e-05
    ],
    "Olu*Opdi": [
      -0.0001039871416955
    ],
    "Olu*Ope": [
      5.32962535341e-05
    ],
    "Olu*Opl1": [
      -0.0036556125920499
    ],
    "Olu*OpQ3": [
      0.001828817773419
    ],
    "Olu*OpQM": [
      0.0009144088867095
    ],
    "Olu*OpqMi": [
      0.0020028728273066
    ],
    "Olu*Opui": [
      -0.0048335753577973
    ],
    "Olu*OpWB": [
      -0.0010494744267675
    ],
    "Olu*Oqe": [
      0.008949268974184
    ],
    "Olu*OQe": [
      -0.0049286887999178
    ],
    "Olu*OQl31": [
      0.0416370876053886
    ],
    "Olu*OqlM1": [
      0.0614772860378066
    ],
    "Olu*OQlM1": [
      0.0208185438026943
    ],
    "OpD*OpD": [
      0.0003073928109116
    ],
    "OpD*Opdi": [
      6.4514282234e-05
    ],
    "OpD*Ope": [
      0.0002284109364667
    ],
    "OpD*Opl1": [
      3.00787760997e-05
    ],
    "OpD*OpQ3": [
      0.0006652219810434
    ],
    "OpD*OpQM": [
      0.0003326109905217
    ],
    "OpD*OpqMi": [
      0.0005091352494883
    ],
    "OpD*Opui": [
      -3.012905771478689e-06
    ],
    "OpD*OpWB": [
      0.001181218380674
    ],
    "OpD*Oqe": [
      -7.39969783769e-05
    ],
    "OpD*OQe": [
      0.00299098607376
    ],
    "OpD*OQl31": [
      0.0228388229029703
    ],
    "OpD*OqlM1": [
      0.0137388323154986
    ],
    "OpD*OQlM1": [
      0.0114194114514851
    ],
    "Opdi*Opdi": [
      0.0002344396107851
    ],
    "Opdi*Ope": [
      3.91386830978e-05
    ],
    "Opdi*Opl1": [
      8.820137946801362e-07
    ],
    "Opdi*OpQ3": [
      0.0001047995256331
    ],
    "Opdi*OpQM": [
      5.23997628165e-05
    ],
    "Opdi*OpqMi": [
      -1.03862043284e-05
    ],
    "Opdi*Opui": [
      2.6653571620682223e-06
    ],
    "Opdi*OpWB": [
      -6.21883886624e-05
    ],
    "Opdi*Oqe": [
      -4.64078072702e-05
    ],
    "Opdi*OQe": [
      -0.0002824361484957
    ],
    "Opdi*OQl31": [
      0.0023859933412799
    ],
    "Opdi*OqlM1": [
      -0.0003187998986474
    ],
    "Opdi*OQlM1": [
      0.0011929966706399
    ],
    "Ope*Ope": [
      0.0001598078580509
    ],
    "Ope*Opl1": [
      0.0002457141597827
    ],
    "Ope*OpQ3": [
      -0.0003075925640539
    ],
    "Ope*OpQM": [
      -0.0001537962820269
    ],
    "Ope*OpqMi": [
      -0.0001571983891635
    ],
    "Ope*Opui": [
      6.73428700473e-05
    ],
    "Ope*OpWB": [
      -6.034459506218045e-06
    ],
    "Ope*Oqe": [
      0.0055012149663923
    ],