{
  "best_sm": [
    0.120201864031
  ],
  "scales": [
    365.0
  ],
  "theory_cov_current": [
    [
      3.10082770433e-09
    ]
  ],
  "theory_cov_conservative": [
    [
      1.24033108173e-10
    ]
  ],
  "theory_cov_aggressive": [
    [
      3.7985115951e-12
    ]
  ],
  "LO": {
    "SM": [
      0.120201864031
    ],
    "O3pQ3": [
      0.0141461433991
    ],
    "O3pl1": [
      0.00567431271585
    ],
    "OQe": [
      -0.0109666972392
    ],
    "OQl13": [
      0.322068289443
    ],
    "OQl1M": [
      0.185777809402
    ],
    "Oeb": [
      0.0661340352413
    ],
    "Oeu": [
      0.0497310218142
    ],
    "Ol1b": [
      0.031381340471
    ],
    "Ol1u": [
      0.0235979268742
    ],
    "OpD": [
      0.00757561176673
    ],
    "OpQM": [
      0.00718028138974
    ],
    "OpWB": [
      0.0192027995428
    ],
    "Opdi": [
      -0.000804354069318
    ],
    "Ope": [
      -0.00329752421984
    ],
    "Opl1": [
      0.00567431271585
    ],
    "OpqMi": [
      0.00235695381417
    ],
    "Opt": [
      0.00129533856221
    ],
    "Opui": [
      -0.000604852699849
    ],
    "Oqe": [
      0.0105313794042
    ],
    "Oql1M": [
      0.0723456436356
    ],
    "OtW": [
      0.0541539233436
    ],
    "OtZ": [
      -0.0415653106919
    ],
    "Ote": [
      0.0150191941219
    ],
    "Otl1": [
      0.0471830632214
    ],
    "O3pQ3*O3pQ3": [
      1.62040764825e-05
    ],
    "O3pQ3*OQe": [
      -0.006186760456
    ],
    "O3pQ3*OQl13": [
      -0.0113128348032
    ],
    "O3pQ3*OQl1M": [
      -0.00438672830895
    ],
    "O3pQ3*Oeb": [
      -0.00877900902338
    ],
    "O3pQ3*Oeu": [
      0.00255188294777
    ],
    "O3pQ3*Ol1b": [
      -0.00416573811284
    ],
    "O3pQ3*Ol1u": [
      0.00121089704165
    ],
    "O3pQ3*Oll1221": [
      -0.000857597444566
    ],
    "O3pQ3*OpD": [
      0.000715162596154
    ],
    "O3pQ3*OpQM": [
      2.17054028217e-05
    ],
    "O3pQ3*OpWB": [
      0.00217419734407
    ],
    "O3pQ3*Opdi": [
      0.000106774546673
    ],
    "O3pQ3*Ope": [
      -0.000367580763405
    ],
    "O3pQ3*Opl1": [
      -0.000440657144901
    ],
    "O3pQ3*OpqMi": [
      0.000120944031062
    ],
    "O3pQ3*Opt": [
      6.64686199456e-05
    ],
    "O3pQ3*Opui": [
      -3.10372325833e-05
    ],
    "O3pQ3*Oqe": [
      0.000540404088589
    ],
    "O3pQ3*Oql1M": [
      0.0037123229647
    ],
    "O3pQ3*OtW": [
      0.00277883840898
    ],
    "O3pQ3*OtZ": [
      -0.00213287006186
    ],
    "O3pQ3*Ote": [
      0.000770690485954
    ],
    "O3pQ3*Otl1": [
      0.00242113775397
    ],
    "O3pl1*O3pQ3": [
      0.000416940299665
    ],
    "O3pl1*O3pl1": [
      0.000201566338037
    ],
    "O3pl1*O3pl2": [
      0.000344000194787
    ],
    "O3pl1*OQe": [
      0.00237254411291
    ],
    "O3pl1*OQl13": [
      0.0133544500687
    ],
    "O3pl1*OQl1M": [
      0.00797505347022
    ],
    "O3pl1*Oeb": [
      -0.00221627895837
    ],
    "O3pl1*Oeu": [
      0.00200506202893
    ],
    "O3pl1*Ol1b": [
      -0.00315850060393
    ],
    "O3pl1*Ol1u": [
      -0.000632871399635
    ],
    "O3pl1*Oll1221": [
      -0.000344000194787
    ],
    "O3pl1*OpD": [
      0.000634085928621
    ],
    "O3pl1*OpQM": [
      0.000223869887022
    ],
    "O3pl1*OpWB": [
      0.00132006146389
    ],
    "O3pl1*Opdi": [
      -5.07837988299e-05
    ],
    "O3pl1*Ope": [
      7.48761715285e-05
    ],
    "O3pl1*Opl1": [
      5.91324812877e-05
    ],
    "O3pl1*OpqMi": [
      0.000233301999703
    ],
    "O3pl1*Opt": [
      4.63690179353e-05
    ],
    "O3pl1*Opui": [
      -8.28443675216e-05
    ],
    "O3pl1*Oqe": [
      0.000424605571841
    ],
    "O3pl1*Oql1M": [
      0.00666427654662
    ],
    "O3pl1*OtW": [
      0.00208871438025
    ],
    "O3pl1*OtZ": [
      -0.00162412179235
    ],
    "O3pl1*Ote": [
      0.000605545889477
    ],
    "O3pl1*Otl1": [
      0.00174360992159
    ],
    "O3pl2*O3pQ3": [
      0.000857597444566
    ],
    "O3pl2*OQe": [
      -0.000664846330361
    ],
    "O3pl2*OQl13": [
      0.0195251054799
    ],
    "O3pl2*OQl1M": [
      0.0112626155486
    ],
    "O3pl2*Oeb": [
      0.00400931745293
    ],
    "O3pl2*Oeu": [
      0.00301489925701
    ],
    "O3pl2*Ol1b": [
      0.00190246603867
    ],
    "O3pl2*Ol1u": [
      0.0014306034665
    ],
    "O3pl2*OpD": [
      0.000459264769829
    ],
    "O3pl2*OpQM": [
      0.000435298215023
    ],
    "O3pl2*OpWB": [
      0.0011641527554
    ],
    "O3pl2*Opdi": [
      -4.8763254755e-05
    ],
    "O3pl2*Ope": [
      -0.000199909492258
    ],
    "O3pl2*Opl1": [
      0.000344000194787
    ],
    "O3pl2*OpqMi": [
      0.000142888242467
    ],
    "O3pl2*Opt": [
      7.85287558207e-05
    ],
    "O3pl2*Opui": [
      -3.6668660503e-05
    ],
    "O3pl2*Oqe": [
      0.000638455571245
    ],
    "O3pl2*Oql1M": [
      0.00438589072349
    ],
    "O3pl2*OtW": [
      0.00328303375432
    ],
    "O3pl2*OtZ": [
      -0.00251986023513
    ],
    "O3pl2*Ote": [
      0.000910525373241
    ],
    "O3pl2*Otl1": [
      0.0028604315186
    ],
    "OQe*OQe": [
      0.0649334651788
    ],
    "OQe*OQl13": [
      0.146947529846
    ],
    "OQe*OQl1M": [
      0.0812326674225
    ],
    "OQe*Oql1M": [
      0.0226855157661
    ],
    "OQe*OtW": [
      -0.0364872112226
    ],
    "OQe*OtZ": [
      0.0485183216479
    ],
    "OQe*Ote": [
      -0.0232989657515
    ],
    "OQe*Otl1": [
      0.0147952533257
    ],
    "OQl13*OQl13": [
      -0.0606449526423
    ],
    "OQl13*OQl1M": [
      -0.0317376679743
    ],
    "OQl13*Oql1M": [
      0.0845192554159
    ],
    "OQl13*OtW": [
      0.0632664117539
    ],
    "OQl13*OtZ": [
      -0.0485595114545
    ],
    "OQl13*Ote": [
      0.0175464760605
    ],
    "OQl13*Otl1": [
      0.055122564004
    ],
    "OQl1M*OQl1M": [
      -0.00474279765151
    ],
    "OQl1M*OtW": [
      0.0333471461091
    ],
    "OQl1M*OtZ": [
      -0.030149702182
    ],
    "OQl1M*Ote": [
      0.0149566679816
    ],
    "OQl1M*Otl1": [
      0.0189780826363
    ],
    "Oeb*OQe": [
      0.0301744488235
    ],
    "Oeb*OQl13": [
      -0.199873586701
    ],
    "Oeb*OQl1M": [
      -0.0940009237051
    ],
    "Oeb*Oeb": [
      0.085988935577
    ],
    "Oeb*Oeu": [
      0.0119301997751
    ],
    "Oeb*Ol1b": [
      -0.0194750656336
    ],
    "Oeb*Ol1u": [
      0.00566101342015
    ],
    "Oeb*Oll1221": [
      -0.00400931745293
    ],
    "Oeb*OpD": [
      -0.00528207714738
    ],
    "Oeb*OpQM": [
      -0.00436378549417
    ],
    "Oeb*OpWB": [
      -0.0059525071979
    ],
    "Oeb*Opdi": [
      -0.00582137708663
    ],
    "Oeb*Ope": [
      -0.000475698002962
    ],
    "Oeb*Opl1": [
      -0.00622559641129
    ],
    "Oeb*OpqMi": [
      0.00056542031187
    ],
    "Oeb*Opt": [
      0.000310744626991
    ],
    "Oeb*Opui": [
      -0.000145100850143
    ],
    "Oeb*Oqe": [
      0.00252642024267
    ],
    "Oeb*Oql1M": [
      0.0173553236983
    ],
    "Oeb*OtW": [
      0.0129912296295
    ],
    "Oeb*OtZ": [
      -0.0099712903974
    ],
    "Oeb*Ote": [
      0.00360302241537
    ],
    "Oeb*Otl1": [
      0.0113189584629
    ],
    "Oeu*OQe": [
      0.0155942199521
    ],
    "Oeu*OQl13": [
      0.0580992679529
    ],
    "Oeu*OQl1M": [
      0.0495239874803
    ],
    "Oeu*Oeu": [
      -0.0194712022153
    ],
    "Oeu*Ol1b": [
      0.00566101342015
    ],
    "Oeu*Ol1u": [
      0.0195263031171
    ],
    "Oeu*Oll1221": [
      -0.00301489925701
    ],
    "Oeu*OpD": [
      0.000929926443938
    ],
    "Oeu*OpQM": [
      0.00136465303395
    ],
    "Oeu*OpWB": [
      0.00794931752515
    ],
    "Oeu*Opdi": [
      -0.000145100850143
    ],
    "Oeu*Ope": [
      -0.00249142189167
    ],
    "Oeu*Opl1": [
      -0.00100983722807
    ],
    "Oeu*OpqMi": [
      0.00195028126215
    ],
    "Oeu*Opt": [
      0.00107183879074
    ],
    "Oeu*Opui": [
      0.00187595323076
    ],
    "Oeu*Oqe": [
      0.00871427848657
    ],
    "Oeu*Oql1M": [
      0.0598630114568
    ],