{
  "best_sm": [
    0.5064487164430319
  ],
  "scales": [
    240.0
  ],
  "theory_cov": [
    [
      0.0
    ]
  ],
  "LO": {
    "SM": [
      0.5064487164430319
    ],
    "OpD": [
      0.0247669302002439
    ],
    "OpWB": [
      0.077872814724694
    ],
    "Opl1": [
      0.0208506930199836
    ],
    "Opl3": [
      0.0208506930199836
    ],
    "O3pl1": [
      0.0208506930199833
    ],
    "O3pl2": [
      -1.2519018144727813e-17
    ],
    "O3pl3": [
      0.0208506930199836
    ],
    "Ope": [
      -0.0220131748022742
    ],
    "Opta": [
      -0.0220131748022742
    ],
    "Oll": [
      8.763312701309466e-17
    ],
    "Oll1331": [
      0.1561291008991057
    ],
    "cll1133": [
      0.1561291008991057
    ],
    "OpD*OpD": [
      0.00202968020091
    ],
    "OpD*OpWB": [
      0.0083861409844464
    ],
    "OpD*Opl1": [
      0.0007439425746222
    ],
    "OpD*Opl3": [
      0.0007439425746222
    ],
    "OpD*O3pl1": [
      0.0022454158348734
    ],
    "OpD*O3pl2": [
      0.0015014732602512
    ],
    "OpD*O3pl3": [
      0.0007439425746222
    ],
    "OpD*Ope": [
      -0.0002276630285485
    ],
    "OpD*Opta": [
      -0.0002276630285485
    ],
    "OpD*Oll": [
      -0.0015014732602512
    ],
    "OpD*Oll1331": [
      0.0035400154981954
    ],
    "OpD*cll1133": [
      0.0035400154981954
    ],
    "OpWB*OpWB": [
      0.0085828506074718
    ],
    "OpWB*Opl1": [
      -0.000124799667041
    ],
    "OpWB*Opl3": [
      -0.000124799667041
    ],
    "OpWB*O3pl1": [
      0.00459617092012
    ],
    "OpWB*O3pl2": [
      0.0047209705871613
    ],
    "OpWB*O3pl3": [
      -0.000124799667041
    ],
    "OpWB*Ope": [
      0.0004347695907372
    ],
    "OpWB*Opta": [
      0.0004347695907372
    ],
    "OpWB*Oll": [
      -0.0047209705871612
    ],
    "OpWB*Oll1331": [
      -0.0175529755319201
    ],
    "OpWB*cll1133": [
      -0.0175529755319201
    ],
    "Opl1*Opl1": [
      -0.0009135152219843
    ],
    "Opl1*Opl3": [
      -0.0007679102519068
    ],
    "Opl1*O3pl1": [
      -0.0005629756025291
    ],
    "Opl1*O3pl2": [
      0.0012640548414395
    ],
    "Opl1*O3pl3": [
      -0.0007679102519068
    ],
    "Opl1*Ope": [
      0.0007923922224049
    ],
    "Opl1*Opta": [
      0.0021094881948348
    ],
    "Opl1*Oll": [
      -0.0012640548414395
    ],
    "Opl1*Oll1331": [
      -0.0141650536383935
    ],
    "Opl1*cll1133": [
      -0.0141650536383935
    ],
    "Opl3*Opl3": [
      -0.0009135152219843
    ],
    "Opl3*O3pl1": [
      0.0004961445895326
    ],
    "Opl3*O3pl2": [
      0.0012640548414395
    ],
    "Opl3*O3pl3": [
      -0.0018270304439687
    ],
    "Opl3*Ope": [
      0.0021094881948348
    ],
    "Opl3*Opta": [
      0.0007923922224049
    ],
    "Opl3*Oll": [
      -0.0012640548414395
    ],
    "Opl3*Oll1331": [
      -0.0141650536383935
    ],
    "Opl3*cll1133": [
      -0.0141650536383935
    ],
    "O3pl1*O3pl1": [
      0.0003505396194551
    ],
    "O3pl1*O3pl2": [
      0.0012640548414394
    ],
    "O3pl1*O3pl3": [
      0.0004961445895326
    ],
    "O3pl1*Ope": [
      -0.0005421370499603
    ],
    "O3pl1*Opta": [
      0.0007749589224696
    ],
    "O3pl1*Oll": [
      -0.0012640548414394
    ],
    "O3pl1*Oll1331": [
      -0.0046998648462526
    ],
    "O3pl1*cll1133": [
      -0.0046998648462526
    ],
    "O3pl2*O3pl2": [
      -9.984214490863768e-18
    ],
    "O3pl2*O3pl3": [
      0.0012640548414395
    ],
    "O3pl2*Ope": [
      -0.0013345292723652
    ],
    "O3pl2*Opta": [
      -0.0013345292723652
    ],
    "O3pl2*Oll": [
      2.2595853847744323e-17
    ],
    "O3pl2*Oll1331": [
      0.0094651887921406
    ],
    "O3pl2*cll1133": [
      0.0094651887921406
    ],
    "O3pl3*O3pl3": [
      -0.0009135152219843
    ],
    "O3pl3*Ope": [
      0.0021094881948348
    ],
    "O3pl3*Opta": [
      0.0007923922224049
    ],
    "O3pl3*Oll": [
      -0.0012640548414395
    ],
    "O3pl3*Oll1331": [
      -0.0141650536383935
    ],
    "O3pl3*cll1133": [
      -0.0141650536383935
    ],
    "Ope*Ope": [
      -0.0009875292835399
    ],
    "Ope*Opta": [
      -0.0003371502224055
    ],
    "Ope*Oll": [
      0.0013345292723652
    ],
    "Ope*Oll1331": [
      0.0188171117386233
    ],
    "Ope*cll1133": [
      0.0188171117386233
    ],
    "Opta*Opta": [
      -0.0009875292835399
    ],
    "Opta*Oll": [
      0.0013345292723652
    ],
    "Opta*Oll1331": [
      0.0188171117386233
    ],
    "Opta*cll1133": [
      0.0188171117386233
    ],
    "Oll*Oll": [
      -1.8391974062117468e-17
    ],
    "Oll*Oll1331": [
      -0.0094651887921407
    ],
    "Oll*cll1133": [
      -0.0094651887921407
    ],
    "Oll1331*Oll1331": [
      -0.0582126993489908
    ],
    "Oll1331*cll1133": [
      -0.1164253986979817
    ],
    "cll1133*cll1133": [
      -0.0582126993489908
    ]
  },
  "NLO_QCD": {
    "SM": [
      0.5064487164430319
    ],
    "OpD": [
      0.0247669302002439
    ],
    "OpWB": [
      0.077872814724694
    ],
    "Opl1": [
      0.0208506930199836
    ],
    "Opl3": [
      0.0208506930199836
    ],
    "O3pl1": [
      0.0208506930199833
    ],
    "O3pl2": [
      -1.2519018144727813e-17
    ],
    "O3pl3": [
      0.0208506930199836
    ],
    "Ope": [
      -0.0220131748022742
    ],
    "Opta": [
      -0.0220131748022742
    ],
    "Oll": [
      8.763312701309466e-17
    ],
    "Oll1331": [
      0.1561291008991057
    ],
    "cll1133": [
      0.1561291008991057
    ],
    "OpD*OpD": [
      0.00202968020091
    ],
    "OpD*OpWB": [
      0.0083861409844464
    ],
    "OpD*Opl1": [
      0.0007439425746222
    ],
    "OpD*Opl3": [
      0.0007439425746222
    ],
    "OpD*O3pl1": [
      0.0022454158348734
    ],
    "OpD*O3pl2": [
      0.0015014732602512
    ],
    "OpD*O3pl3": [
      0.0007439425746222
    ],
    "OpD*Ope": [
      -0.0002276630285485
    ],
    "OpD*Opta": [
      -0.0002276630285485
    ],
    "OpD*Oll": [
      -0.0015014732602512
    ],
    "OpD*Oll1331": [
      0.0035400154981954
    ],
    "OpD*cll1133": [
      0.0035400154981954
    ],
    "OpWB*OpWB": [
      0.0085828506074718
    ],
    "OpWB*Opl1": [
      -0.000124799667041
    ],
    "OpWB*Opl3": [
      -0.000124799667041
    ],
    "OpWB*O3pl1": [
      0.00459617092012
    ],
    "OpWB*O3pl2": [
      0.0047209705871613
    ],
    "OpWB*O3pl3": [
      -0.000124799667041
    ],
    "OpWB*Ope": [
      0.0004347695907372
    ],
    "OpWB*Opta": [
      0.0004347695907372
    ],
    "OpWB*Oll": [
      -0.0047209705871612
    ],
    "OpWB*Oll1331": [
      -0.0175529755319201
    ],
    "OpWB*cll1133": [
      -0.0175529755319201
    ],
    "Opl1*Opl1": [
      -0.0009135152219843
    ],
    "Opl1*Opl3": [
      -0.0007679102519068
    ],
    "Opl1*O3pl1": [
      -0.0005629756025291
    ],
    "Opl1*O3pl2": [
      0.0012640548414395
    ],
    "Opl1*O3pl3": [
      -0.0007679102519068
    ],
    "Opl1*Ope": [
      0.0007923922224049
    ],
    "Opl1*Opta": [
      0.0021094881948348
    ],
    "Opl1*Oll": [
      -0.0012640548414395
    ],
    "Opl1*Oll1331": [
      -0.0141650536383935
    ],
    "Opl1*cll1133": [
      -0.0141650536383935
    ],
    "Opl3*Opl3": [
      -0.0009135152219843
    ],
    "Opl3*O3pl1": [
      0.0004961445895326
    ],
    "Opl3*O3pl2": [
      0.0012640548414395
    ],
    "Opl3*O3pl3": [
      -0.0018270304439687
    ],
    "Opl3*Ope": [
      0.0021094881948348
    ],
    "Opl3*Opta": [
      0.0007923922224049
    ],
    "Opl3*Oll": [
      -0.0012640548414395
    ],
    "Opl3*Oll1331": [
      -0.0141650536383935
    ],
    "Opl3*cll1133": [
      -0.0141650536383935
    ],
    "O3pl1*O3pl1": [
      0.0003505396194551
    ],
    "O3pl1*O3pl2": [
      0.0012640548414394
    ],
    "O3pl1*O3pl3": [
      0.0004961445895326
    ],
    "O3pl1*Ope": [
      -0.0005421370499603
    ],
    "O3pl1*Opta": [
      0.0007749589224696
    ],
    "O3pl1*Oll": [
      -0.0012640548414394
    ],