{
  "best_sm": [
    0.6197858139000213
  ],
  "scales": [
    240.0
  ],
  "theory_cov": [
    [
      0.0
    ]
  ],
  "LO": {
    "SM": [
      0.6197858139000213
    ],
    "O3pl1": [
      0.0177921318217293
    ],
    "O3pl2": [
      0.0
    ],
    "O3pq": [
      0.0
    ],
    "Oeu": [
      -0.035322334098182
    ],
    "Ol1u": [
      0.2306274108723949
    ],
    "Oll1221": [
      0.0
    ],
    "OpD": [
      0.016718751442762
    ],
    "OpWB": [
      0.0539082925962556
    ],
    "Ope": [
      -0.011489332756229
    ],
    "Opl1": [
      0.0177921318217293
    ],
    "OpqMi": [
      -0.0110761006706952
    ],
    "Opui": [
      0.0242237869698279
    ],
    "Oqe": [
      0.0819549652957836
    ],
    "Oql13": [
      0.0
    ],
    "Oql1M": [
      -0.0525369453130533
    ],
    "O3pl1*O3pl1": [
      -0.0002964319763852
    ],
    "O3pl1*O3pl2": [
      0.0010786322712262
    ],
    "O3pl1*O3pq": [
      0.0
    ],
    "O3pl1*Oeu": [
      0.0070984452258526
    ],
    "O3pl1*Ol1u": [
      -0.0151151466811288
    ],
    "O3pl1*Oll1221": [
      -0.0010786322712262
    ],
    "O3pl1*OpD": [
      0.0001573821146964
    ],
    "O3pl1*OpWB": [
      -0.0002932093551055
    ],
    "O3pl1*Ope": [
      0.0002331954676779
    ],
    "O3pl1*Opl1": [
      -0.0016714962239968
    ],
    "O3pl1*OpqMi": [
      0.0006427837872173
    ],
    "O3pl1*Opui": [
      -0.0019473237551799
    ],
    "O3pl1*Oqe": [
      0.0010344872557744
    ],
    "O3pl1*Oql13": [
      0.0
    ],
    "O3pl1*Oql1M": [
      0.0077053196338037
    ],
    "O3pl2*O3pl2": [
      0.0
    ],
    "O3pl2*O3pq": [
      0.0
    ],
    "O3pl2*Oeu": [
      -0.0021413852952014
    ],
    "O3pl2*Ol1u": [
      0.013981583010335
    ],
    "O3pl2*Oll1221": [
      0.0
    ],
    "O3pl2*OpD": [
      0.0010135595341503
    ],
    "O3pl2*OpWB": [
      0.0032681426072853
    ],
    "O3pl2*Ope": [
      -0.0006965306467992
    ],
    "O3pl2*Opl1": [
      0.0010786322712262
    ],
    "O3pl2*OpqMi": [
      -0.0006714788167302
    ],
    "O3pl2*Opui": [
      0.0014685456818084
    ],
    "O3pl2*Oqe": [
      0.0049684473586972
    ],
    "O3pl2*Oql13": [
      0.0
    ],
    "O3pl2*Oql1M": [
      -0.0031850058899126
    ],
    "O3pq*O3pq": [
      0.0
    ],
    "O3pq*Oeu": [
      0.0
    ],
    "O3pq*Ol1u": [
      0.0
    ],
    "O3pq*Oll1221": [
      0.0
    ],
    "O3pq*OpD": [
      0.0
    ],
    "O3pq*OpWB": [
      0.0
    ],
    "O3pq*Ope": [
      0.0
    ],
    "O3pq*Opl1": [
      0.0
    ],
    "O3pq*OpqMi": [
      0.0
    ],
    "O3pq*Opui": [
      0.0
    ],
    "O3pq*Oqe": [
      0.0
    ],
    "O3pq*Oql13": [
      0.0
    ],
    "O3pq*Oql1M": [
      0.0
    ],
    "Oeu*Oeu": [
      -0.0020105125451235
    ],
    "Oeu*Ol1u": [
      0.0855273614932263
    ],
    "Oeu*Oll1221": [
      0.0021413852952014
    ],
    "Oeu*OpD": [
      0.0078747228684554
    ],
    "Oeu*OpWB": [
      0.0208174282312375
    ],
    "Oeu*Ope": [
      -0.0038056613618343
    ],
    "Oeu*Opl1": [
      0.0092398305210541
    ],
    "Oeu*OpqMi": [
      -0.0061908048806982
    ],
    "Oeu*Opui": [
      0.0083006301962565
    ],
    "Oeu*Oqe": [
      0.0303927096805312
    ],
    "Oeu*Oql13": [
      0.0
    ],
    "Oeu*Oql1M": [
      -0.0417601110625876
    ],
    "Ol1u*Ol1u": [
      -0.1397448796496156
    ],
    "Ol1u*Oll1221": [
      -0.013981583010335
    ],
    "Ol1u*OpD": [
      -0.0062680253058698
    ],
    "Ol1u*OpWB": [
      -0.0203357824581779
    ],
    "Ol1u*Ope": [
      0.0009133732662476
    ],
    "Ol1u*Opl1": [
      -0.0290967296914638
    ],
    "Ol1u*OpqMi": [
      0.0097563767751929
    ],
    "Ol1u*Opui": [
      -0.0325686564541008
    ],
    "Ol1u*Oqe": [
      0.0284558708995988
    ],
    "Ol1u*Oql13": [
      0.0
    ],
    "Ol1u*Oql1M": [
      0.1272097789758076
    ],
    "Oll1221*Oll1221": [
      0.0
    ],
    "Oll1221*OpD": [
      -0.0010135595341503
    ],
    "Oll1221*OpWB": [
      -0.0032681426072853
    ],
    "Oll1221*Ope": [
      0.0006965306467992
    ],
    "Oll1221*Opl1": [
      -0.0010786322712263
    ],
    "Oll1221*OpqMi": [
      0.0006714788167302
    ],
    "Oll1221*Opui": [
      -0.0014685456818084
    ],
    "Oll1221*Oqe": [
      -0.0049684473586972
    ],
    "Oll1221*Oql13": [
      0.0
    ],
    "Oll1221*Oql1M": [
      0.0031850058899126
    ],
    "OpD*OpD": [
      0.0004722421329462
    ],
    "OpD*OpWB": [
      0.0008926541413844
    ],
    "OpD*Ope": [
      0.0008135131947618
    ],
    "OpD*Opl1": [
      -0.0008561774194539
    ],
    "OpD*OpqMi": [
      0.0006929196962353
    ],
    "OpD*Opui": [
      -0.0011783449127626
    ],
    "OpD*Oqe": [
      -0.0035310748335961
    ],
    "OpD*Oql13": [
      0.0
    ],
    "OpD*Oql1M": [
      0.0045701173213654
    ],
    "OpWB*OpWB": [
      -0.0023067692782041
    ],
    "OpWB*Oqe": [
      -0.0457575626211958
    ],
    "OpWB*Oql13": [
      0.0
    ],
    "OpWB*Oql1M": [
      0.0214351209055182
    ],
    "Ope*OpWB": [
      0.0064697388529097
    ],
    "Ope*Ope": [
      -0.0026427618436703
    ],
    "Ope*Opl1": [
      0.0009297261144771
    ],
    "Ope*OpqMi": [
      -0.0039279213564257
    ],
    "Ope*Opui": [
      0.0003716014197171
    ],
    "Ope*Oqe": [
      0.0429632541419969
    ],
    "Ope*Oql13": [
      0.0
    ],
    "Ope*Oql1M": [
      -0.0074541200637235
    ],
    "Opl1*OpWB": [
      -0.0035613519623909
    ],
    "Opl1*Opl1": [
      -0.0013750642476115
    ],
    "Opl1*OpqMi": [
      0.0013142626039476
    ],
    "Opl1*Opui": [
      -0.0034158694369884
    ],
    "Opl1*Oqe": [
      -0.0039339601029227
    ],
    "Opl1*Oql13": [
      0.0
    ],
    "Opl1*Oql1M": [
      0.0108903255237164
    ],
    "OpqMi*OpWB": [
      0.0054455124014146
    ],
    "OpqMi*OpqMi": [
      -0.0014724007239517
    ],
    "OpqMi*Opui": [
      0.0013779339579487
    ],
    "OpqMi*Oqe": [
      0.0305063995253063
    ],
    "OpqMi*Oql13": [
      0.0
    ],
    "OpqMi*Oql1M": [
      -0.0069583294110343
    ],
    "Opui*OpWB": [
      -0.0034672083051038
    ],
    "Opui*Opui": [
      -0.0018349626217314
    ],
    "Opui*Oqe": [
      0.0003755723937078
    ],
    "Opui*Oql13": [
      0.0
    ],
    "Opui*Oql1M": [
      0.015036616716394
    ],
    "Oqe*Oqe": [
      -0.1747273653794348
    ],
    "Oqe*Oql13": [
      0.0
    ],
    "Oqe*Oql1M": [
      0.0452048305178042
    ],
    "Oql13*Oql13": [
      0.0
    ],
    "Oql13*Oql1M": [
      0.0
    ],
    "Oql1M*Oql1M": [
      -0.0190282685820397
    ]
  }
}
