{
  "best_sm": [
    5.310973912979926
  ],
  "scales": [
    365.0
  ],
  "theory_cov": [
    [
      4.096597911723824e-07
    ]
  ],
  "LO": {
    "SM": [
      5.310973912979926
    ],
    "O3pQ3": [
      0.352504483772173
    ],
    "O3pl1": [
      -0.2853890205260048
    ],
    "O3pl2": [
      -0.6439462017907147
    ],
    "OQe": [
      -2.1499191124573422
    ],
    "OQl13": [
      8.02554540175667
    ],
    "OQl1M": [
      2.9195038178221995
    ],
    "Oeb": [
      1.6479787667020966
    ],
    "Oeu": [
      -2.197305022269462
    ],
    "Ol1b": [
      0.7819843833528104
    ],
    "Ol1u": [
      -1.042645844470414
    ],
    "Oll1221": [
      0.6439462017907147
    ],
    "OpD": [
      -0.4951689937895846
    ],
    "OpQM": [
      0.1715153114540571
    ],
    "OpWB": [
      -1.2029864988969323
    ],
    "Opdi": [
      -0.0200435134845582
    ],
    "Ope": [
      -0.0488215078170325
    ],
    "Opl1": [
      0.3585571812647097
    ],
    "OpqMi": [
      -0.1041391522676855
    ],
    "Opt": [
      -0.0572329669578883
    ],
    "Opui": [
      0.0267246846460775
    ],
    "Oqe": [
      -0.4653162555708902
    ],
    "Oql1M": [
      -3.196504722820764
    ],
    "OtW": [
      -2.392725574452895
    ],
    "OtZ": [
      1.8365129571761905
    ],
    "Ote": [
      -0.6636049184321078
    ],
    "Otl1": [
      -2.084726554979325
    ],
    "O3pQ3*O3pQ3": [
      0.023800513459431
    ],
    "O3pQ3*OQe": [
      -0.3150008659807022
    ],
    "O3pQ3*OQl13": [
      0.783454748582283
    ],
    "O3pQ3*OQl1M": [
      0.3917273742911415
    ],
    "O3pQ3*Oll1221": [
      0.0213702728688346
    ],
    "O3pQ3*OpD": [
      -0.0025152765469409
    ],
    "O3pQ3*OpQM": [
      0.023800513459431
    ],
    "O3pQ3*OpWB": [
      0.0060927595510025
    ],
    "O3pQ3*Ope": [
      -0.0178539564391618
    ],
    "O3pQ3*Opl1": [
      0.022202743649123
    ],
    "O3pl1*O3pQ3": [
      0.0008324707802883
    ],
    "O3pl1*O3pl1": [
      0.0115136325029583
    ],
    "O3pl1*O3pl2": [
      0.0173014572102632
    ],
    "O3pl1*OQe": [
      0.1303369466041475
    ],
    "O3pl1*OQl13": [
      0.1151863527035829
    ],
    "O3pl1*OQl1M": [
      0.110607219331388
    ],
    "O3pl1*Oeb": [
      -0.0999072566385596
    ],
    "O3pl1*Oeu": [
      0.1332096755180795
    ],
    "O3pl1*Ol1b": [
      -0.0999072566385596
    ],
    "O3pl1*Ol1u": [
      0.1332096755180795
    ],
    "O3pl1*Oll1221": [
      -0.0173014572102632
    ],
    "O3pl1*OpD": [
      0.0367119903647901
    ],
    "O3pl1*OpQM": [
      0.0002139730573068
    ],
    "O3pl1*OpWB": [
      0.0760837789607133
    ],
    "O3pl1*Opdi": [
      -0.0007220462315044
    ],
    "O3pl1*Ope": [
      0.0029597607745388
    ],
    "O3pl1*Opl1": [
      0.0057258077956534
    ],
    "O3pl1*OpqMi": [
      0.0002038738942402
    ],
    "O3pl1*Opt": [
      0.0037284655664942
    ],
    "O3pl1*Opui": [
      0.0009627283086726
    ],
    "O3pl1*Oqe": [
      0.0282093868578454
    ],
    "O3pl1*Oql1M": [
      0.0282093868578455
    ],
    "O3pl1*OtW": [
      0.1492397880247545
    ],
    "O3pl1*OtZ": [
      -0.1136218957283051
    ],
    "O3pl1*Ote": [
      0.040230461843318
    ],
    "O3pl1*Otl1": [
      0.1333976966119659
    ],
    "O3pl2*O3pQ3": [
      -0.0213702728688346
    ],
    "O3pl2*O3pl2": [
      0.0195193347583222
    ],
    "O3pl2*OQe": [
      0.1303369466041475
    ],
    "O3pl2*OQl13": [
      -0.4865415989080269
    ],
    "O3pl2*OQl1M": [
      -0.1769923393904649
    ],
    "O3pl2*Oeb": [
      -0.0999072566385596
    ],
    "O3pl2*Oeu": [
      0.1332096755180795
    ],
    "O3pl2*Ol1b": [
      -0.0474071123084426
    ],
    "O3pl2*Ol1u": [
      0.0632094830779235
    ],
    "O3pl2*Oll1221": [
      -0.0390386695166445
    ],
    "O3pl2*OpD": [
      0.0300191827355844
    ],
    "O3pl2*OpQM": [
      -0.0103979642123511
    ],
    "O3pl2*OpWB": [
      0.0729299935814915
    ],
    "O3pl2*Opdi": [
      0.0012151202952981
    ],
    "O3pl2*Ope": [
      0.0029597607745388
    ],
    "O3pl2*Opl1": [
      -0.0217372123063813
    ],
    "O3pl2*OpqMi": [
      0.0063133440927461
    ],
    "O3pl2*Opt": [
      0.0034696980529006
    ],
    "O3pl2*Opui": [
      -0.0016201603937309
    ],
    "O3pl2*Oqe": [
      0.0282093868578454
    ],
    "O3pl2*Oql1M": [
      0.193785274508304
    ],
    "O3pl2*OtW": [
      0.1450568738278674
    ],
    "O3pl2*OtZ": [
      -0.1113369753542519
    ],
    "O3pl2*Ote": [
      0.040230461843318
    ],
    "O3pl2*Otl1": [
      0.1263847054087622
    ],
    "OQe*OQe": [
      4.294966126636195
    ],
    "OQe*OtW": [
      2.362433287619094
    ],
    "OQe*OtZ": [
      -2.71960104365618
    ],
    "OQe*Ote": [
      1.2375240498524942
    ],
    "OQl13*OQl13": [
      10.616404632123622
    ],
    "OQl13*OQl1M": [
      10.616404632123622
    ],
    "OQl1M*OQl1M": [
      3.0574420767837016
    ],
    "OQl1M*OtW": [
      0.9093611616909516
    ],
    "OQl1M*OtZ": [
      -0.4967392941664079
    ],
    "OQl1M*Otl1": [
      1.2375240498524942
    ],
    "Oeb*Oeb": [
      2.654101158030905
    ],
    "Oeb*Oll1221": [
      0.0999072566385596
    ],
    "Oeb*OpD": [
      -0.2266959939963433
    ],
    "Oeb*OpWB": [
      -0.373131927960882
    ],
    "Oeb*Opdi": [
      -0.1575004329903511
    ],
    "Oeb*Ope": [
      -0.052500144330117
    ],
    "Oeu*Oeu": [
      1.7694007720206035
    ],
    "Oeu*Oll1221": [
      -0.1332096755180795
    ],
    "Oeu*OpD": [
      0.3022613253284577
    ],
    "Oeu*OpWB": [
      0.4975092372811761
    ],
    "Oeu*Ope": [
      0.070000192440156
    ],
    "Oeu*Opui": [
      -0.1050002886602341
    ],
    "Ol1b*Ol1b": [
      2.654101158030905
    ],
    "Ol1b*Oll1221": [
      0.0474071123084426
    ],
    "Ol1b*OpD": [
      -0.1089079539510359
    ],
    "Ol1b*OpWB": [
      -0.2750936035627297
    ],
    "Ol1b*Opdi": [
      0.1958636871455707
    ],
    "Ol1b*Opl1": [
      -0.052500144330117
    ],
    "Ol1u*Ol1u": [
      1.7694007720206035
    ],
    "Ol1u*Oll1221": [
      -0.0632094830779235
    ],
    "Ol1u*OpD": [
      0.145210605268048
    ],
    "Ol1u*OpWB": [
      0.3667914714169729
    ],
    "Ol1u*Opl1": [
      0.070000192440156
    ],
    "Ol1u*Opui": [
      0.1305757914303805
    ],
    "Oll1221*OQe": [
      -0.1303369466041475
    ],
    "Oll1221*OQl13": [
      0.4865415989080269
    ],
    "Oll1221*OQl1M": [
      0.1769923393904649
    ],
    "Oll1221*Oll1221": [
      0.0195193347583222
    ],
    "Oll1221*OpD": [
      -0.0300191827355844
    ],
    "Oll1221*OpQM": [
      0.0103979642123511
    ],
    "Oll1221*OpWB": [
      -0.0729299935814915
    ],
    "Oll1221*Opdi": [
      -0.0012151202952981
    ],
    "Oll1221*Ope": [
      -0.0029597607745388
    ],
    "Oll1221*Opl1": [
      0.0217372123063813
    ],
    "Oll1221*OpqMi": [
      -0.0063133440927461
    ],
    "Oll1221*Opt": [
      -0.0034696980529006
    ],
    "Oll1221*Opui": [
      0.0016201603937309
    ],
    "Oll1221*Oqe": [
      -0.0282093868578454
    ],
    "Oll1221*Oql1M": [
      -0.193785274508304
    ],
    "Oll1221*OtW": [
      -0.1450568738278674
    ],
    "Oll1221*OtZ": [
      0.111336975354252
    ],
    "Oll1221*Ote": [
      -0.040230461843318
    ],
    "Oll1221*Otl1": [
      -0.1263847054087622
    ],
    "OpD*OQe": [
      0.2942103343484179
    ],
    "OpD*OQl13": [
      0.13554821223385
    ],
    "OpD*OQl1M": [
      0.1248055330291468
    ],
    "OpD*OpD": [
      0.0332219966204388
    ],
    "OpD*OpQM": [
      -0.0041244439965313
    ],
    "OpD*OpWB": [
      0.1294235315541556
    ],
    "OpD*Opdi": [
      0.0027078100900148
    ],
    "OpD*Ope": [
      0.006265515364973
    ],
    "OpD*Opl1": [
      0.0066928076292057
    ],
    "OpD*OpqMi": [
      -0.0009667812110295
    ],
    "OpD*Opt": [
      0.0025863279744426
    ],
    "OpD*Opui": [
      -0.003610413453353
    ],
    "OpD*Oqe": [
      0.0666852452378431
    ],