{
  "best_sm": [
    0.474242656431
  ],
  "scales": [
    365.0
  ],
  "theory_cov_current": [
    [
      0.0
    ]
  ],
  "theory_cov_conservative": [
    [
      0.0
    ]
  ],
  "theory_cov_aggressive": [
    [
      0.0
    ]
  ],
  "LO": {
    "SM": [
      0.474242656431
    ],
    "O3pl1": [
      0.0208302195927
    ],
    "O3pl2": [
      0.0
    ],
    "O3pl3": [
      0.0208302195927
    ],
    "Oee1133": [
      0.739533076709
    ],
    "Ole1133": [
      -0.442691559499
    ],
    "Ole3311": [
      -0.442691559499
    ],
    "Oll1133": [
      0.41709525823
    ],
    "Oll1221": [
      0.0
    ],
    "Oll1331": [
      0.41709525823
    ],
    "OpD": [
      0.0249139035243
    ],
    "OpWB": [
      0.0777963509157
    ],
    "Ope": [
      -0.0218202677975
    ],
    "Opl1": [
      0.0208302195927
    ],
    "Opl3": [
      0.0208302195927
    ],
    "Opta": [
      -0.0218202677975
    ],
    "O3pl1*O3pl1": [
      0.000504543705402
    ],
    "O3pl1*O3pl2": [
      0.001262813658
    ],
    "O3pl1*O3pl3": [
      0.00062813030053
    ],
    "O3pl1*Oee1133": [
      -0.0369447306254
    ],
    "O3pl1*Ole1133": [
      0.0047038216683
    ],
    "O3pl1*Ole3311": [
      -0.0250171948407
    ],
    "O3pl1*Oll1133": [
      -0.00618773507619
    ],
    "O3pl1*Oll1221": [
      -0.001262813658
    ],
    "O3pl1*Oll1331": [
      -0.00618773507619
    ],
    "O3pl1*OpD": [
      0.00252109644985
    ],
    "O3pl1*OpWB": [
      0.0054154939911
    ],
    "O3pl1*Ope": [
      -0.00064904407384
    ],
    "O3pl1*Opl1": [
      -0.000253726247197
    ],
    "O3pl1*Opl3": [
      0.00062813030053
    ],
    "O3pl1*Opta": [
      0.000447611165082
    ],
    "O3pl2*O3pl2": [
      0.0
    ],
    "O3pl2*O3pl3": [
      0.001262813658
    ],
    "O3pl2*Oee1133": [
      0.0448335393516
    ],
    "O3pl2*Ole1133": [
      -0.0268377846488
    ],
    "O3pl2*Ole3311": [
      -0.0268377846488
    ],
    "O3pl2*Oll1133": [
      0.0252860315004
    ],
    "O3pl2*Oll1221": [
      0.0
    ],
    "O3pl2*Oll1331": [
      0.0252860315004
    ],
    "O3pl2*OpD": [
      0.00151038338816
    ],
    "O3pl2*OpWB": [
      0.0047163350363
    ],
    "O3pl2*Ope": [
      -0.00132283445565
    ],
    "O3pl2*Opl1": [
      0.001262813658
    ],
    "O3pl2*Opl3": [
      0.001262813658
    ],
    "O3pl2*Opta": [
      -0.00132283445565
    ],
    "O3pl3*O3pl3": [
      -0.000758269952599
    ],
    "O3pl3*Oee1133": [
      -0.081778269977
    ],
    "O3pl3*Ole1133": [
      0.00182058980812
    ],
    "O3pl3*Ole3311": [
      0.0315416063171
    ],
    "O3pl3*Oll1133": [
      -0.0314737665765
    ],
    "O3pl3*Oll1221": [
      -0.001262813658
    ],
    "O3pl3*Oll1331": [
      -0.0314737665765
    ],
    "O3pl3*OpD": [
      0.00101071306169
    ],
    "O3pl3*OpWB": [
      0.000699158954798
    ],
    "O3pl3*Ope": [
      0.00177044562073
    ],
    "O3pl3*Opl1": [
      -0.000634683357472
    ],
    "O3pl3*Opl3": [
      -0.0015165399052
    ],
    "O3pl3*Opta": [
      0.000673790381806
    ],
    "Oee1133*Oee1133": [
      -0.745000734972
    ],
    "Oee1133*Ole1133": [
      1.11981830341
    ],
    "Oee1133*Ole3311": [
      1.11981830341
    ],
    "Oee1133*Oll1133": [
      -2.63166427829
    ],
    "Oee1133*Oll1221": [
      -0.0448335393516
    ],
    "Oee1133*Oll1331": [
      -2.63166427829
    ],
    "Oee1133*OpD": [
      -0.0529331506943
    ],
    "Oee1133*OpWB": [
      -0.137980553466
    ],
    "Oee1133*Ope": [
      0.0523719132118
    ],
    "Oee1133*Opl1": [
      -0.081778269977
    ],
    "Oee1133*Opl3": [
      -0.081778269977
    ],
    "Oee1133*Opta": [
      0.0523719132118
    ],
    "Ole1133*Ole1133": [
      -0.335166963254
    ],
    "Ole1133*Ole3311": [
      0.331346930321
    ],
    "Ole1133*Oll1133": [
      0.631575407704
    ],
    "Ole1133*Oll1221": [
      0.0268377846488
    ],
    "Ole1133*Oll1331": [
      0.631575407704
    ],
    "Ole1133*OpD": [
      -0.0239289971506
    ],
    "Ole1133*OpWB": [
      -0.0379330208346
    ],
    "Ole1133*Ope": [
      0.00391956887544
    ],
    "Ole1133*Opl1": [
      0.0315416063171
    ],
    "Ole1133*Opl3": [
      0.00182058980812
    ],
    "Ole1133*Opta": [
      -0.0330407604941
    ],
    "Ole3311*Ole3311": [
      -0.335166963254
    ],
    "Ole3311*Oll1133": [
      0.631575407704
    ],
    "Ole3311*Oll1221": [
      0.0268377846488
    ],
    "Ole3311*Oll1331": [
      0.631575407704
    ],
    "Ole3311*OpD": [
      -0.0239289971506
    ],
    "Ole3311*OpWB": [
      -0.0379330208346
    ],
    "Ole3311*Ope": [
      -0.0330407604941
    ],
    "Ole3311*Opl1": [
      0.00182058980812
    ],
    "Ole3311*Opl3": [
      0.0315416063171
    ],
    "Ole3311*Opta": [
      0.00391956887544
    ],
    "Oll1133*Oll1133": [
      -0.345116144
    ],
    "Oll1133*Oll1331": [
      -0.690232288001
    ],
    "Oll1133*OpD": [
      0.0162995195887
    ],
    "Oll1133*OpWB": [
      -0.0231098480368
    ],
    "Oll1133*Ope": [
      0.0428251864486
    ],
    "Oll1133*Opl1": [
      -0.0314737665765
    ],
    "Oll1133*Opl3": [
      -0.0314737665765
    ],
    "Oll1133*Opta": [
      0.0428251864486
    ],
    "Oll1221*Oll1133": [
      -0.0252860315004
    ],
    "Oll1221*Oll1221": [
      0.0
    ],
    "Oll1221*Oll1331": [
      -0.0252860315004
    ],
    "Oll1221*OpD": [
      -0.00151038338816
    ],
    "Oll1221*OpWB": [
      -0.0047163350363
    ],
    "Oll1221*Ope": [
      0.00132283445565
    ],
    "Oll1221*Opl1": [
      -0.001262813658
    ],
    "Oll1221*Opl3": [
      -0.001262813658
    ],
    "Oll1221*Opta": [
      0.00132283445565
    ],
    "Oll1331*Oll1331": [
      -0.345116144
    ],
    "Oll1331*OpD": [
      0.0162995195887
    ],
    "Oll1331*OpWB": [
      -0.0231098480368
    ],
    "Oll1331*Ope": [
      0.0428251864486
    ],
    "Oll1331*Opl1": [
      -0.0314737665765
    ],
    "Oll1331*Opl3": [
      -0.0314737665765
    ],
    "Oll1331*Opta": [
      0.0428251864486
    ],
    "OpD*OpD": [
      0.00220539295508
    ],
    "OpD*OpWB": [
      0.00941574827052
    ],
    "OpD*Ope": [
      -0.00049029274285
    ],
    "OpD*Opl1": [
      0.00101071306169
    ],
    "OpD*Opl3": [
      0.00101071306169
    ],
    "OpD*Opta": [
      -0.00049029274285
    ],
    "OpWB*OpWB": [
      0.0101128475636
    ],
    "Ope*OpWB": [
      -0.00037615410596
    ],
    "Ope*Ope": [
      -0.000803815907929
    ],
    "Ope*Opl1": [
      0.000673790381806
    ],
    "Ope*Opl3": [
      0.00177044562073
    ],
    "Ope*Opta": [
      -0.000243858176989
    ],
    "Opl1*OpWB": [
      0.000699158954798
    ],
    "Opl1*Opl1": [
      -0.000758269952599
    ],
    "Opl1*Opl3": [
      -0.000634683357472
    ],
    "Opl1*Opta": [
      0.00177044562073
    ],
    "Opl3*OpWB": [
      0.000699158954798
    ],
    "Opl3*Opl3": [
      -0.000758269952599
    ],
    "Opl3*Opta": [
      0.000673790381806
    ],
    "Opta*OpWB": [
      -0.00037615410596
    ],
    "Opta*Opta": [
      -0.000803815907929
    ]
  }
}
