{
  "best_sm": [
    0.2174763420443672
  ],
  "scales": [
    365.0
  ],
  "theory_cov": [
    [
      1.434995474358033e-09
    ]
  ],
  "LO": {
    "SM": [
      0.2174763420443672
    ],
    "O3pQ3": [
      -0.0144345249931751
    ],
    "O3pl1": [
      -0.0025437396847512
    ],
    "OQe": [
      0.0880359331319243
    ],
    "OQl13": [
      -0.3286339352221987
    ],
    "OQl1M": [
      -0.1195492618280041
    ],
    "Oeb": [
      -0.0674822358048577
    ],
    "Oeu": [
      -0.1168882887973992
    ],
    "Ol1b": [
      -0.0320210767391943
    ],
    "Ol1u": [
      -0.0554648022676391
    ],
    "OpD": [
      -0.0045779385655154
    ],
    "OpQM": [
      -0.0070232923661076
    ],
    "OpWB": [
      -0.0082448409418202
    ],
    "Opdi": [
      0.0008207515355489
    ],
    "Ope": [
      -4.30980006778e-05
    ],
    "Opl1": [
      -0.0025437396847512
    ],
    "OpqMi": [
      -0.0055398077108153
    ],
    "Opt": [
      0.0023436033583083
    ],
    "Opui": [
      0.0014216518076783
    ],
    "Oqe": [
      -0.024753059002759
    ],
    "Oql1M": [
      -0.170041921079041
    ],
    "OtW": [
      0.0979784901929699
    ],
    "OtZ": [
      -0.0752024255038496
    ],
    "Ote": [
      0.0271736168521848
    ],
    "Otl1": [
      0.0853663965909547
    ],
    "O3pQ3*O3pQ3": [
      -1.65344108553e-05
    ],
    "O3pQ3*OQe": [
      0.0012124167536227
    ],
    "O3pQ3*OQl13": [
      0.0115434569057551
    ],
    "O3pQ3*OQl1M": [
      -0.0001709921386005
    ],
    "O3pQ3*Oeb": [
      0.0089579768554488
    ],
    "O3pQ3*Oeu": [
      0.0017862244845106
    ],
    "O3pQ3*Ol1b": [
      0.0042506603537223
    ],
    "O3pQ3*Ol1u": [
      0.0008475835249048
    ],
    "O3pQ3*Oll1221": [
      0.0008750803239017
    ],
    "O3pQ3*OpD": [
      -0.0009389562601836
    ],
    "O3pQ3*OpQM": [
      -4.22831122544e-05
    ],
    "O3pQ3*OpWB": [
      -0.0029718139466537
    ],
    "O3pQ3*Opdi": [
      -0.0001089512398608
    ],
    "O3pQ3*Ope": [
      0.000601262622152
    ],
    "O3pQ3*Opl1": [
      0.0002341775326126
    ],
    "O3pQ3*OpqMi": [
      8.46563866606e-05
    ],
    "O3pQ3*Opt": [
      -0.0003111032761686
    ],
    "O3pQ3*Opui": [
      -2.17249246562e-05
    ],
    "O3pQ3*Oqe": [
      0.0003782630451019
    ],
    "O3pQ3*Oql1M": [
      0.0025984899424018
    ],
    "O3pQ3*OtW": [
      -0.0130062235936952
    ],
    "O3pQ3*OtZ": [
      0.0099827988670258
    ],
    "O3pQ3*Ote": [
      -0.0036071808815674
    ],
    "O3pQ3*Otl1": [
      -0.0113320223577979
    ],
    "O3pl1*O3pQ3": [
      -0.000640902791289
    ],
    "O3pl1*O3pl1": [
      -0.0001149100345051
    ],
    "O3pl1*O3pl2": [
      -0.0001542119708342
    ],
    "O3pl1*OQe": [
      -0.001636149670631
    ],
    "O3pl1*OQl13": [
      -0.0185321801248749
    ],
    "O3pl1*OQl1M": [
      -0.0095549410168238
    ],
    "O3pl1*Oeb": [
      0.0012541587731013
    ],
    "O3pl1*Oeu": [
      -0.0002472468241353
    ],
    "O3pl1*Ol1b": [
      0.0027449138215152
    ],
    "O3pl1*Ol1u": [
      0.0036064232119629
    ],
    "O3pl1*Oll1221": [
      0.0001542119708342
    ],
    "O3pl1*OpD": [
      -0.000330066275536
    ],
    "O3pl1*OpQM": [
      -0.0003040147304802
    ],
    "O3pl1*OpWB": [
      -0.0007174545222312
    ],
    "O3pl1*Opdi": [
      6.40703522447e-05
    ],
    "O3pl1*Ope": [
      -2.30866331094e-05
    ],
    "O3pl1*Opl1": [
      -7.5608098176e-05
    ],
    "O3pl1*OpqMi": [
      -0.0003367186549567
    ],
    "O3pl1*Opt": [
      -5.41520557151e-05
    ],
    "O3pl1*Opui": [
      0.0001404070126159
    ],
    "O3pl1*Oqe": [
      -5.23586690252e-05
    ],
    "O3pl1*Oql1M": [
      -0.0091676884230746
    ],
    "O3pl1*OtW": [
      -0.0019922163072404
    ],
    "O3pl1*OtZ": [
      0.001491202691617
    ],
    "O3pl1*Ote": [
      -0.0005050222412697
    ],
    "O3pl1*Otl1": [
      -0.0018737076514013
    ],
    "O3pl2*O3pQ3": [
      -0.0008750803239017
    ],
    "O3pl2*OQe": [
      0.0053371006608461
    ],
    "O3pl2*OQl13": [
      -0.0199231419541214
    ],
    "O3pl2*OQl1M": [
      -0.0072475683690406
    ],
    "O3pl2*Oeb": [
      -0.0040910509208753
    ],
    "O3pl2*Oeu": [
      -0.007086249230197
    ],
    "O3pl2*Ol1b": [
      -0.001941249484681
    ],
    "O3pl2*Ol1u": [
      -0.0033625046308389
    ],
    "O3pl2*OpD": [
      -0.000277533480638
    ],
    "O3pl2*OpQM": [
      -0.0004257808941753
    ],
    "O3pl2*OpWB": [
      -0.000499836197263
    ],
    "O3pl2*Opdi": [
      4.97573366571e-05
    ],
    "O3pl2*Ope": [
      -2.6127782113068458e-06
    ],
    "O3pl2*Opl1": [
      -0.0001542119708342
    ],
    "O3pl2*OpqMi": [
      -0.0003358459477
    ],
    "O3pl2*Opt": [
      0.0001420788828766
    ],
    "O3pl2*Opui": [
      8.61863847218e-05
    ],
    "O3pl2*Oqe": [
      -0.0015006323311598
    ],
    "O3pl2*Oql1M": [
      -0.0103086412226987
    ],
    "O3pl2*OtW": [
      0.0059398593977983
    ],
    "O3pl2*OtZ": [
      -0.0045590806001042
    ],
    "O3pl2*Ote": [
      0.0016473765120663
    ],
    "O3pl2*Otl1": [
      0.0051752623667531
    ],
    "OQe*OQe": [
      -0.140234804276053
    ],
    "OQe*OQl13": [
      -0.2660665971676158
    ],
    "OQe*OQl1M": [
      -0.0967887423645737
    ],
    "OQe*Oql1M": [
      -0.0158481478899672
    ],
    "OQe*OtW": [
      -0.0174133207730628
    ],
    "OQe*OtZ": [
      0.0504786179332249
    ],
    "OQe*Ote": [
      -0.0286745989716588
    ],
    "OQe*Otl1": [
      0.0691138200261013
    ],
    "OQl13*OQl13": [
      0.0618812534219722
    ],
    "OQl13*OQl1M": [
      -0.0734179444959948
    ],
    "OQl13*Oql1M": [
      0.0591603794243724
    ],
    "OQl13*OtW": [
      -0.296115490048811
    ],
    "OQl13*OtZ": [
      0.2272805289923667
    ],
    "OQl13*Ote": [
      -0.0821254629943327
    ],
    "OQl13*Otl1": [
      -0.2579985904094432
    ],
    "OQl1M*OQl1M": [
      -0.0594800120886911
    ],
    "OQl1M*OtW": [
      -0.1449567826959001
    ],
    "OQl1M*OtZ": [
      0.1030200092009068
    ],
    "OQl1M*Ote": [
      -0.0298753032659798
    ],
    "OQl1M*Otl1": [
      -0.1445285285999832
    ],
    "Oeb*OQe": [
      -0.0546345551250555
    ],
    "Oeb*OQl13": [
      0.2039481858272056
    ],
    "Oeb*OQl1M": [
      0.0741915318340991
    ],
    "Oeb*Oeb": [
      -0.0877418957734677
    ],
    "Oeb*Oeu": [
      0.0083507023557165
    ],
    "Oeb*Ol1b": [
      0.0198720820014429
    ],
    "Oeb*Ol1u": [
      0.0039625018016863
    ],
    "Oeb*Oll1221": [
      0.0040910509208753
    ],
    "Oeb*OpD": [
      0.0044116673633524
    ],
    "Oeb*OpQM": [
      0.004358611765499
    ],
    "Oeb*OpWB": [
      0.0025521629805224
    ],
    "Oeb*Opdi": [
      0.0059400509863922
    ],
    "Oeb*Ope": [
      0.0015428393298705
    ],
    "Oeb*Opl1": [
      0.0053452096939767
    ],
    "Oeb*OpqMi": [
      0.0003957734840408
    ],
    "Oeb*Opt": [
      -0.0014544257363511
    ],
    "Oeb*Opui": [
      -0.0001015652741735
    ],
    "Oeb*Oqe": [
      0.0017684015246712
    ],
    "Oeb*Oql1M": [
      0.0121480901597123
    ],
    "Oeb*OtW": [
      -0.0608048444888508
    ],
    "Oeb*OtZ": [
      0.0466701597354687
    ],
    "Oeb*Ote": [
      -0.0168637784032241
    ],
    "Oeb*Otl1": [
      -0.0529778572731977
    ],
    "Oeu*OQe": [
      -0.0108941540751312
    ],
    "Oeu*OQl13": [
      0.0406673570354769
    ],
    "Oeu*OQl1M": [
      0.0147938237443433
    ],
    "Oeu*Oeu": [
      0.0457653075432629
    ],
    "Oeu*Ol1b": [
      0.0039625018016863
    ],
    "Oeu*Ol1u": [
      -0.0458948172515065
    ],
    "Oeu*Oll1221": [
      0.007086249230197
    ],
    "Oeu*OpD": [
      0.0032870414777231
    ],
    "Oeu*OpQM": [
      0.0008691090834059
    ],
    "Oeu*OpWB": [
      -0.0034218458659534
    ],
    "Oeu*Opdi": [
      -0.0001015652741735
    ],
    "Oeu*Ope": [
      0.0026314097369325
    ],
    "Oeu*Opl1": [
      0.0068390024060617
    ],