{
    "best_sm": [
        0.5219136249314691
    ],
    "scales": [
        240.0
    ],
    "theory_cov": [
        [
            0.0
        ]
    ],
    "LO": {
        "SM": [
            0.5219136249314691
        ],
        "O3pl1": [
            0.0214873893902286
        ],
        "O3pl2": [
            0.0214873893902286
        ],
        "Oee1122": [
            0.1414877182558186
        ],
        "Ole1122": [
            -0.1856930903499491
        ],
        "Ole1221": [
            0.0
        ],
        "Ole2211": [
            -0.1856930903499491
        ],
        "Oll": [
            0.1608966561902809
        ],
        "Oll1122": [
            0.1608966561902811
        ],
        "OpD": [
            0.025523212715434
        ],
        "Ope": [
            -0.0226853686943786
        ],
        "Opl1": [
            0.0214873893902286
        ],
        "Opl2": [
            0.0214873893902286
        ],
        "Opmu": [
            -0.0226853686943786
        ],
        "OpWB": [
            0.0802507375317896
        ],
        "O3pl1*O3pl1": [
            0.0003612436906877
        ],
        "O3pl1*O3pl2": [
            0.0018139488477198
        ],
        "O3pl1*Oee1122": [
            -0.009541841410153
        ],
        "O3pl1*Ole1122": [
            0.0047034299994823
        ],
        "O3pl1*Ole1221": [
            0.0
        ],
        "O3pl1*Ole2211": [
            -0.0098106904735776
        ],
        "O3pl1*Oll": [
            -0.0061460338272053
        ],
        "O3pl1*Oll1122": [
            -0.0048433798308809
        ],
        "O3pl1*OpD": [
            0.0023139818106127
        ],
        "O3pl1*Ope": [
            -0.0005586917367303
        ],
        "O3pl1*Opl1": [
            -0.0005801666149489
        ],
        "O3pl1*Opl2": [
            0.0005112948513954
        ],
        "O3pl1*Opmu": [
            0.0007986230535636
        ],
        "O3pl1*OpWB": [
            0.0047365195089686
        ],
        "O3pl2*O3pl2": [
            0.0003612436906877
        ],
        "O3pl2*Oee1122": [
            -0.009541841410153
        ],
        "O3pl2*Ole1122": [
            -0.0098106904735777
        ],
        "O3pl2*Ole1221": [
            0.0
        ],
        "O3pl2*Ole2211": [
            0.0047034299994823
        ],
        "O3pl2*Oll": [
            -0.0061460338272054
        ],
        "O3pl2*Oll1122": [
            -0.004843379830881
        ],
        "O3pl2*OpD": [
            0.0023139818106127
        ],
        "O3pl2*Ope": [
            0.0007986230535636
        ],
        "O3pl2*Opl1": [
            0.0005112948513954
        ],
        "O3pl2*Opl2": [
            -0.0005801666149489
        ],
        "O3pl2*Opmu": [
            -0.0005586917367304
        ],
        "O3pl2*OpWB": [
            0.0047365195089686
        ],
        "Oee1122*Oee1122": [
            -0.031826593081382
        ],
        "Oee1122*Ole1122": [
            0.10509758210908
        ],
        "Oee1122*Ole1221": [
            0.0
        ],
        "Oee1122*Ole2211": [
            0.10509758210908
        ],
        "Oee1122*Oll": [
            -0.227063846398219
        ],
        "Oee1122*Oll1122": [
            -0.2184862784922464
        ],
        "Oee1122*OpD": [
            -0.0134748725244448
        ],
        "Oee1122*Ope": [
            0.0122217534919458
        ],
        "Oee1122*Opl1": [
            -0.0181194093161257
        ],
        "Oee1122*Opl2": [
            -0.0181194093161257
        ],
        "Oee1122*Opmu": [
            0.0122217534919459
        ],
        "Oee1122*OpWB": [
            -0.0356367074971133
        ],
        "Ole1122*Ole1122": [
            -0.0689667451377533
        ],
        "Ole1122*Ole1221": [
            0.0
        ],
        "Ole1122*Ole2211": [
            0.0550735004449868
        ],
        "Ole1122*Oll": [
            0.1307720900108598
        ],
        "Ole1122*Oll1122": [
            0.1195146104799034
        ],
        "Ole1122*OpD": [
            -0.0079265927693966
        ],
        "Ole1122*Ope": [
            0.0011986324765958
        ],
        "Ole1122*Opl1": [
            0.0159609095304387
        ],
        "Ole1122*Opl2": [
            0.0014467890573786
        ],
        "Ole1122*Opmu": [
            -0.0168507728333103
        ],
        "Ole1122*OpWB": [
            -0.0095372549072781
        ],
        "Ole1221*Ole1221": [
            -0.247360987351374
        ],
        "Ole1221*Ole2211": [
            0.0
        ],
        "Ole1221*Oll": [
            0.0
        ],
        "Ole1221*Oll1122": [
            0.0
        ],
        "Ole1221*OpD": [
            0.0
        ],
        "Ole1221*Ope": [
            0.0
        ],
        "Ole1221*Opl1": [
            0.0
        ],
        "Ole1221*Opl2": [
            0.0
        ],
        "Ole1221*Opmu": [
            0.0
        ],
        "Ole1221*OpWB": [
            0.0
        ],
        "Ole2211*Ole2211": [
            -0.0689667451377534
        ],
        "Ole2211*Oll": [
            0.1307720900108597
        ],
        "Ole2211*Oll1122": [
            0.1195146104799034
        ],
        "Ole2211*OpD": [
            -0.0079265927693966
        ],
        "Ole2211*Ope": [
            -0.0168507728333103
        ],
        "Ole2211*Opl1": [
            0.0014467890573786
        ],
        "Ole2211*Opl2": [
            0.0159609095304387
        ],
        "Ole2211*Opmu": [
            0.0011986324765958
        ],
        "Ole2211*OpWB": [
            -0.0095372549072781
        ],
        "Oll*Oll": [
            -0.0697444988616487
        ],
        "Oll*Oll1122": [
            -0.1297347801040639
        ],
        "Oll*OpD": [
            0.002100791125415
        ],
        "Oll*Ope": [
            0.020766991142223
        ],
        "Oll*Opl1": [
            -0.015900251446439
        ],
        "Oll*Opl2": [
            -0.015900251446439
        ],
        "Oll*Opmu": [
            0.020766991142223
        ],
        "Oll*OpWB": [
            -0.0229541029192151
        ],
        "Oll1122*Oll1122": [
            -0.0599902812424152
        ],
        "Oll1122*OpD": [
            0.0036481133449265
        ],
        "Oll1122*Ope": [
            0.0193917107090744
        ],
        "Oll1122*Opl1": [
            -0.0145975974501146
        ],
        "Oll1122*Opl2": [
            -0.0145975974501146
        ],
        "Oll1122*Opmu": [
            0.0193917107090745
        ],
        "Oll1122*OpWB": [
            -0.0180889728629178
        ],
        "OpD*OpD": [
            0.0020916584773845
        ],
        "OpD*Ope": [
            -0.0002346149425101
        ],
        "OpD*Opl1": [
            0.0007666595911011
        ],
        "OpD*Opl2": [
            0.0007666595911011
        ],
        "OpD*Opmu": [
            -0.0002346149425101
        ],
        "OpD*OpWB": [
            0.0086422200279603
        ],
        "Ope*Ope": [
            -0.001017684459185
        ],
        "Ope*Opl1": [
            0.0008165886964181
        ],
        "Ope*Opl2": [
            0.0021739034867121
        ],
        "Ope*Opmu": [
            -0.0003474454352614
        ],
        "Ope*OpWB": [
            0.0004480457067901
        ],
        "Opl1*Opl1": [
            -0.0009414103056366
        ],
        "Opl1*Opl2": [
            -0.0007913591449289
        ],
        "Opl1*Opmu": [
            0.0021739034867121
        ],
        "Opl1*OpWB": [
            -0.0001286105473287
        ],
        "Opl2*Opl2": [
            -0.0009414103056366
        ],
        "Opl2*Opmu": [
            0.0008165886964181
        ],
        "Opl2*OpWB": [
            -0.0001286105473287
        ],
        "Opmu*Opmu": [
            -0.001017684459185
        ],
        "Opmu*OpWB": [
            0.0004480457067901
        ],
        "OpWB*OpWB": [
            0.0088449363723378
        ]
    }
}