{
    "best_sm": [
        64.70903263963245
    ],
    "scales": [
        240.0
    ],
    "theory_cov": [
        [
            0.0
        ]
    ],
    "LO": {
        "SM": [
            64.70903263963245
        ],
        "O3pl1": [
            -8.2956535646461
        ],
        "O3pl2": [
            -7.845855858565596
        ],
        "Oee1111": [
            -8.295709139854392
        ],
        "Ole1111": [
            -6.23670444982363
        ],
        "Oll": [
            7.845855858565611
        ],
        "Oll1111": [
            -8.70204552060304
        ],
        "OpD": [
            -13.698297679603456
        ],
        "Ope": [
            0.9722446195928433
        ],
        "Opl1": [
            -0.4497977060804869
        ],
        "OpWB": [
            -30.14251784067687
        ],
        "O3pl1*O3pl1": [
            0.2935314261518102
        ],
        "O3pl1*O3pl2": [
            0.5029166676256691
        ],
        "O3pl1*Oee1111": [
            0.5029200368235638
        ],
        "O3pl1*Ole1111": [
            0.5350081779325544
        ],
        "O3pl1*Oll": [
            -0.5029166676256686
        ],
        "O3pl1*Oll1111": [
            0.2760181323482717
        ],
        "O3pl1*OpD": [
            0.920987061391202
        ],
        "O3pl1*Ope": [
            -0.1005606074911482
        ],
        "O3pl1*Opl1": [
            0.0841461846779569
        ],
        "O3pl1*OpWB": [
            2.035418514094828
        ],
        "O3pl2*O3pl2": [
            0.2378240395595362
        ],
        "O3pl2*Oee1111": [
            0.5029200368235638
        ],
        "O3pl2*Ole1111": [
            0.3780946967504303
        ],
        "O3pl2*Oll": [
            -0.4756480791190703
        ],
        "O3pl2*Oll1111": [
            0.5275538208827409
        ],
        "O3pl2*OpD": [
            0.8304471935195226
        ],
        "O3pl2*Ope": [
            -0.0589414710236234
        ],
        "O3pl2*Opl1": [
            0.027268588506602
        ],
        "O3pl2*OpWB": [
            1.827363511283136
        ],
        "Oee1111*Oee1111": [
            1.9992070513095408
        ],
        "Oee1111*Ole1111": [
            0.0
        ],
        "Oee1111*Oll": [
            -0.5029200368235637
        ],
        "Oee1111*Oll1111": [
            0.0
        ],
        "Oee1111*OpD": [
            0.9780131386276624
        ],
        "Oee1111*Ope": [
            0.2022681204161141
        ],
        "Oee1111*Opl1": [
            0.0
        ],
        "Oee1111*OpWB": [
            1.8782972254860923
        ],
        "Ole1111*Ole1111": [
            1.03699027169305
        ],
        "Ole1111*Oll": [
            -0.3780946967504287
        ],
        "Ole1111*Oll1111": [
            0.0
        ],
        "Ole1111*OpD": [
            0.7376934083839785
        ],
        "Ole1111*Ope": [
            -0.1951337682294565
        ],
        "Ole1111*Opl1": [
            0.1569134811821258
        ],
        "Ole1111*OpWB": [
            1.7051205664153335
        ],
        "Oll*Oll": [
            0.2378240395595362
        ],
        "Oll*Oll1111": [
            -0.527553820882738
        ],
        "Oll*OpD": [
            -0.8304471935195082
        ],
        "Oll*Ope": [
            0.058941471023623
        ],
        "Oll*Opl1": [
            -0.0272685885066027
        ],
        "Oll*OpWB": [
            -1.827363511283138
        ],
        "Oll1111*Oll1111": [
            1.9992070513095408
        ],
        "Oll1111*OpD": [
            0.6376602819147312
        ],
        "Oll1111*Ope": [
            0.0
        ],
        "Oll1111*Opl1": [
            -0.2515356885344626
        ],
        "Oll1111*OpWB": [
            1.5005834523568329
        ],
        "OpD*OpD": [
            0.7457545721709365
        ],
        "OpD*Ope": [
            -0.1160095847025041
        ],
        "OpD*Opl1": [
            0.0905398678716821
        ],
        "OpD*OpWB": [
            3.270613478037152
        ],
        "Ope*Ope": [
            0.0334471613300595
        ],
        "Ope*Opl1": [
            -0.0416191364675249
        ],
        "Ope*OpWB": [
            -0.2978528290757574
        ],
        "Opl1*Opl1": [
            0.0284387980856785
        ],
        "Opl1*OpWB": [
            0.2080550028116439
        ],
        "OpWB*OpWB": [
            3.606663201743942
        ]
    }
}