{
    "best_sm": [
        0.1083,
        0.1083,
        0.1083
    ],
    "scales": [
        80.387,
        80.387,
        80.387
    ],
    "theory_cov": [
        [
            1e-08,
            0.0,
            0.0
        ],
        [
            0.0,
            1e-08,
            0.0
        ],
        [
            0.0,
            0.0,
            1e-08
        ]
    ],
    "LO": {
        "SM": [
            0.1111111111111111,
            0.1111111111111111,
            0.1111111111111111
        ],
        "O3pl1": [
            0.0119751341110492,
            -0.0014968917638811,
            -0.0014968917638811
        ],
        "O3pl2": [
            -0.0014968917638811,
            0.0119751341110492,
            -0.0014968917638811
        ],
        "O3pl3": [
            -0.0014968917638811,
            -0.0014968917638811,
            0.0119751341110492
        ],
        "O3pq": [
            -0.0089813505832869,
            -0.0089813505832869,
            -0.0089813505832869
        ],
        "Oll": [
            0.0,
            0.0,
            0.0
        ],
        "O3pl1*O3pl1": [
            0.0005646526080993,
            -7.05815760124e-05,
            -7.05815760124e-05
        ],
        "O3pl1*O3pl2": [
            0.000176453940031,
            0.000176453940031,
            -5.04154114374e-05
        ],
        "O3pl1*O3pl3": [
            -0.0001865370223185,
            -5.041541143744309e-06,
            0.0002218278103247
        ],
        "O3pl1*O3pq": [
            -0.0011192221339112,
            -3.02492468624e-05,
            -3.02492468624e-05
        ],
        "O3pl1*Oll": [
            -0.0003629909623495,
            4.53738702936e-05,
            4.53738702936e-05
        ],
        "O3pl2*O3pl2": [
            -7.05815760124e-05,
            0.0005646526080993,
            -7.05815760124e-05
        ],
        "O3pl2*O3pl3": [
            -5.041541143744309e-06,
            -0.0001865370223185,
            0.0002218278103247
        ],
        "O3pl2*O3pq": [
            -3.02492468624e-05,
            -0.0011192221339112,
            -3.02492468624e-05
        ],
        "O3pl2*Oll": [
            4.53738702936e-05,
            -0.0003629909623495,
            4.53738702936e-05
        ],
        "O3pl3*O3pl3": [
            -2.52077057187e-05,
            -2.52077057187e-05,
            0.0002016616457497
        ],
        "O3pl3*O3pq": [
            0.0002419939748997,
            0.0002419939748997,
            -0.000846978912149
        ],
        "O3pl3*Oll": [
            4.53738702936e-05,
            4.53738702936e-05,
            -0.0003629909623495
        ],
        "O3pq*O3pq": [
            0.0004537387029369,
            0.0004537387029369,
            0.0004537387029369
        ],
        "O3pq*Oll": [
            0.0002722432217621,
            0.0002722432217621,
            0.0002722432217621
        ],
        "Oll*Oll": [
            0.0,
            0.0,
            0.0
        ]
    },
    "NLO": {
        "SM": [
            0.1111111111111111,
            0.1111111111111111,
            0.1111111111111111
        ],
        "O3pl1": [
            0.0119751341110492,
            -0.0014968917638811,
            -0.0014968917638811
        ],
        "O3pl2": [
            -0.0014968917638811,
            0.0119751341110492,
            -0.0014968917638811
        ],
        "O3pl3": [
            -0.0014968917638811,
            -0.0014968917638811,
            0.0119751341110492
        ],
        "O3pq": [
            -0.0089813505832869,
            -0.0089813505832869,
            -0.0089813505832869
        ],
        "Oll": [
            0.0,
            0.0,
            0.0
        ],
        "O3pl1*O3pl1": [
            0.0005646526080993,
            -7.05815760124e-05,
            -7.05815760124e-05
        ],
        "O3pl1*O3pl2": [
            0.000176453940031,
            0.000176453940031,
            -5.04154114374e-05
        ],
        "O3pl1*O3pl3": [
            -0.0001865370223185,
            -5.041541143744309e-06,
            0.0002218278103247
        ],
        "O3pl1*O3pq": [
            -0.0011192221339112,
            -3.02492468624e-05,
            -3.02492468624e-05
        ],
        "O3pl1*Oll": [
            -0.0003629909623495,
            4.53738702936e-05,
            4.53738702936e-05
        ],
        "O3pl2*O3pl2": [
            -7.05815760124e-05,
            0.0005646526080993,
            -7.05815760124e-05
        ],
        "O3pl2*O3pl3": [
            -5.041541143744309e-06,
            -0.0001865370223185,
            0.0002218278103247
        ],
        "O3pl2*O3pq": [
            -3.02492468624e-05,
            -0.0011192221339112,
            -3.02492468624e-05
        ],
        "O3pl2*Oll": [
            4.53738702936e-05,
            -0.0003629909623495,
            4.53738702936e-05
        ],
        "O3pl3*O3pl3": [
            -2.52077057187e-05,
            -2.52077057187e-05,
            0.0002016616457497
        ],
        "O3pl3*O3pq": [
            0.0002419939748997,
            0.0002419939748997,
            -0.000846978912149
        ],
        "O3pl3*Oll": [
            4.53738702936e-05,
            4.53738702936e-05,
            -0.0003629909623495
        ],
        "O3pq*O3pq": [
            0.0004537387029369,
            0.0004537387029369,
            0.0004537387029369
        ],
        "O3pq*Oll": [
            0.0002722432217621,
            0.0002722432217621,
            0.0002722432217621
        ],
        "Oll*Oll": [
            0.0,
            0.0,
            0.0
        ]
    }
}