{
  "best_sm": [
    17.13
  ],
  "scales": [
    240.0
  ],
  "theory_cov": [
    [
      0.011991
    ]
  ],
  "LO": {
    "SM": [
      17.13
    ],
    "OpD": [
      -0.08572
    ],
    "OpD*OpD": [
      0.003554
    ],
    "OpWB": [
      0.08256
    ],
    "OpWB*OpWB": [
      0.01356
    ],
    "OWWW": [
      0.1064
    ],
    "OWWW*OWWW": [
      0.08592
    ],
    "Opl1": [
      -0.4645
    ],
    "Opl1*Opl1": [
      0.1411
    ],
    "O3pl1": [
      2.446
    ],
    "O3pl1*O3pl1": [
      0.1947
    ],
    "O3pl2": [
      -2.077
    ],
    "O3pl2*O3pl2": [
      0.06297
    ],
    "Ope": [
      -0.2996
    ],
    "Ope*Ope": [
      0.1411
    ],
    "Oll1221": [
      2.083
    ],
    "Oll1221*Oll1221": [
      0.06301
    ],
    "OpD*OpWB": [
      -0.008606
    ],
    "OpD*OWWW": [
      -0.01071
    ],
    "OpD*Opl1": [
      0.03165
    ],
    "OpD*O3pl1": [
      -0.02872
    ],
    "OpD*O3pl2": [
      0.005202
    ],
    "OpD*Ope": [
      0.03167
    ],
    "OpD*Oll1221": [
      -0.005203
    ],
    "OpWB*OWWW": [
      0.01245
    ],
    "OpWB*Opl1": [
      -0.01004
    ],
    "OpWB*O3pl1": [
      0.005181
    ],
    "OpWB*O3pl2": [
      -0.005011
    ],
    "OpWB*Ope": [
      -0.06676
    ],
    "OpWB*Oll1221": [
      0.00501
    ],
    "OWWW*Opl1": [
      -0.1025
    ],
    "OWWW*O3pl1": [
      0.09674
    ],
    "OWWW*O3pl2": [
      -0.006436
    ],
    "OWWW*Ope": [
      0.007054
    ],
    "OWWW*Oll1221": [
      0.006492
    ],
    "Opl1*O3pl1": [
      -0.2741
    ],
    "Opl1*O3pl2": [
      0.02815
    ],
    "Opl1*Ope": [
      -2.514e-21
    ],
    "Opl1*Oll1221": [
      -0.02816
    ],
    "O3pl1*O3pl2": [
      -0.1482
    ],
    "O3pl1*Ope": [
      0.01816
    ],
    "O3pl1*Oll1221": [
      0.1484
    ],
    "O3pl2*Ope": [
      0.01815
    ],
    "O3pl2*Oll1221": [
      -0.1258
    ],
    "Ope*Oll1221": [
      -0.01816
    ]
  }
}