{
    "best_sm": [
        0.4742426564309804
    ],
    "scales": [
        365.0
    ],
    "theory_cov": [
        [
            0.0
        ]
    ],
    "LO": {
        "SM": [
            0.4742426564309804
        ],
        "O3pl1": [
            0.0208302195927265
        ],
        "O3pl2": [
            -6.938893903907228e-18
        ],
        "O3pl3": [
            0.0208302195927264
        ],
        "Oee1133": [
            0.3697665383545865
        ],
        "Ole1133": [
            -0.4426915594987459
        ],
        "Ole3311": [
            -0.4426915594987461
        ],
        "Oll": [
            -2.0816681711721685e-17
        ],
        "Oll1133": [
            0.417095258230302
        ],
        "Oll1331": [
            0.417095258230302
        ],
        "OpD": [
            0.024913903524263
        ],
        "Ope": [
            -0.0218202677974932
        ],
        "Opl1": [
            0.0208302195927264
        ],
        "Opl3": [
            0.0208302195927264
        ],
        "Opta": [
            -0.0218202677974932
        ],
        "OpWB": [
            0.077796350915743
        ],
        "O3pl1*O3pl1": [
            0.0005045437054021
        ],
        "O3pl1*O3pl2": [
            0.0012628136580016
        ],
        "O3pl1*O3pl3": [
            0.00062813030053
        ],
        "O3pl1*Oee1133": [
            -0.0184723653127206
        ],
        "O3pl1*Ole1133": [
            0.0047038216683041
        ],
        "O3pl1*Ole3311": [
            -0.0250171948406954
        ],
        "O3pl1*Oll": [
            -0.0012628136580016
        ],
        "O3pl1*Oll1133": [
            -0.0061877350761917
        ],
        "O3pl1*Oll1331": [
            -0.0061877350761917
        ],
        "O3pl1*OpD": [
            0.0025210964498471
        ],
        "O3pl1*Ope": [
            -0.0006490440738398
        ],
        "O3pl1*Opl1": [
            -0.0002537262471973
        ],
        "O3pl1*Opl3": [
            0.00062813030053
        ],
        "O3pl1*Opta": [
            0.0004476111650821
        ],
        "O3pl1*OpWB": [
            0.0054154939911026
        ],
        "O3pl2*O3pl2": [
            -1.734723475976807e-18
        ],
        "O3pl2*O3pl3": [
            0.0012628136580016
        ],
        "O3pl2*Oee1133": [
            0.0224167696757839
        ],
        "O3pl2*Ole1133": [
            -0.0268377846488118
        ],
        "O3pl2*Ole3311": [
            -0.0268377846488118
        ],
        "O3pl2*Oll": [
            -1.734723475976807e-18
        ],
        "O3pl2*Oll1133": [
            0.0252860315003523
        ],
        "O3pl2*Oll1331": [
            0.0252860315003523
        ],
        "O3pl2*OpD": [
            0.0015103833881597
        ],
        "O3pl2*Ope": [
            -0.0013228344556458
        ],
        "O3pl2*Opl1": [
            0.0012628136580016
        ],
        "O3pl2*Opl3": [
            0.0012628136580016
        ],
        "O3pl2*Opta": [
            -0.0013228344556458
        ],
        "O3pl2*OpWB": [
            0.0047163350363042
        ],
        "O3pl3*O3pl3": [
            -0.0007582699525994
        ],
        "O3pl3*Oee1133": [
            -0.0408891349885046
        ],
        "O3pl3*Ole1133": [
            0.0018205898081163
        ],
        "O3pl3*Ole3311": [
            0.031541606317116
        ],
        "O3pl3*Oll": [
            -0.0012628136580016
        ],
        "O3pl3*Oll1133": [
            -0.031473766576544
        ],
        "O3pl3*Oll1331": [
            -0.031473766576544
        ],
        "O3pl3*OpD": [
            0.0010107130616873
        ],
        "O3pl3*Ope": [
            0.0017704456207279
        ],
        "O3pl3*Opl1": [
            -0.0006346833574715
        ],
        "O3pl3*Opl3": [
            -0.0015165399051989
        ],
        "O3pl3*Opta": [
            0.0006737903818059
        ],
        "O3pl3*OpWB": [
            0.0006991589547983
        ],
        "Oee1133*Oee1133": [
            -0.1862501837429209
        ],
        "Oee1133*Ole1133": [
            0.5599091517064783
        ],
        "Oee1133*Ole3311": [
            0.5599091517064786
        ],
        "Oee1133*Oll": [
            -0.0224167696757839
        ],
        "Oee1133*Oll1133": [
            -1.3158321391442027
        ],
        "Oee1133*Oll1331": [
            -1.3158321391442027
        ],
        "Oee1133*OpD": [
            -0.0264665753471692
        ],
        "Oee1133*Ope": [
            0.0261859566059168
        ],
        "Oee1133*Opl1": [
            -0.0408891349885045
        ],
        "Oee1133*Opl3": [
            -0.0408891349885046
        ],
        "Oee1133*Opta": [
            0.0261859566059169
        ],
        "Oee1133*OpWB": [
            -0.0689902767330412
        ],
        "Ole1133*Ole1133": [
            -0.3351669632540812
        ],
        "Ole1133*Ole3311": [
            0.3313469303212801
        ],
        "Ole1133*Oll": [
            0.0268377846488118
        ],
        "Ole1133*Oll1133": [
            0.6315754077038056
        ],
        "Ole1133*Oll1331": [
            0.6315754077038056
        ],
        "Ole1133*OpD": [
            -0.0239289971506271
        ],
        "Ole1133*Ope": [
            0.0039195688754405
        ],
        "Ole1133*Opl1": [
            0.031541606317116
        ],
        "Ole1133*Opl3": [
            0.0018205898081163
        ],
        "Ole1133*Opta": [
            -0.0330407604940899
        ],
        "Ole1133*OpWB": [
            -0.0379330208346339
        ],
        "Ole3311*Ole3311": [
            -0.3351669632540811
        ],
        "Ole3311*Oll": [
            0.0268377846488118
        ],
        "Ole3311*Oll1133": [
            0.6315754077038058
        ],
        "Ole3311*Oll1331": [
            0.6315754077038058
        ],
        "Ole3311*OpD": [
            -0.0239289971506272
        ],
        "Ole3311*Ope": [
            -0.0330407604940899
        ],
        "Ole3311*Opl1": [
            0.0018205898081163
        ],
        "Ole3311*Opl3": [
            0.031541606317116
        ],
        "Ole3311*Opta": [
            0.0039195688754405
        ],
        "Ole3311*OpWB": [
            -0.037933020834634
        ],
        "Oll*Oll": [
            1.734723475976807e-18
        ],
        "Oll*Oll1133": [
            -0.0252860315003523
        ],
        "Oll*Oll1331": [
            -0.0252860315003523
        ],
        "Oll*OpD": [
            -0.0015103833881597
        ],
        "Oll*Ope": [
            0.0013228344556458
        ],
        "Oll*Opl1": [
            -0.0012628136580016
        ],
        "Oll*Opl3": [
            -0.0012628136580016
        ],
        "Oll*Opta": [
            0.0013228344556458
        ],
        "Oll*OpWB": [
            -0.0047163350363042
        ],
        "Oll1133*Oll1133": [
            -0.3451161440004663
        ],
        "Oll1133*Oll1331": [
            -0.6902322880009326
        ],
        "Oll1133*OpD": [
            0.01629951958872
        ],
        "Oll1133*Ope": [
            0.0428251864486024
        ],
        "Oll1133*Opl1": [
            -0.031473766576544
        ],
        "Oll1133*Opl3": [
            -0.031473766576544
        ],
        "Oll1133*Opta": [
            0.0428251864486024
        ],
        "Oll1133*OpWB": [
            -0.0231098480367991
        ],
        "Oll1331*Oll1331": [
            -0.3451161440004663
        ],
        "Oll1331*OpD": [
            0.01629951958872
        ],
        "Oll1331*Ope": [
            0.0428251864486024
        ],
        "Oll1331*Opl1": [
            -0.031473766576544
        ],
        "Oll1331*Opl3": [
            -0.031473766576544
        ],
        "Oll1331*Opta": [
            0.0428251864486024
        ],
        "Oll1331*OpWB": [
            -0.0231098480367991
        ],
        "OpD*OpD": [
            0.002205392955083
        ],