{
  "best_sm": [
    0.959412131188
  ],
  "scales": [
    365.0
  ],
  "theory_cov_current": [
    [
      0.0
    ]
  ],
  "theory_cov_conservative": [
    [
      0.0
    ]
  ],
  "theory_cov_aggressive": [
    [
      0.0
    ]
  ],
  "LO": {
    "SM": [
      0.959412131188
    ],
    "O3pl1": [
      0.0041023575907
    ],
    "O3pl2": [
      0.0
    ],
    "Oee1111": [
      0.000163919286619
    ],
    "Ole1111": [
      0.0494287041794
    ],
    "Oll1111": [
      0.000271355852193
    ],
    "Oll1221": [
      0.0
    ],
    "OpD": [
      0.00228051145493
    ],
    "OpWB": [
      0.00766070778297
    ],
    "Ope": [
      -0.00464292626666
    ],
    "Opl1": [
      0.00410235759071
    ],
    "O3pl1*O3pl1": [
      0.00017098085786
    ],
    "O3pl1*O3pl2": [
      0.000248701804247
    ],
    "O3pl1*Oee1111": [
      0.00129859838689
    ],
    "O3pl1*Ole1111": [
      0.00155727091426
    ],
    "O3pl1*Oll1111": [
      0.00147335006553
    ],
    "O3pl1*Oll1221": [
      -0.000248701804247
    ],
    "O3pl1*OpD": [
      0.000492135820732
    ],
    "O3pl1*OpWB": [
      0.00110300004923
    ],
    "O3pl1*Ope": [
      -9.22247843272e-05
    ],
    "O3pl1*Opl1": [
      9.3259911474e-05
    ],
    "O3pl2*O3pl2": [
      0.0
    ],
    "O3pl2*Oee1111": [
      9.93746192268e-06
    ],
    "O3pl2*Ole1111": [
      0.00299657151751
    ],
    "O3pl2*Oll1111": [
      1.6450708784e-05
    ],
    "O3pl2*Oll1221": [
      0.0
    ],
    "O3pl2*OpD": [
      0.000138253991982
    ],
    "O3pl2*OpWB": [
      0.000464423640635
    ],
    "O3pl2*Ope": [
      -0.0002814733026
    ],
    "O3pl2*Opl1": [
      0.000248701804246
    ],
    "Oee1111*Oee1111": [
      -0.0412103908844
    ],
    "Oee1111*Ole1111": [
      0.0155586529823
    ],
    "Oee1111*Oll1111": [
      0.000140778779173
    ],
    "Oee1111*Oll1221": [
      -9.93746192284e-06
    ],
    "Oee1111*OpD": [
      0.00070590176949
    ],
    "Oee1111*OpWB": [
      0.00244354874962
    ],
    "Oee1111*Ope": [
      -0.00151405803216
    ],
    "Oee1111*Opl1": [
      0.00128866092497
    ],
    "Ole1111*Ole1111": [
      -0.086398822718
    ],
    "Ole1111*Oll1111": [
      0.0168052231995
    ],
    "Ole1111*Oll1221": [
      -0.00299657151751
    ],
    "Ole1111*OpD": [
      0.00423600064892
    ],
    "Ole1111*OpWB": [
      0.00850380674723
    ],
    "Ole1111*Ope": [
      0.00125168328947
    ],
    "Ole1111*Opl1": [
      -0.00143930060325
    ],
    "Oll1111*Oll1111": [
      -0.0411699223419
    ],
    "Oll1111*OpD": [
      0.000874466301654
    ],
    "Oll1111*OpWB": [
      0.00278204133463
    ],
    "Oll1111*Ope": [
      -0.00157709727539
    ],
    "Oll1111*Opl1": [
      0.00145689935675
    ],
    "Oll1221*Oll1111": [
      -1.64507087841e-05
    ],
    "Oll1221*Oll1221": [
      0.0
    ],
    "Oll1221*OpD": [
      -0.000138253991982
    ],
    "Oll1221*OpWB": [
      -0.000464423640635
    ],
    "Oll1221*Ope": [
      0.000281473302599
    ],
    "Oll1221*Opl1": [
      -0.000248701804246
    ],
    "OpD*OpD": [
      0.000229726060837
    ],
    "OpD*OpWB": [
      0.00117718459149
    ],
    "OpD*Ope": [
      -0.000357168933698
    ],
    "OpD*Opl1": [
      0.000353881828753
    ],
    "OpWB*OpWB": [
      0.00146349685451
    ],
    "Ope*OpWB": [
      -0.000697840639118
    ],
    "Ope*Ope": [
      -7.86956400598e-05
    ],
    "Ope*Opl1": [
      0.000189248518272
    ],
    "Opl1*OpWB": [
      0.000638576408605
    ],
    "Opl1*Opl1": [
      -7.77209463859e-05
    ]
  }
}
