{
  "best_sm": [
    0.1550941248496327
  ],
  "scales": [
    240.0
  ],
  "theory_cov": [
    [
      0.0
    ]
  ],
  "LO": {
    "SM": [
      0.1550941248496327
    ],
    "O3pl1": [
      -0.0098390467858684
    ],
    "O3pl2": [
      0.0
    ],
    "O3pl3": [
      0.0038697225860104
    ],
    "Oee1133": [
      0.1053034256794423
    ],
    "Ole1133": [
      0.0229991765924731
    ],
    "Ole3311": [
      0.0229991765924731
    ],
    "Oll": [
      0.0
    ],
    "Oll1133": [
      0.1197486911660424
    ],
    "Oll1331": [
      0.1197486911660424
    ],
    "OpD": [
      -0.0155132594372401
    ],
    "Ope": [
      0.0022683906106819
    ],
    "Opl1": [
      -0.0098390467858684
    ],
    "Opl3": [
      0.0038697225860104
    ],
    "Opta": [
      -0.0018085968899568
    ],
    "OpWB": [
      -0.0321488533001875
    ],
    "O3pl1*O3pl1": [
      -9.38115403443e-05
    ],
    "O3pl1*O3pl2": [
      -0.0005964835179774
    ],
    "O3pl1*O3pl3": [
      0.000101612948592
    ],
    "O3pl1*Oee1133": [
      -0.0029238424364812
    ],
    "O3pl1*Ole1133": [
      -0.0024362512214339
    ],
    "O3pl1*Ole3311": [
      -0.0006385924113229
    ],
    "O3pl1*Oll": [
      0.0005964835179774
    ],
    "O3pl1*Oll1133": [
      0.0011461211111696
    ],
    "O3pl1*Oll1331": [
      0.0011461211111696
    ],
    "O3pl1*OpD": [
      -0.0004032575233626
    ],
    "O3pl1*Ope": [
      -0.000321624679267
    ],
    "O3pl1*Opl1": [
      0.0004088604372886
    ],
    "O3pl1*Opl3": [
      0.000101612948592
    ],
    "O3pl1*Opta": [
      -0.0001178940978448
    ],
    "O3pl1*OpWB": [
      -0.0006567429178879
    ],
    "O3pl2*O3pl2": [
      0.0
    ],
    "O3pl2*O3pl3": [
      0.0002345985126339
    ],
    "O3pl2*Oee1133": [
      0.0063839271396251
    ],
    "O3pl2*Ole1133": [
      0.0013943047597015
    ],
    "O3pl2*Ole3311": [
      0.0013943047597015
    ],
    "O3pl2*Oll": [
      0.0
    ],
    "O3pl2*Oll1133": [
      0.0072596585964508
    ],
    "O3pl2*Oll1331": [
      0.0072596585964508
    ],
    "O3pl2*OpD": [
      -0.0009404776464435
    ],
    "O3pl2*Ope": [
      0.000137519176507
    ],
    "O3pl2*Opl1": [
      -0.0005964835179774
    ],
    "O3pl2*Opl3": [
      0.0002345985126339
    ],
    "O3pl2*Opta": [
      -0.0001096445884446
    ],
    "O3pl2*OpWB": [
      -0.0019489958257926
    ],
    "O3pl3*O3pl3": [
      0.0001721215505392
    ],
    "O3pl3*Oee1133": [
      0.0
    ],
    "O3pl3*Ole1133": [
      0.0
    ],
    "O3pl3*Ole3311": [
      -0.001797658810111
    ],
    "O3pl3*Oll": [
      -0.0002345985126339
    ],
    "O3pl3*Oll1133": [
      0.0044710490770478
    ],
    "O3pl3*Oll1331": [
      0.0044710490770478
    ],
    "O3pl3*OpD": [
      0.000387106775114
    ],
    "O3pl3*Ope": [
      -6.63872824831e-05
    ],
    "O3pl3*Opl1": [
      -0.0001329855640418
    ],
    "O3pl3*Opl3": [
      0.0003442431010785
    ],
    "O3pl3*Opta": [
      0.0
    ],
    "O3pl3*OpWB": [
      0.0007466636578876
    ],
    "Oee1133*Oee1133": [
      0.0478100919619238
    ],
    "Oee1133*Ole1133": [
      0.0
    ],
    "Oee1133*Ole3311": [
      0.0
    ],
    "Oee1133*Oll": [
      -0.0063839271396251
    ],
    "Oee1133*Oll1133": [
      0.0
    ],
    "Oee1133*Oll1331": [
      0.0
    ],
    "Oee1133*OpD": [
      -0.0076642206652634
    ],
    "Oee1133*Ope": [
      -0.0008271872949388
    ],
    "Oee1133*Opl1": [
      -0.0093077695761064
    ],
    "Oee1133*Opl3": [
      0.0
    ],
    "Oee1133*Opta": [
      -0.0035953176202221
    ],
    "Oee1133*OpWB": [
      -0.0077981383922565
    ],
    "Ole1133*Ole1133": [
      0.0119525229904809
    ],
    "Ole1133*Ole3311": [
      0.0
    ],
    "Ole1133*Oll": [
      -0.0013943047597015
    ],
    "Ole1133*Oll1133": [
      0.0
    ],
    "Ole1133*Oll1331": [
      0.0
    ],
    "Ole1133*OpD": [
      -0.0017875129314151
    ],
    "Ole1133*Ope": [
      0.0006045835429511
    ],
    "Ole1133*Opl1": [
      -0.0038305559811355
    ],
    "Ole1133*Opl3": [
      0.0
    ],
    "Ole1133*Opta": [
      0.0022355245385239
    ],
    "Ole1133*OpWB": [
      -0.005060113517795
    ],
    "Ole3311*Ole3311": [
      0.0119525229904809
    ],
    "Ole3311*Oll": [
      -0.0013943047597015
    ],
    "Ole3311*Oll1133": [
      0.0
    ],
    "Ole3311*Oll1331": [
      0.0
    ],
    "Ole3311*OpD": [
      -0.0017875129314151
    ],
    "Ole3311*Ope": [
      0.002840108081475
    ],
    "Ole3311*Opl1": [
      -0.0020328971710244
    ],
    "Ole3311*Opl3": [
      -0.001797658810111
    ],
    "Ole3311*Opta": [
      0.0
    ],
    "Ole3311*OpWB": [
      -0.005060113517795
    ],
    "Oll*Oll": [
      0.0
    ],
    "Oll*Oll1133": [
      -0.0072596585964508
    ],
    "Oll*Oll1331": [
      -0.0072596585964508
    ],
    "Oll*OpD": [
      0.0009404776464435
    ],
    "Oll*Ope": [
      -0.000137519176507
    ],
    "Oll*Opl1": [
      0.0005964835179774
    ],
    "Oll*Opl3": [
      -0.0002345985126339
    ],
    "Oll*Opta": [
      0.0001096445884446
    ],
    "Oll*OpWB": [
      0.0019489958257926
    ],
    "Oll1133*Oll1133": [
      0.0478100919619238
    ],
    "Oll1133*Oll1331": [
      0.0956201839238477
    ],
    "Oll1133*OpD": [
      0.0054040712013701
    ],
    "Oll1133*Ope": [
      0.0031478556494332
    ],
    "Oll1133*Opl1": [
      -0.0061135374852812
    ],
    "Oll1133*Opl3": [
      0.0044710490770478
    ],
    "Oll1133*Opta": [
      0.0
    ],
    "Oll1133*OpWB": [
      0.0078305303993409
    ],
    "Oll1331*Oll1331": [
      0.0478100919619238
    ],
    "Oll1331*OpD": [
      0.0054040712013701
    ],
    "Oll1331*Ope": [
      0.0031478556494332
    ],
    "Oll1331*Opl1": [
      -0.0061135374852812
    ],
    "Oll1331*Opl3": [
      0.0044710490770478
    ],
    "Oll1331*Opta": [
      0.0
    ],
    "Oll1331*OpWB": [
      0.0078305303993409
    ],
    "OpD*OpD": [
      -0.0002957260007469
    ],
    "OpD*Ope": [
      -0.0005482120254461
    ],
    "OpD*Opl1": [
      0.0005372201230808
    ],
    "OpD*Opl3": [
      0.000387106775114
    ],
    "OpD*Opta": [
      0.0001210120190511
    ],
    "OpD*OpWB": [
      -0.0010870350249432
    ],
    "Ope*Ope": [
      -0.0003073717502134
    ],
    "Ope*Opl1": [
      -0.000459143855774
    ],
    "Ope*Opl3": [
      -6.63872824831e-05
    ],
    "Ope*Opta": [
      8.76409780471e-05
    ],
    "Ope*OpWB": [
      -0.0002834686997835
    ],
    "Opl1*Opl1": [
      0.000502671977633
    ],
    "Opl1*Opl3": [
      -0.0001329855640418
    ],
    "Opl1*Opta": [
      -8.249509400205823e-06
    ],
    "Opl1*OpWB": [
      0.0012922529079046
    ],
    "Opl3*Opl3": [
      0.0001721215505392
    ],
    "Opl3*Opta": [
      0.0
    ],
    "Opl3*OpWB": [
      0.0007466636578876
    ],
    "Opta*Opta": [
      0.0001721215505392
    ],
    "Opta*OpWB": [
      -0.0001799959660617
    ],
    "OpWB*OpWB": [
      -0.0013895177533602
    ]
  }
}