{
  "best_sm": [
    0.2733631822526509
  ],
  "scales": [
    365.0
  ],
  "theory_cov": [
    [
      0.0
    ]
  ],
  "LO": {
    "SM": [
      0.2733631822526509
    ],
    "O3pl1": [
      -0.0072985912557371
    ],
    "O3pl2": [
      0.0
    ],
    "O3pq": [
      0.0
    ],
    "Oll": [
      0.0
    ],
    "Olu": [
      -0.0559269472176425
    ],
    "OpD": [
      -0.0104175132419355
    ],
    "Ope": [
      0.0033746490179295
    ],
    "Opl1": [
      -0.0072985912557371
    ],
    "OpqMi": [
      -0.0055859666089429
    ],
    "Opui": [
      0.0014334973236943
    ],
    "OpWB": [
      -0.0244924662148204
    ],
    "Oqe": [
      -0.0249593069428501
    ],
    "Oql31": [
      0.0
    ],
    "OqlM1": [
      -0.1714587478214563
    ],
    "O3pl1*O3pl1": [
      -0.0001637543153371
    ],
    "O3pl1*O3pl2": [
      -0.0004424706461152
    ],
    "O3pl1*O3pq": [
      0.0
    ],
    "O3pl1*Oll": [
      0.0004424706461152
    ],
    "O3pl1*Olu": [
      0.0031780029886505
    ],
    "O3pl1*OpD": [
      -0.0005609028519226
    ],
    "O3pl1*Ope": [
      -0.0002325142873451
    ],
    "O3pl1*Opl1": [
      0.0001149620154409
    ],
    "O3pl1*OpqMi": [
      -0.0003853160878147
    ],
    "O3pl1*Opui": [
      0.0001533282291597
    ],
    "O3pl1*OpWB": [
      -0.0010248580452964
    ],
    "O3pl1*Oqe": [
      -0.0002574026834939
    ],
    "O3pl1*Oql31": [
      0.0
    ],
    "O3pl1*OqlM1": [
      -0.010649635030648
    ],
    "O3pl2*O3pl2": [
      0.0
    ],
    "O3pl2*O3pq": [
      0.0
    ],
    "O3pl2*Oll": [
      0.0
    ],
    "O3pl2*Olu": [
      -0.0033905217600987
    ],
    "O3pl2*OpD": [
      -0.000631552535765
    ],
    "O3pl2*Ope": [
      0.0002045851149976
    ],
    "O3pl2*Opl1": [
      -0.0004424706461152
    ],
    "O3pl2*OpqMi": [
      -0.0003386442901147
    ],
    "O3pl2*Opui": [
      8.6904508664e-05
    ],
    "O3pl2*OpWB": [
      -0.0014848341236411
    ],
    "O3pl2*Oqe": [
      -0.0015131359302948
    ],
    "O3pl2*Oql31": [
      0.0
    ],
    "O3pl2*OqlM1": [
      -0.0103945350921022
    ],
    "O3pq*O3pq": [
      0.0
    ],
    "O3pq*Oll": [
      0.0
    ],
    "O3pq*Olu": [
      0.0
    ],
    "O3pq*OpD": [
      0.0
    ],
    "O3pq*Ope": [
      0.0
    ],
    "O3pq*Opl1": [
      0.0
    ],
    "O3pq*OpqMi": [
      0.0
    ],
    "O3pq*Opui": [
      0.0
    ],
    "O3pq*OpWB": [
      0.0
    ],
    "O3pq*Oqe": [
      0.0
    ],
    "O3pq*Oql31": [
      0.0
    ],
    "O3pq*OqlM1": [
      0.0
    ],
    "Oll*Oll": [
      0.0
    ],
    "Oll*Olu": [
      0.0033905217600987
    ],
    "Oll*OpD": [
      0.000631552535765
    ],
    "Oll*Ope": [
      -0.0002045851149976
    ],
    "Oll*Opl1": [
      0.0004424706461152
    ],
    "Oll*OpqMi": [
      0.0003386442901147
    ],
    "Oll*Opui": [
      -8.6904508664e-05
    ],
    "Oll*OpWB": [
      0.0014848341236411
    ],
    "Oll*Oqe": [
      0.0015131359302948
    ],
    "Oll*Oql31": [
      0.0
    ],
    "Oll*OqlM1": [
      0.0103945350921022
    ],
    "Olu*Olu": [
      0.0811086417240452
    ],
    "Olu*OpD": [
      0.0009579692510706
    ],
    "Olu*Ope": [
      -0.0003828510146816
    ],
    "Olu*Opl1": [
      0.0065685247487493
    ],
    "Olu*OpqMi": [
      -0.0027568871007192
    ],
    "Olu*Opui": [
      0.0077114988143336
    ],
    "Olu*OpWB": [
      0.0038531246929815
    ],
    "Olu*Oqe": [
      -0.0123183678261653
    ],
    "Olu*Oql31": [
      0.0
    ],
    "Olu*OqlM1": [
      -0.08462141707358
    ],
    "OpD*OpD": [
      -0.0004131965078889
    ],
    "OpD*Ope": [
      -0.0004255744707394
    ],
    "OpD*Opl1": [
      7.06496838423e-05
    ],
    "OpD*OpqMi": [
      -0.0007341405640337
    ],
    "OpD*Opui": [
      -1.85698862695e-05
    ],
    "OpD*OpWB": [
      -0.001514540328244
    ],
    "OpD*Oqe": [
      0.0005283719204867
    ],
    "OpD*Oql31": [
      0.0
    ],
    "OpD*OqlM1": [
      -0.0194714389974077
    ],
    "Ope*Ope": [
      -0.0002501776108428
    ],
    "Ope*Opl1": [
      -0.0004370994023427
    ],
    "Ope*OpqMi": [
      0.0002252822257861
    ],
    "Ope*Opui": [
      -0.0001015952836415
    ],
    "Ope*OpWB": [
      -0.0001200345748506
    ],
    "Ope*Oqe": [
      -0.0090522594798511
    ],
    "Ope*Oql31": [
      0.0
    ],
    "Ope*OqlM1": [
      -0.0011737303544218
    ],
    "Opl1*Opl1": [
      0.000278716330778
    ],
    "Opl1*OpqMi": [
      -4.66717976999e-05
    ],
    "Opl1*Opui": [
      6.64237204957e-05
    ],
    "Opl1*OpWB": [
      0.0004599760783446
    ],
    "Opl1*Oqe": [
      0.0012557332468009
    ],
    "Opl1*Oql31": [
      0.0
    ],
    "Opl1*OqlM1": [
      -0.0002550999385457
    ],
    "OpqMi*OpqMi": [
      7.50958736036e-05
    ],
    "OpqMi*Opui": [
      7.06634364509e-05
    ],
    "OpqMi*OpWB": [
      -0.0017220969262745
    ],
    "OpqMi*Oqe": [
      -0.0068625123501171
    ],
    "OpqMi*Oql31": [
      0.0
    ],
    "OpqMi*OqlM1": [
      -0.001447948265953
    ],
    "Opui*Opui": [
      0.000203707405785
    ],
    "Opui*OpWB": [
      0.0003396747650837
    ],
    "Opui*Oqe": [
      0.0003157395171664
    ],
    "Opui*Oql31": [
      0.0
    ],
    "Opui*OqlM1": [
      0.002168982591346
    ],
    "OpWB*OpWB": [
      -0.0018268323383198
    ],
    "OpWB*Oqe": [
      0.0091078530178808
    ],
    "OpWB*Oql31": [
      0.0
    ],
    "OpWB*OqlM1": [
      -0.0393475085194181
    ],
    "Oqe*Oqe": [
      0.0921609343167251
    ],
    "Oqe*Oql31": [
      0.0
    ],
    "Oqe*OqlM1": [
      -0.0377651924117923
    ],
    "Oql31*Oql31": [
      0.0
    ],
    "Oql31*OqlM1": [
      0.0
    ],
    "OqlM1*OqlM1": [
      -0.0348049112481927
    ]
  }
}