{
  "best_sm": [
    7.144540654781964
  ],
  "scales": [
    365.0
  ],
  "theory_cov": [
    [
      0.0
    ]
  ],
  "LO": {
    "SM": [
      7.144540654781964
    ],
    "O3pl1": [
      0.393388766800344
    ],
    "O3pl2": [
      -0.1551932639721757
    ],
    "Oeb": [
      2.1884038428232557
    ],
    "Oee1122": [
      -22.539254588681136
    ],
    "Olb": [
      1.0384221351235492
    ],
    "Ole1122": [
      -2.673782189565665
    ],
    "Ole2211": [
      -2.6737821895656646
    ],
    "Oll": [
      -12.712097009666946
    ],
    "Oll1122": [
      -12.71209700966695
    ],
    "Olu": [
      -2.0768442702470984
    ],
    "OpD": [
      0.6280429489943905
    ],
    "Opdi": [
      -0.0266164242037325
    ],
    "Ope": [
      -0.0678237195065404
    ],
    "Opl1": [
      0.3933887668003445
    ],
    "Opl2": [
      -0.1551932639721758
    ],
    "Opmu": [
      0.0685333243376954
    ],
    "OpQ3": [
      0.4681020062189313
    ],
    "OpQM": [
      0.2340510031094656
    ],
    "OpqMi": [
      -0.2074345789057331
    ],
    "Opui": [
      0.053232848407465
    ],
    "OpWB": [
      1.2692306951418533
    ],
    "Oqe": [
      -0.9268625625473926
    ],
    "OQe": [
      -1.261541280275863
    ],
    "OQl31": [
      10.657379059017742
    ],
    "OqlM1": [
      -6.3671116646324215
    ],
    "OQlM1": [
      5.328689529508871
    ],
    "O3pl1*O3pl1": [
      0.0292839800219673
    ],
    "O3pl1*O3pl2": [
      0.0010293618712819
    ],
    "O3pl1*Oeb": [
      0.0851336783695691
    ],
    "O3pl1*Oee1122": [
      -2.117870155831454
    ],
    "O3pl1*Olb": [
      -0.0293197410031643
    ],
    "O3pl1*Ole1122": [
      -0.0717283617944269
    ],
    "O3pl1*Ole2211": [
      -0.2512382776544229
    ],
    "O3pl1*Oll": [
      -1.6647918971753708
    ],
    "O3pl1*Oll1122": [
      -1.6409430507717864
    ],
    "O3pl1*Olu": [
      0.0586394820063287
    ],
    "O3pl1*OpD": [
      0.0971567583688444
    ],
    "O3pl1*Opdi": [
      -0.0036078624445704
    ],
    "O3pl1*Ope": [
      0.0011350537119071
    ],
    "O3pl1*Opl1": [
      0.0347191136403493
    ],
    "O3pl1*Opl2": [
      -0.0228194845323035
    ],
    "O3pl1*Opmu": [
      0.0130632521327251
    ],
    "O3pl1*OpQ3": [
      0.0476939232812699
    ],
    "O3pl1*OpQM": [
      0.0238469616406349
    ],
    "O3pl1*OpqMi": [
      -0.0202390991960645
    ],
    "O3pl1*Opui": [
      0.0072157248891409
    ],
    "O3pl1*OpWB": [
      0.1936174698685341
    ],
    "O3pl1*Oqe": [
      -0.0360569734656042
    ],
    "O3pl1*OQe": [
      -0.0490767049039649
    ],
    "O3pl1*OQl31": [
      1.2136491094585145
    ],
    "O3pl1*OqlM1": [
      -0.5775048137260926
    ],
    "O3pl1*OQlM1": [
      0.6068245547292572
    ],
    "O3pl2*O3pl2": [
      -0.0128189695294822
    ],
    "O3pl2*Oeb": [
      0.0851336783695693
    ],
    "O3pl2*Oee1122": [
      -0.3872298457253507
    ],
    "O3pl2*Olb": [
      0.0403968839450578
    ],
    "O3pl2*Ole1122": [
      -0.0459362247626701
    ],
    "O3pl2*Ole2211": [
      0.1335736910973259
    ],
    "O3pl2*Oll": [
      -0.6554567306764969
    ],
    "O3pl2*Oll1122": [
      -0.6648651851818139
    ],
    "O3pl2*Olu": [
      -0.0807937678901156
    ],
    "O3pl2*OpD": [
      -0.0070408539883636
    ],
    "O3pl2*Opdi": [
      -0.0010354369029919
    ],
    "O3pl2*Ope": [
      0.0024964452111592
    ],
    "O3pl2*Opl1": [
      0.0104378163765982
    ],
    "O3pl2*Opl2": [
      -0.0162294845536481
    ],
    "O3pl2*Opmu": [
      0.0011774190892567
    ],
    "O3pl2*OpQ3": [
      0.0182101881114322
    ],
    "O3pl2*OpQM": [
      0.0091050940557161
    ],
    "O3pl2*OpqMi": [
      -0.0080696571527241
    ],
    "O3pl2*Opui": [
      0.0020708738059838
    ],
    "O3pl2*OpWB": [
      -0.0138818636057404
    ],
    "O3pl2*Oqe": [
      -0.0360569734656042
    ],
    "O3pl2*OQe": [
      -0.049076704903965
    ],
    "O3pl2*OQl31": [
      0.4145952695378617
    ],
    "O3pl2*OqlM1": [
      -0.2476945187139886
    ],
    "O3pl2*OQlM1": [
      0.2072976347689308
    ],
    "Oeb*Oeb": [
      3.5244660251902613
    ],
    "Oeb*Oee1122": [
      -6.903871604849423
    ],
    "Oeb*Ole1122": [
      -0.8189911012125735
    ],
    "Oeb*Ole2211": [
      -0.8189911012125731
    ],
    "Oeb*Oll": [
      -4.026440592580628
    ],
    "Oeb*Oll1122": [
      -3.893770543201725
    ],
    "Oeb*OpD": [
      0.0759442443937787
    ],
    "Oeb*Opdi": [
      -0.2091498748446663
    ],
    "Oeb*Ope": [
      -0.0487245699528204
    ],
    "Oeb*Opl1": [
      -0.047536371009335
    ],
    "Oeb*Opl2": [
      -0.0475363710093351
    ],
    "Oeb*Opmu": [
      0.0209920549954015
    ],
    "Oeb*OpWB": [
      0.3179558183582305
    ],
    "Oee1122*Oee1122": [
      22.705896143283436
    ],
    "Oee1122*Olb": [
      -3.275964404850293
    ],
    "Oee1122*Ole1122": [
      16.870239920873114
    ],
    "Oee1122*Ole2211": [
      16.87023992087311
    ],
    "Oee1122*Oll": [
      81.57345170588034
    ],
    "Oee1122*Oll1122": [
      80.20702931128875
    ],
    "Oee1122*Olu": [
      6.551928809700586
    ],
    "Oee1122*OpD": [
      -2.7635002382935867
    ],
    "Oee1122*Opdi": [
      0.0839682199816063
    ],
    "Oee1122*Ope": [
      0.7158010361132487
    ],
    "Oee1122*Opl1": [
      -0.7514477612398525
    ],
    "Oee1122*Opl2": [
      0.9791925488662552
    ],
    "Oee1122*Opmu": [
      0.2856283665647711
    ],
    "Oee1122*OpQ3": [
      -1.4767457841504683
    ],
    "Oee1122*OpQM": [
      -0.7383728920752343
    ],
    "Oee1122*OpqMi": [
      0.654404672093628
    ],
    "Oee1122*Opui": [
      -0.1679364399632125
    ],
    "Oee1122*OpWB": [
      -7.278863517974658
    ],
    "Oee1122*Oqe": [
      2.924021609701459
    ],
    "Oee1122*OQe": [
      3.979849995147963
    ],
    "Oee1122*OQl31": [
      -33.62138889901951
    ],
    "Oee1122*OqlM1": [
      20.08665885436005
    ],
    "Oee1122*OQlM1": [
      -16.810694449509754
    ],
    "Olb*Olb": [
      3.5244660251902613
    ],
    "Olb*Ole1122": [
      -0.3886204508173282
    ],
    "Olb*Ole2211": [
      -0.3886204508173281
    ],
    "Olb*Oll": [
      -1.9105911602227936
    ],
    "Olb*Oll1122": [
      -1.8476377357921117
    ],
    "Olb*OpD": [
      0.0342594015356285
    ],
    "Olb*Opdi": [
      0.2600936700638824
    ],
    "Olb*Ope": [
      0.0099609652214983
    ],
    "Olb*Opl1": [
      -0.0922731654338465
    ],
    "Olb*Opl2": [
      -0.0225565404856244
    ],
    "Olb*Opmu": [
      0.0099609652214983
    ],
    "Olb*OpWB": [
      0.0206853628118328
    ],
    "Ole1122*Ole1122": [
      -2.0243518035317565
    ],
    "Ole1122*Ole2211": [
      2.001279450332062
    ],
    "Ole1122*Oll": [
      9.676879129006736
    ],
    "Ole1122*Oll1122": [
      9.514783446218832
    ],
    "Ole1122*Olu": [
      0.7772409016346565
    ],
    "Ole1122*OpD": [
      -0.3232524618536264
    ],
    "Ole1122*Opdi": [
      0.0099609652214983
    ],
    "Ole1122*Ope": [
      -0.0002655634351947
    ],
    "Ole1122*Opl1": [
      0.0903673209934778
    ],
    "Ole1122*Opl2": [
      0.1161594580252353
    ],
    "Ole1122*Opmu": [
      -0.2745301427710725
    ],
    "Ole1122*OpQ3": [
      -0.1751831037997405
    ],
    "Ole1122*OpQM": [
      -0.0875915518998702
    ],
    "Ole1122*OpqMi": [
      0.0776305866783718
    ],
    "Ole1122*Opui": [
      -0.0199219304429967
    ],
    "Ole1122*OpWB": [
      -0.5282602720549036
    ],
    "Ole1122*Oqe": [
      0.3468702512394117
    ],
    "Ole1122*OQe": [
      0.4721208499731616
    ],
    "Ole1122*OQl31": [
      -3.988431404107022
    ],
    "Ole1122*OqlM1": [
      2.3828361528708393
    ],
    "Ole1122*OQlM1": [
      -1.994215702053511
    ],
    "Ole1221*Ole1221": [
      -18.60340722325353
    ],
    "Ole2211*Ole2211": [
      -2.0243518035317565
    ],
    "Ole2211*Oll": [
      9.676879129006734
    ],
    "Ole2211*Oll1122": [
      9.514783446218829
    ],