{
    "best_sm": [
        28.100511074482608
    ],
    "scales": [
        365.0
    ],
    "theory_cov": [
        [
            0.0
        ]
    ],
    "LO": {
        "SM": [
            28.100511074482608
        ],
        "O3pl1": [
            -3.4301794062207107
        ],
        "O3pl2": [
            -3.40713731064808
        ],
        "Oee1111": [
            -8.826206089766265
        ],
        "Ole1111": [
            -5.723369195796894
        ],
        "Oll": [
            3.4071373106479403
        ],
        "Oll1111": [
            -9.522448518862848
        ],
        "OpD": [
            -5.77258409486729
        ],
        "Ope": [
            0.3877310942783737
        ],
        "Opl1": [
            -0.0230420955730694
        ],
        "OpWB": [
            -12.767947266704557
        ],
        "O3pl1*O3pl1": [
            0.1329999715129232
        ],
        "O3pl1*O3pl2": [
            0.2079515957231706
        ],
        "O3pl1*Oee1111": [
            0.5350809456846005
        ],
        "O3pl1*Ole1111": [
            0.5600331925210528
        ],
        "O3pl1*Oll": [
            -0.2079515957231724
        ],
        "O3pl1*Oll1111": [
            0.1462928857835338
        ],
        "O3pl1*OpD": [
            0.3999168922885497
        ],
        "O3pl1*Ope": [
            -0.0555607026109598
        ],
        "O3pl1*Opl1": [
            0.0580483473026751
        ],
        "O3pl1*OpWB": [
            0.8850530850488171
        ],
        "O3pl2*O3pl2": [
            0.1032773445190967
        ],
        "O3pl2*Oee1111": [
            0.5350809456846005
        ],
        "O3pl2*Ole1111": [
            0.3469742005390006
        ],
        "O3pl2*Oll": [
            -0.2065546890381905
        ],
        "O3pl2*Oll1111": [
            0.5772900277746644
        ],
        "O3pl2*OpD": [
            0.3499578103106913
        ],
        "O3pl2*Ope": [
            -0.0235058550058509
        ],
        "O3pl2*Opl1": [
            0.0013969066849785
        ],
        "O3pl2*OpWB": [
            0.7740455217604936
        ],
        "Oee1111*Oee1111": [
            4.624034017547111
        ],
        "Oee1111*Ole1111": [
            0.0
        ],
        "Oee1111*Oll": [
            -0.5350809456846023
        ],
        "Oee1111*Oll1111": [
            0.0
        ],
        "Oee1111*OpD": [
            1.1062435415920313
        ],
        "Oee1111*Ope": [
            0.3465789778110056
        ],
        "Oee1111*Opl1": [
            0.0
        ],
        "Oee1111*OpWB": [
            1.9984112425460137
        ],
        "Ole1111*Ole1111": [
            2.3984900858733798
        ],
        "Ole1111*Oll": [
            -0.3469742005390006
        ],
        "Ole1111*Oll1111": [
            0.0
        ],
        "Ole1111*OpD": [
            0.7115052275718998
        ],
        "Ole1111*Ope": [
            -0.2649549525472073
        ],
        "Ole1111*Opl1": [
            0.213058991982051
        ],
        "Ole1111*OpWB": [
            1.693737915713376
        ],
        "Oll*Oll": [
            0.1032773445190967
        ],
        "Oll*Oll1111": [
            -0.5772900277746644
        ],
        "Oll*OpD": [
            -0.3499578103106887
        ],
        "Oll*Ope": [
            0.023505855005851
        ],
        "Oll*Opl1": [
            -0.0013969066849781
        ],
        "Oll*OpWB": [
            -0.7740455217604892
        ],
        "Oll1111*Oll1111": [
            4.624034017547111
        ],
        "Oll1111*OpD": [
            0.5230614517404352
        ],
        "Oll1111*Ope": [
            0.0
        ],
        "Oll1111*Opl1": [
            -0.4309971419911254
        ],
        "Oll1111*OpWB": [
            1.3512125978610696
        ],
        "OpD*OpD": [
            0.3213533627903165
        ],
        "OpD*Ope": [
            -0.0470292847690701
        ],
        "OpD*Opl1": [
            0.0499590819778714
        ],
        "OpD*OpWB": [
            1.4003096618006814
        ],
        "Ope*Ope": [
            0.0299136853645246
        ],
        "Ope*Opl1": [
            -0.0320548476051077
        ],
        "Ope*OpWB": [
            -0.1476482193256598
        ],
        "Opl1*Opl1": [
            0.0283257203088473
        ],
        "Opl1*OpWB": [
            0.1110075632883331
        ],
        "OpWB*OpWB": [
            1.549093335821467
        ]
    }
}