{
  "best_sm": [
    0.1676850630254906
  ],
  "scales": [
    240.0
  ],
  "theory_cov": [
    [
      0.0
    ]
  ],
  "LO": {
    "SM": [
      0.1676850630254906
    ],
    "O3pl1": [
      -0.010637805796955
    ],
    "O3pl2": [
      0.0041838765740187
    ],
    "Oee1122": [
      0.1138522274069182
    ],
    "Ole1122": [
      0.0248663086379469
    ],
    "Ole1221": [
      0.0
    ],
    "Ole2211": [
      0.0248663086379469
    ],
    "Oll": [
      0.1294701965330144
    ],
    "Oll1122": [
      0.1294701965330144
    ],
    "OpD": [
      -0.0167726655602619
    ],
    "Ope": [
      0.0024525443687013
    ],
    "Opl1": [
      -0.010637805796955
    ],
    "Opl2": [
      0.0041838765740187
    ],
    "Opmu": [
      -0.0019554234164199
    ],
    "OpWB": [
      -0.0347587795286622
    ],
    "O3pl1*O3pl1": [
      -0.0001014274013952
    ],
    "O3pl1*O3pl2": [
      -0.0005350454293307
    ],
    "O3pl1*Oee1122": [
      -0.0031612074520121
    ],
    "O3pl1*Ole1122": [
      -0.0026340323336435
    ],
    "O3pl1*Ole1221": [
      0.0
    ],
    "O3pl1*Ole2211": [
      -0.0006904349783984
    ],
    "O3pl1*Oll": [
      0.0018840737349034
    ],
    "O3pl1*Oll1122": [
      0.0012391661576326
    ],
    "O3pl1*OpD": [
      -0.0004359950016555
    ],
    "O3pl1*Ope": [
      -0.0003477349942541
    ],
    "O3pl1*Opl1": [
      0.0004420527744803
    ],
    "O3pl1*Opl2": [
      0.00010986214794
    ],
    "O3pl1*Opmu": [
      -0.0001274650425773
    ],
    "O3pl1*OpWB": [
      -0.000710058989561
    ],
    "O3pl2*O3pl2": [
      0.0004397386393137
    ],
    "O3pl2*Oee1122": [
      0.00690219069095
    ],
    "O3pl2*Ole1122": [
      0.0015074979902299
    ],
    "O3pl2*Ole1221": [
      0.0
    ],
    "O3pl2*Ole2211": [
      -0.0004360993650152
    ],
    "O3pl2*Oll": [
      0.0124293927384839
    ],
    "O3pl2*Oll1122": [
      0.012683036559066
    ],
    "O3pl2*OpD": [
      -0.0005982949355774
    ],
    "O3pl2*Ope": [
      7.69065633148e-05
    ],
    "O3pl2*Opl1": [
      -0.0007886892499128
    ],
    "O3pl2*Opl2": [
      0.0006258334580453
    ],
    "O3pl2*Opmu": [
      -0.000118545816881
    ],
    "O3pl2*OpWB": [
      -0.0012999405718829
    ],
    "Oee1122*Oee1122": [
      0.0516914376457677
    ],
    "Oee1122*Ole1122": [
      0.0
    ],
    "Oee1122*Ole1221": [
      0.0
    ],
    "Oee1122*Ole2211": [
      0.0
    ],
    "Oee1122*Oll": [
      -0.00690219069095
    ],
    "Oee1122*Oll1122": [
      0.0
    ],
    "Oee1122*OpD": [
      -0.0082864217232082
    ],
    "Oee1122*Ope": [
      -0.000894340477566
    ],
    "Oee1122*Opl1": [
      -0.0100633981429622
    ],
    "Oee1122*Opl2": [
      0.0
    ],
    "Oee1122*Opmu": [
      -0.0038871947104902
    ],
    "Oee1122*OpWB": [
      -0.0084312112341767
    ],
    "Ole1122*Ole1122": [
      0.0129228594114419
    ],
    "Ole1122*Ole1221": [
      0.0
    ],
    "Ole1122*Ole2211": [
      0.0
    ],
    "Ole1122*Oll": [
      -0.0015074979902299
    ],
    "Ole1122*Oll1122": [
      0.0
    ],
    "Ole1122*OpD": [
      -0.001932627808138
    ],
    "Ole1122*Ope": [
      0.0006536651830121
    ],
    "Ole1122*Opl1": [
      -0.0041415303238735
    ],
    "Ole1122*Opl2": [
      0.0
    ],
    "Ole1122*Opmu": [
      0.0024170101446515
    ],
    "Ole1122*OpWB": [
      -0.0054709064896574
    ],
    "Ole1221*Ole1221": [
      0.0794743435937492
    ],
    "Ole1221*Ole2211": [
      0.0
    ],
    "Ole1221*Oll": [
      0.0
    ],
    "Ole1221*Oll1122": [
      0.0
    ],
    "Ole1221*OpD": [
      0.0
    ],
    "Ole1221*Ope": [
      0.0
    ],
    "Ole1221*Opl1": [
      0.0
    ],
    "Ole1221*Opl2": [
      0.0
    ],
    "Ole1221*Opmu": [
      0.0
    ],
    "Ole1221*OpWB": [
      0.0
    ],
    "Ole2211*Ole2211": [
      0.0129228594114419
    ],
    "Ole2211*Oll": [
      -0.0015074979902299
    ],
    "Ole2211*Oll1122": [
      0.0
    ],
    "Ole2211*OpD": [
      -0.001932627808138
    ],
    "Ole2211*Ope": [
      0.0030706753276636
    ],
    "Ole2211*Opl1": [
      -0.0021979329686283
    ],
    "Ole2211*Opl2": [
      -0.0019435973552451
    ],
    "Ole2211*Opmu": [
      0.0
    ],
    "Ole2211*OpWB": [
      -0.0054709064896574
    ],
    "Oll*Oll": [
      0.0438424213760047
    ],
    "Oll*Oll1122": [
      0.0955338590217724
    ],
    "Oll*OpD": [
      0.0068596155685807
    ],
    "Oll*Ope": [
      0.0032547232958048
    ],
    "Oll*Opl1": [
      -0.0059649425348594
    ],
    "Oll*Opl2": [
      0.0045803764687209
    ],
    "Oll*Opmu": [
      0.000118545816881
    ],
    "Oll*OpWB": [
      0.0105734532046965
    ],
    "Oll1122*Oll1122": [
      0.0516914376457677
    ],
    "Oll1122*OpD": [
      0.0058427875386934
    ],
    "Oll1122*Ope": [
      0.0034034066311803
    ],
    "Oll1122*Opl1": [
      -0.0066098501121302
    ],
    "Oll1122*Opl2": [
      0.0048340202893031
    ],
    "Oll1122*Opmu": [
      0.0
    ],
    "Oll1122*OpWB": [
      0.0084662329073363
    ],
    "OpD*OpD": [
      -0.0003197337946979
    ],
    "OpD*Ope": [
      -0.000592717281376
    ],
    "OpD*Opl1": [
      0.0005808330282318
    ],
    "OpD*Opl2": [
      0.0004185330943098
    ],
    "OpD*Opmu": [
      0.0001308360846105
    ],
    "OpD*OpWB": [
      -0.0011752833116357
    ],
    "Ope*Ope": [
      -0.0003323249759251
    ],
    "Ope*Opl1": [
      -0.0004964183296297
    ],
    "Ope*Opl2": [
      -7.17767720606e-05
    ],
    "Ope*Opmu": [
      9.47558970509e-05
    ],
    "Ope*OpWB": [
      -0.0003064814146572
    ],
    "Opl1*Opl1": [
      0.0005434801758755
    ],
    "Opl1*Opl2": [
      -0.000143781672642
    ],
    "Opl1*Opmu": [
      -8.919225696293035e-06
    ],
    "Opl1*OpWB": [
      0.001397161307799
    ],
    "Opl2*Opl2": [
      0.0001860948187315
    ],
    "Opl2*Opmu": [
      0.0
    ],
    "Opl2*OpWB": [
      0.0008072797254772
    ],
    "Opmu*Opmu": [
      0.0001860948187315
    ],
    "Opmu*OpWB": [
      -0.0001946084994687
    ],
    "OpWB*OpWB": [
      -0.0015023223624566
    ]
  }
}