{
  "best_sm": [
    0.1510912118315661
  ],
  "scales": [
    365.0
  ],
  "theory_cov": [
    [
      0.0
    ]
  ],
  "LO": {
    "SM": [
      0.1510912118315661
    ],
    "O3pl1": [
      0.0048657275038247
    ],
    "O3pl2": [
      0.0
    ],
    "Oeb": [
      0.0710811111144206
    ],
    "Olb": [
      0.0337287833835851
    ],
    "Oll": [
      0.0
    ],
    "OpD": [
      0.006945008827957
    ],
    "Opdi": [
      -0.000864522794775
    ],
    "Ope": [
      -0.002249766011953
    ],
    "Opl1": [
      0.0048657275038247
    ],
    "OpQ3": [
      0.0152043284086018
    ],
    "OpQM": [
      0.0076021642043009
    ],
    "OpWB": [
      0.0163283108098803
    ],
    "OQe": [
      -0.0409758720780858
    ],
    "OQl31": [
      0.3461602151571993
    ],
    "OQlM1": [
      0.1730801075785996
    ],
    "O3pl1*O3pl1": [
      0.0001091695435581
    ],
    "O3pl1*O3pl2": [
      0.0002949804307434
    ],
    "O3pl1*Oeb": [
      -0.0034538497936715
    ],
    "O3pl1*Olb": [
      -0.0039033422782639
    ],
    "O3pl1*Oll": [
      -0.0002949804307434
    ],
    "O3pl1*OpD": [
      0.0003739352346151
    ],
    "O3pl1*Opdi": [
      -4.15470548584e-05
    ],
    "O3pl1*Ope": [
      0.0001550095248967
    ],
    "O3pl1*Opl1": [
      -7.66413436272e-05
    ],
    "O3pl1*OpQ3": [
      0.0002188730565657
    ],
    "O3pl1*OpQM": [
      0.0001094365282828
    ],
    "O3pl1*OpWB": [
      0.0006832386968642
    ],
    "O3pl1*OQe": [
      0.0019910283492135
    ],
    "O3pl1*OQl31": [
      0.0091338938118246
    ],
    "O3pl1*OQlM1": [
      0.0045669469059123
    ],
    "O3pl2*O3pl2": [
      0.0
    ],
    "O3pl2*Oeb": [
      0.0043092295566852
    ],
    "O3pl2*Olb": [
      0.0020447776911311
    ],
    "O3pl2*Oll": [
      0.0
    ],
    "O3pl2*OpD": [
      0.0004210350238433
    ],
    "O3pl2*Opdi": [
      -5.2410930573e-05
    ],
    "O3pl2*Ope": [
      -0.000136390076665
    ],
    "O3pl2*Opl1": [
      0.0002949804307434
    ],
    "O3pl2*OpQ3": [
      0.0009217489757923
    ],
    "O3pl2*OpQM": [
      0.0004608744878961
    ],
    "O3pl2*OpWB": [
      0.0009898894157607
    ],
    "O3pl2*OQe": [
      -0.0024841260399771
    ],
    "O3pl2*OQl31": [
      0.0209856571896116
    ],
    "O3pl2*OQlM1": [
      0.0104928285948058
    ],
    "Oeb*Oeb": [
      0.0867532415969808
    ],
    "Oeb*Olb": [
      -0.0263109250450598
    ],
    "Oeb*Oll": [
      -0.0043092295566852
    ],
    "Oeb*OpD": [
      -0.0070720059799787
    ],
    "Oeb*Opdi": [
      -0.006118964404001
    ],
    "Oeb*Ope": [
      0.0001580352226312
    ],
    "Oeb*Opl1": [
      -0.0077630793503567
    ],
    "Oeb*OpQ3": [
      -0.0118604913960189
    ],
    "Oeb*OpQM": [
      -0.0059302456980094
    ],
    "Oeb*OpWB": [
      -0.0100359774195683
    ],
    "Oeb*OQe": [
      0.0319641858006406
    ],
    "Oeb*OQl31": [
      -0.2700303586703148
    ],
    "Oeb*OQlM1": [
      -0.1350151793351574
    ],
    "Olb*Olb": [
      0.1082350675133118
    ],
    "Olb*Oll": [
      -0.0020447776911311
    ],
    "Olb*OpD": [
      -0.0034134642081505
    ],
    "Olb*Opdi": [
      0.008768057078261
    ],
    "Olb*Ope": [
      0.0011494972569493
    ],
    "Olb*Opl1": [
      -0.0059481199693951
    ],
    "Olb*OpQ3": [
      -0.0056279360134824
    ],
    "Olb*OpQM": [
      -0.0028139680067412
    ],
    "Olb*OpWB": [
      -0.0089908019103009
    ],
    "Olb*OQe": [
      0.0151673641843754
    ],
    "Olb*OQl31": [
      -0.1281324297241479
    ],
    "Olb*OQlM1": [
      -0.0640662148620739
    ],
    "Oll*Oll": [
      0.0
    ],
    "Oll*OpD": [
      -0.0004210350238433
    ],
    "Oll*Opdi": [
      5.2410930573e-05
    ],
    "Oll*Ope": [
      0.000136390076665
    ],
    "Oll*Opl1": [
      -0.0002949804307434
    ],
    "Oll*OpQ3": [
      -0.0009217489757923
    ],
    "Oll*OpQM": [
      -0.0004608744878961
    ],
    "Oll*OpWB": [
      -0.0009898894157607
    ],
    "Oll*OQe": [
      0.0024841260399771
    ],
    "Oll*OQl31": [
      -0.0209856571896116
    ],
    "Oll*OQlM1": [
      -0.0104928285948058
    ],
    "OpD*OpD": [
      0.0002754643385926
    ],
    "OpD*Opdi": [
      8.38834489902e-05
    ],
    "OpD*Ope": [
      0.0002837163138262
    ],
    "OpD*Opl1": [
      -4.70997892282e-05
    ],
    "OpD*OpQ3": [
      0.0004703081668116
    ],
    "OpD*OpQM": [
      0.0002351540834058
    ],
    "OpD*OpWB": [
      0.0010096935521627
    ],
    "OpD*OQe": [
      0.0039036193355058
    ],
    "OpD*OQl31": [
      0.0190241204267033
    ],
    "OpD*OQlM1": [
      0.0095120602133516
    ],
    "Opdi*Opdi": [
      0.0002525415735776
    ],
    "Opdi*Ope": [
      3.77254187376e-05
    ],
    "Opdi*Opl1": [
      1.08638757146e-05
    ],
    "Opdi*OpQ3": [
      0.0001442530231777
    ],
    "Opdi*OpQM": [
      7.21265115888e-05
    ],
    "Opdi*OpWB": [
      -3.39664565794e-05
    ],
    "Opdi*OQe": [
      -0.0003887638615636
    ],
    "Opdi*OQl31": [
      0.0032842396058777
    ],
    "Opdi*OQlM1": [
      0.0016421198029388
    ],
    "Ope*Ope": [
      0.0001667850738952
    ],
    "Ope*Opl1": [
      0.0002913996015618
    ],
    "Ope*OpQ3": [
      -0.0002519094962912
    ],
    "Ope*OpQM": [
      -0.0001259547481456
    ],
    "Ope*OpWB": [
      8.00230499004e-05
    ],
    "Ope*OQe": [
      0.0115804722292602
    ],
    "Ope*OQl31": [
      0.011797348669915
    ],
    "Ope*OQlM1": [
      0.0058986743349575
    ],
    "Opl1*Opl1": [
      -0.0001858108871853
    ],
    "Opl1*OpQ3": [
      -0.0007028759192265
    ],
    "Opl1*OpQM": [
      -0.0003514379596132
    ],
    "Opl1*OpWB": [
      -0.0003066507188964
    ],
    "Opl1*OQe": [
      0.0044751543891906
    ],
    "Opl1*OQl31": [
      -0.011851763377787
    ],
    "Opl1*OQlM1": [
      -0.0059258816888935
    ],
    "OpQ3*OpQ3": [
      -0.0002419152871894
    ],
    "OpQ3*OpQM": [
      -0.0002419152871894
    ],
    "OpQ3*OpWB": [
      0.0015586204771292
    ],
    "OpQ3*OQe": [
      -0.0067495364417344
    ],
    "OpQ3*OQl31": [
      -0.0239675892352903
    ],
    "OpQ3*OQlM1": [
      -0.0119837946176451
    ],
    "OpQM*OpQM": [
      -6.04788217973e-05
    ],
    "OpQM*OpWB": [
      0.0007793102385646
    ],
    "OpQM*OQe": [
      -0.0033747682208672
    ],
    "OpQM*OQl31": [
      -0.0119837946176451
    ],
    "OpQM*OQlM1": [
      -0.0059918973088225
    ],
    "OpWB*OpWB": [
      0.0012178882255466
    ],
    "OpWB*OQe": [
      -0.006900450891766
    ],
    "OpWB*OQl31": [
      0.0311432144921375
    ],
    "OpWB*OQlM1": [
      0.0155716072460687
    ],
    "OQe*OQe": [
      0.1052643423068584
    ],
    "OQe*OQl31": [
      0.1556634281681856
    ],
    "OQe*OQlM1": [
      0.0778317140840928
    ],
    "OQl31*OQl31": [
      -0.1996048863222145
    ],
    "OQl31*OQlM1": [
      -0.1996048863222145
    ],
    "OQlM1*OQlM1": [
      -0.0499012215805536
    ]
  }
}