{
    "best_sm": [
        0.9572900169221884
    ],
    "scales": [
    240.0
    ],
    "theory_cov": [
        [
            0.0
        ]
    ],
    "LO": {
        "SM": [
            0.9572900169221884
        ],
        "OpD": [
            0.0020086523476488
        ],
        "OpWB": [
            0.0070332156814036
        ],
        "Opl1": [
            0.003766331592138
        ],
        "O3pl1": [
            0.0037663315913167
        ],
        "O3pl2": [
            -3.7033498564239973e-13
        ],
        "Ope": [
            -0.0044327447679067
        ],
        "Oll": [
            3.537187824742803e-13
        ],
        "Oll1111": [
            -0.0005247697299193
        ],
        "OpD*OpD": [
            0.0001984975409251
        ],
        "OpD*OpWB": [
            0.0010734665191332
        ],
        "OpD*Opl1": [
            0.0003313025798307
        ],
        "OpD*O3pl1": [
            0.0004530753534567
        ],
        "OpD*O3pl2": [
            0.0001217727737312
        ],
        "OpD*Ope": [
            -0.0003739522646443
        ],
        "OpD*Oll": [
            -0.0001217727737337
        ],
        "OpD*Oll1111": [
            0.0001499888345819
        ],
        "OpWB*OpWB": [
            0.001367715470398
        ],
        "OpWB*Opl1": [
            0.0006120756405053
        ],
        "OpWB*O3pl1": [
            0.0010384581265367
        ],
        "OpWB*O3pl2": [
            0.0004263824861989
        ],
        "OpWB*Ope": [
            -0.0007131650558501
        ],
        "OpWB*Oll": [
            -0.0004263824861692
        ],
        "OpWB*Oll1111": [
            0.0007128003039424
        ],
        "Opl1*Opl1": [
            -6.44453317902e-05
        ],
        "Opl1*O3pl1": [
            9.94398614021e-05
        ],
        "Opl1*O3pl2": [
            0.0002283305249602
        ],
        "Opl1*Ope": [
            0.0001555580606368
        ],
        "Opl1*Oll": [
            -0.0002283305250161
        ],
        "Opl1*Oll1111": [
            0.0004453364847693
        ],
        "O3pl1*O3pl1": [
            0.0001638851931303
        ],
        "O3pl1*O3pl2": [
            0.000228330524897
        ],
        "O3pl1*Ope": [
            -0.0001131731742695
        ],
        "O3pl1*Oll": [
            -0.0002283305249126
        ],
        "O3pl1*Oll1111": [
            0.0004135227834494
        ],
        "O3pl2*O3pl2": [
            -3.0724633157906205e-14
        ],
        "O3pl2*Ope": [
            -0.0002687312349389
        ],
        "O3pl2*Oll": [
            9.411949500478247e-14
        ],
        "O3pl2*Oll1111": [
            -3.1813701259e-05
        ],
        "Ope*Ope": [
            -7.9902185101e-05
        ],
        "Ope*Oll": [
            0.0002687312349726
        ],
        "Ope*Oll1111": [
            -0.0005882291954055
        ],
        "Oll*Oll": [
            -2.8707289333589865e-14
        ],
        "Oll*Oll1111": [
            3.18137012568e-05
        ],
        "Oll1111*Oll1111": [
            -0.0077520339756482
        ]
    },
    "NLO": {
        "SM": [
            0.9572900169221884
        ],
        "OpD": [
            0.0020086523476488
        ],
        "OpWB": [
            0.0070332156814036
        ],
        "Opl1": [
            0.003766331592138
        ],
        "O3pl1": [
            0.0037663315913167
        ],
        "O3pl2": [
            -3.7033498564239973e-13
        ],
        "Ope": [
            -0.0044327447679067
        ],
        "Oll": [
            3.537187824742803e-13
        ],
        "Oll1111": [
            -0.0005247697299193
        ],
        "OpD*OpD": [
            0.0001984975409251
        ],
        "OpD*OpWB": [
            0.0010734665191332
        ],
        "OpD*Opl1": [
            0.0003313025798307
        ],
        "OpD*O3pl1": [
            0.0004530753534567
        ],
        "OpD*O3pl2": [
            0.0001217727737312
        ],
        "OpD*Ope": [
            -0.0003739522646443
        ],
        "OpD*Oll": [
            -0.0001217727737337
        ],
        "OpD*Oll1111": [
            0.0001499888345819
        ],
        "OpWB*OpWB": [
            0.001367715470398
        ],
        "OpWB*Opl1": [
            0.0006120756405053
        ],
        "OpWB*O3pl1": [
            0.0010384581265367
        ],
        "OpWB*O3pl2": [
            0.0004263824861989
        ],
        "OpWB*Ope": [
            -0.0007131650558501
        ],
        "OpWB*Oll": [
            -0.0004263824861692
        ],
        "OpWB*Oll1111": [
            0.0007128003039424
        ],
        "Opl1*Opl1": [
            -6.44453317902e-05
        ],
        "Opl1*O3pl1": [
            9.94398614021e-05
        ],
        "Opl1*O3pl2": [
            0.0002283305249602
        ],
        "Opl1*Ope": [
            0.0001555580606368
        ],
        "Opl1*Oll": [
            -0.0002283305250161
        ],
        "Opl1*Oll1111": [
            0.0004453364847693
        ],
        "O3pl1*O3pl1": [
            0.0001638851931303
        ],
        "O3pl1*O3pl2": [
            0.000228330524897
        ],
        "O3pl1*Ope": [
            -0.0001131731742695
        ],
        "O3pl1*Oll": [
            -0.0002283305249126
        ],
        "O3pl1*Oll1111": [
            0.0004135227834494
        ],
        "O3pl2*O3pl2": [
            -3.0724633157906205e-14
        ],
        "O3pl2*Ope": [
            -0.0002687312349389
        ],
        "O3pl2*Oll": [
            9.411949500478247e-14
        ],
        "O3pl2*Oll1111": [
            -3.1813701259e-05
        ],
        "Ope*Ope": [
            -7.9902185101e-05
        ],
        "Ope*Oll": [
            0.0002687312349726
        ],
        "Ope*Oll1111": [
            -0.0005882291954055
        ],
        "Oll*Oll": [
            -2.8707289333589865e-14
        ],
        "Oll*Oll1111": [
            3.18137012568e-05
        ],
        "Oll1111*Oll1111": [
            -0.0077520339756482
        ]
    }
}