{
  "best_sm": [
    10.155052826000396,
    3.7049206930095213,
    0.47903102500027445
  ],
  "scales": [
    375,
    625,
    875
  ],
  "theory_cov": [
    [
      0.0,
      0.0,
      0.0
    ],
    [
      0.0,
      0.0,
      0.0
    ],
    [
      0.0,
      0.0,
      0.0
    ]
  ],
  "LO": {
    "best_sm": [
      10.155052826000396,
      3.7049206930095213,
      0.47903102500027445
    ],
    "Otp": [
      2.054007591002968,
      0.9833210228005088,
      0.19479710939985692
    ],
    "OpG": [
      -440.02485627327655,
      -37.64653944679296,
      13.037831857925775
    ],
    "OtG": [
      6.63246623199586,
      -0.7441193577997239,
      -0.4671543886004213
    ],
    "Op": [
      4.806599660997356,
      0.7346876579993977,
      0.051621857999957686
    ],
    "Otp*Otp": [
      0.17030839216597224,
      0.1514428557970995,
      0.053341170637523874
    ],
    "OpG*Otp": [
      -72.97957532528676,
      -34.54579225080012,
      -7.3075166087999675
    ],
    "OtG*Otp": [
      1.260170339002346,
      0.3238797678555407,
      0.022398455001235787
    ],
    "OpG*OpG": [
      8617.934443597682,
      3396.0017884000185,
      1604.9164876001832
    ],
    "OpG*OtG": [
      -317.0968875265249,
      -98.31931808560056,
      -48.457157464400225
    ],
    "OtG*OtG": [
      3.1203905096316826,
      0.8521359791473578,
      0.4341194573612415
    ],
    "Op*Otp": [
      0.68839473096388,
      0.16044716029392272,
      0.023226310242660135
    ],
    "Op*OpG": [
      -167.00715326279922,
      -15.542081095999892,
      -1.0627904120004388
    ],
    "Op*OtG": [
      3.112439237146081,
      0.1015613099246052,
      -0.0057032087925213085
    ],
    "Op*Op": [
      0.8852799676043993,
      0.05113425537275941,
      0.0027536369013396325
    ]
  }
}
