{
  "best_sm": [
    2.134,
    21.402
  ],
  "scales": [
    328.9460561405181,
    461.83699090874575
  ],
  "theory_cov": [
    [
      0.0,
      0.0
    ],
    [
      0.0,
      0.0
    ]
  ],
  "LO": {
    "SM": [
      2.134,
      21.402
    ],
    "OpG": [
      -190.0,
      -414.1
    ],
    "OpG*OpG": [
      5275.0,
      17497.0
    ],
    "Otp*OpG": [
      -37.5,
      -132.4
    ],
    "OtG*OpG": [
      653.7,
      2413.6
    ],
    "OpG*Op": [
      -122.7,
      -124.5
    ],
    "OpG*Opd": [
      59.1,
      113.4
    ],
    "Opd": [
      -1.0226211744000762,
      -3.6218457263930963
    ],
    "Opd*Opd": [
      0.1652871933199698,
      0.3922528066805092
    ],
    "Op": [
      2.130964547400472,
      6.378835452586905
    ],
    "Op*Op": [
      0.7122838528002831,
      0.6109161471990688
    ],
    "OtG": [
      -11.983513248002932,
      -33.144177024026455
    ],
    "OtG*OtG": [
      20.131814149999855,
      84.27818584999939
    ],
    "Otp": [
      0.6862492924000383,
      4.821595842796791
    ],
    "Otp*Otp": [
      0.06506010499999815,
      0.6799398949995331
    ],
    "Opd*Op": [
      -0.6847692818701123,
      -0.7666207181291288
    ],
    "Opd*OtG": [
      3.6187498566770877,
      8.213710143265606
    ],
    "Opd*Otp": [
      -0.20606053119996062,
      -1.0149364688001232
    ],
    "Op*OtG": [
      -7.553008562803593,
      -9.060191437103002
    ],
    "Op*Otp": [
      0.4291342223995723,
      0.9153657776040686
    ],
    "OtG*Otp": [
      -2.2564632670005134,
      -9.862536732916743
    ]
  }
}