{
  "best_sm": [
    2.134,
    21.402
  ],
  "scales": [
    300,
    350
  ],
  "theory_cov": [
    [
      0.0,
      0.0
    ],
    [
      0.0,
      0.0
    ]
  ],
  "LO": {
    "SM": [
      2.134,
      21.402
    ],
    "OpG": [
      -190.0,
      -414.1
    ],
    "OpG*OpG": [
      5275.0,
      17497.0
    ],
    "Otp*OpG": [
      -37.5,
      -132.4
    ],
    "OtG*OpG": [
      653.7,
      2413.6
    ],
    "OpG*Op": [
      -122.7,
      -124.5
    ],
    "OpG*Opd": [
      59.1,
      113.4
    ],
    "OpG*OpD": [
      -14.6,
      -28.5
    ],
    "Opd": [
      -1.0168307592000754,
      -3.650397755993042
    ],
    "Opd*Opd": [
      0.16480933043999776,
      0.39286066955988397
    ],
    "Op": [
      2.130964547400472,
      6.378835452586905
    ],
    "Op*Op": [
      0.7122838528002831,
      0.6109161471990688
    ],
    "OtG": [
      -11.983513248002932,
      -33.144177024026455
    ],
    "OtG*OtG": [
      20.131814149999855,
      84.27818584999939
    ],
    "Otp": [
      0.6862492924000383,
      4.821595842796791
    ],
    "Otp*Otp": [
      0.06506010499999815,
      0.6799398949995331
    ],
    "OpD": [
      0.25481914920006904,
      0.9079877212005095
    ],
    "OpD*OpD": [
      0.010303899240002294,
      0.024520100759980682
    ],
    "O3pl1": [
      -0.25704816620000553,
      -2.59755183380188
    ],
    "O3pl1*O3pl1": [
      0.007861725440000399,
      0.07869827455996417
    ],
    "O3pl2": [
      -0.2602396090000056,
      -2.59436039100188
    ],
    "O3pl2*O3pl2": [
      0.007829513434999703,
      0.07872748656490333
    ],
    "Oll": [
      0.2589609295999803,
      2.5962390704043594
    ],
    "Oll*Oll": [
      0.007897070378999612,
      0.07859592962102786
    ],
    "Opd*Op": [
      -0.6840093286402246,
      -0.767780671359225
    ],
    "Opd*OtG": [
      4.119738919562219,
      7.692591080324177
    ],
    "Opd*Otp": [
      -0.20538823918998692,
      -1.015711760809513
    ],
    "Opd*OpD": [
      -0.08208760567997117,
      -0.19676639432018003
    ],
    "Opd*O3pl1": [
      0.060587343709956866,
      0.2212926562910202
    ],
    "Opd*O3pl2": [
      0.06174885638493186,
      0.22004414361474944
    ],
    "Opd*Oll": [
      -0.06117904542902251,
      -0.22071395457111342
    ],
    "Op*OtG": [
      -7.553008562803593,
      -9.060191437103002
    ],
    "Op*Otp": [
      0.4291342223995723,
      0.9153657776040686
    ],
    "Op*OpD": [
      0.17315704695928588,
      0.18951895304013444
    ],
    "Op*O3pl1": [
      -0.12918541284058846,
      -0.38605458715929886
    ],
    "Op*O3pl2": [
      -0.1289863209357519,
      -0.3863906790647742
    ],
    "Op*Oll": [
      0.13052615782038363,
      0.3866808421789803
    ],
    "OtG*Otp": [
      -2.0046833300032207,
      -10.13131667005512
    ],
    "OtG*OpD": [
      -0.7742985492361256,
      -2.2205254507759147
    ],
    "OtG*O3pl1": [
      0.8981424245673935,
      1.8152975753765275
    ],
    "OtG*O3pl2": [
      1.0722943365619328,
      1.7111486635527606
    ],
    "OtG*Oll": [
      -0.435118870380341,
      -2.331374129476754
    ],
    "Otp*OpD": [
      0.05174547176001027,
      0.25363052824097415
    ],
    "Otp*O3pl1": [
      -0.04020460873999676,
      -0.29409539125921075
    ],
    "Otp*O3pl2": [
      -0.04034015603499585,
      -0.2939368439645652
    ],
    "Otp*Oll": [
      0.0434804366210077,
      0.29062656338068144
    ],
    "OpD*O3pl1": [
      -0.015428290890002798,
      -0.0550617091098848
    ],
    "OpD*O3pl2": [
      -0.01536716006700185,
      -0.055101839932860365
    ],
    "OpD*Oll": [
      0.015234321651000924,
      0.05521867834867959
    ],
    "O3pl1*O3pl2": [
      0.0156923009650015,
      0.15743069903498919
    ],
    "O3pl1*Oll": [
      -0.01575879439463092,
      -0.15729419676016113
    ],
    "O3pl2*Oll": [
      -0.01572658237522195,
      -0.15732340877330855
    ]
  }
}
