{
  "best_sm": [
    2.134,
    21.402
  ],
  "scales": [
    300,
    350
  ],
  "theory_cov_current": [
    [
      0.0,
      0.0
    ],
    [
      0.0,
      0.0
    ]
  ],
  "LO": {
    "SM": [
      2.134,
      21.402
    ],
    "O3pl1": [
      -0.2570481662,
      -2.5975518338
    ],
    "O3pl2": [
      -0.260239609,
      -2.594360391
    ],
    "Oll1221": [
      0.2589609296,
      2.5962390704
    ],
    "Op": [
      2.1309645474,
      6.37883545259
    ],
    "OpBox": [
      -1.0168307592,
      -3.65039775599
    ],
    "OpD": [
      0.2548191492,
      0.907987721201
    ],
    "OpG": [
      -190.0,
      -414.1
    ],
    "OtG": [
      -11.983513248,
      -33.144177024
    ],
    "Otp": [
      0.6862492924,
      4.8215958428
    ],
    "O3pl1*O3pl1": [
      0.00786172544,
      0.07869827456
    ],
    "O3pl1*O3pl2": [
      0.015692300965,
      0.157430699035
    ],
    "O3pl1*Oll1221": [
      -0.0157587943946,
      -0.15729419676
    ],
    "O3pl2*O3pl2": [
      0.007829513435,
      0.0787274865649
    ],
    "O3pl2*Oll1221": [
      -0.0157265823752,
      -0.157323408773
    ],
    "Oll1221*Oll1221": [
      0.007897070379,
      0.078595929621
    ],
    "Op*O3pl1": [
      -0.129185412841,
      -0.386054587159
    ],
    "Op*O3pl2": [
      -0.128986320936,
      -0.386390679065
    ],
    "Op*Oll1221": [
      0.13052615782,
      0.386680842179
    ],
    "Op*Op": [
      0.7122838528,
      0.610916147199
    ],
    "Op*OpD": [
      0.173157046959,
      0.18951895304
    ],
    "Op*OtG": [
      -7.5530085628,
      -9.0601914371
    ],
    "Op*Otp": [
      0.4291342224,
      0.915365777604
    ],
    "OpBox*O3pl1": [
      0.06058734371,
      0.221292656291
    ],
    "OpBox*O3pl2": [
      0.0617488563849,
      0.220044143615
    ],
    "OpBox*Oll1221": [
      -0.061179045429,
      -0.220713954571
    ],
    "OpBox*Op": [
      -0.68400932864,
      -0.767780671359
    ],
    "OpBox*OpBox": [
      0.16480933044,
      0.39286066956
    ],
    "OpBox*OpD": [
      -0.08208760568,
      -0.19676639432
    ],
    "OpBox*OtG": [
      4.11973891956,
      7.69259108032
    ],
    "OpBox*Otp": [
      -0.20538823919,
      -1.01571176081
    ],
    "OpD*O3pl1": [
      -0.01542829089,
      -0.0550617091099
    ],
    "OpD*O3pl2": [
      -0.015367160067,
      -0.0551018399329
    ],
    "OpD*Oll1221": [
      0.015234321651,
      0.0552186783487
    ],
    "OpD*OpD": [
      0.01030389924,
      0.02452010076
    ],
    "OpG*Op": [
      -122.7,
      -124.5
    ],
    "OpG*OpBox": [
      59.1,
      113.4
    ],
    "OpG*OpD": [
      -14.6,
      -28.5
    ],
    "OpG*OpG": [
      5275.0,
      17497.0
    ],
    "OtG*O3pl1": [
      0.898142424567,
      1.81529757538
    ],
    "OtG*O3pl2": [
      1.07229433656,
      1.71114866355
    ],
    "OtG*Oll1221": [
      -0.43511887038,
      -2.33137412948
    ],
    "OtG*OpD": [
      -0.774298549236,
      -2.22052545078
    ],
    "OtG*OpG": [
      653.7,
      2413.6
    ],
    "OtG*OtG": [
      20.13181415,
      84.27818585
    ],
    "OtG*Otp": [
      -2.00468333,
      -10.1313166701
    ],
    "Otp*O3pl1": [
      -0.04020460874,
      -0.294095391259
    ],
    "Otp*O3pl2": [
      -0.040340156035,
      -0.293936843965
    ],
    "Otp*Oll1221": [
      0.043480436621,
      0.290626563381
    ],
    "Otp*OpD": [
      0.05174547176,
      0.253630528241
    ],
    "Otp*OpG": [
      -37.5,
      -132.4
    ],
    "Otp*Otp": [
      0.065060105,
      0.679939895
    ]
  }
}
