{
    "best_sm": [
        0.5621570310998962
    ],
    "scales": [
        1000.0
    ],
    "theory_cov": [
        [
            0.0
        ]
    ],
    "LO": {
        "SM": [
            0.5621570310998962
        ],
        "O3pl1": [
            0.0277257428514321
        ],
        "O3pl2": [
            0.0
        ],
        "O3pq": [
            0.0
        ],
        "Oll": [
            0.0
        ],
        "Olu": [
            6.2236862802057535
        ],
        "OpD": [
            0.0303835185672481
        ],
        "Ope": [
            -0.0036163027891301
        ],
        "Opl1": [
            0.0277257428514322
        ],
        "OpqMi": [
            -0.0115492270825931
        ],
        "Opui": [
            0.0298249198167594
        ],
        "OpWB": [
            0.073341745860893
        ],
        "Oqe": [
            0.5118497762941124
        ],
        "Oql31": [
            0.0
        ],
        "OqlM1": [
            -2.0733884339575743
        ],
        "O3pl1*O3pl1": [
            -0.0004623620585334
        ],
        "O3pl1*O3pl2": [
            0.0016808486629327
        ],
        "O3pl1*O3pq": [
            0.0
        ],
        "O3pl1*Oll": [
            -0.0016808486629327
        ],
        "O3pl1*Olu": [
            -0.312303977250107
        ],
        "O3pl1*OpD": [
            -0.0007614400724476
        ],
        "O3pl1*Ope": [
            8.59534960442e-05
        ],
        "O3pl1*Opl1": [
            -0.0026055727799997
        ],
        "O3pl1*OpqMi": [
            0.0014196653593297
        ],
        "O3pl1*Opui": [
            -0.0016312457688442
        ],
        "O3pl1*OpWB": [
            -0.0012390904892137
        ],
        "O3pl1*Oqe": [
            0.0057521607572067
        ],
        "O3pl1*Oql31": [
            0.0
        ],
        "O3pl1*OqlM1": [
            0.3100870893246684
        ],
        "O3pl2*O3pl2": [
            0.0
        ],
        "O3pl2*O3pq": [
            0.0
        ],
        "O3pl2*Oll": [
            0.0
        ],
        "O3pl2*Olu": [
            0.3773054817197168
        ],
        "O3pl2*OpD": [
            0.0018419739673922
        ],
        "O3pl2*Ope": [
            -0.0002192351613603
        ],
        "O3pl2*Opl1": [
            0.0016808486629327
        ],
        "O3pl2*OpqMi": [
            -0.0007001616874146
        ],
        "O3pl2*Opui": [
            0.0018081094117009
        ],
        "O3pl2*OpWB": [
            0.0044462785407773
        ],
        "O3pl2*Oqe": [
            0.0310304404364023
        ],
        "O3pl2*Oql31": [
            0.0
        ],
        "O3pl2*OqlM1": [
            -0.1256973418397613
        ],
        "O3pq*O3pq": [
            0.0
        ],
        "O3pq*Oll": [
            0.0
        ],
        "O3pq*Olu": [
            0.0
        ],
        "O3pq*OpD": [
            0.0
        ],
        "O3pq*Ope": [
            0.0
        ],
        "O3pq*Opl1": [
            0.0
        ],
        "O3pq*OpqMi": [
            0.0
        ],
        "O3pq*Opui": [
            0.0
        ],
        "O3pq*OpWB": [
            0.0
        ],
        "O3pq*Oqe": [
            0.0
        ],
        "O3pq*Oql31": [
            0.0
        ],
        "O3pq*OqlM1": [
            0.0
        ],
        "Oll*Oll": [
            0.0
        ],
        "Oll*Olu": [
            -0.3773054817197167
        ],
        "Oll*OpD": [
            -0.0018419739673922
        ],
        "Oll*Ope": [
            0.0002192351613603
        ],
        "Oll*Opl1": [
            -0.0016808486629327
        ],
        "Oll*OpqMi": [
            0.0007001616874146
        ],
        "Oll*Opui": [
            -0.0018081094117009
        ],
        "Oll*OpWB": [
            -0.0044462785407773
        ],
        "Oll*Oqe": [
            -0.0310304404364023
        ],
        "Oll*Oql31": [
            0.0
        ],
        "Oll*OqlM1": [
            0.1256973418397615
        ],
        "Olu*Olu": [
            -46.22927307176008
        ],
        "Olu*OpD": [
            -0.2927481926731037
        ],
        "Olu*Ope": [
            -0.0070040101004512
        ],
        "Olu*Opl1": [
            -0.6896094589698228
        ],
        "Olu*OpqMi": [
            0.3434322451938019
        ],
        "Olu*Opui": [
            -0.4635241393446175
        ],
        "Olu*OpWB": [
            -0.5199392045457135
        ],
        "Olu*Oqe": [
            5.013450086756031
        ],
        "Olu*Oql31": [
            0.0
        ],
        "Olu*OqlM1": [
            77.9259075440117
        ],
        "OpD*OpD": [
            -0.0002575977132026
        ],
        "OpD*Ope": [
            0.0003099405718814
        ],
        "OpD*Opl1": [
            -0.0026034140398399
        ],
        "OpD*OpqMi": [
            0.0015686442442327
        ],
        "OpD*Opui": [
            -0.001610810357956
        ],
        "OpD*OpWB": [
            -0.0009114931278037
        ],
        "OpD*Oqe": [
            -0.0242847979449036
        ],
        "OpD*Oql31": [
            0.0
        ],
        "OpD*OqlM1": [
            0.3179883502148218
        ],
        "Ope*Ope": [
            -0.0004411125038358
        ],
        "Ope*Opl1": [
            0.0003051886574046
        ],
        "Ope*OpqMi": [
            -0.0008154647038657
        ],
        "Ope*Opui": [
            -3.62450610026e-05
        ],
        "Ope*OpWB": [
            0.00127390282228
        ],
        "Ope*Oqe": [
            0.150115625789451
        ],
        "Ope*Oql31": [
            0.0
        ],
        "Ope*OqlM1": [
            -0.0547461433844453
        ],
        "Opl1*Opl1": [
            -0.0021432107214662
        ],
        "Opl1*OpqMi": [
            0.0021198270467444
        ],
        "Opl1*Opui": [
            -0.0034393551805452
        ],
        "Opl1*OpWB": [
            -0.0056853690299911
        ],
        "Opl1*Oqe": [
            -0.0252782796791955
        ],
        "Opl1*Oql31": [
            0.0
        ],
        "Opl1*OqlM1": [
            0.4357844311644298
        ],
        "OpqMi*OpqMi": [
            -0.0007298164470274
        ],
        "OpqMi*Opui": [
            0.0017248825658384
        ],
        "OpqMi*OpWB": [
            0.0040693011474234
        ],
        "OpqMi*Oqe": [
            0.1238060498164332
        ],
        "OpqMi*Oql31": [
            0.0
        ],
        "OpqMi*OqlM1": [
            -0.2145046655388655
        ],
        "Opui*Opui": [
            -0.0011406527278271
        ],
        "Opui*OpWB": [
            -0.0028907574118553
        ],
        "Opui*Oqe": [
            0.0205196747232844
        ],
        "Opui*Oql31": [
            0.0
        ],
        "Opui*OqlM1": [
            0.3876340407516767
        ],
        "OpWB*OpWB": [
            -0.0008049513428797
        ],
        "OpWB*Oqe": [
            -0.1625068501275747
        ],
        "OpWB*Oql31": [
            0.0
        ],
        "OpWB*OqlM1": [
            0.7448920448434109
        ],
        "Oqe*Oqe": [
            -12.57868409518186
        ],
        "Oqe*Oql31": [
            0.0
        ],
        "Oqe*OqlM1": [
            6.4087996322654375
        ],
        "Oql31*Oql31": [
            0.0
        ],
        "Oql31*OqlM1": [
            0.0
        ],
        "OqlM1*OqlM1": [
            -20.50013130062483
        ]
    }
}