{
    "best_sm": [
        0.4321248154229454
    ],
    "scales": [
        1000.0
    ],
    "theory_cov": [
        [
            0.0
        ]
    ],
    "LO": {
        "SM": [
            0.4321248154229454
        ],
        "O3pl1": [
            0.0031701173547194
        ],
        "O3pl2": [
            0.0
        ],
        "O3pl3": [
            0.0267398690076352
        ],
        "Oee1133": [
            6.647583751851155
        ],
        "Ole1133": [
            -0.5045309195784966
        ],
        "Ole3311": [
            -6.811167414309706
        ],
        "Oll": [
            -1.3877787807814457e-17
        ],
        "Oll1133": [
            0.5527736192437926
        ],
        "Oll1331": [
            0.5527736192437926
        ],
        "OpD": [
            0.0041304264481683
        ],
        "Ope": [
            -0.0440776139671449
        ],
        "Opl1": [
            0.0031701173547194
        ],
        "Opl3": [
            0.0267398690076352
        ],
        "Opta": [
            -0.0147668471572003
        ],
        "OpWB": [
            0.0558536549404245
        ],
        "O3pl1*O3pl1": [
            0.0001465028641796
        ],
        "O3pl1*O3pl2": [
            0.000192185563632
        ],
        "O3pl1*O3pl3": [
            0.0016404959047551
        ],
        "O3pl1*Oee1133": [
            0.3069073756007512
        ],
        "O3pl1*Ole1133": [
            0.0005081115023852
        ],
        "O3pl1*Ole3311": [
            -0.4114680244833608
        ],
        "O3pl1*Oll": [
            -0.000192185563632
        ],
        "O3pl1*Oll1133": [
            0.0442030190747068
        ],
        "O3pl1*Oll1331": [
            0.0442030190747068
        ],
        "O3pl1*OpD": [
            0.0007599856062552
        ],
        "O3pl1*Ope": [
            -0.0024858430702572
        ],
        "O3pl1*Opl1": [
            0.0001008201647272
        ],
        "O3pl1*Opl3": [
            0.0016404959047551
        ],
        "O3pl1*Opta": [
            -0.0005711399692892
        ],
        "O3pl1*OpWB": [
            0.0039694902485075
        ],
        "O3pl2*O3pl2": [
            8.673617379884035e-19
        ],
        "O3pl2*O3pl3": [
            0.001621080932234
        ],
        "O3pl2*Oee1133": [
            0.4030038913981766
        ],
        "O3pl2*Ole1133": [
            -0.0305867412146877
        ],
        "O3pl2*Ole3311": [
            -0.412921006398285
        ],
        "O3pl2*Oll": [
            -1.734723475976807e-18
        ],
        "O3pl2*Oll1133": [
            0.0335114122564408
        ],
        "O3pl2*Oll1331": [
            0.0335114122564408
        ],
        "O3pl2*OpD": [
            0.0002504034539289
        ],
        "O3pl2*Ope": [
            -0.0026721664014175
        ],
        "O3pl2*Opl1": [
            0.000192185563632
        ],
        "O3pl2*Opl3": [
            0.001621080932234
        ],
        "O3pl2*Opta": [
            -0.0008952270614682
        ],
        "O3pl2*OpWB": [
            0.0033860784805507
        ],
        "O3pl3*O3pl3": [
            -0.0002875389225731
        ],
        "O3pl3*Oee1133": [
            -0.5253374521736547
        ],
        "O3pl3*Ole1133": [
            -0.0207405694430026
        ],
        "O3pl3*Ole3311": [
            0.1383298422850267
        ],
        "O3pl3*Oll": [
            -0.001621080932234
        ],
        "O3pl3*Oll1133": [
            -0.0250015224126683
        ],
        "O3pl3*Oll1331": [
            -0.0250015224126683
        ],
        "O3pl3*OpD": [
            0.0034580657359686
        ],
        "O3pl3*Ope": [
            0.0016245728447305
        ],
        "O3pl3*Opl1": [
            1.94149725211e-05
        ],
        "O3pl3*Opl3": [
            -0.0005750778451462
        ],
        "O3pl3*Opta": [
            0.0008852761136731
        ],
        "O3pl3*OpWB": [
            0.0050167454398122
        ],
        "Oee1133*Oee1133": [
            -105.53213041751584
        ],
        "Oee1133*Ole1133": [
            9.188273493065974
        ],
        "Oee1133*Ole3311": [
            124.04169215639068
        ],
        "Oee1133*Oll": [
            -0.4030038913981757
        ],
        "Oee1133*Oll1133": [
            -26.57593175363644
        ],
        "Oee1133*Oll1331": [
            -26.57593175363644
        ],
        "Oee1133*OpD": [
            0.7095554981580867
        ],
        "Oee1133*Ope": [
            0.970901561230992
        ],
        "Oee1133*Opl1": [
            -0.0960965157974249
        ],
        "Oee1133*Opl3": [
            -0.5253374521736547
        ],
        "Oee1133*Opta": [
            0.4371080288816797
        ],
        "Oee1133*OpWB": [
            0.3446715768905823
        ],
        "Ole1133*Ole1133": [
            -3.922540270923536
        ],
        "Ole1133*Ole3311": [
            6.02469500473112
        ],
        "Ole1133*Oll": [
            0.0305867412146877
        ],
        "Ole1133*Oll1133": [
            0.7640423021296298
        ],
        "Ole1133*Oll1331": [
            0.7640423021296298
        ],
        "Ole1133*OpD": [
            -0.0631148412475185
        ],
        "Ole1133*Ope": [
            0.010830776161978
        ],
        "Ole1133*Opl1": [
            0.031094852717073
        ],
        "Ole1133*Opl3": [
            -0.0207405694430026
        ],
        "Ole1133*Opta": [
            -0.0536304873168445
        ],
        "Ole1133*OpWB": [
            -0.0948993416306482
        ],
        "Ole3311*Ole3311": [
            -15.299949877898229
        ],
        "Ole3311*Oll": [
            0.4129210063982848
        ],
        "Ole3311*Oll1133": [
            10.314571078750006
        ],
        "Ole3311*Oll1331": [
            10.314571078750006
        ],
        "Ole3311*OpD": [
            -0.8520503568415005
        ],
        "Ole3311*Ope": [
            -0.3740064085645614
        ],
        "Ole3311*Opl1": [
            0.0014529819149242
        ],
        "Ole3311*Opl3": [
            0.1383298422850267
        ],
        "Ole3311*Opta": [
            -0.2037896920261367
        ],
        "Ole3311*OpWB": [
            -1.2811411120137512
        ],
        "Oll*Oll": [
            1.734723475976807e-18
        ],
        "Oll*Oll1133": [
            -0.0335114122564408
        ],
        "Oll*Oll1331": [
            -0.0335114122564408
        ],
        "Oll*OpD": [
            -0.0002504034539289
        ],
        "Oll*Ope": [
            0.0026721664014175
        ],
        "Oll*Opl1": [
            -0.000192185563632
        ],
        "Oll*Opl3": [
            -0.001621080932234
        ],
        "Oll*Opta": [
            0.0008952270614682
        ],
        "Oll*OpWB": [
            -0.0033860784805507
        ],
        "Oll1133*Oll1133": [
            2.914845783970533
        ],
        "Oll1133*Oll1331": [
            5.829691567941066
        ],
        "Oll1133*OpD": [
            0.1177825388397025
        ],
        "Oll1133*Ope": [
            0.0975990995893127
        ],
        "Oll1133*Opl1": [
            0.0106916068182659
        ],
        "Oll1133*Opl3": [
            -0.0250015224126683
        ],
        "Oll1133*Opta": [
            0.053211996873459
        ],
        "Oll1133*OpWB": [
            0.0984356391865299
        ],
        "Oll1331*Oll1331": [
            2.914845783970533
        ],
        "Oll1331*OpD": [
            0.1177825388397025
        ],
        "Oll1331*Ope": [
            0.0975990995893127
        ],
        "Oll1331*Opl1": [
            0.0106916068182659
        ],
        "Oll1331*Opl3": [
            -0.0250015224126683
        ],
        "Oll1331*Opta": [
            0.053211996873459
        ],
        "Oll1331*OpWB": [
            0.0984356391865299
        ],
        "OpD*OpD": [
            0.0007174418203302
        ],
        "OpD*Ope": [
            -0.0052859036326788
        ],