{
    "best_sm": [
        0.3518317352250327,
        0.4462914508940784
    ],
    "scales": [
        250.0,
        500.0
    ],
    "theory_cov": [
        [
            0.0,
            0.0
        ],
        [
            0.0,
            0.0
        ]
    ],
    "LO": {
        "SM": [
            0.3518317352250327,
            0.4462914508940784
        ],
        "O3pl1": [
            0.0123373150808577,
            0.0094132855699024
        ],
        "O3pl2": [
            0.0,
            0.0
        ],
        "Oeb": [
            0.5734358452908516,
            1.9351846164054816
        ],
        "Olb": [
            -0.0451026531522516,
            -0.2480706886857864
        ],
        "Oll": [
            0.0,
            0.0
        ],
        "OpD": [
            0.0190056550994795,
            0.015812803322575
        ],
        "Opdi": [
            -0.0430591838826356,
            -0.0344066405007979
        ],
        "Ope": [
            0.1367809013211833,
            0.124810743766892
        ],
        "Opl1": [
            0.0123373150808576,
            0.0094132855699024
        ],
        "OpQ3": [
            -0.142172106002238,
            -0.1304269074083395
        ],
        "OpQM": [
            -0.071086053001119,
            -0.0652134537041697
        ],
        "OpWB": [
            -0.1097068950895163,
            -0.1042007608706807
        ],
        "OQe": [
            1.1469117846092054,
            4.598396330129461
        ],
        "OQl31": [
            0.1731058808068247,
            0.5561139848782743
        ],
        "OQlM1": [
            0.0865529404034123,
            0.2780569924391372
        ],
        "O3pl1*O3pl1": [
            0.0007638411568561,
            0.0005506344570655
        ],
        "O3pl1*O3pl2": [
            0.0007479388259841,
            0.0005706721204462
        ],
        "O3pl1*Oeb": [
            -0.0026802094670176,
            -0.0100643628515208
        ],
        "O3pl1*Olb": [
            0.0015738145002224,
            0.0062269415384201
        ],
        "O3pl1*Oll": [
            -0.0007479388259841,
            -0.0005706721204462
        ],
        "O3pl1*OpD": [
            0.0032239151373234,
            0.0024064775822278
        ],
        "O3pl1*Opdi": [
            0.0003171937810121,
            0.0002730847819284
        ],
        "O3pl1*Ope": [
            0.0062852546518867,
            0.0052816211739802
        ],
        "O3pl1*Opl1": [
            0.0007797434877281,
            0.0005305967936847
        ],
        "O3pl1*OpQ3": [
            -0.0054546522102631,
            -0.0047436452637266
        ],
        "O3pl1*OpQM": [
            -0.0027273261051315,
            -0.0023718226318633
        ],
        "O3pl1*OpWB": [
            -0.0008435100226604,
            -0.0013069529608066
        ],
        "O3pl1*OQe": [
            0.0476363116216133,
            0.1785444481152193
        ],
        "O3pl1*OQl31": [
            0.0124847402555755,
            0.0383995355906702
        ],
        "O3pl1*OQlM1": [
            0.0062423701277877,
            0.0191997677953351
        ],
        "O3pl2*O3pl2": [
            0.0,
            0.0
        ],
        "O3pl2*Oeb": [
            0.0347640414541691,
            0.1173188575124188
        ],
        "O3pl2*Olb": [
            -0.0027343084963281,
            -0.0150390663155402
        ],
        "O3pl2*Oll": [
            0.0,
            0.0
        ],
        "O3pl2*OpD": [
            0.0011522010477158,
            0.0009586372298261
        ],
        "O3pl2*Opdi": [
            -0.0026104249773911,
            -0.0020858721799328
        ],
        "O3pl2*Ope": [
            0.0082922212880787,
            0.0075665410627359
        ],
        "O3pl2*Opl1": [
            0.0007479388259841,
            0.0005706721204462
        ],
        "O3pl2*OpQ3": [
            -0.0086190583083997,
            -0.0079070160212653
        ],
        "O3pl2*OpQM": [
            -0.0043095291541998,
            -0.0039535080106326
        ],
        "O3pl2*OpWB": [
            -0.006650883581869,
            -0.0063170790598676
        ],
        "O3pl2*OQe": [
            0.0695305135733302,
            0.2787737145421014
        ],
        "O3pl2*OQl31": [
            0.0104943910739946,
            0.0337139189716085
        ],
        "O3pl2*OQlM1": [
            0.0052471955369973,
            0.0168569594858042
        ],
        "Oeb*Oeb": [
            -0.4963841808358387,
            -8.383429560582435
        ],
        "Oeb*Olb": [
            0.0480931353571082,
            1.4140606503427944
        ],
        "Oeb*Oll": [
            -0.0347640414541691,
            -0.1173188575124185
        ],
        "Oeb*OpD": [
            0.0093275639821902,
            0.0231908767533421
        ],
        "Oeb*Opdi": [
            0.0719957084535573,
            0.284084753986011
        ],
        "Oeb*Ope": [
            -0.1371561656168122,
            -0.6821306500282381
        ],
        "Oeb*Opl1": [
            -0.0374442509211867,
            -0.1273832203639396
        ],
        "Oeb*OpQ3": [
            0.1199742937700632,
            0.6474727713071147
        ],
        "Oeb*OpQM": [
            0.0599871468850316,
            0.3237363856535573
        ],
        "Oeb*OpWB": [
            0.1719325653196051,
            0.8048287157312589
        ],
        "Oeb*OQe": [
            -1.2229565190694205,
            -26.211929106033683
        ],
        "Oeb*OQl31": [
            -0.5563725332584402,
            -8.20355502691741
        ],
        "Oeb*OQlM1": [
            -0.2781862666292201,
            -4.101777513458705
        ],
        "Olb*Olb": [
            -0.0736771776397129,
            -1.497972662119277
        ],
        "Olb*Oll": [
            0.0027343084963281,
            0.0150390663155402
        ],
        "Olb*OpD": [
            -0.0037454799688805,
            -0.0211098378310478
        ],
        "Olb*Opdi": [
            -0.0158235107239457,
            -0.0788175750436084
        ],
        "Olb*Ope": [
            -0.0138431613615648,
            -0.0650933769805239
        ],
        "Olb*Opl1": [
            0.0043081229965506,
            0.0212660078539604
        ],
        "Olb*OpQ3": [
            0.0145804904724267,
            0.068333469803482
        ],
        "Olb*OpQM": [
            0.0072902452362133,
            0.034166734901741
        ],
        "Olb*OpWB": [
            0.0114466454945137,
            0.0473469839769624
        ],
        "Olb*OQe": [
            -0.0975560554882962,
            -1.9753660532079251
        ],
        "Olb*OQl31": [
            0.0145181097852916,
            0.4063585956891072
        ],
        "Olb*OQlM1": [
            0.0072590548926458,
            0.2031792978445536
        ],
        "Oll*Oll": [
            0.0,
            0.0
        ],
        "Oll*OpD": [
            -0.0011522010477158,
            -0.0009586372298261
        ],
        "Oll*Opdi": [
            0.0026104249773911,
            0.0020858721799328
        ],
        "Oll*Ope": [
            -0.0082922212880787,
            -0.0075665410627359
        ],
        "Oll*Opl1": [
            -0.0007479388259841,
            -0.0005706721204462
        ],
        "Oll*OpQ3": [
            0.0086190583083997,
            0.0079070160212653
        ],
        "Oll*OpQM": [
            0.0043095291541998,
            0.0039535080106326
        ],
        "Oll*OpWB": [
            0.006650883581869,
            0.0063170790598676
        ],
        "Oll*OQe": [
            -0.0695305135733302,
            -0.2787737145421017
        ],
        "Oll*OQl31": [
            -0.0104943910739946,
            -0.0337139189716084
        ],
        "Oll*OQlM1": [
            -0.0052471955369973,
            -0.0168569594858042
        ],