{
  "best_sm": [
    0.4404246563578048,
    0.0956387095019584
  ],
  "scales": [
    250.0,
    500.0
  ],
  "theory_cov": [
    [
      0.0,
      0.0
    ],
    [
      0.0,
      0.0
    ]
  ],
  "LO": {
    "SM": [
      0.4404246563578048,
      0.0956387095019584
    ],
    "O3pl1": [
      0.0093874178509007,
      0.0013964213986045
    ],
    "O3pl2": [
      -0.0534007112976872,
      -0.011596024521498
    ],
    "Oll": [
      0.0534007112976872,
      0.011596024521498
    ],
    "Opd": [
      0.0065890520333925,
      0.001601413620011
    ],
    "OpD": [
      0.0114462626797092,
      0.001491396222002
    ],
    "Ope": [
      -0.0013017434384071,
      -0.0002396741931182
    ],
    "Opl1": [
      0.062788129148588,
      0.0129924459201026
    ],
    "OpQ3": [
      0.0854131225750429,
      0.017726094266915
    ],
    "OpQM": [
      0.0427065612875214,
      0.0088630471334575
    ],
    "OpWB": [
      -0.0024401805550472,
      -0.0024958733226462
    ],
    "OQe": [
      -0.0079114609889054,
      -0.0061830827563603
    ],
    "OQl31": [
      0.9914276732185652,
      0.9195773412058056
    ],
    "OQlM1": [
      0.4957138366092826,
      0.4597886706029028
    ],
    "O3pl1*O3pl1": [
      0.0003749690690395,
      7.9101181432e-05
    ],
    "O3pl1*O3pl2": [
      -0.0005691039128375,
      -8.46568134643e-05
    ],
    "O3pl1*Oll": [
      0.0005691039128375,
      8.46568134643e-05
    ],
    "O3pl1*Opd": [
      -0.0009645029953474,
      -0.000210690351656
    ],
    "O3pl1*OpD": [
      0.0008778918954113,
      0.0001866525030088
    ],
    "O3pl1*Ope": [
      7.89170457813e-05,
      1.45300361905e-05
    ],
    "O3pl1*Opl1": [
      0.0013190420509166,
      0.0002428591763284
    ],
    "O3pl1*OpQ3": [
      0.0012981708675896,
      0.000227461814123
    ],
    "O3pl1*OpQM": [
      0.0006490854337948,
      0.0001137309070615
    ],
    "O3pl1*OpWB": [
      0.0015497849347881,
      0.0003497184669671
    ],
    "O3pl1*OQe": [
      0.0004796253321796,
      0.0003748439289623
    ],
    "O3pl1*OQl31": [
      0.0160331896757202,
      0.0125304970538843
    ],
    "O3pl1*OQlM1": [
      0.0080165948378601,
      0.0062652485269421
    ],
    "O3pl2*O3pl2": [
      0.0016186854697697,
      0.0003514993703998
    ],
    "O3pl2*Oll": [
      -0.0032373709395395,
      -0.0007029987407997
    ],
    "O3pl2*Opd": [
      -0.000399455457683,
      -9.70842857636e-05
    ],
    "O3pl2*OpD": [
      -0.0006939195614653,
      -9.04145782166e-05
    ],
    "O3pl2*Ope": [
      7.89170457813e-05,
      1.45300361905e-05
    ],
    "O3pl2*Opl1": [
      -0.0038064748523771,
      -0.0007876555542641
    ],
    "O3pl2*OpQ3": [
      -0.0051780950882531,
      -0.001074628802814
    ],
    "O3pl2*OpQM": [
      -0.0025890475441265,
      -0.000537314401407
    ],
    "O3pl2*OpWB": [
      0.0001479337900969,
      0.0001513101149245
    ],
    "O3pl2*OQe": [
      0.0004796253321796,
      0.0003748439289623
    ],
    "O3pl2*OQl31": [
      -0.0601044267002516,
      -0.0557485638062595
    ],
    "O3pl2*OQlM1": [
      -0.0300522133501258,
      -0.0278742819031297
    ],
    "Oll*Oll": [
      0.0016186854697697,
      0.0003514993703998
    ],
    "Oll*Opd": [
      0.000399455457683,
      9.70842857636e-05
    ],
    "Oll*OpD": [
      0.0006939195614653,
      9.04145782166e-05
    ],
    "Oll*Ope": [
      -7.89170457813e-05,
      -1.45300361905e-05
    ],
    "Oll*Opl1": [
      0.0038064748523771,
      0.0007876555542641
    ],
    "Oll*OpQ3": [
      0.0051780950882531,
      0.001074628802814
    ],
    "Oll*OpQM": [
      0.0025890475441265,
      0.000537314401407
    ],
    "Oll*OpWB": [
      -0.0001479337900969,
      -0.0001513101149245
    ],
    "Oll*OQe": [
      -0.0004796253321796,
      -0.0003748439289623
    ],
    "Oll*OQl31": [
      0.0601044267002516,
      0.0557485638062595
    ],
    "Oll*OQlM1": [
      0.0300522133501258,
      0.0278742819031297
    ],
    "Opd*Opd": [
      0.0010947960432217,
      0.0002201150578216
    ],
    "Opd*OpD": [
      -0.0009518198091072,
      -0.0002206111733045
    ],
    "Opd*Ope": [
      2.71847279502e-05,
      5.465646319870553e-06
    ],
    "Opd*Opl1": [
      -0.0005650475376643,
      -0.0001136060658924
    ],
    "Opd*OpQ3": [
      0.0,
      0.0
    ],
    "Opd*OpQM": [
      0.0,
      0.0
    ],
    "Opd*OpWB": [
      -0.0025470444508301,
      -0.0005747357484418
    ],
    "Opd*OQe": [
      0.0,
      0.0
    ],
    "Opd*OQl31": [
      0.0,
      0.0
    ],
    "Opd*OQlM1": [
      0.0,
      0.0
    ],
    "OpD*OpD": [
      0.0005427989964572,
      0.0001155422792726
    ],
    "OpD*Ope": [
      0.0001726241147197,
      3.23764520721e-05
    ],
    "OpD*Opl1": [
      0.0015718114568767,
      0.0002770670812254
    ],
    "OpD*OpQ3": [
      0.0015335949520463,
      0.0002498534851533
    ],
    "OpD*OpQM": [
      0.0007667974760231,
      0.0001249267425766
    ],
    "OpD*OpWB": [
      0.0017754594820087,
      0.0004130010246939
    ],
    "OpD*OQe": [
      0.0010349830888142,
      0.0008317778726356
    ],
    "OpD*OQl31": [
      0.0196940938327828,
      0.0144395432946594
    ],
    "OpD*OQlM1": [
      0.0098470469163914,
      0.0072197716473297
    ],
    "Ope*Ope": [
      0.000153327428731,
      3.08273637356e-05
    ],
    "Ope*Opl1": [
      0.0,
      0.0
    ],
    "Ope*OpQ3": [
      -0.0003115764894242,
      -6.26442499588e-05
    ],
    "Ope*OpQM": [
      -0.0001557882447121,
      -3.13221249794e-05
    ],
    "Ope*OpWB": [
      3.820397062954245e-06,
      -4.22413784304367e-06
    ],
    "Ope*OQe": [
      0.0022776210027,
      0.0020425360086367
    ],
    "Ope*OQl31": [
      0.0,
      0.0
    ],
    "Ope*OQlM1": [
      0.0,
      0.0
    ],
    "Opl1*Opl1": [
      0.0025627584516469,
      0.0005152573652963
    ],
    "Opl1*OpQ3": [
      0.0064762659558427,
      0.001302090616937
    ],
    "Opl1*OpQM": [
      0.0032381329779213,
      0.0006510453084685
    ],
    "Opl1*OpWB": [
      0.0014018511446911,
      0.0001984083520425
    ],
    "Opl1*OQe": [
      0.0,
      0.0
    ],
    "Opl1*OQl31": [
      0.0761376163759718,
      0.0682790608601439
    ],
    "Opl1*OQlM1": [
      0.0380688081879859,
      0.0341395304300719
    ],
    "OpQ3*OpQ3": [
      0.0043791841728869,
      0.0008804602312867
    ],
    "OpQ3*OpQM": [
      0.0043791841728869,
      0.0008804602312867
    ],
    "OpQ3*OpWB": [
      0.000932313801793,
      6.21715189457e-05
    ],
    "OpQ3*OQe": [
      -0.0023846410535019,
      -0.0021385099688127
    ],
    "OpQ3*OQl31": [
      0.0991318035596145,
      0.088899899558175
    ],
    "OpQ3*OQlM1": [
      0.0495659017798072,
      0.0444499497790875
    ],
    "OpQM*OpQM": [
      0.0010947960432217,
      0.0002201150578216
    ],
    "OpQM*OpWB": [
      0.0004661569008965,
      3.10857594728e-05
    ],
    "OpQM*OQe": [
      -0.0011923205267509,
      -0.0010692549844063
    ],
    "OpQM*OQl31": [
      0.0495659017798072,
      0.0444499497790875
    ],
    "OpQM*OQlM1": [
      0.0247829508899036,
      0.0222249748895437
    ],
    "OpWB*OpWB": [
      0.0020204014985529,
      0.0004968329047591
    ],
    "OpWB*OQe": [
      -0.0004352326849409,
      -0.0005967569425332
    ],
    "OpWB*OQl31": [
      0.0102606903773369,
      0.0023004079195286
    ],
    "OpWB*OQlM1": [
      0.0051303451886684,
      0.0011502039597643
    ],
    "OQe*OQe": [
      0.00871585105377,
      0.0348634042150803
    ],
    "OQe*OQl31": [
      0.0,
      0.0
    ],
    "OQe*OQlM1": [
      0.0,
      0.0
    ],
    "OQl31*OQl31": [
      0.5827168990234863,
      2.3308675960939462
    ],
    "OQl31*OQlM1": [
      0.5827168990234863,
      2.3308675960939462
    ],
    "OQlM1*OQlM1": [
      0.1456792247558715,
      0.5827168990234866
    ]
  },
  "NLO": {
    "SM": [
      0.4404246563578048,
      0.0956387095019584
    ],