{
    "best_sm": [
        1.8573087718664976,
        0.4462611702359261
    ],
    "scales": [
        250.0,
        500.0
    ],
    "theory_cov": [
        [
            0.0,
            0.0
        ],
        [
            0.0,
            0.0
        ]
    ],
    "LO": {
        "SM": [
            1.8573087718664976,
            0.4462611702359261
        ],
        "cll1133": [
            2.6781908359935604,
            2.584641111983159
        ],
        "O3pl1": [
            -0.1469624191871004,
            -0.0380376370499941
        ],
        "O3pl2": [
            -0.2251954064908871,
            -0.0541083782915563
        ],
        "O3pl3": [
            0.111769330708613,
            0.0241317487469592
        ],
        "Oll": [
            0.2251954064908872,
            0.0541083782915563
        ],
        "Oll1331": [
            2.6781908359935604,
            2.584641111983159
        ],
        "OpD": [
            -0.1608211029023241,
            -0.0446471377413867
        ],
        "Ope": [
            -0.0021706644015307,
            -0.0004159900997155
        ],
        "Opl1": [
            0.078232987303786,
            0.016070741241562
        ],
        "Opl3": [
            0.111769330708613,
            0.0241317487469592
        ],
        "Opta": [
            0.0395343122003553,
            0.0096084817200664
        ],
        "OpWB": [
            -0.486247267794843,
            -0.127009264777922
        ],
        "cll1133*cll1133": [
            1.165433798046973,
            4.661735192187892
        ],
        "cll1133*O3pl1": [
            -0.0632311495226661,
            -0.0677916841630324
        ],
        "cll1133*O3pl2": [
            -0.1623629530822806,
            -0.1566915837212074
        ],
        "cll1133*O3pl3": [
            0.0991318035596145,
            0.0888998995581749
        ],
        "cll1133*Oll": [
            0.1623629530822806,
            0.1566915837212074
        ],
        "cll1133*Oll1331": [
            2.330867596093946,
            9.323470384375783
        ],
        "cll1133*OpD": [
            -0.0606823843514113,
            -0.0737499730333875
        ],
        "cll1133*Ope": [
            0.0,
            0.0
        ],
        "cll1133*Opl1": [
            0.0991318035596145,
            0.0888998995581749
        ],
        "cll1133*Opl3": [
            0.0991318035596145,
            0.0888998995581749
        ],
        "cll1133*Opta": [
            0.0,
            0.0
        ],
        "cll1133*OpWB": [
            -0.2361546250231954,
            -0.2531872324648005
        ],
        "O3pl1*O3pl1": [
            0.0055544883732491,
            0.0013637581239213
        ],
        "O3pl1*O3pl2": [
            0.0089094668126895,
            0.0023059981375143
        ],
        "O3pl1*O3pl3": [
            -0.0025598411138001,
            -0.0006152995925011
        ],
        "O3pl1*Oll": [
            -0.0089094668126895,
            -0.0023059981375143
        ],
        "O3pl1*Oll1331": [
            -0.0632311495226661,
            -0.0677916841630324
        ],
        "O3pl1*OpD": [
            0.0123024016810011,
            0.0031838387282352
        ],
        "O3pl1*Ope": [
            0.0001315946114244,
            2.52190322418e-05
        ],
        "O3pl1*Opl1": [
            0.0021995099338088,
            0.0004215181103284
        ],
        "O3pl1*Opl3": [
            -0.0025598411138001,
            -0.0006152995925011
        ],
        "O3pl1*Opta": [
            -0.0057870179720846,
            -0.0012641421099363
        ],
        "O3pl1*OpWB": [
            0.0326020461832791,
            0.0082505368442243
        ],
        "O3pl2*O3pl2": [
            0.0068261362721116,
            0.0016401363128873
        ],
        "O3pl2*O3pl3": [
            -0.0067759169189854,
            -0.0014629659458686
        ],
        "O3pl2*Oll": [
            -0.0136522725442231,
            -0.0032802726257746
        ],
        "O3pl2*Oll1331": [
            -0.1623629530822806,
            -0.1566915837212074
        ],
        "O3pl2*OpD": [
            0.0097496372679073,
            0.0027066932770209
        ],
        "O3pl2*Ope": [
            0.0001315946114244,
            2.52190322418e-05
        ],
        "O3pl2*Opl1": [
            -0.0047428057315336,
            -0.0009742744882603
        ],
        "O3pl2*Opl3": [
            -0.0067759169189854,
            -0.0014629659458686
        ],
        "O3pl2*Opta": [
            -0.0023967327460984,
            -0.0005825057145818
        ],
        "O3pl2*OpWB": [
            0.0294783109800585,
            0.0076998244564982
        ],
        "O3pl3*O3pl3": [
            0.0021895920864434,
            0.0004402301156433
        ],
        "O3pl3*Oll": [
            0.0067759169189854,
            0.0014629659458686
        ],
        "O3pl3*Oll1331": [
            0.0991318035596145,
            0.0888998995581749
        ],
        "O3pl3*OpD": [
            -0.0022736842843827,
            -0.0006325912080646
        ],
        "O3pl3*Ope": [
            -0.0002028375776231,
            -4.07816646793e-05
        ],
        "O3pl3*Opl1": [
            0.0042160758051852,
            0.0008476663533674
        ],
        "O3pl3*Opl3": [
            0.0043791841728869,
            0.0008804602312867
        ],
        "O3pl3*Opta": [
            0.0,
            0.0
        ],
        "O3pl3*OpWB": [
            -0.0092558640015277,
            -0.0022367714748217
        ],
        "Oll*Oll": [
            0.0068261362721116,
            0.0016401363128873
        ],
        "Oll*Oll1331": [
            0.1623629530822806,
            0.1566915837212074
        ],
        "Oll*OpD": [
            -0.0097496372679073,
            -0.0027066932770209
        ],
        "Oll*Ope": [
            -0.0001315946114244,
            -2.52190322418e-05
        ],
        "Oll*Opl1": [
            0.0047428057315336,
            0.0009742744882603
        ],
        "Oll*Opl3": [
            0.0067759169189854,
            0.0014629659458686
        ],
        "Oll*Opta": [
            0.0023967327460984,
            0.0005825057145818
        ],
        "Oll*OpWB": [
            -0.0294783109800585,
            -0.0076998244564982
        ],
        "Oll1331*Oll1331": [
            1.165433798046973,
            4.661735192187892
        ],
        "Oll1331*OpD": [
            -0.0606823843514113,
            -0.0737499730333875
        ],
        "Oll1331*Ope": [
            0.0,
            0.0
        ],
        "Oll1331*Opl1": [
            0.0991318035596145,
            0.0888998995581749
        ],
        "Oll1331*Opl3": [
            0.0991318035596145,
            0.0888998995581749
        ],
        "Oll1331*Opta": [
            0.0,
            0.0
        ],
        "Oll1331*OpWB": [
            -0.2361546250231954,
            -0.2531872324648005
        ],
        "OpD*OpD": [
            0.0073012028732045,
            0.0019556503545141
        ],
        "OpD*Ope": [
            0.0002911347255176,
            5.63743335213e-05
        ],
        "OpD*Opl1": [
            0.0025527644130937,
            0.0004771454512142
        ],
        "OpD*Opl3": [
            -0.0022736842843827,
            -0.0006325912080646
        ],
        "OpD*Opta": [
            -0.0057109188546436,
            -0.001323667039827
        ],
        "OpD*OpWB": [
            0.0369339318092147,
            0.0098186340650807
        ],
        "Ope*Ope": [
            0.0002076761096469,
            4.17544794449e-05
        ],
        "Ope*Opl1": [
            0.0,
            0.0
        ],
        "Ope*Opl3": [
            -0.0002028375776231,
            -4.07816646793e-05
        ],
        "Ope*Opta": [
            0.0001631083677017,
            3.27938779192e-05
        ],