{
    "best_sm": [
        0.4707089767045858
    ],
    "scales": [
        1000.0
    ],
    "theory_cov": [
        [
            0.0
        ]
    ],
    "LO": {
        "SM": [
            0.4707089767045858
        ],
        "O3pl1": [
            0.032667988718781
        ],
        "O3pl2": [
            6.938893903907228e-18
        ],
        "O3pl3": [
            0.0152952434491625
        ],
        "Oee1133": [
            0.7552228035550969
        ],
        "Ole1133": [
            -5.578179572417707
        ],
        "Ole3311": [
            -0.9296965954029506
        ],
        "Oll": [
            -5.551115123125783e-17
        ],
        "Oll1133": [
            5.0867876060332105
        ],
        "Oll1331": [
            5.0867876060332105
        ],
        "OpD": [
            0.0372702979433797
        ],
        "Ope": [
            -0.005732108882962
        ],
        "Opl1": [
            0.0326679887187809
        ],
        "Opl3": [
            0.0152952434491625
        ],
        "Opta": [
            -0.027336430088585
        ],
        "OpWB": [
            0.0895661330928434
        ],
        "O3pl1*O3pl1": [
            0.0004946468549158
        ],
        "O3pl1*O3pl2": [
            0.001980467951856
        ],
        "O3pl1*O3pl3": [
            -0.0006892721427009
        ],
        "O3pl1*Oee1133": [
            -0.0820654207273235
        ],
        "O3pl1*Ole1133": [
            0.0284171295915851
        ],
        "O3pl1*Ole3311": [
            -0.0523638147928438
        ],
        "O3pl1*Oll": [
            -0.001980467951856
        ],
        "O3pl1*Oll1133": [
            -0.3808287238894468
        ],
        "O3pl1*Oll1331": [
            -0.3808287238894468
        ],
        "O3pl1*OpD": [
            0.0016656951777681
        ],
        "O3pl1*Ope": [
            -9.00151407535e-05
        ],
        "O3pl1*Opl1": [
            -0.0009911742420243
        ],
        "O3pl1*Opl3": [
            -0.0006892721427009
        ],
        "O3pl1*Opta": [
            0.0002854229276236
        ],
        "O3pl1*OpWB": [
            0.0042585667925633
        ],
        "O3pl2*O3pl2": [
            -2.6020852139652106e-18
        ],
        "O3pl2*O3pl3": [
            0.0009272606197971
        ],
        "O3pl2*Oee1133": [
            0.0457847151787428
        ],
        "O3pl2*Ole1133": [
            -0.3381722079057884
        ],
        "O3pl2*Ole3311": [
            -0.0563620346509647
        ],
        "O3pl2*Oll": [
            -6.938893903907228e-18
        ],
        "O3pl2*Oll1133": [
            0.3083820041193968
        ],
        "O3pl2*Oll1331": [
            0.3083820041193968
        ],
        "O3pl2*OpD": [
            0.0022594788821681
        ],
        "O3pl2*Ope": [
            -0.0003475040363513
        ],
        "O3pl2*Opl1": [
            0.001980467951856
        ],
        "O3pl2*Opl3": [
            0.0009272606197971
        ],
        "O3pl2*Opta": [
            -0.0016572469206673
        ],
        "O3pl2*OpWB": [
            0.0054298676814491
        ],
        "O3pl3*O3pl3": [
            -0.0006217001524868
        ],
        "O3pl3*Oee1133": [
            -0.0838366630271682
        ],
        "O3pl3*Ole1133": [
            0.1883283482960848
        ],
        "O3pl3*Ole3311": [
            0.0884880611074554
        ],
        "O3pl3*Oll": [
            -0.0009272606197971
        ],
        "O3pl3*Oll1133": [
            -0.3927588898427511
        ],
        "O3pl3*Oll1331": [
            -0.3927588898427511
        ],
        "O3pl3*OpD": [
            -0.0007915609807897
        ],
        "O3pl3*Ope": [
            0.0005679188250435
        ],
        "O3pl3*Opl1": [
            -0.0016165327624981
        ],
        "O3pl3*Opl3": [
            -0.0012434003049737
        ],
        "O3pl3*Opta": [
            0.0010319372251001
        ],
        "O3pl3*OpWB": [
            -0.001877497522967
        ],
        "Oee1133*Oee1133": [
            3.7682682285094176
        ],
        "Oee1133*Ole1133": [
            14.13219681253188
        ],
        "Oee1133*Ole3311": [
            2.355366135421979
        ],
        "Oee1133*Oll": [
            -0.0457847151787426
        ],
        "Oee1133*Oll1133": [
            -32.2892926581153
        ],
        "Oee1133*Oll1331": [
            -32.2892926581153
        ],
        "Oee1133*OpD": [
            -0.1334078224230195
        ],
        "Oee1133*Ope": [
            -0.003136308676847
        ],
        "Oee1133*Opl1": [
            -0.1278501359060662
        ],
        "Oee1133*Opl3": [
            -0.0838366630271682
        ],
        "Oee1133*Opta": [
            0.0515977699441982
        ],
        "Oee1133*OpWB": [
            -0.2243061556599628
        ],
        "Ole1133*Ole1133": [
            -19.45166775281705
        ],
        "Ole1133*Ole3311": [
            8.794547638784382
        ],
        "Ole1133*Oll": [
            0.3381722079057885
        ],
        "Ole1133*Oll1133": [
            95.18711995137028
        ],
        "Ole1133*Oll1331": [
            95.18711995137028
        ],
        "Ole1133*OpD": [
            -0.0635039048765332
        ],
        "Ole1133*Ope": [
            0.0144655158934278
        ],
        "Ole1133*Opl1": [
            0.3665893374973747
        ],
        "Ole1133*Opl3": [
            0.1883283482960848
        ],
        "Ole1133*Opta": [
            -0.207215491303044
        ],
        "Ole1133*OpWB": [
            -0.2267512461159847
        ],
        "Ole3311*Ole3311": [
            -6.9063394749630005
        ],
        "Ole3311*Oll": [
            0.0563620346509647
        ],
        "Ole3311*Oll1133": [
            15.864519991895037
        ],
        "Ole3311*Oll1331": [
            15.864519991895037
        ],
        "Ole3311*OpD": [
            -0.0105839841460888
        ],
        "Ole3311*Ope": [
            -0.0685972482344795
        ],
        "Ole3311*Opl1": [
            0.003998219858121
        ],
        "Ole3311*Opl3": [
            0.0884880611074554
        ],
        "Ole3311*Opta": [
            0.0364722523328768
        ],
        "Ole3311*OpWB": [
            -0.037791874352664
        ],
        "Oll*Oll": [
            4.3368086899420185e-18
        ],
        "Oll*Oll1133": [
            -0.3083820041193956
        ],
        "Oll*Oll1331": [
            -0.3083820041193956
        ],
        "Oll*OpD": [
            -0.0022594788821681
        ],
        "Oll*Ope": [
            0.0003475040363513
        ],
        "Oll*Opl1": [
            -0.001980467951856
        ],
        "Oll*Opl3": [
            -0.0009272606197971
        ],
        "Oll*Opta": [
            0.0016572469206673
        ],
        "Oll*OpWB": [
            -0.0054298676814491
        ],
        "Oll1133*Oll1133": [
            -71.75058795449834
        ],
        "Oll1133*Oll1331": [
            -143.5011759089967
        ],
        "Oll1133*OpD": [
            -0.3576535053526668
        ],
        "Oll1133*Ope": [
            0.1340693333507601
        ],
        "Oll1133*Opl1": [
            -0.6892107280088415
        ],
        "Oll1133*Opl3": [
            -0.3927588898427511
        ],
        "Oll1133*Opta": [
            0.5027295902266875
        ],
        "Oll1133*OpWB": [
            -0.868721011132477
        ],
        "Oll1331*Oll1331": [
            -71.75058795449834
        ],
        "Oll1331*OpD": [
            -0.3576535053526668
        ],
        "Oll1331*Ope": [
            0.1340693333507601
        ],
        "Oll1331*Opl1": [
            -0.6892107280088415
        ],
        "Oll1331*Opl3": [
            -0.3927588898427511
        ],
        "Oll1331*Opta": [
            0.5027295902266875
        ],
        "Oll1331*OpWB": [
            -0.868721011132477
        ],
        "OpD*OpD": [
            0.001231317901814
        ],