{
  "best_sm": [
    0.9651429351911112
  ],
  "scales": [
    1000.0
  ],
  "theory_cov": [
    [
      0.0
    ]
  ],
  "LO": {
    "SM": [
      0.9651429351911112
    ],
    "O3pl1": [
      0.0031277172770265
    ],
    "O3pl2": [
      -4.8488990600503706e-14
    ],
    "Oll": [
      5.5108695384831214e-14
    ],
    "Oll1111": [
      0.0026855795221709
    ],
    "OpD": [
      0.0005405183629586
    ],
    "Ope": [
      -0.0059362332756991
    ],
    "Opl1": [
      0.0031277172772224
    ],
    "OpWB": [
      0.0058406727249538
    ],
    "O3pl1*O3pl1": [
      0.0001711473730464
    ],
    "O3pl1*O3pl2": [
      0.0001896150963612
    ],
    "O3pl1*Oll": [
      -0.000189615096371
    ],
    "O3pl1*Oll1111": [
      0.0018066241259784
    ],
    "O3pl1*OpD": [
      0.0004360986784737
    ],
    "O3pl1*Ope": [
      -0.0001315674626276
    ],
    "O3pl1*Opl1": [
      0.0001526796497454
    ],
    "O3pl1*OpWB": [
      0.0009932839300505
    ],
    "O3pl2*O3pl2": [
      -9.737870232395808e-15
    ],
    "O3pl2*Oll": [
      2.0771578901346285e-14
    ],
    "O3pl2*Oll1111": [
      0.000162810885632
    ],
    "O3pl2*OpD": [
      3.27684481624e-05
    ],
    "O3pl2*Ope": [
      -0.0003598788973061
    ],
    "O3pl2*Opl1": [
      0.0001896150963988
    ],
    "O3pl2*OpWB": [
      0.0003540856233238
    ],
    "Oll*Oll": [
      -1.0541047201773071e-14
    ],
    "Oll*Oll1111": [
      -0.000162810885629
    ],
    "Oll*OpD": [
      -3.2768448157e-05
    ],
    "Oll*Ope": [
      0.0003598788973041
    ],
    "Oll*Opl1": [
      -0.0001896150963986
    ],
    "Oll*OpWB": [
      -0.0003540856233148
    ],
    "Oll1111*Oll1111": [
      -0.3709106463719658
    ],
    "Oll1111*OpD": [
      0.0008640028276801
    ],
    "Oll1111*Ope": [
      -0.0025277596930479
    ],
    "Oll1111*Opl1": [
      0.0016438132404123
    ],
    "Oll1111*OpWB": [
      0.0036777062429343
    ],
    "OpD*OpD": [
      8.36095944279e-05
    ],
    "OpD*Ope": [
      -0.0006847319944037
    ],
    "OpD*Opl1": [
      0.0004033302303433
    ],
    "OpD*OpWB": [
      0.000875558497044
    ],
    "Ope*Ope": [
      -0.0003133729251036
    ],
    "Ope*Opl1": [
      0.0002283114346837
    ],
    "Ope*OpWB": [
      -0.0009177227657792
    ],
    "Opl1*Opl1": [
      -1.8467723325e-05
    ],
    "Opl1*OpWB": [
      0.0006391983068035
    ],
    "OpWB*OpWB": [
      0.001258033240187
    ]
  },
  "NLO": {
    "SM": [
      0.9651429351911112
    ],
    "O3pl1": [
      0.0031277172770265
    ],
    "O3pl2": [
      -4.8488990600503706e-14
    ],
    "Oll": [
      5.5108695384831214e-14
    ],
    "Oll1111": [
      0.0026855795221709
    ],
    "OpD": [
      0.0005405183629586
    ],
    "Ope": [
      -0.0059362332756991
    ],
    "Opl1": [
      0.0031277172772224
    ],
    "OpWB": [
      0.0058406727249538
    ],
    "O3pl1*O3pl1": [
      0.0001711473730464
    ],
    "O3pl1*O3pl2": [
      0.0001896150963612
    ],
    "O3pl1*Oll": [
      -0.000189615096371
    ],
    "O3pl1*Oll1111": [
      0.0018066241259784
    ],
    "O3pl1*OpD": [
      0.0004360986784737
    ],
    "O3pl1*Ope": [
      -0.0001315674626276
    ],
    "O3pl1*Opl1": [
      0.0001526796497454
    ],
    "O3pl1*OpWB": [
      0.0009932839300505
    ],
    "O3pl2*O3pl2": [
      -9.737870232395808e-15
    ],
    "O3pl2*Oll": [
      2.0771578901346285e-14
    ],
    "O3pl2*Oll1111": [
      0.000162810885632
    ],
    "O3pl2*OpD": [
      3.27684481624e-05
    ],
    "O3pl2*Ope": [
      -0.0003598788973061
    ],
    "O3pl2*Opl1": [
      0.0001896150963988
    ],
    "O3pl2*OpWB": [
      0.0003540856233238
    ],
    "Oll*Oll": [
      -1.0541047201773071e-14
    ],
    "Oll*Oll1111": [
      -0.000162810885629
    ],
    "Oll*OpD": [
      -3.2768448157e-05
    ],
    "Oll*Ope": [
      0.0003598788973041
    ],
    "Oll*Opl1": [
      -0.0001896150963986
    ],
    "Oll*OpWB": [
      -0.0003540856233148
    ],
    "Oll1111*Oll1111": [
      -0.3709106463719658
    ],
    "Oll1111*OpD": [
      0.0008640028276801
    ],
    "Oll1111*Ope": [
      -0.0025277596930479
    ],
    "Oll1111*Opl1": [
      0.0016438132404123
    ],
    "Oll1111*OpWB": [
      0.0036777062429343
    ],
    "OpD*OpD": [
      8.36095944279e-05
    ],
    "OpD*Ope": [
      -0.0006847319944037
    ],
    "OpD*Opl1": [
      0.0004033302303433
    ],
    "OpD*OpWB": [
      0.000875558497044
    ],
    "Ope*Ope": [
      -0.0003133729251036
    ],
    "Ope*Opl1": [
      0.0002283114346837
    ],
    "Ope*OpWB": [
      -0.0009177227657792
    ],
    "Opl1*Opl1": [
      -1.8467723325e-05
    ],
    "Opl1*OpWB": [
      0.0006391983068035
    ],
    "OpWB*OpWB": [
      0.001258033240187
    ]
  }
}
