{
    "best_sm": [
        0.4321248154229457
    ],
    "scales": [
        1000.0
    ],
    "theory_cov": [
        [
            0.0
        ]
    ],
    "LO": {
        "SM": [
            0.4321248154229457
        ],
        "cll1133": [
            0.5527736192437954
        ],
        "O3pl1": [
            0.0031701173547193
        ],
        "O3pl2": [
            -2.775557561562892e-17
        ],
        "O3pl3": [
            0.0267398690076355
        ],
        "Oll": [
            -6.938893903907228e-18
        ],
        "Oll1331": [
            0.5527736192437954
        ],
        "OpD": [
            0.0041304264481684
        ],
        "Ope": [
            -0.0440776139671453
        ],
        "Opl1": [
            0.0031701173547194
        ],
        "Opl3": [
            0.0267398690076355
        ],
        "Opta": [
            -0.0147668471572004
        ],
        "OpWB": [
            0.0558536549404247
        ],
        "cll1133*cll1133": [
            2.914845783970541
        ],
        "cll1133*O3pl1": [
            0.0442030190747077
        ],
        "cll1133*O3pl2": [
            0.0335114122564418
        ],
        "cll1133*O3pl3": [
            -0.0250015224126692
        ],
        "cll1133*Oll": [
            -0.0335114122564413
        ],
        "cll1133*Oll1331": [
            5.829691567941083
        ],
        "cll1133*OpD": [
            0.1177825388397038
        ],
        "cll1133*Ope": [
            0.097599099589314
        ],
        "cll1133*Opl1": [
            0.0106916068182659
        ],
        "cll1133*Opl3": [
            -0.0250015224126692
        ],
        "cll1133*Opta": [
            0.0532119968734597
        ],
        "cll1133*OpWB": [
            0.0984356391865314
        ],
        "O3pl1*O3pl1": [
            0.0001465028641796
        ],
        "O3pl1*O3pl2": [
            0.000192185563632
        ],
        "O3pl1*O3pl3": [
            0.0016404959047551
        ],
        "O3pl1*Oll": [
            -0.000192185563632
        ],
        "O3pl1*Oll1331": [
            0.0442030190747077
        ],
        "O3pl1*OpD": [
            0.0007599856062552
        ],
        "O3pl1*Ope": [
            -0.0024858430702573
        ],
        "O3pl1*Opl1": [
            0.0001008201647272
        ],
        "O3pl1*Opl3": [
            0.0016404959047551
        ],
        "O3pl1*Opta": [
            -0.0005711399692892
        ],
        "O3pl1*OpWB": [
            0.0039694902485075
        ],
        "O3pl2*O3pl2": [
            7.37257477290143e-18
        ],
        "O3pl2*O3pl3": [
            0.001621080932234
        ],
        "O3pl2*Oll": [
            -1.6046192152785466e-17
        ],
        "O3pl2*Oll1331": [
            0.0335114122564418
        ],
        "O3pl2*OpD": [
            0.000250403453929
        ],
        "O3pl2*Ope": [
            -0.0026721664014176
        ],
        "O3pl2*Opl1": [
            0.000192185563632
        ],
        "O3pl2*Opl3": [
            0.001621080932234
        ],
        "O3pl2*Opta": [
            -0.0008952270614682
        ],
        "O3pl2*OpWB": [
            0.0033860784805508
        ],
        "O3pl3*O3pl3": [
            -0.0002875389225731
        ],
        "O3pl3*Oll": [
            -0.001621080932234
        ],
        "O3pl3*Oll1331": [
            -0.0250015224126692
        ],
        "O3pl3*OpD": [
            0.0034580657359687
        ],
        "O3pl3*Ope": [
            0.0016245728447305
        ],
        "O3pl3*Opl1": [
            1.94149725211e-05
        ],
        "O3pl3*Opl3": [
            -0.0005750778451462
        ],
        "O3pl3*Opta": [
            0.0008852761136731
        ],
        "O3pl3*OpWB": [
            0.0050167454398125
        ],
        "Oll*Oll": [
            1.2576745200831853e-17
        ],
        "Oll*Oll1331": [
            -0.0335114122564413
        ],
        "Oll*OpD": [
            -0.000250403453929
        ],
        "Oll*Ope": [
            0.0026721664014176
        ],
        "Oll*Opl1": [
            -0.000192185563632
        ],
        "Oll*Opl3": [
            -0.001621080932234
        ],
        "Oll*Opta": [
            0.0008952270614682
        ],
        "Oll*OpWB": [
            -0.0033860784805508
        ],
        "Oll1331*Oll1331": [
            2.914845783970541
        ],
        "Oll1331*OpD": [
            0.1177825388397038
        ],
        "Oll1331*Ope": [
            0.097599099589314
        ],
        "Oll1331*Opl1": [
            0.0106916068182659
        ],
        "Oll1331*Opl3": [
            -0.0250015224126692
        ],
        "Oll1331*Opta": [
            0.0532119968734597
        ],
        "Oll1331*OpWB": [
            0.0984356391865314
        ],
        "OpD*OpD": [
            0.0007174418203302
        ],
        "OpD*Ope": [
            -0.005285903632679
        ],
        "OpD*Opl1": [
            0.0005095821523262
        ],
        "OpD*Opl3": [
            0.0034580657359687
        ],
        "OpD*Opta": [
            -0.0016192415466402
        ],
        "OpD*OpWB": [
            0.0083443546004198
        ],
        "Ope*Ope": [
            -0.0017762533946898
        ],
        "Ope*Opl1": [
            0.0001863233311602
        ],
        "Ope*Opl3": [
            0.0016245728447305
        ],
        "Ope*Opta": [
            -0.0017639348634824
        ],
        "Ope*OpWB": [
            -0.006598309598817
        ],
        "Opl1*Opl1": [
            -4.56826994523e-05
        ],
        "Opl1*Opl3": [
            1.94149725211e-05
        ],
        "Opl1*Opta": [
            0.000324087092179
        ],
        "Opl1*OpWB": [
            0.0005834117679567
        ],
        "Opl3*Opl3": [
            -0.0002875389225731
        ],
        "Opl3*Opta": [
            0.0008852761136731
        ],
        "Opl3*OpWB": [
            0.0050167454398125
        ],
        "Opta*Opta": [
            -0.000533026959488
        ],
        "Opta*OpWB": [
            -0.001085124251768
        ],
        "OpWB*OpWB": [
            0.0115519772899727
        ]
    },
    "NLO": {
        "SM": [
            0.4321248154229457
        ],
        "cll1133": [
            0.5527736192437954
        ],
        "O3pl1": [
            0.0031701173547193
        ],
        "O3pl2": [
            -2.775557561562892e-17
        ],
        "O3pl3": [
            0.0267398690076355
        ],
        "Oll": [
            -6.938893903907228e-18
        ],
        "Oll1331": [
            0.5527736192437954
        ],
        "OpD": [
            0.0041304264481684
        ],
        "Ope": [
            -0.0440776139671453
        ],
        "Opl1": [
            0.0031701173547194
        ],
        "Opl3": [
            0.0267398690076355
        ],
        "Opta": [
            -0.0147668471572004
        ],
        "OpWB": [
            0.0558536549404247
        ],
        "cll1133*cll1133": [
            2.914845783970541
        ],
        "cll1133*O3pl1": [
            0.0442030190747077
        ],
        "cll1133*O3pl2": [
            0.0335114122564418
        ],
        "cll1133*O3pl3": [
            -0.0250015224126692
        ],
        "cll1133*Oll": [
            -0.0335114122564413
        ],
        "cll1133*Oll1331": [
            5.829691567941083
        ],
        "cll1133*OpD": [
            0.1177825388397038
        ],
        "cll1133*Ope": [
            0.097599099589314
        ],
        "cll1133*Opl1": [
            0.0106916068182659
        ],
        "cll1133*Opl3": [
            -0.0250015224126692
        ],
        "cll1133*Opta": [
            0.0532119968734597
        ],
        "cll1133*OpWB": [
            0.0984356391865314
        ],
        "O3pl1*O3pl1": [
            0.0001465028641796
        ],
        "O3pl1*O3pl2": [
            0.000192185563632
        ],
        "O3pl1*O3pl3": [
            0.0016404959047551
        ],