{
    "best_sm": [
        0.9583038702800712
    ],
    "scales": [
        1000.0
    ],
    "theory_cov": [
        [
            0.0
        ]
    ],
    "LO": {
        "SM": [
            0.9583038702800712
        ],
        "O3pl1": [
            0.0057553445855443
        ],
        "O3pl2": [
            6.319944567678705e-14
        ],
        "Oll": [
            3.6678993176053616e-14
        ],
        "Oll1111": [
            -0.0031932518888626
        ],
        "OpD": [
            0.0043710359959971
        ],
        "Ope": [
            -0.0041704783866082
        ],
        "Opl1": [
            0.0057553445859082
        ],
        "OpWB": [
            0.0107474816827487
        ],
        "O3pl1*O3pl1": [
            0.0001537674926196
        ],
        "O3pl1*O3pl2": [
            0.0003489126802718
        ],
        "O3pl1*Oll": [
            -0.0003489126802786
        ],
        "O3pl1*Oll1111": [
            0.0231921495698601
        ],
        "O3pl1*OpD": [
            0.0005076406237171
        ],
        "O3pl1*Ope": [
            -0.0001085960027489
        ],
        "O3pl1*Opl1": [
            -4.1377694999e-05
        ],
        "O3pl1*OpWB": [
            0.0012258448049159
        ],
        "O3pl2*O3pl2": [
            8.270294171719428e-15
        ],
        "O3pl2*Oll": [
            -4.152928001488476e-15
        ],
        "O3pl2*Oll1111": [
            -0.0001935880740717
        ],
        "O3pl2*OpD": [
            0.0002649901951843
        ],
        "O3pl2*Ope": [
            -0.0002528315673145
        ],
        "O3pl2*Opl1": [
            0.000348912680314
        ],
        "O3pl2*OpWB": [
            0.0006515565809562
        ],
        "Oll*Oll": [
            -3.838075690598686e-15
        ],
        "Oll*Oll1111": [
            0.0001935880744741
        ],
        "Oll*OpD": [
            -0.0002649901951649
        ],
        "Oll*Ope": [
            0.0002528315673053
        ],
        "Oll*Opl1": [
            -0.0003489126803164
        ],
        "Oll*OpWB": [
            -0.0006515565809205
        ],
        "Oll1111*Oll1111": [
            -3.30223242071939
        ],
        "Oll1111*OpD": [
            0.0175493668775848
        ],
        "Oll1111*Ope": [
            -0.0166938645143974
        ],
        "Oll1111*Opl1": [
            0.0233857376456518
        ],
        "Oll1111*OpWB": [
            0.0429473187450452
        ],
        "OpD*OpD": [
            0.0003033492216947
        ],
        "OpD*Ope": [
            -0.0002550685304381
        ],
        "OpD*Opl1": [
            0.0002426504285985
        ],
        "OpD*OpWB": [
            0.0014428042405127
        ],
        "Ope*Ope": [
            2.39607150563e-05
        ],
        "Ope*Opl1": [
            0.0001442355645465
        ],
        "Ope*OpWB": [
            -0.0006749267799703
        ],
        "Opl1*Opl1": [
            -0.0001951451876629
        ],
        "Opl1*OpWB": [
            0.0005742882241403
        ],
        "OpWB*OpWB": [
            0.0017529217152956
        ]
    },
    "NLO": {
        "SM": [
            0.9583038702800712
        ],
        "O3pl1": [
            0.0057553445855443
        ],
        "O3pl2": [
            6.319944567678705e-14
        ],
        "Oll": [
            3.6678993176053616e-14
        ],
        "Oll1111": [
            -0.0031932518888626
        ],
        "OpD": [
            0.0043710359959971
        ],
        "Ope": [
            -0.0041704783866082
        ],
        "Opl1": [
            0.0057553445859082
        ],
        "OpWB": [
            0.0107474816827487
        ],
        "O3pl1*O3pl1": [
            0.0001537674926196
        ],
        "O3pl1*O3pl2": [
            0.0003489126802718
        ],
        "O3pl1*Oll": [
            -0.0003489126802786
        ],
        "O3pl1*Oll1111": [
            0.0231921495698601
        ],
        "O3pl1*OpD": [
            0.0005076406237171
        ],
        "O3pl1*Ope": [
            -0.0001085960027489
        ],
        "O3pl1*Opl1": [
            -4.1377694999e-05
        ],
        "O3pl1*OpWB": [
            0.0012258448049159
        ],
        "O3pl2*O3pl2": [
            8.270294171719428e-15
        ],
        "O3pl2*Oll": [
            -4.152928001488476e-15
        ],
        "O3pl2*Oll1111": [
            -0.0001935880740717
        ],
        "O3pl2*OpD": [
            0.0002649901951843
        ],
        "O3pl2*Ope": [
            -0.0002528315673145
        ],
        "O3pl2*Opl1": [
            0.000348912680314
        ],
        "O3pl2*OpWB": [
            0.0006515565809562
        ],
        "Oll*Oll": [
            -3.838075690598686e-15
        ],
        "Oll*Oll1111": [
            0.0001935880744741
        ],
        "Oll*OpD": [
            -0.0002649901951649
        ],
        "Oll*Ope": [
            0.0002528315673053
        ],
        "Oll*Opl1": [
            -0.0003489126803164
        ],
        "Oll*OpWB": [
            -0.0006515565809205
        ],
        "Oll1111*Oll1111": [
            -3.30223242071939
        ],
        "Oll1111*OpD": [
            0.0175493668775848
        ],
        "Oll1111*Ope": [
            -0.0166938645143974
        ],
        "Oll1111*Opl1": [
            0.0233857376456518
        ],
        "Oll1111*OpWB": [
            0.0429473187450452
        ],
        "OpD*OpD": [
            0.0003033492216947
        ],
        "OpD*Ope": [
            -0.0002550685304381
        ],
        "OpD*Opl1": [
            0.0002426504285985
        ],
        "OpD*OpWB": [
            0.0014428042405127
        ],
        "Ope*Ope": [
            2.39607150563e-05
        ],
        "Ope*Opl1": [
            0.0001442355645465
        ],
        "Ope*OpWB": [
            -0.0006749267799703
        ],
        "Opl1*Opl1": [
            -0.0001951451876629
        ],
        "Opl1*OpWB": [
            0.0005742882241403
        ],
        "OpWB*OpWB": [
            0.0017529217152956
        ]
    }
}