{
    "best_sm": [
        0.9545684605000776
    ],
    "scales": [
        1000.0
    ],
    "theory_cov": [
        [
            0.0
        ]
    ],
    "LO": {
        "SM": [
            0.9545684605000776
        ],
        "O3pl1": [
            0.0037761460583083
        ],
        "O3pl2": [
            0.0
        ],
        "Oee1111": [
            -0.0184937034438279
        ],
        "Ole1111": [
            0.5065461537496083
        ],
        "Oll": [
            0.0
        ],
        "Oll1111": [
            -0.0033425789439549
        ],
        "OpD": [
            0.0010598846130727
        ],
        "Ope": [
            -0.0063522997335086
        ],
        "Opl1": [
            0.0037761460583848
        ],
        "OpWB": [
            0.0070515431329585
        ],
        "O3pl1*O3pl1": [
            0.00025505411623
        ],
        "O3pl1*O3pl2": [
            0.0002289255183189
        ],
        "O3pl1*Oee1111": [
            0.0133484599381888
        ],
        "O3pl1*Ole1111": [
            0.0223865754977325
        ],
        "O3pl1*Oll": [
            -0.0002289255183198
        ],
        "O3pl1*Oll1111": [
            0.0023249894202003
        ],
        "O3pl1*OpD": [
            0.0005605233732212
        ],
        "O3pl1*Ope": [
            -0.0003081057871391
        ],
        "O3pl1*Opl1": [
            0.0002811827141576
        ],
        "O3pl1*OpWB": [
            0.0013800653602662
        ],
        "O3pl2*O3pl2": [
            0.0
        ],
        "O3pl2*Oee1111": [
            -0.0011211644309105
        ],
        "O3pl2*Ole1111": [
            0.0307089130057343
        ],
        "O3pl2*Oll": [
            0.0
        ],
        "O3pl2*Oll1111": [
            -0.0002026408950947
        ],
        "O3pl2*OpD": [
            6.42545681994e-05
        ],
        "O3pl2*Ope": [
            -0.0003851025586889
        ],
        "O3pl2*Opl1": [
            0.0002289255183279
        ],
        "O3pl2*OpWB": [
            0.000427493571934
        ],
        "Oee1111*Oee1111": [
            -3.632442929435049
        ],
        "Oee1111*Ole1111": [
            1.982222074768151
        ],
        "Oee1111*Oll": [
            0.0011211644308949
        ],
        "Oee1111*Oll1111": [
            -0.0269494234894063
        ],
        "Oee1111*OpD": [
            0.0020075707900036
        ],
        "Oee1111*Ope": [
            -0.0245388840615927
        ],
        "Oee1111*Opl1": [
            0.0144696243694251
        ],
        "Oee1111*OpWB": [
            0.022833147960124
        ],
        "Ole1111*Ole1111": [
            -5.246185113527331
        ],
        "Ole1111*Oll": [
            -0.030708913005744
        ],
        "Ole1111*Oll1111": [
            0.3681293447885081
        ],
        "Ole1111*OpD": [
            0.0579811651967371
        ],
        "Ole1111*Ope": [
            0.0275475037235745
        ],
        "Ole1111*Opl1": [
            -0.0083223375078586
        ],
        "Ole1111*OpWB": [
            0.0991500650594542
        ],
        "Oll*Oll": [
            0.0
        ],
        "Oll*Oll1111": [
            0.0002026408950917
        ],
        "Oll*OpD": [
            -6.42545682028e-05
        ],
        "Oll*Ope": [
            0.0003851025586895
        ],
        "Oll*Opl1": [
            -0.0002289255183279
        ],
        "Oll*OpWB": [
            -0.000427493571933
        ],
        "Oll1111*Oll1111": [
            -0.5956156915327364
        ],
        "Oll1111*OpD": [
            0.0001324697329979
        ],
        "Oll1111*Ope": [
            -0.0046993506830591
        ],
        "Oll1111*Opl1": [
            0.0025276303153551
        ],
        "Oll1111*OpWB": [
            0.0039632556412611
        ],
        "OpD*OpD": [
            0.0001601438562275
        ],
        "OpD*Ope": [
            -0.0006969065188389
        ],
        "OpD*Opl1": [
            0.0004962688050406
        ],
        "OpD*OpWB": [
            0.001166705030568
        ],
        "Ope*Ope": [
            -0.0001118251512659
        ],
        "Ope*Opl1": [
            7.69967715501e-05
        ],
        "Ope*OpWB": [
            -0.0012944913876198
        ],
        "Opl1*Opl1": [
            2.61285979158e-05
        ],
        "Opl1*OpWB": [
            0.0009525717883747
        ],
        "OpWB*OpWB": [
            0.0016877101122649
        ]
    }
}