{
    "best_sm": [
        0.4495874753469702
    ],
    "scales": [
        1000.0
    ],
    "theory_cov": [
        [
            0.0
        ]
    ],
    "LO": {
        "SM": [
            0.4495874753469702
        ],
        "O3pl1": [
            0.0066398061392666
        ],
        "O3pl2": [
            0.0265359711407671
        ],
        "Oee1122": [
            12.238827223515337
        ],
        "Ole1122": [
            -1.0647365500614772
        ],
        "Ole1221": [
            0.0
        ],
        "Ole2211": [
            -6.388419300368865
        ],
        "Oll": [
            1.1449217800344151
        ],
        "Oll1122": [
            1.1449217800344154
        ],
        "OpD": [
            0.0084614899437022
        ],
        "Ope": [
            -0.0411258835290801
        ],
        "Opl1": [
            0.0066398061392666
        ],
        "Opl2": [
            0.026535971140767
        ],
        "Opmu": [
            -0.0163834992494808
        ],
        "OpWB": [
            0.0619521652110008
        ],
        "O3pl1*O3pl1": [
            0.0002847565455609
        ],
        "O3pl1*O3pl2": [
            0.002010589112326
        ],
        "O3pl1*Oee1122": [
            0.377757091613903
        ],
        "O3pl1*Ole1122": [
            0.0013539499901133
        ],
        "O3pl1*Ole1221": [
            0.0
        ],
        "O3pl1*Ole2211": [
            -0.3842395327432431
        ],
        "O3pl1*Oll": [
            0.0736316213849723
        ],
        "O3pl1*Oll1122": [
            0.0740341537654796
        ],
        "O3pl1*OpD": [
            0.0014503628107532
        ],
        "O3pl1*Ope": [
            -0.0021387415563406
        ],
        "O3pl1*Opl1": [
            0.0001669807106146
        ],
        "O3pl1*Opl2": [
            0.0016080567318187
        ],
        "O3pl1*Opmu": [
            -0.0003466546546658
        ],
        "O3pl1*OpWB": [
            0.0048180609792515
        ],
        "O3pl2*O3pl2": [
            0.0012059502793086
        ],
        "O3pl2*Oee1122": [
            -0.2833151333930597
        ],
        "O3pl2*Ole1122": [
            -0.0999486930408284
        ],
        "O3pl2*Ole1221": [
            0.0
        ],
        "O3pl2*Ole2211": [
            -0.2073289255610479
        ],
        "O3pl2*Oll": [
            0.010583234969191
        ],
        "O3pl2*Oll1122": [
            0.0121919547734027
        ],
        "O3pl2*OpD": [
            0.003707390113609
        ],
        "O3pl2*Ope": [
            -0.0006988753768132
        ],
        "O3pl2*Opl1": [
            0.0004018693081143
        ],
        "O3pl2*Opl2": [
            0.0008031807544055
        ],
        "O3pl2*Opmu": [
            -0.0001998142753803
        ],
        "O3pl2*OpWB": [
            0.00825851971532
        ],
        "Oee1122*Oee1122": [
            -333.77826081515065
        ],
        "Oee1122*Ole1122": [
            35.37705684197404
        ],
        "Oee1122*Ole1221": [
            0.0
        ],
        "Oee1122*Ole2211": [
            212.26234105184432
        ],
        "Oee1122*Oll": [
            -100.57681161747136
        ],
        "Oee1122*Oll1122": [
            -99.83484353081832
        ],
        "Oee1122*OpD": [
            0.9341387327629436
        ],
        "Oee1122*Ope": [
            1.6102255690279788
        ],
        "Oee1122*Opl1": [
            -0.3642109950391041
        ],
        "Oee1122*Opl2": [
            -1.0252832200460658
        ],
        "Oee1122*Opmu": [
            0.7881323150537356
        ],
        "Oee1122*OpWB": [
            0.1763601120528779
        ],
        "Ole1122*Ole1122": [
            -7.788004574313755
        ],
        "Ole1122*Ole1221": [
            0.0
        ],
        "Ole1122*Ole2211": [
            11.529874483906651
        ],
        "Ole1122*Oll": [
            3.374013104244921
        ],
        "Ole1122*Oll1122": [
            3.3094643916590654
        ],
        "Ole1122*OpD": [
            -0.1207840537940877
        ],
        "Ole1122*Ope": [
            0.0205327120819153
        ],
        "Ole1122*Opl1": [
            0.0659026625759688
        ],
        "Ole1122*Opl2": [
            -0.0353999804549728
        ],
        "Ole1122*Opmu": [
            -0.1054447776615404
        ],
        "Ole1122*OpWB": [
            -0.1841149872346827
        ],
        "Ole1221*Ole1221": [
            -99.09189659029018
        ],
        "Ole1221*Ole2211": [
            0.0
        ],
        "Ole1221*Oll": [
            0.0
        ],
        "Ole1221*Oll1122": [
            0.0
        ],
        "Ole1221*OpD": [
            0.0
        ],
        "Ole1221*Ope": [
            0.0
        ],
        "Ole1221*Opl1": [
            0.0
        ],
        "Ole1221*Opl2": [
            0.0
        ],
        "Ole1221*Opmu": [
            0.0
        ],
        "Ole1221*OpWB": [
            0.0
        ],
        "Ole2211*Ole2211": [
            -17.903341236115903
        ],
        "Ole2211*Oll": [
            20.24407862546953
        ],
        "Ole2211*Oll1122": [
            19.856786349954398
        ],
        "Ole2211*OpD": [
            -0.7247043227645269
        ],
        "Ole2211*Ope": [
            -0.3647370493079259
        ],
        "Ole2211*Opl1": [
            0.0030527427718905
        ],
        "Ole2211*Opl2": [
            0.1799633499540854
        ],
        "Ole2211*Opmu": [
            -0.1447353441698251
        ],
        "Ole2211*OpWB": [
            -1.104689923408097
        ],
        "Oll*Oll": [
            3.5868207228054
        ],
        "Oll*Oll1122": [
            7.243051316915077
        ],
        "Oll*OpD": [
            0.2086213290837147
        ],
        "Oll*Ope": [
            0.1880577843404536
        ],
        "Oll*Opl1": [
            0.0042217500806947
        ],
        "Oll*Opl2": [
            -0.0588266363350864
        ],
        "Oll*Opmu": [
            0.1096523527012267
        ],
        "Oll*OpWB": [
            0.1572621087378043
        ],
        "Oll1122*Oll1122": [
            3.65623059410968
        ],
        "Oll1122*OpD": [
            0.2091342994352939
        ],
        "Oll1122*Ope": [
            0.1855645639888045
        ],
        "Oll1122*Opl1": [
            0.0046242824612019
        ],
        "Oll1122*Opl2": [
            -0.0572179165308747
        ],
        "Oll1122*Opmu": [
            0.1086591175350776
        ],
        "Oll1122*OpWB": [
            0.1610179040150918
        ],
        "OpD*OpD": [
            0.0013459412817716
        ],
        "OpD*Ope": [
            -0.0042409284121896
        ],
        "OpD*Opl1": [
            0.0009373924591741
        ],
        "OpD*Opl2": [
            0.0031944197620299
        ],
        "OpD*Opmu": [
            -0.0014341444489186
        ],
        "OpD*OpWB": [
            0.0096315440808051
        ],
        "Ope*Ope": [
            -0.0015998128961341
        ],
        "Ope*Opl1": [
            0.0003544787953084
        ],
        "Ope*Opl2": [
            0.0017943449748358
        ],
        "Ope*Opmu": [
            -0.0014090434201188
        ],
        "Ope*OpWB": [
            -0.0052989418021588
        ],
        "Opl1*Opl1": [
            -0.0001177758349463
        ],
        "Opl1*Opl2": [
            -6.630723929282714e-07
        ],
        "Opl1*Opmu": [
            0.0006465805114832
        ],
        "Opl1*OpWB": [
            0.001062265701964
        ],
        "Opl2*Opl2": [
            -0.000402769524903
        ],
        "Opl2*Opmu": [
            0.0007934208907687
        ],
        "Opl2*OpWB": [
            0.0045027244380324
        ],
        "Opmu*Opmu": [
            -0.0006132181575463
        ],
        "Opmu*OpWB": [
            -0.0010204714467164
        ],
        "OpWB*OpWB": [
            0.012209547959448
        ]
    }
}