{
    "best_sm": [
        0.5703581257330264,
        0.5660227545567931,
        0.6288473242954794,
        0.6144642511471254
    ],
    "scales": [
        500.0,
        500.0,
        500.0,
        500.0
    ],
    "theory_cov": [
        [
            0.0,
            0.0,
            0.0,
            0.0
        ],
        [
            0.0,
            0.0,
            0.0,
            0.0
        ],
        [
            0.0,
            0.0,
            0.0,
            0.0
        ],
        [
            0.0,
            0.0,
            0.0,
            0.0
        ]
    ],
    "LO": {
        "SM": [
            0.5703581257330264,
            0.5660227545567931,
            0.6288473242954794,
            0.6144642511471254
        ],
        "O3pl1": [
            0.0268304328354012,
            0.0288969304396642,
            0.0028853580626602,
            0.0080944513343185
        ],
        "O3pl2": [
            0.0,
            0.0,
            0.0,
            0.0
        ],
        "O3pq": [
            0.0,
            0.0,
            0.0,
            0.0
        ],
        "Oll": [
            0.0,
            0.0,
            0.0,
            0.0
        ],
        "Olu": [
            1.492103304607458,
            1.5832171240837507,
            0.1989245818155089,
            0.5279700070946705
        ],
        "OpD": [
            0.0290054080402321,
            0.031818409545009,
            0.0024637056505918,
            0.0070209123941354
        ],
        "Ope": [
            -0.0042190607852362,
            -0.0013054746250362,
            -0.0421765721048997,
            -0.0330755369055165
        ],
        "Opl1": [
            0.0268304328354013,
            0.0288969304396642,
            0.0028853580626602,
            0.0080944513343185
        ],
        "OpqMi": [
            -0.0113612813847917,
            -0.0107109892541448,
            -0.0247752951070513,
            -0.0206754583646694
        ],
        "Opui": [
            0.0295035382061151,
            0.030526104953104,
            0.0100445249454785,
            0.0158074271221547
        ],
        "OpWB": [
            0.0713188833252957,
            0.0739634934193895,
            0.0516532692075157,
            0.0537246854454246
        ],
        "Oqe": [
            0.1455547696889859,
            0.0447793106059977,
            1.5718135264363473,
            1.20957052502452
        ],
        "Oql31": [
            0.0,
            0.0,
            0.0,
            0.0
        ],
        "OqlM1": [
            -0.4787177842208259,
            -0.5256546102048514,
            -0.0352205992635198,
            -0.1115247679572885
        ],
        "O3pl1*O3pl1": [
            -0.0004917957078942,
            -0.0006498284221063,
            0.000105218040795,
            0.0001881868513322
        ],
        "O3pl1*O3pl2": [
            0.0016265712842734,
            0.0017518508756514,
            0.0001749222831536,
            0.0004907189601868
        ],
        "O3pl1*O3pq": [
            0.0,
            0.0,
            0.0,
            0.0
        ],
        "O3pl1*Oll": [
            -0.0016265712842734,
            -0.0017518508756514,
            -0.0001749222831536,
            -0.0004907189601868
        ],
        "O3pl1*Olu": [
            -0.0807272085413592,
            -0.0903262570395481,
            -0.0020485584186007,
            -0.0114769237026707
        ],
        "O3pl1*OpD": [
            -0.0007761292793837,
            -0.0013479944921834,
            0.0005519711054306,
            0.0011237247168195
        ],
        "O3pl1*Ope": [
            0.0001088724203916,
            4.11722724323e-05,
            -0.0021023224483386,
            -0.0010433202347125
        ],
        "O3pl1*Opl1": [
            -0.0026101627000619,
            -0.0030515077198641,
            3.55137984364e-05,
            -0.0001143452575224
        ],
        "O3pl1*OpqMi": [
            0.0013856412879094,
            0.0016735135213951,
            -0.0013372213453421,
            -0.0007849456267716
        ],
        "O3pl1*Opui": [
            -0.0017546653144587,
            -0.0017954614821204,
            5.6715487364e-05,
            -0.0005049966916549
        ],
        "O3pl1*OpWB": [
            -0.0013868396379578,
            -0.0022806816605537,
            0.0032167307456754,
            0.0030850022951901
        ],
        "O3pl1*Oqe": [
            0.0014302306283956,
            0.0003079328727177,
            0.0842977124950771,
            0.051033225126411
        ],
        "O3pl1*Oql31": [
            0.0,
            0.0,
            0.0,
            0.0
        ],
        "O3pl1*OqlM1": [
            0.073810388557848,
            0.0880033635140267,
            -0.0023346836339007,
            -0.0001235038649616
        ],
        "O3pl2*O3pl2": [
            0.0,
            0.0,
            0.0,
            0.0
        ],
        "O3pl2*O3pq": [
            0.0,
            0.0,
            0.0,
            0.0
        ],
        "O3pl2*Oll": [
            0.0,
            0.0,
            0.0,
            0.0
        ],
        "O3pl2*Olu": [
            0.0904574444748339,
            0.0959811392758015,
            0.0120596270102021,
            0.0320077151854496
        ],
        "O3pl2*OpD": [
            0.0017584272343391,
            0.0019289629651027,
            0.0001493599782284,
            0.0004256366104773
        ],
        "O3pl2*Ope": [
            -0.0002557768322997,
            -7.91432456739e-05,
            -0.0025569174182088,
            -0.0020051752005825
        ],
        "O3pl2*Opl1": [
            0.0016265712842734,
            0.0017518508756515,
            0.0001749222831536,
            0.0004907189601868
        ],
        "O3pl2*OpqMi": [
            -0.0006887676455472,
            -0.0006493442597007,
            -0.0015019803753355,
            -0.0012534313952919
        ],
        "O3pl2*Opui": [
            0.0017886259355165,
            0.0018506181410507,
            0.0006089404498509,
            0.0009583113024258
        ],
        "O3pl2*OpWB": [
            0.0043236442868828,
            0.0044839714371581,
            0.0031314338067977,
            0.0032570115859946
        ],
        "O3pl2*Oqe": [
            0.008824129305613,
            0.0027147061401549,
            0.0952898062442223,
            0.0733291443480758
        ],
        "O3pl2*Oql31": [
            0.0,
            0.0,
            0.0,
            0.0
        ],
        "O3pl2*OqlM1": [
            -0.0290218426911556,
            -0.0318673462948032,
            -0.0021352177107391,
            -0.0067610905182728
        ],
        "O3pq*O3pq": [
            0.0,
            0.0,
            0.0,
            0.0
        ],
        "O3pq*Oll": [
            0.0,
            0.0,
            0.0,
            0.0
        ],
        "O3pq*Olu": [
            0.0,
            0.0,
            0.0,
            0.0
        ],
        "O3pq*OpD": [
            0.0,
            0.0,
            0.0,
            0.0
        ],
        "O3pq*Ope": [
            0.0,
            0.0,
            0.0,
            0.0
        ],
        "O3pq*Opl1": [
            0.0,
            0.0,
            0.0,
            0.0
        ],
        "O3pq*OpqMi": [
            0.0,
            0.0,
            0.0,
            0.0
        ],
        "O3pq*Opui": [
            0.0,
            0.0,
            0.0,
            0.0
        ],
        "O3pq*OpWB": [
            0.0,
            0.0,
            0.0,
            0.0
        ],
        "O3pq*Oqe": [
            0.0,
            0.0,
            0.0,
            0.0
        ],
        "O3pq*Oql31": [
            0.0,
            0.0,
            0.0,
            0.0
        ],
        "O3pq*OqlM1": [
            0.0,
            0.0,
            0.0,
            0.0
        ],