{
    "best_sm": [
        0.6611635161783881,
        0.6493888083148764
    ],
    "scales": [
        250.0,
        500.0
    ],
    "theory_cov": [
        [
            0.0,
            0.0
        ],
        [
            0.0,
            0.0
        ]
    ],
    "LO": {
        "SM": [
            0.6611635161783881,
            0.6493888083148764
        ],
        "O3pl1": [
            0.0131486805640133,
            0.0151111695877788
        ],
        "O3pl2": [
            0.0,
            0.0
        ],
        "Oeb": [
            0.0012678305241726,
            0.0070989078893082
        ],
        "Olb": [
            -0.2703322455364719,
            -1.3232194620275062
        ],
        "Oll": [
            0.0,
            0.0
        ],
        "OpD": [
            0.014754610206896,
            0.0172185601880954
        ],
        "Opdi": [
            -0.0230811809284774,
            -0.0253428293094798
        ],
        "Ope": [
            0.0031861737535996,
            0.0025356309442352
        ],
        "Opl1": [
            0.0131486805640133,
            0.0151111695877787
        ],
        "OpQ3": [
            0.0057285687209965,
            0.0081755499052248
        ],
        "OpQM": [
            0.0028642843604982,
            0.0040877749526124
        ],
        "OpWB": [
            0.0299024749336725,
            0.0358519462559508
        ],
        "OQe": [
            0.0246065163849967,
            0.0877985177355395
        ],
        "OQl31": [
            0.1069212019232344,
            0.5699130454782368
        ],
        "OQlM1": [
            0.0534606009616172,
            0.2849565227391184
        ],
        "O3pl1*O3pl1": [
            -0.001044703628051,
            -0.0010430445236685
        ],
        "O3pl1*O3pl2": [
            0.0007971271415081,
            0.0009161013045915
        ],
        "O3pl1*Oeb": [
            -0.0004548534024183,
            -0.0023438370230855
        ],
        "O3pl1*Olb": [
            0.0402168562913265,
            0.1694078753044444
        ],
        "O3pl1*Oll": [
            -0.0007971271415081,
            -0.0009161013045915
        ],
        "O3pl1*OpD": [
            -0.0022989764992373,
            -0.0023309963170902
        ],
        "O3pl1*Opdi": [
            0.0034519577249048,
            0.0032665728810132
        ],
        "O3pl1*Ope": [
            -0.0002222076050694,
            -0.000152873991201
        ],
        "O3pl1*Opl1": [
            -0.0028865343976102,
            -0.0030021903519287
        ],
        "O3pl1*OpQ3": [
            -0.002320923908967,
            -0.0026087988983417
        ],
        "O3pl1*OpQM": [
            -0.0011604619544835,
            -0.0013043994491708
        ],
        "O3pl1*OpWB": [
            -0.0045802297441546,
            -0.0046206496630253
        ],
        "O3pl1*OQe": [
            -0.0017800300352504,
            -0.0056277108080412
        ],
        "O3pl1*OQl31": [
            -0.0301484867550491,
            -0.1458511176507822
        ],
        "O3pl1*OQlM1": [
            -0.0150742433775245,
            -0.0729255588253911
        ],
        "O3pl2*O3pl2": [
            0.0,
            0.0
        ],
        "O3pl2*Oeb": [
            7.686110532e-05,
            0.0004303650184582
        ],
        "O3pl2*Olb": [
            -0.0163886535301292,
            -0.0802190107379073
        ],
        "O3pl2*Oll": [
            0.0,
            0.0
        ],
        "O3pl2*OpD": [
            0.0008944852071681,
            0.0010438599977238
        ],
        "O3pl2*Opdi": [
            -0.0013992762001157,
            -0.0015363866349056
        ],
        "O3pl2*Ope": [
            0.0001931589686273,
            0.000153720385605
        ],
        "O3pl2*Opl1": [
            0.0007971271415081,
            0.0009161013045915
        ],
        "O3pl2*OpQ3": [
            0.0003472894171601,
            0.0004956354893923
        ],
        "O3pl2*OpQM": [
            0.00017364470858,
            0.0002478177446961
        ],
        "O3pl2*OpWB": [
            0.001812811122139,
            0.0021734925643205
        ],
        "O3pl2*OQe": [
            0.0014917483144375,
            0.0053227075622117
        ],
        "O3pl2*OQl31": [
            0.006482003394998,
            0.0345504748281437
        ],
        "O3pl2*OQlM1": [
            0.003241001697499,
            0.0172752374140718
        ],
        "Oeb*Oeb": [
            0.0009061256004975,
            0.0207565683404508
        ],
        "Oeb*Olb": [
            0.0069655986231263,
            0.1515613064552577
        ],
        "Oeb*Oll": [
            -7.686110532e-05,
            -0.0004303650184582
        ],
        "Oeb*OpD": [
            -0.0006036603879136,
            -0.003144183788933
        ],
        "Oeb*Opdi": [
            0.0004685366858501,
            0.0022536933248605
        ],
        "Oeb*Ope": [
            -0.0001241614000171,
            -0.0005067872019828
        ],
        "Oeb*Opl1": [
            -0.0005317145077383,
            -0.0027742020415438
        ],
        "Oeb*OpQ3": [
            -0.0003987838420288,
            -0.0022949042752072
        ],
        "Oeb*OpQM": [
            -0.0001993919210144,
            -0.0011474521376036
        ],
        "Oeb*OpWB": [
            -0.0010782023935357,
            -0.005715943791073
        ],
        "Oeb*OQe": [
            -0.000634031342843,
            -0.0100564255852495
        ],
        "Oeb*OQl31": [
            -0.0057079559396639,
            -0.1365136538606544
        ],
        "Oeb*OQlM1": [
            -0.0028539779698319,
            -0.0682568269303272
        ],
        "Olb*Olb": [
            -0.3997473376787194,
            -6.9851794387947495
        ],
        "Olb*Oll": [
            0.0163886535301292,
            0.0802190107379072
        ],
        "Olb*OpD": [
            0.0430193080430274,
            0.1860213968462231
        ],
        "Olb*Opdi": [
            -0.0684814640986498,
            -0.2687407505965017
        ],
        "Olb*Ope": [
            -0.0014277940133135,
            -0.005786635632977
        ],
        "Olb*Opl1": [
            0.0566055098214557,
            0.2496268860423516
        ],
        "Olb*OpQ3": [
            0.0512959736832497,
            0.2372853821356997
        ],
        "Olb*OpQM": [
            0.0256479868416248,
            0.1186426910678498
        ],
        "Olb*OpWB": [
            0.0923914169790846,
            0.3881028848861306
        ],
        "Olb*OQe": [
            -0.0097120948327083,
            -0.171093388464744
        ],
        "Olb*OQl31": [
            0.5874366981229571,
            12.16761325621215
        ],
        "Olb*OQlM1": [
            0.2937183490614785,
            6.083806628106075
        ],
        "Oll*Oll": [
            0.0,
            0.0
        ],
        "Oll*OpD": [
            -0.0008944852071681,
            -0.0010438599977238
        ],
        "Oll*Opdi": [
            0.0013992762001157,
            0.0015363866349056
        ],
        "Oll*Ope": [
            -0.0001931589686273,
            -0.000153720385605
        ],
        "Oll*Opl1": [
            -0.0007971271415081,
            -0.0009161013045915
        ],
        "Oll*OpQ3": [
            -0.0003472894171601,
            -0.0004956354893923
        ],
        "Oll*OpQM": [
            -0.00017364470858,
            -0.0002478177446961
        ],
        "Oll*OpWB": [
            -0.001812811122139,
            -0.0021734925643205
        ],
        "Oll*OQe": [
            -0.0014917483144375,
            -0.0053227075622117
        ],
        "Oll*OQl31": [
            -0.0064820033949979,
            -0.0345504748281439
        ],
        "Oll*OQlM1": [
            -0.0032410016974989,
            -0.0172752374140719
        ],