{
    "best_sm": [
        1.8036161116254272,
        0.4421434740143583
    ],
    "scales": [
        250.0,
        500.0
    ],
    "theory_cov": [
        [
            0.0,
            0.0
        ],
        [
            0.0,
            0.0
        ]
    ],
    "LO": {
        "SM": [
            1.8036161116254272,
            0.4421434740143583
        ],
        "O3pl1": [
            -0.2131748464617912,
            -0.0524771559322203
        ],
        "O3pl2": [
            -0.2526567702840466,
            -0.0619672807325559
        ],
        "Oee1122": [
            2.7759399967981104,
            2.7047234746480235
        ],
        "Ole1122": [
            0.0367324956581094,
            0.0393818199253499
        ],
        "Ole1221": [
            0.0,
            0.0
        ],
        "Ole2211": [
            0.6139574274284008,
            0.6582389901808497
        ],
        "Oll": [
            0.4073263558495238,
            0.2356609346815008
        ],
        "Oll1122": [
            0.1886410895311913,
            0.1820518197803232
        ],
        "OpD": [
            -0.4804842544031655,
            -0.1156643105184786
        ],
        "Ope": [
            -0.0427132978210498,
            -0.0081856545890869
        ],
        "Opl1": [
            0.0055104198565413,
            0.0011319589689572
        ],
        "Opl2": [
            -0.0339715039657139,
            -0.0083581658313783
        ],
        "Opmu": [
            -0.0918120528441627,
            -0.0199873417309834
        ],
        "OpWB": [
            -0.8698900115450868,
            -0.2137125707075199
        ],
        "O3pl1*O3pl1": [
            0.0065392307138845,
            0.0016055356337058
        ],
        "O3pl1*O3pl2": [
            0.0152799927034223,
            0.0037477938699551
        ],
        "O3pl1*Oee1122": [
            -0.168288909588533,
            -0.1639714708574546
        ],
        "O3pl1*Ole1122": [
            -0.0050342836201697,
            -0.0049051294700947
        ],
        "O3pl1*Ole1221": [
            0.0,
            0.0
        ],
        "O3pl1*Ole2211": [
            -0.0372206265678951,
            -0.0399051571842201
        ],
        "O3pl1*Oll": [
            -0.0173772869009904,
            -0.0079563572848528
        ],
        "O3pl1*Oll1122": [
            -0.0044537501876113,
            -0.0047749760733254
        ],
        "O3pl1*OpD": [
            0.029308739937316,
            0.0070456548525929
        ],
        "O3pl1*Ope": [
            0.0025894559405195,
            0.0004962480769234
        ],
        "O3pl1*Opl1": [
            0.00015492471439,
            2.96900558843e-05
        ],
        "O3pl1*Opl2": [
            0.0023564559900432,
            0.0005664126584278
        ],
        "O3pl1*Opmu": [
            0.0053272264013927,
            0.0011637031810943
        ],
        "O3pl1*OpWB": [
            0.0529563368066587,
            0.0129949257565906
        ],
        "O3pl2*O3pl2": [
            0.0104415590211526,
            0.0024842132873976
        ],
        "O3pl2*Oee1122": [
            -0.168288909588533,
            -0.1639714708574546
        ],
        "O3pl2*Ole1122": [
            -0.0022268750938056,
            -0.0023874880366627
        ],
        "O3pl2*Ole1221": [
            0.0,
            0.0
        ],
        "O3pl2*Ole2211": [
            -0.0841444547942665,
            -0.0819857354287273
        ],
        "O3pl2*Oll": [
            -0.019770843647955,
            -0.0085316877157518
        ],
        "O3pl2*Oll1122": [
            -0.0044537501876113,
            -0.0047749760733254
        ],
        "O3pl2*OpD": [
            0.0349908585125439,
            0.0083521341462808
        ],
        "O3pl2*Ope": [
            -0.0014018850775605,
            -0.0003062340515243
        ],
        "O3pl2*Opl1": [
            -3.71007569212e-05,
            -8.917772471147475e-06
        ],
        "O3pl2*Opl2": [
            0.0055660245819616,
            0.0012117149323689
        ],
        "O3pl2*Opmu": [
            0.0055660245819616,
            0.0012117149323689
        ],
        "O3pl2*OpWB": [
            0.0675306863966492,
            0.0162765961578138
        ],
        "Oee1122*Oee1122": [
            1.3720508488038974,
            5.4882033952155895
        ],
        "Oee1122*Ole1122": [
            0.0,
            0.0
        ],
        "Oee1122*Ole1221": [
            0.0,
            0.0
        ],
        "Oee1122*Ole2211": [
            0.0,
            0.0
        ],
        "Oee1122*Oll": [
            0.168288909588533,
            0.1639714708574546
        ],
        "Oee1122*Oll1122": [
            0.0,
            0.0
        ],
        "Oee1122*OpD": [
            -0.3872720840819855,
            -0.3700578035200677
        ],
        "Oee1122*Ope": [
            -0.0938476564527427,
            -0.0841611564890142
        ],
        "Oee1122*Opl1": [
            0.0,
            0.0
        ],
        "Oee1122*Opl2": [
            0.0,
            0.0
        ],
        "Oee1122*Opmu": [
            -0.0938476564527427,
            -0.0841611564890142
        ],
        "Oee1122*OpWB": [
            -0.6285225658470168,
            -0.6123978688852297
        ],
        "Ole1122*Ole1122": [
            0.0205221280804001,
            0.0820885123216006
        ],
        "Ole1122*Ole1221": [
            0.0,
            0.0
        ],
        "Ole1122*Ole2211": [
            0.0,
            0.0
        ],
        "Ole1122*Oll": [
            0.0022268750938056,
            0.0023874880366627
        ],
        "Ole1122*Oll1122": [
            0.0,
            0.0
        ],
        "Ole1122*OpD": [
            -0.0052864292234861,
            -0.0054215864767549
        ],
        "Ole1122*Ope": [
            0.0,
            0.0
        ],
        "Ole1122*Opl1": [
            -0.002807408526364,
            -0.002517641433432
        ],
        "Ole1122*Opl2": [
            0.0,
            0.0
        ],
        "Ole1122*Opmu": [
            0.0034912245944826,
            0.0031308773233193
        ],
        "Ole1122*OpWB": [
            -0.0135594262185452,
            -0.0136181721014622
        ],
        "Ole1221*Ole1221": [
            0.685135199389584,
            2.740540797558336
        ],
        "Ole1221*Ole2211": [
            0.0,
            0.0
        ],
        "Ole1221*Oll": [
            0.0,
            0.0
        ],
        "Ole1221*Oll1122": [
            0.0,
            0.0
        ],
        "Ole1221*OpD": [
            0.0,
            0.0
        ],
        "Ole1221*Ope": [
            0.0,
            0.0
        ],
        "Ole1221*Opl1": [
            0.0,
            0.0
        ],
        "Ole1221*Opl2": [
            0.0,
            0.0
        ],
        "Ole1221*Opmu": [
            0.0,
            0.0
        ],
        "Ole1221*OpWB": [
            0.0,
            0.0
        ],
        "Ole2211*Ole2211": [
            0.3430127122009743,
            1.3720508488038974
        ],
        "Ole2211*Oll": [
            0.0372206265678951,
            0.0399051571842201
        ],
        "Ole2211*Oll1122": [
            0.0,
            0.0
        ],
        "Ole2211*OpD": [
            -0.0883588884496964,
            -0.0906179453971898
        ],
        "Ole2211*Ope": [
            0.0583533253649249,
            0.0523303781183369
        ],
        "Ole2211*Opl1": [
            0.0,
            0.0
        ],
        "Ole2211*Opl2": [
            -0.0469238282263713,
            -0.0420805782445071
        ],
        "Ole2211*Opmu": [
            0.0,
            0.0
        ],
        "Ole2211*OpWB": [
            -0.2266361239385421,
            -0.2276180194101547
        ],
        "Oll*Oll": [
            0.1001535122223673,
            0.3410157826182985
        ],