{
    "best_sm": [
        0.4495874753469702
    ],
    "scales": [
        1000.0
    ],
    "theory_cov": [
        [
            0.0
        ]
    ],
    "LO": {
        "SM": [
            0.4495874753469702
        ],
        "O3pl1": [
            0.0066398061392666
        ],
        "O3pl2": [
            0.0265359711407671
        ],
        "Oee1122": [
            6.119413611757674
        ],
        "Ole1122": [
            -1.0647365500614776
        ],
        "Ole1221": [
            0.0
        ],
        "Ole2211": [
            -6.388419300368867
        ],
        "Oll": [
            1.1449217800344158
        ],
        "Oll1122": [
            1.144921780034416
        ],
        "OpD": [
            0.0084614899437023
        ],
        "Ope": [
            -0.0411258835290801
        ],
        "Opl1": [
            0.0066398061392666
        ],
        "Opl2": [
            0.0265359711407671
        ],
        "Opmu": [
            -0.0163834992494808
        ],
        "OpWB": [
            0.0619521652110007
        ],
        "O3pl1*O3pl1": [
            0.0002847565455609
        ],
        "O3pl1*O3pl2": [
            0.002010589112326
        ],
        "O3pl1*Oee1122": [
            0.1888785458069517
        ],
        "O3pl1*Ole1122": [
            0.0013539499901132
        ],
        "O3pl1*Ole1221": [
            0.0
        ],
        "O3pl1*Ole2211": [
            -0.3842395327432436
        ],
        "O3pl1*Oll": [
            0.0736316213849725
        ],
        "O3pl1*Oll1122": [
            0.0740341537654797
        ],
        "O3pl1*OpD": [
            0.0014503628107532
        ],
        "O3pl1*Ope": [
            -0.0021387415563406
        ],
        "O3pl1*Opl1": [
            0.0001669807106146
        ],
        "O3pl1*Opl2": [
            0.0016080567318187
        ],
        "O3pl1*Opmu": [
            -0.0003466546546658
        ],
        "O3pl1*OpWB": [
            0.0048180609792515
        ],
        "O3pl2*O3pl2": [
            0.0012059502793086
        ],
        "O3pl2*Oee1122": [
            -0.14165756669653
        ],
        "O3pl2*Ole1122": [
            -0.0999486930408286
        ],
        "O3pl2*Ole1221": [
            0.0
        ],
        "O3pl2*Ole2211": [
            -0.2073289255610486
        ],
        "O3pl2*Oll": [
            0.0105832349691911
        ],
        "O3pl2*Oll1122": [
            0.0121919547734027
        ],
        "O3pl2*OpD": [
            0.0037073901136091
        ],
        "O3pl2*Ope": [
            -0.0006988753768132
        ],
        "O3pl2*Opl1": [
            0.0004018693081143
        ],
        "O3pl2*Opl2": [
            0.0008031807544055
        ],
        "O3pl2*Opmu": [
            -0.0001998142753803
        ],
        "O3pl2*OpWB": [
            0.00825851971532
        ],
        "Oee1122*Oee1122": [
            -83.44456520378779
        ],
        "Oee1122*Ole1122": [
            17.688528420987026
        ],
        "Oee1122*Ole1221": [
            0.0
        ],
        "Oee1122*Ole2211": [
            106.1311705259222
        ],
        "Oee1122*Oll": [
            -50.28840580873575
        ],
        "Oee1122*Oll1122": [
            -49.917421765409244
        ],
        "Oee1122*OpD": [
            0.4670693663814731
        ],
        "Oee1122*Ope": [
            0.8051127845139896
        ],
        "Oee1122*Opl1": [
            -0.1821054975195521
        ],
        "Oee1122*Opl2": [
            -0.5126416100230331
        ],
        "Oee1122*Opmu": [
            0.3940661575268682
        ],
        "Oee1122*OpWB": [
            0.0881800560264434
        ],
        "Ole1122*Ole1122": [
            -7.788004574313755
        ],
        "Ole1122*Ole1221": [
            0.0
        ],
        "Ole1122*Ole2211": [
            11.52987448390666
        ],
        "Ole1122*Oll": [
            3.374013104244924
        ],
        "Ole1122*Oll1122": [
            3.309464391659068
        ],
        "Ole1122*OpD": [
            -0.120784053794088
        ],
        "Ole1122*Ope": [
            0.0205327120819153
        ],
        "Ole1122*Opl1": [
            0.0659026625759688
        ],
        "Ole1122*Opl2": [
            -0.0353999804549728
        ],
        "Ole1122*Opmu": [
            -0.1054447776615404
        ],
        "Ole1122*OpWB": [
            -0.1841149872346831
        ],
        "Ole1221*Ole1221": [
            -99.09189659029018
        ],
        "Ole1221*Ole2211": [
            0.0
        ],
        "Ole1221*Oll": [
            0.0
        ],
        "Ole1221*Oll1122": [
            0.0
        ],
        "Ole1221*OpD": [
            0.0
        ],
        "Ole1221*Ope": [
            0.0
        ],
        "Ole1221*Opl1": [
            0.0
        ],
        "Ole1221*Opl2": [
            0.0
        ],
        "Ole1221*Opmu": [
            0.0
        ],
        "Ole1221*OpWB": [
            0.0
        ],
        "Ole2211*Ole2211": [
            -17.90334123611588
        ],
        "Ole2211*Oll": [
            20.244078625469545
        ],
        "Ole2211*Oll1122": [
            19.85678634995441
        ],
        "Ole2211*OpD": [
            -0.7247043227645281
        ],
        "Ole2211*Ope": [
            -0.3647370493079256
        ],
        "Ole2211*Opl1": [
            0.0030527427718905
        ],
        "Ole2211*Opl2": [
            0.1799633499540852
        ],
        "Ole2211*Opmu": [
            -0.1447353441698251
        ],
        "Ole2211*OpWB": [
            -1.1046899234080982
        ],
        "Oll*Oll": [
            3.5868207228053937
        ],
        "Oll*Oll1122": [
            7.243051316915068
        ],
        "Oll*OpD": [
            0.2086213290837149
        ],
        "Oll*Ope": [
            0.1880577843404538
        ],
        "Oll*Opl1": [
            0.0042217500806946
        ],
        "Oll*Opl2": [
            -0.0588266363350865
        ],
        "Oll*Opmu": [
            0.1096523527012268
        ],
        "Oll*OpWB": [
            0.1572621087378047
        ],
        "Oll1122*Oll1122": [
            3.656230594109674
        ],
        "Oll1122*OpD": [
            0.2091342994352942
        ],
        "Oll1122*Ope": [
            0.1855645639888047
        ],
        "Oll1122*Opl1": [
            0.0046242824612019
        ],
        "Oll1122*Opl2": [
            -0.0572179165308748
        ],
        "Oll1122*Opmu": [
            0.1086591175350777
        ],
        "Oll1122*OpWB": [
            0.1610179040150923
        ],
        "OpD*OpD": [
            0.0013459412817716
        ],
        "OpD*Ope": [
            -0.0042409284121896
        ],
        "OpD*Opl1": [
            0.0009373924591741
        ],
        "OpD*Opl2": [
            0.0031944197620299
        ],
        "OpD*Opmu": [
            -0.0014341444489186
        ],
        "OpD*OpWB": [
            0.0096315440808051
        ],
        "Ope*Ope": [
            -0.0015998128961341
        ],
        "Ope*Opl1": [
            0.0003544787953084
        ],
        "Ope*Opl2": [
            0.0017943449748358
        ],
        "Ope*Opmu": [
            -0.0014090434201188
        ],
        "Ope*OpWB": [
            -0.0052989418021588
        ],
        "Opl1*Opl1": [
            -0.0001177758349463
        ],
        "Opl1*Opl2": [
            -6.630723929283797e-07
        ],
        "Opl1*Opmu": [
            0.0006465805114832
        ],
        "Opl1*OpWB": [
            0.001062265701964
        ],
        "Opl2*Opl2": [
            -0.000402769524903
        ],
        "Opl2*Opmu": [
            0.0007934208907687
        ],
        "Opl2*OpWB": [
            0.0045027244380324
        ],
        "Opmu*Opmu": [
            -0.0006132181575463
        ],
        "Opmu*OpWB": [
            -0.0010204714467165
        ],
        "OpWB*OpWB": [
            0.012209547959448
        ]
    }
}