{
    "best_sm": [
        3.827787643250629
    ],
    "scales": [
        1000.0
    ],
    "theory_cov": [
        [
            0.0
        ]
    ],
    "LO": {
        "SM": [
            3.827787643250629
        ],
        "O3pl1": [
            -0.5420609927335525
        ],
        "O3pl2": [
            -0.4641124875623676
        ],
        "Oee1111": [
            -20.60362534173893
        ],
        "Ole1111": [
            -4.104470728373185
        ],
        "Oll": [
            0.4641124875623393
        ],
        "Oll1111": [
            -1.6998928117693368
        ],
        "OpD": [
            -0.9739647515026324
        ],
        "Ope": [
            -0.1546157739000968
        ],
        "Opl1": [
            -0.0779485051709584
        ],
        "OpWB": [
            -1.878919826234903
        ],
        "O3pl1*O3pl1": [
            0.0226056786778138
        ],
        "O3pl1*O3pl2": [
            0.0328619687395492
        ],
        "O3pl1*Oee1111": [
            1.2490765817457574
        ],
        "O3pl1*Ole1111": [
            0.4758495572201865
        ],
        "O3pl1*Oll": [
            -0.032861968739551
        ],
        "O3pl1*Oll1111": [
            -0.0044705315403746
        ],
        "O3pl1*OpD": [
            0.0722414979825552
        ],
        "O3pl1*Ope": [
            0.0021815593863714
        ],
        "O3pl1*Opl1": [
            0.0123493886160856
        ],
        "O3pl1*OpWB": [
            0.1457934672032299
        ],
        "O3pl2*O3pl2": [
            0.0140682047429829
        ],
        "O3pl2*Oee1111": [
            1.2490765817457574
        ],
        "O3pl2*Ole1111": [
            0.248829911349922
        ],
        "O3pl2*Oll": [
            -0.0281364094859677
        ],
        "O3pl2*Oll1111": [
            0.103054499751442
        ],
        "O3pl2*OpD": [
            0.0590457525007934
        ],
        "O3pl2*Ope": [
            0.009373444679949
        ],
        "O3pl2*Opl1": [
            0.0047255592535879
        ],
        "O3pl2*OpWB": [
            0.1139078543218486
        ],
        "Oee1111*Oee1111": [
            74.9702644241078
        ],
        "Oee1111*Ole1111": [
            0.0
        ],
        "Oee1111*Oll": [
            -1.2490765817457592
        ],
        "Oee1111*Oll1111": [
            0.0
        ],
        "Oee1111*OpD": [
            2.7614941808756024
        ],
        "Oee1111*Ope": [
            1.1672695926420926
        ],
        "Oee1111*Opl1": [
            0.0
        ],
        "Oee1111*OpWB": [
            4.66503003684417
        ],
        "Ole1111*Ole1111": [
            16.51111302559974
        ],
        "Ole1111*Oll": [
            -0.2488299113499206
        ],
        "Ole1111*Oll1111": [
            0.0
        ],
        "Ole1111*OpD": [
            0.5473635717852673
        ],
        "Ole1111*Ope": [
            -0.2823160803459895
        ],
        "Ole1111*Opl1": [
            0.2270196458702663
        ],
        "Ole1111*OpWB": [
            1.3532602953931412
        ],
        "Oll*Oll": [
            0.0140682047429829
        ],
        "Oll*Oll1111": [
            -0.1030544997514422
        ],
        "Oll*OpD": [
            -0.0590457525007915
        ],
        "Oll*Ope": [
            -0.0093734446799499
        ],
        "Oll*Opl1": [
            -0.0047255592535877
        ],
        "Oll*OpWB": [
            -0.1139078543218523
        ],
        "Oll1111*Oll1111": [
            5.55335292030428
        ],
        "Oll1111*OpD": [
            0.0590630403381043
        ],
        "Oll1111*Ope": [
            0.0
        ],
        "Oll1111*Opl1": [
            -0.1075250312918159
        ],
        "Oll1111*OpWB": [
            0.1840948663904806
        ],
        "OpD*OpD": [
            0.0640720572638593
        ],
        "OpD*Ope": [
            0.0207811167081113
        ],
        "OpD*Opl1": [
            0.0131957454817654
        ],
        "OpD*OpWB": [
            0.2451646984301302
        ],
        "Ope*Ope": [
            0.0125055767624004
        ],
        "Ope*Opl1": [
            -0.0071918852935779
        ],
        "Ope*OpWB": [
            0.0215777166240224
        ],
        "Opl1*Opl1": [
            0.003811914681249
        ],
        "Opl1*OpWB": [
            0.031885612881416
        ],
        "OpWB*OpWB": [
            0.24248202296557
        ]
    }
}