{
  "best_sm": [
    0.5992257302937701,
    0.570358125733026
  ],
  "scales": [
    250.0,
    500.0
  ],
  "theory_cov": [
    [
      0.0,
      0.0
    ],
    [
      0.0,
      0.0
    ]
  ],
  "LO": {
    "SM": [
      0.5992257302937701,
      0.570358125733026
    ],
    "O3pl1": [
      0.0249720615943839,
      0.0268304328354012
    ],
    "O3pl2": [
      -1.52655665885959e-16,
      -5.551115123125783e-17
    ],
    "Oll": [
      2.0816681711721683e-16,
      9.714451465470117e-17
    ],
    "OpD": [
      0.0258800368183921,
      0.0290054080402322
    ],
    "Ope": [
      -0.0032947289693841,
      -0.0042190607852362
    ],
    "Opl1": [
      0.024972061594384,
      0.0268304328354012
    ],
    "OpqMi": [
      -0.0095715582941383,
      -0.0113612813847917
    ],
    "Opui": [
      0.0288838482859307,
      0.0295035382061151
    ],
    "OpWB": [
      0.064506462900801,
      0.0713188833252958
    ],
    "O3pl1*O3pl1": [
      -0.00077710457633,
      -0.0004917957078942
    ],
    "O3pl1*O3pl2": [
      0.0015139091697745,
      0.0016265712842734
    ],
    "O3pl1*Oll": [
      -0.0015139091697745,
      -0.0016265712842734
    ],
    "O3pl1*OpD": [
      -0.0013945570496777,
      -0.0007761292793837
    ],
    "O3pl1*Ope": [
      0.0001442725663103,
      0.0001088724203916
    ],
    "O3pl1*Opl1": [
      -0.0030681183224346,
      -0.0026101627000618
    ],
    "O3pl1*OpqMi": [
      0.0015166451881698,
      0.0013856412879094
    ],
    "O3pl1*Opui": [
      -0.002352147333324,
      -0.0017546653144587
    ],
    "O3pl1*OpWB": [
      -0.0029074262118266,
      -0.0013868396379578
    ],
    "O3pl2*O3pl2": [
      -1.3010426069826053e-17,
      -5.637851296924623e-18
    ],
    "O3pl2*Oll": [
      3.382710778154774e-17,
      1.3010426069826053e-17
    ],
    "O3pl2*OpD": [
      0.0015689543654768,
      0.0017584272343391
    ],
    "O3pl2*Ope": [
      -0.0001997400326689,
      -0.0002557768322997
    ],
    "O3pl2*Opl1": [
      0.0015139091697745,
      0.0016265712842734
    ],
    "O3pl2*OpqMi": [
      -0.0005802672645091,
      -0.0006887676455472
    ],
    "O3pl2*Opui": [
      0.0017510577816403,
      0.0017886259355165
    ],
    "O3pl2*OpWB": [
      0.0039106473178492,
      0.0043236442868828
    ],
    "Oll*Oll": [
      -2.0816681711721685e-17,
      -9.107298248878237e-18
    ],
    "Oll*OpD": [
      -0.0015689543654768,
      -0.0017584272343391
    ],
    "Oll*Ope": [
      0.0001997400326689,
      0.0002557768322997
    ],
    "Oll*Opl1": [
      -0.0015139091697745,
      -0.0016265712842734
    ],
    "Oll*OpqMi": [
      0.0005802672645091,
      0.0006887676455472
    ],
    "Oll*Opui": [
      -0.0017510577816403,
      -0.0017886259355165
    ],
    "Oll*OpWB": [
      -0.0039106473178492,
      -0.0043236442868828
    ],
    "OpD*OpD": [
      -0.0005842556683918,
      -0.0002383730193927
    ],
    "OpD*Ope": [
      0.0004214571020002,
      0.0003760529804525
    ],
    "OpD*Opl1": [
      -0.0029635114151546,
      -0.0025345565137228
    ],
    "OpD*OpqMi": [
      0.0016310180548755,
      0.0015207092654901
    ],
    "OpD*Opui": [
      -0.0023022608651047,
      -0.0016949183077328
    ],
    "OpD*OpWB": [
      -0.0027200812181525,
      -0.0010054247163575
    ],
    "Ope*Ope": [
      -0.0006632721373851,
      -0.0005617739391897
    ],
    "Ope*Opl1": [
      0.0003440125989793,
      0.0003646492526913
    ],
    "Ope*OpqMi": [
      -0.0011036269217579,
      -0.0010112796463739
    ],
    "Ope*Opui": [
      2.10462555723e-05,
      -2.65186241408e-05
    ],
    "Ope*OpWB": [
      0.0019573240801641,
      0.0016141269842125
    ],
    "Opl1*Opl1": [
      -0.0022910137461045,
      -0.0021183669921676
    ],
    "Opl1*OpqMi": [
      0.0020969124526789,
      0.0020744089334566
    ],
    "Opl1*Opui": [
      -0.0041032051149643,
      -0.0035432912499752
    ],
    "Opl1*OpWB": [
      -0.0068180735296758,
      -0.0057104839248407
    ],
    "OpqMi*OpqMi": [
      -0.0007736769903181,
      -0.0007730387346606
    ],
    "OpqMi*Opui": [
      0.0019068896087302,
      0.0017294108693501
    ],
    "OpqMi*OpWB": [
      0.0046380998996951,
      0.0041884678890352
    ],
    "Opui*Opui": [
      -0.0015875254826693,
      -0.0012395312797715
    ],
    "Opui*OpWB": [
      -0.0046833790201873,
      -0.0031660694187398
    ],
    "OpWB*OpWB": [
      -0.0033938709204424,
      -0.0011686726611604
    ]
  },
  "NLO": {
    "SM": [
      0.5992257302937701,
      0.570358125733026
    ],
    "O3pl1": [
      0.0249720615943839,
      0.0268304328354012
    ],
    "O3pl2": [
      -1.52655665885959e-16,
      -5.551115123125783e-17
    ],
    "Oll": [
      2.0816681711721683e-16,
      9.714451465470117e-17
    ],
    "OpD": [
      0.0258800368183921,
      0.0290054080402322
    ],
    "Ope": [
      -0.0032947289693841,
      -0.0042190607852362
    ],
    "Opl1": [
      0.024972061594384,
      0.0268304328354012
    ],
    "OpqMi": [
      -0.0095715582941383,
      -0.0113612813847917
    ],
    "Opui": [
      0.0288838482859307,
      0.0295035382061151
    ],
    "OpWB": [
      0.064506462900801,
      0.0713188833252958
    ],
    "O3pl1*O3pl1": [
      -0.00077710457633,
      -0.0004917957078942
    ],
    "O3pl1*O3pl2": [
      0.0015139091697745,
      0.0016265712842734
    ],
    "O3pl1*Oll": [
      -0.0015139091697745,
      -0.0016265712842734
    ],
    "O3pl1*OpD": [
      -0.0013945570496777,
      -0.0007761292793837
    ],
    "O3pl1*Ope": [
      0.0001442725663103,
      0.0001088724203916
    ],
    "O3pl1*Opl1": [
      -0.0030681183224346,
      -0.0026101627000618
    ],
    "O3pl1*OpqMi": [
      0.0015166451881698,
      0.0013856412879094
    ],
    "O3pl1*Opui": [
      -0.002352147333324,
      -0.0017546653144587
    ],
    "O3pl1*OpWB": [
      -0.0029074262118266,
      -0.0013868396379578
    ],
    "O3pl2*O3pl2": [
      -1.3010426069826053e-17,
      -5.637851296924623e-18
    ],
    "O3pl2*Oll": [
      3.382710778154774e-17,
      1.3010426069826053e-17
    ],
    "O3pl2*OpD": [
      0.0015689543654768,
      0.0017584272343391
    ],
    "O3pl2*Ope": [
      -0.0001997400326689,
      -0.0002557768322997
    ],
    "O3pl2*Opl1": [
      0.0015139091697745,
      0.0016265712842734
    ],
    "O3pl2*OpqMi": [
      -0.0005802672645091,
      -0.0006887676455472
    ],
    "O3pl2*Opui": [
      0.0017510577816403,
      0.0017886259355165
    ],
    "O3pl2*OpWB": [
      0.0039106473178492,
      0.0043236442868828
    ],
    "Oll*Oll": [
      -2.0816681711721685e-17,
      -9.107298248878237e-18
    ],
    "Oll*OpD": [
      -0.0015689543654768,
      -0.0017584272343391
    ],
    "Oll*Ope": [
      0.0001997400326689,
      0.0002557768322997
    ],
    "Oll*Opl1": [
      -0.0015139091697745,
      -0.0016265712842734
    ],
    "Oll*OpqMi": [
      0.0005802672645091,
      0.0006887676455472
    ],
    "Oll*Opui": [
      -0.0017510577816403,
      -0.0017886259355165
    ],
    "Oll*OpWB": [
      -0.0039106473178492,
      -0.0043236442868828
    ],
    "OpD*OpD": [
      -0.0005842556683918,
      -0.0002383730193927
    ],
    "OpD*Ope": [
      0.0004214571020002,
      0.0003760529804525
    ],
    "OpD*Opl1": [
      -0.0029635114151546,
      -0.0025345565137228
    ],
    "OpD*OpqMi": [
      0.0016310180548755,
      0.0015207092654901
    ],
    "OpD*Opui": [
      -0.0023022608651047,
      -0.0016949183077328
    ],
    "OpD*OpWB": [
      -0.0027200812181525,
      -0.0010054247163575
    ],
    "Ope*Ope": [
      -0.0006632721373851,
      -0.0005617739391897
    ],
    "Ope*Opl1": [
      0.0003440125989793,
      0.0003646492526913
    ],
    "Ope*OpqMi": [
      -0.0011036269217579,
      -0.0010112796463739
    ],
    "Ope*Opui": [
      2.10462555723e-05,
      -2.65186241408e-05
    ],
    "Ope*OpWB": [
      0.0019573240801641,
      0.0016141269842125
    ],