{
    "best_sm": [
        0.518263821277992
    ],
    "scales": [
        1000.0
    ],
    "theory_cov": [
        [
            0.0
        ]
    ],
    "LO": {
        "SM": [
            0.518263821277992
        ],
        "O3pl1": [
            0.0145252854398607
        ],
        "O3pl2": [
            -2.6367796834847473e-16
        ],
        "Oll": [
            8.326672684688674e-17
        ],
        "Opd": [
            -0.0258769979223906
        ],
        "OpD": [
            0.0239410945689118
        ],
        "Ope": [
            0.0924280360546698
        ],
        "Opl1": [
            0.0145252854398609
        ],
        "OpQ3": [
            -0.0868899364020751
        ],
        "OpQM": [
            -0.0434449682010375
        ],
        "OpWB": [
            -0.0540043703919006
        ],
        "OQe": [
            13.673001863043265
        ],
        "OQl31": [
            3.294191285115449
        ],
        "OQlM1": [
            1.6470956425577246
        ],
        "O3pl1*O3pl1": [
            0.0003642685435012
        ],
        "O3pl1*O3pl2": [
            0.0008805825957894
        ],
        "O3pl1*Oll": [
            -0.0008805825957894
        ],
        "O3pl1*Opd": [
            0.0016694956330795
        ],
        "O3pl1*OpD": [
            0.0019390706915145
        ],
        "O3pl1*Ope": [
            0.0016546851974106
        ],
        "O3pl1*Opl1": [
            -0.000152045508787
        ],
        "O3pl1*OpQ3": [
            -0.0013477523640486
        ],
        "O3pl1*OpQM": [
            -0.0006738761820243
        ],
        "O3pl1*OpWB": [
            0.0017464657838458
        ],
        "O3pl1*OQe": [
            0.177178519114602
        ],
        "O3pl1*OQl31": [
            -0.0050383143642014
        ],
        "O3pl1*OQlM1": [
            -0.0025191571821007
        ],
        "O3pl2*O3pl2": [
            -2.7538735181131813e-17
        ],
        "O3pl2*Oll": [
            2.9923979960599916e-17
        ],
        "O3pl2*Opd": [
            -0.0015687701350918
        ],
        "O3pl2*OpD": [
            0.0014514077047793
        ],
        "O3pl2*Ope": [
            0.0056033680198387
        ],
        "O3pl2*Opl1": [
            0.0008805825957895
        ],
        "O3pl2*OpQ3": [
            -0.0052676256216591
        ],
        "O3pl2*OpQM": [
            -0.0026338128108295
        ],
        "O3pl2*OpWB": [
            -0.0032739672387556
        ],
        "O3pl2*OQe": [
            0.828913656991006
        ],
        "O3pl2*OQl31": [
            0.1997074360352101
        ],
        "O3pl2*OQlM1": [
            0.099853718017605
        ],
        "Oll*Oll": [
            -4.9873299934333204e-18
        ],
        "Oll*Opd": [
            0.0015687701350918
        ],
        "Oll*OpD": [
            -0.0014514077047794
        ],
        "Oll*Ope": [
            -0.0056033680198388
        ],
        "Oll*Opl1": [
            -0.0008805825957895
        ],
        "Oll*OpQ3": [
            0.0052676256216591
        ],
        "Oll*OpQM": [
            0.0026338128108295
        ],
        "Oll*OpWB": [
            0.0032739672387555
        ],
        "Oll*OQe": [
            -0.8289136569910068
        ],
        "Oll*OQl31": [
            -0.1997074360352066
        ],
        "Oll*OQlM1": [
            -0.0998537180176033
        ],
        "Opd*Opd": [
            -0.0023670814875143
        ],
        "Opd*OpD": [
            0.0015105039850701
        ],
        "Opd*Ope": [
            0.004485290639982
        ],
        "Opd*Opl1": [
            0.0032382657681714
        ],
        "Opd*OpQ3": [
            -0.0021319985763381
        ],
        "Opd*OpQM": [
            -0.001065999288169
        ],
        "Opd*OpWB": [
            -0.0018025440916844
        ],
        "Opd*OQe": [
            0.713738515160928
        ],
        "Opd*OQl31": [
            0.689150822892342
        ],
        "Opd*OQlM1": [
            0.344575411446171
        ],
        "OpD*OpD": [
            0.0020461801115456
        ],
        "OpD*Ope": [
            0.0034932720929458
        ],
        "OpD*Opl1": [
            0.0004876629867351
        ],
        "OpD*OpQ3": [
            -0.00249531183182
        ],
        "OpD*OpQM": [
            -0.00124765591591
        ],
        "OpD*OpWB": [
            0.0040014885318899
        ],
        "OpD*OQe": [
            0.4048936587506457
        ],
        "OpD*OQl31": [
            0.1142740932918613
        ],
        "OpD*OQlM1": [
            0.0571370466459306
        ],
        "Ope*Ope": [
            -0.0067902381007585
        ],
        "Ope*Opl1": [
            -0.0039486828224281
        ],
        "Ope*OpQ3": [
            0.010642721227482
        ],
        "Ope*OpQM": [
            0.005321360613741
        ],
        "Ope*OpWB": [
            0.0234906907330878
        ],
        "Ope*OQe": [
            -2.1994456938745555
        ],
        "Ope*OQl31": [
            -1.247357453934064
        ],
        "Ope*OQlM1": [
            -0.623678726967032
        ],
        "Opl1*Opl1": [
            -0.0005163140522882
        ],
        "Opl1*OpQ3": [
            0.0039198732576104
        ],
        "Opl1*OpQM": [
            0.0019599366288052
        ],
        "Opl1*OpWB": [
            0.0050204330226014
        ],
        "Opl1*OQe": [
            -0.6517351378764038
        ],
        "Opl1*OQl31": [
            -0.2047457503994113
        ],
        "Opl1*OQlM1": [
            -0.1023728751997056
        ],
        "OpQ3*OpQ3": [
            -0.0033915745558487
        ],
        "OpQ3*OpQM": [
            -0.0033915745558487
        ],
        "OpQ3*OpWB": [
            -0.0186868983318823
        ],
        "OpQ3*OQe": [
            1.7033197567162763
        ],
        "OpQ3*OQl31": [
            1.2798979913705857
        ],
        "OpQ3*OQlM1": [
            0.6399489956852927
        ],
        "OpQM*OpQM": [
            -0.0008478936389621
        ],
        "OpQM*OpWB": [
            -0.0093434491659411
        ],
        "OpQM*OQe": [
            0.8516598783581382
        ],
        "OpQM*OQl31": [
            0.6399489956852927
        ],
        "OpQM*OQlM1": [
            0.3199744978426463
        ],
        "OpWB*OpWB": [
            -0.0101501605098624
        ],
        "OpWB*OQe": [
            3.46915043550406
        ],
        "OpWB*OQl31": [
            1.55855879601863
        ],
        "OpWB*OQlM1": [
            0.779279398009315
        ],
        "OQe*OQe": [
            -176.07428102884964
        ],
        "OQe*OQl31": [
            -199.85453820920347
        ],
        "OQe*OQlM1": [
            -99.92726910460172
        ],
        "OQl31*OQl31": [
            -23.015301705269
        ],
        "OQl31*OQlM1": [
            -23.015301705269
        ],
        "OQlM1*OQlM1": [
            -5.753825426317249
        ]
    },
    "NLO": {
        "SM": [
            0.518263821277992
        ],
        "O3pl1": [
            0.0145252854398607
        ],
        "O3pl2": [
            -2.6367796834847473e-16
        ],
        "Oll": [
            8.326672684688674e-17
        ],
        "Opd": [
            -0.0258769979223906
        ],
        "OpD": [
            0.0239410945689118
        ],
        "Ope": [
            0.0924280360546698
        ],
        "Opl1": [
            0.0145252854398609
        ],
        "OpQ3": [
            -0.0868899364020751
        ],
        "OpQM": [
            -0.0434449682010375
        ],
        "OpWB": [
            -0.0540043703919006
        ],
        "OQe": [
            13.673001863043265
        ],
        "OQl31": [
            3.294191285115449
        ],
        "OQlM1": [
            1.6470956425577246
        ],
        "O3pl1*O3pl1": [
            0.0003642685435012
        ],
        "O3pl1*O3pl2": [
            0.0008805825957894
        ],