{
  "best_sm": [
    0.6489275125432524,
    0.6415279420897414
  ],
  "scales": [
    250.0,
    500.0
  ],
  "theory_cov": [
    [
      0.0,
      0.0
    ],
    [
      0.0,
      0.0
    ]
  ],
  "LO": {
    "SM": [
      0.6489275125432524,
      0.6415279420897414
    ],
    "O3pl1": [
      0.0144309223173201,
      0.0156908961059184
    ],
    "O3pl2": [
      8.326672684688674e-17,
      -1.3877787807814457e-17
    ],
    "Oll": [
      -1.1102230246251563e-16,
      -1.3877787807814457e-17
    ],
    "Opd": [
      -0.0224463516204386,
      -0.0247433582944315
    ],
    "OpD": [
      0.0176848135160387,
      0.0188618647905734
    ],
    "Ope": [
      0.010527177479023,
      0.0084155752137381
    ],
    "Opl1": [
      0.01443092231732,
      0.0156908961059184
    ],
    "OpQ3": [
      -6.63293560594e-05,
      0.0029833425090206
    ],
    "OpQM": [
      -3.31646780297e-05,
      0.0014916712545103
    ],
    "OpWB": [
      0.0268862505438296,
      0.0320865806059978
    ],
    "OQe": [
      0.0814992468179903,
      0.2919786239809999
    ],
    "OQl31": [
      0.1302926550345493,
      0.6260198203380005
    ],
    "OQlM1": [
      0.0651463275172746,
      0.3130099101690002
    ],
    "O3pl1*O3pl1": [
      -0.0010179513245402,
      -0.0009840926220237
    ],
    "O3pl1*O3pl2": [
      0.0008748619148612,
      0.0009512467125289
    ],
    "O3pl1*Oll": [
      -0.0008748619148612,
      -0.000951246712529
    ],
    "O3pl1*Opd": [
      0.0032809299659453,
      0.0031289919993982
    ],
    "O3pl1*OpD": [
      -0.0022944653242111,
      -0.0022036710840983
    ],
    "O3pl1*Ope": [
      -0.0006734666229891,
      -0.0004670390987295
    ],
    "O3pl1*Opl1": [
      -0.0029107645639417,
      -0.0029194319565764
    ],
    "O3pl1*OpQ3": [
      -0.0019396971515138,
      -0.0022201349606024
    ],
    "O3pl1*OpQM": [
      -0.0009698485757569,
      -0.0011100674803012
    ],
    "O3pl1*OpWB": [
      -0.0039792046306463,
      -0.0039719529925935
    ],
    "O3pl1*OQe": [
      -0.0054510624789129,
      -0.0173741666750656
    ],
    "O3pl1*OQl31": [
      -0.0315706258191984,
      -0.1443617712379354
    ],
    "O3pl1*OQlM1": [
      -0.0157853129095992,
      -0.0721808856189677
    ],
    "O3pl2*O3pl2": [
      3.469446951953614e-18,
      -4.3368086899420185e-18
    ],
    "O3pl2*Oll": [
      -1.0408340855860844e-17,
      8.673617379884035e-18
    ],
    "O3pl2*Opd": [
      -0.0013607902342275,
      -0.0015000442342886
    ],
    "O3pl2*OpD": [
      0.0010721261937662,
      0.0011434838872861
    ],
    "O3pl2*Ope": [
      0.0006382008332432,
      0.0005101868116435
    ],
    "O3pl2*Opl1": [
      0.0008748619148611,
      0.000951246712529
    ],
    "O3pl2*OpQ3": [
      -4.0211586049762604e-06,
      0.0001808625036388
    ],
    "O3pl2*OpQM": [
      -2.0105793024881302e-06,
      9.04312518194e-05
    ],
    "O3pl2*OpWB": [
      0.0016299551835285,
      0.0019452205987291
    ],
    "O3pl2*OQe": [
      0.0049408198286368,
      0.0177009460973937
    ],
    "O3pl2*OQl31": [
      0.0078988770897245,
      0.0379518984801581
    ],
    "O3pl2*OQlM1": [
      0.0039494385448622,
      0.018975949240079
    ],
    "Oll*Oll": [
      6.938893903907228e-18,
      -8.673617379884035e-19
    ],
    "Oll*Opd": [
      0.0013607902342275,
      0.0015000442342886
    ],
    "Oll*OpD": [
      -0.0010721261937662,
      -0.0011434838872862
    ],
    "Oll*Ope": [
      -0.0006382008332432,
      -0.0005101868116435
    ],
    "Oll*Opl1": [
      -0.0008748619148611,
      -0.000951246712529
    ],
    "Oll*OpQ3": [
      4.0211586049762604e-06,
      -0.0001808625036388
    ],
    "Oll*OpQM": [
      2.0105793024881302e-06,
      -9.04312518194e-05
    ],
    "Oll*OpWB": [
      -0.0016299551835285,
      -0.0019452205987292
    ],
    "Oll*OQe": [
      -0.0049408198286368,
      -0.0177009460973937
    ],
    "Oll*OQl31": [
      -0.0078988770897244,
      -0.0379518984801576
    ],
    "Oll*OQlM1": [
      -0.0039494385448622,
      -0.0189759492400788
    ],
    "Opd*Opd": [
      -0.0029015181889851,
      -0.0025883570953895
    ],
    "Opd*OpD": [
      0.0034237386227828,
      0.0033526658322317
    ],
    "Opd*Ope": [
      -0.0003163934338562,
      -0.0002945298730477
    ],
    "Opd*Opl1": [
      0.0046417202001728,
      0.0046290362336868
    ],
    "Opd*OpQ3": [
      0.0043495821444411,
      0.0045287605018025
    ],
    "Opd*OpQM": [
      0.0021747910722205,
      0.0022643802509012
    ],
    "Opd*OpWB": [
      0.0076468390642918,
      0.0072703677274107
    ],
    "Opd*OQe": [
      -0.0021758624700571,
      -0.0088186005383981
    ],
    "Opd*OQl31": [
      0.04763609144208,
      0.2232966047886211
    ],
    "Opd*OQlM1": [
      0.02381804572104,
      0.1116483023943105
    ],
    "OpD*OpD": [
      -0.0013568889608514,
      -0.0012745331439617
    ],
    "OpD*Ope": [
      -0.0013771558414706,
      -0.0010317326661932
    ],
    "OpD*Opl1": [
      -0.0033665915179774,
      -0.0033471549713845
    ],
    "OpD*OpQ3": [
      -0.0017465940476845,
      -0.0021077454125589
    ],
    "OpD*OpQM": [
      -0.0008732970238422,
      -0.0010538727062794
    ],
    "OpD*OpWB": [
      -0.0039133731866074,
      -0.0039477775389187
    ],
    "OpD*OQe": [
      -0.0109605418268291,
      -0.0372136611251061
    ],
    "OpD*OQl31": [
      -0.0381611343105968,
      -0.1703754653185511
    ],
    "OpD*OQlM1": [
      -0.0190805671552984,
      -0.0851877326592755
    ],
    "Ope*Ope": [
      -0.0014267785198573,
      -0.001340036332638
    ],
    "Ope*Opl1": [
      -0.0013116674562323,
      -0.0009772259103731
    ],
    "Ope*OpQ3": [
      0.0011694171335566,
      0.0014308570763628
    ],
    "Ope*OpQM": [
      0.0005847085667783,
      0.0007154285381814
    ],
    "Ope*OpWB": [
      0.0010260247833647,
      0.0014165588596861
    ],
    "Ope*OQe": [
      -0.0220257274000346,
      -0.0921856209189042
    ],
    "Ope*OQl31": [
      -0.021675080295755,
      -0.0732276599883528
    ],
    "Ope*OQlM1": [
      -0.0108375401478775,
      -0.0366138299941764
    ],
    "Opl1*Opl1": [
      -0.0018928132394014,
      -0.0019353393345527
    ],
    "Opl1*OpQ3": [
      -0.0019356759929088,
      -0.0024009974642413
    ],
    "Opl1*OpQM": [
      -0.0009678379964544,
      -0.0012004987321206
    ],
    "Opl1*OpWB": [
      -0.0056091598141748,
      -0.0059171735913227
    ],
    "Opl1*OQe": [
      -0.0103918823075498,
      -0.0350751127724594
    ],
    "Opl1*OQl31": [
      -0.0394695029089229,
      -0.1823136697180938
    ],
    "Opl1*OQlM1": [
      -0.0197347514544614,
      -0.0911568348590469
    ],
    "OpQ3*OpQ3": [
      -0.0011133225595249,
      -0.0015218446942358
    ],
    "OpQ3*OpQM": [
      -0.0011133225595249,
      -0.0015218446942358
    ],
    "OpQ3*OpWB": [
      -0.0057086922007681,
      -0.0066499999751207
    ],
    "OpQ3*OQe": [
      0.0087709811055911,
      0.0477714653291301
    ],
    "OpQ3*OQl31": [
      -0.0120712767752743,
      -0.082775848453187
    ],
    "OpQ3*OQlM1": [
      -0.0060356383876371,
      -0.0413879242265935
    ],
    "OpQM*OpQM": [
      -0.0002783306398812,
      -0.0003804611735589
    ],
    "OpQM*OpWB": [
      -0.002854346100384,
      -0.0033249999875603
    ],
    "OpQM*OQe": [
      0.0043854905527955,
      0.023885732664565
    ],
    "OpQM*OQl31": [
      -0.0060356383876371,
      -0.0413879242265935
    ],
    "OpQM*OQlM1": [
      -0.0030178191938185,
      -0.0206939621132967
    ],
    "OpWB*OpWB": [
      -0.004858575103289,
      -0.0049968898371316
    ],
    "OpWB*OQe": [
      0.0072366050767697,
      0.0452142397846191
    ],
    "OpWB*OQl31": [
      -0.0554753228276,
      -0.2759963529809555
    ],
    "OpWB*OQlM1": [
      -0.0277376614138,
      -0.1379981764904777
    ],
    "OQe*OQe": [
      -0.0848930122051515,
      -1.5831854048835252
    ],