{
    "best_sm": [
        0.19037540941273692,
        0.1294830346629772
    ],
    "scales": [
        350.0,
        350.0
    ],
    "theory_cov": [
        [
            0.0,
            0.0
        ],
        [
            0.0,
            0.0
        ]
    ],
    "LO": {
        "SM": [
            0.19037540941273692,
            0.1294830346629772
        ],
        "OpB": [
            -0.05675000326356101,
            0.10383674359982384
        ],
        "OpW": [
            0.2392434170855441,
            0.020285384886041185
        ],
        "OpD": [
            0.02965900613265975,
            -0.023191045009114012
        ],
        "O3pl1": [
            0.5675731689512077,
            0.01963879510329298
        ],
        "Opl1": [
            0.5906558509252375,
            0.03533838424339027
        ],
        "Ope": [
            -0.02841675708563945,
            -0.4749657970028309
        ],
        "Opd": [
            0.02308268197402979,
            0.01569958914009728
        ],
        "OpWB": [
            0.04283611759638499,
            0.07754550012932183
        ],
        "O3pl2": [
            -0.02308268197402979,
            -0.01569958914009728
        ],
        "Oll": [
            0.02308268197402979,
            0.01569958914009728
        ],
        "OpB*OpB": [
            0.009308123349669328,
            0.03335790526561623
        ],
        "OpB*OpW": [
            -0.05526798903373172,
            0.0003466978811128318
        ],
        "OpB*OpD": [
            -0.00605155569745346,
            -0.011696778247661776
        ],
        "O3pl1*OpB": [
            -0.09837592352942971,
            -0.012386586871596215
        ],
        "OpB*Opl1": [
            -0.10181634233509056,
            -0.006091576037142168
        ],
        "OpB*Ope": [
            -0.01290163494431085,
            -0.2156416126406243
        ],
        "OpB*Opd": [
            -0.003440418805660861,
            0.006295010834454046
        ],
        "OpB*OpWB": [
            -0.0038975615460597316,
            0.04985770109310732
        ],
        "O3pl2*OpB": [
            0.003440418805660861,
            -0.006295010834454046
        ],
        "Oll*OpB": [
            -0.003440418805660861,
            0.006295010834454046
        ],
        "OpW*OpW": [
            0.10489115375873541,
            0.00637726477962436
        ],
        "OpD*OpW": [
            0.020267081999964704,
            0.0005813380054901183
        ],
        "O3pl1*OpW": [
            0.3704130671793945,
            0.021799437966194053
        ],
        "Opl1*OpW": [
            0.3849169879536191,
            0.02302922150149857
        ],
        "Ope*OpW": [
            -0.0007184828700265131,
            -0.012008927970443147
        ],
        "Opd*OpW": [
            0.01450392077422451,
            0.0012297835353045129
        ],
        "OpW*OpWB": [
            0.026272692668091947,
            0.004361396442438514
        ],
        "O3pl2*OpW": [
            -0.01450392077422451,
            -0.0012297835353045129
        ],
        "Oll*OpW": [
            0.01450392077422451,
            0.0012297835353045129
        ],
        "OpD*OpD": [
            0.0014034272664154323,
            0.0014034272664154323
        ],
        "O3pl1*OpD": [
            0.0484071289301902,
            0.004409665329169449
        ],
        "OpD*Opl1": [
            0.05020517997138781,
            0.0030037287162368764
        ],
        "OpD*Ope": [
            0.0030037287162368764,
            0.05020517997138781
        ],
        "Opd*OpD": [
            0.0017980510411976073,
            -0.0014059366129325712
        ],
        "OpD*OpWB": [
            0.002782440355486826,
            -0.007759400371598551
        ],
        "O3pl2*OpD": [
            -0.0017980510411976073,
            0.0014059366129325712
        ],
        "Oll*OpD": [
            0.0017980510411976073,
            -0.0014059366129325712
        ],
        "O3pl1*O3pl1": [
            0.44075583451939976,
            0.026804032641534855
        ],
        "O3pl1*Opl1": [
            0.9159202909199207,
            0.05479864988409781
        ],
        "O3pl1*Ope": [
            0.001722740790327064,
            0.02879438178118093
        ],
        "O3pl1*Opd": [
            0.034408621881121204,
            0.0011905846010280908
        ],
        "O3pl1*OpWB": [
            0.0591707392247668,
            -0.0010056275397931555
        ],
        "O3pl1*O3pl2": [
            -0.034408621881121204,
            -0.0011905846010280908
        ],
        "O3pl1*Oll": [
            0.034408621881121204,
            0.0011905846010280908
        ],
        "Opl1*Opl1": [
            0.475864140000359,
            0.028470504102585573
        ],
        "Ope*Opl1": [
            0.0,
            0.0
        ],
        "Opd*Opl1": [
            0.03580798908079734,
            0.0021423583210733446
        ],
        "Opl1*OpWB": [
            0.061767641005647064,
            0.003695499889226746
        ],
        "O3pl2*Opl1": [
            -0.03580798908079734,
            -0.0021423583210733446
        ],
        "Oll*Opl1": [
            0.03580798908079734,
            0.0021423583210733446
        ],
        "Ope*Ope": [
            0.028470504102585573,
            0.475864140000359
        ],
        "Opd*Ope": [
            -0.001722740790327064,
            -0.02879438178118093
        ],
        "Ope*OpWB": [
            -0.009021546374749534,
            -0.15078870369224226
        ],
        "O3pl2*Ope": [
            0.001722740790327064,
            0.02879438178118093
        ],
        "Oll*Ope": [
            -0.001722740790327064,
            -0.02879438178118093
        ],
        "Opd*Opd": [
            0.0006996835998380693,
            0.0004758868600226268
        ],
        "Opd*OpWB": [
            0.0025969017808802762,
            0.004701127429019902
        ],
        "O3pl2*Opd": [
            -0.0013993671996761386,
            -0.0009517737200452536
        ],
        "Oll*Opd": [
            0.0013993671996761386,
            0.0009517737200452536
        ],
        "OpWB*OpWB": [
            0.003187744482764178,
            0.019704642839769818
        ],
        "O3pl2*OpWB": [
            -0.0025969017808802762,
            -0.004701127429019902
        ],
        "Oll*OpWB": [
            0.0025969017808802762,
            0.004701127429019902
        ],
        "O3pl2*O3pl2": [
            0.0006996835998380693,
            0.0004758868600226268
        ],
        "O3pl2*Oll": [
            -0.0013993671996761386,
            -0.0009517737200452536
        ],
        "Oll*Oll": [
            0.0006996835998380693,
            0.0004758868600226268
        ]
    }
}