{
    "best_sm": [
        0.5313039734393542,
        0.5358065697069985,
        0.4945085985002367,
        0.5008038952502669
    ],
    "scales": [
        250.0,
        250.0,
        250.0,
        250.0
    ],
    "theory_cov": [
        [
            0.0,
            0.0,
            0.0,
            0.0
        ],
        [
            0.0,
            0.0,
            0.0,
            0.0
        ],
        [
            0.0,
            0.0,
            0.0,
            0.0
        ],
        [
            0.0,
            0.0,
            0.0,
            0.0
        ]
    ],
    "LO": {
        "SM": [
            0.5313039734393542,
            0.5358065697069985,
            0.4945085985002367,
            0.5008038952502669
        ],
        "O3pl1": [
            0.0327495024892504,
            0.0362439788198311,
            0.0027550531421975,
            0.008068416132516
        ],
        "O3pl2": [
            0.0154640860517135,
            0.0133826097924647,
            0.0295666581554506,
            0.027521215677667
        ],
        "Oee1122": [
            0.0468592296859241,
            0.0147728032072736,
            0.3629074952426052,
            0.3020324031444602
        ],
        "Ole1122": [
            -0.3184176749987604,
            -0.3555021122760354,
            -0.0249445080024474,
            -0.0739438798522781
        ],
        "Ole1221": [
            0.0,
            0.0,
            0.0,
            0.0
        ],
        "Ole2211": [
            -0.0657052345235537,
            -0.02126935714472,
            -0.4169296337551925,
            -0.3583434177456556
        ],
        "Oll": [
            0.2579326888808918,
            0.2804560271471881,
            0.0246616516857585,
            0.0707897509547098
        ],
        "Oll1122": [
            0.257932688880892,
            0.2804560271471883,
            0.0246616516857585,
            0.0707897509547099
        ],
        "OpD": [
            0.0361460909907823,
            0.0391411824744759,
            0.0050538382865875,
            0.0112093944242105
        ],
        "Ope": [
            -0.0071914625539333,
            -0.0023143981277557,
            -0.0478753904577822,
            -0.0408101323277812
        ],
        "Opl1": [
            0.0327495024892505,
            0.0362439788198312,
            0.0027550531421974,
            0.008068416132516
        ],
        "Opl2": [
            0.0154640860517134,
            0.0133826097924646,
            0.0295666581554505,
            0.027521215677667
        ],
        "Opmu": [
            -0.0286871837594112,
            -0.0307442376264819,
            -0.0145331340812036,
            -0.0166191064881864
        ],
        "OpWB": [
            0.0900336464611681,
            0.0926722708142135,
            0.0603572896367157,
            0.0664597766946701
        ],
        "O3pl1*O3pl1": [
            0.0001161656536007,
            -3.78723931018e-05,
            0.0001128160401144,
            0.0002788836909106
        ],
        "O3pl1*O3pl2": [
            0.001054763561823,
            0.000705276773481,
            0.0019598579647532,
            0.0020758439172208
        ],
        "O3pl1*Oee1122": [
            -0.0066451552018498,
            -0.0024795735108752,
            0.0166518950739216,
            0.0049705003473128
        ],
        "O3pl1*Ole1122": [
            0.0088227623189943,
            0.0104161217862534,
            0.0004143330179574,
            0.0013502818089852
        ],
        "O3pl1*Ole1221": [
            0.0,
            0.0,
            0.0,
            0.0
        ],
        "O3pl1*Ole2211": [
            -0.0032011806934296,
            -0.0010023976995181,
            -0.0249400145152442,
            -0.0208439665896749
        ],
        "O3pl1*Oll": [
            -0.0290158668590235,
            -0.0388900852725172,
            0.0018774072538247,
            0.003296080165145
        ],
        "O3pl1*Oll1122": [
            -0.0270304572068552,
            -0.0366928260803968,
            0.0020444299163079,
            0.0037852207642264
        ],
        "O3pl1*OpD": [
            0.0009174911419527,
            9.27382471385e-05,
            0.0007555763576003,
            0.0017107262172336
        ],
        "O3pl1*Ope": [
            -4.50296400719e-05,
            -4.630999730438531e-07,
            -0.002690888774668,
            -0.001942977868077
        ],
        "O3pl1*Opl1": [
            -0.0017530783449668,
            -0.0022730039783241,
            5.86094177456e-05,
            6.86267827398e-05
        ],
        "O3pl1*Opl2": [
            -0.0009306460903452,
            -0.0014919824186393,
            0.00179283530227,
            0.0015867033181394
        ],
        "O3pl1*Opmu": [
            0.000977727001032,
            0.0009707962135135,
            -0.0005342478712933,
            -5.51350098243e-05
        ],
        "O3pl1*OpWB": [
            0.0024035100457472,
            0.0011755826955374,
            0.0040811655802625,
            0.0049179834106857
        ],
        "O3pl2*O3pl2": [
            0.000171393207988,
            0.0001711246040899,
            0.0012789726289714,
            0.0009744073544321
        ],
        "O3pl2*Oee1122": [
            -0.0032168628727866,
            -0.0010098854273266,
            -0.0166695641133033,
            -0.01585813776591
        ],
        "O3pl2*Ole1122": [
            -0.0067880494698802,
            -0.003916172122514,
            -0.0025842294003987,
            -0.0066379236304602
        ],
        "O3pl2*Ole1221": [
            0.0,
            0.0,
            0.0,
            0.0
        ],
        "O3pl2*Ole2211": [
            0.0036210420749928,
            0.0013912835768358,
            -0.0113282535912749,
            -0.0047807591605502
        ],
        "O3pl2*Oll": [
            -0.0090972069589918,
            -0.0096026679833278,
            -0.0020124074216728,
            -0.0027650031887618
        ],
        "O3pl2*Oll1122": [
            -0.0081597104055981,
            -0.008791359089036,
            -0.0002199548949983,
            -0.001096553805026
        ],
        "O3pl2*OpD": [
            0.0010743293520813,
            0.000696601729542,
            0.0041501875424304,
            0.0037372962650834
        ],
        "O3pl2*Ope": [
            0.0004180218350469,
            0.0001528804395048,
            -0.0003934859795215,
            0.000135693325875
        ],
        "O3pl2*Opl1": [
            0.0001172670084293,
            -0.0001060321208107,
            0.0001674054380786,
            0.0004073945334849
        ],
        "O3pl2*Opl2": [
            -0.0005947101374177,
            -0.0004690596861119,
            0.0007654927312684,
            0.0002803653251285
        ],
        "O3pl2*Opmu": [
            -0.0004673755337179,
            -0.0002985717636756,
            0.0003502807534006,
            -2.22770914215e-05
        ],
        "O3pl2*OpWB": [
            0.0026097729793763,
            0.0019561411366758,
            0.0084365074337448,
            0.0075156133951733
        ],
        "Oee1122*Oee1122": [
            0.0121266242768595,
            0.0061796180472031,
            -0.3791772206843126,
            -0.2482090538892905
        ],
        "Oee1122*Ole1122": [
            0.0631531717260708,
            0.0228541526740162,
            0.0310010312675461,
            0.0791737102187248
        ],
        "Oee1122*Ole1221": [
            0.0,
            0.0,
            0.0,
            0.0
        ],
        "Oee1122*Ole2211": [
            0.0130316068641098,
            0.0013673424676761,
            0.5181600940432718,
            0.3836879802907438
        ],
        "Oee1122*Oll": [
            -0.124315194389379,
            -0.0434995824489414,
            -0.0979142904013386,
            -0.2046377681438588
        ],