{
    "best_sm": [
        0.0053581629030785
    ],
    "scales": [
        1000.0
    ],
    "theory_cov": [
        [
            0.0
        ]
    ],
    "LO": {
        "SM": [
            0.0053581629030785
        ],
        "O3pl1": [
            -0.0003308323834048
        ],
        "O3pl2": [
            -0.0006496677834512
        ],
        "Oll": [
            0.0006496677834512
        ],
        "Opd": [
            -0.0003927078216542
        ],
        "OpD": [
            -0.0007808321201936
        ],
        "Ope": [
            -0.0005722189811863
        ],
        "Opl1": [
            0.0003188354000464
        ],
        "OpQ3": [
            0.0008771791084521
        ],
        "OpQM": [
            0.000438589554226
        ],
        "OpWB": [
            -0.0010119592834214
        ],
        "OQe": [
            -0.0597120093803183
        ],
        "OQl31": [
            0.0927050231001499
        ],
        "OQlM1": [
            0.0463525115500749
        ],
        "O3pl1*O3pl1": [
            1.29190663116e-05
        ],
        "O3pl1*O3pl2": [
            2.00564209327e-05
        ],
        "O3pl1*Oll": [
            -2.00564209327e-05
        ],
        "O3pl1*Opd": [
            2.10392955285e-05
        ],
        "O3pl1*OpD": [
            5.38513197839e-05
        ],
        "O3pl1*Ope": [
            3.4690270143e-05
        ],
        "O3pl1*Opl1": [
            5.781711690501551e-06
        ],
        "O3pl1*OpQ3": [
            -2.14498205567e-05
        ],
        "O3pl1*OpQM": [
            -1.07249102783e-05
        ],
        "O3pl1*OpWB": [
            6.56754936698e-05
        ],
        "O3pl1*OQe": [
            0.0036199878093708
        ],
        "O3pl1*OQl31": [
            0.0012066626031236
        ],
        "O3pl1*OQlM1": [
            0.0006033313015618
        ],
        "O3pl2*O3pl2": [
            1.96927676747e-05
        ],
        "O3pl2*Oll": [
            -3.93855353494e-05
        ],
        "O3pl2*Opd": [
            2.38075647057e-05
        ],
        "O3pl2*OpD": [
            4.73372573725e-05
        ],
        "O3pl2*Ope": [
            3.4690270143e-05
        ],
        "O3pl2*Opl1": [
            -1.93291144167e-05
        ],
        "O3pl2*OpQ3": [
            -5.3178208407e-05
        ],
        "O3pl2*OpQM": [
            -2.65891042035e-05
        ],
        "O3pl2*OpWB": [
            6.13491374278e-05
        ],
        "O3pl2*OQe": [
            0.0036199878093708
        ],
        "O3pl2*OQl31": [
            -0.0056201601147356
        ],
        "O3pl2*OQlM1": [
            -0.0028100800573678
        ],
        "Oll*Oll": [
            1.96927676747e-05
        ],
        "Oll*Opd": [
            -2.38075647057e-05
        ],
        "Oll*OpD": [
            -4.73372573725e-05
        ],
        "Oll*Ope": [
            -3.4690270143e-05
        ],
        "Oll*Opl1": [
            1.93291144167e-05
        ],
        "Oll*OpQ3": [
            5.3178208407e-05
        ],
        "Oll*OpQM": [
            2.65891042035e-05
        ],
        "Oll*OpWB": [
            -6.13491374278e-05
        ],
        "Oll*OQe": [
            -0.0036199878093708
        ],
        "Oll*OQl31": [
            0.0056201601147356
        ],
        "Oll*OQlM1": [
            0.0028100800573678
        ],
        "Opd*Opd": [
            2.51983344546e-05
        ],
        "Opd*OpD": [
            5.3482490851e-05
        ],
        "Opd*Ope": [
            1.33563377795e-05
        ],
        "Opd*Opl1": [
            -2.768269177198669e-06
        ],
        "Opd*OpQ3": [
            0.0
        ],
        "Opd*OpQM": [
            0.0
        ],
        "Opd*OpWB": [
            8.37466465662e-05
        ],
        "Opd*OQe": [
            0.0
        ],
        "Opd*OQl31": [
            0.0
        ],
        "Opd*OQlM1": [
            0.0
        ],
        "OpD*OpD": [
            5.81189319998e-05
        ],
        "OpD*Ope": [
            7.76941394662e-05
        ],
        "OpD*Opl1": [
            6.5140624114534965e-06
        ],
        "OpD*OpQ3": [
            -5.41982722516e-05
        ],
        "OpD*OpQM": [
            -2.70991361258e-05
        ],
        "OpD*OpWB": [
            0.0001383539940112
        ],
        "OpD*OQe": [
            0.0080986219885146
        ],
        "OpD*OQl31": [
            0.0013631924584382
        ],
        "OpD*OQlM1": [
            0.0006815962292191
        ],
        "Ope*Ope": [
            7.53324783216e-05
        ],
        "Ope*Opl1": [
            0.0
        ],
        "Ope*OpQ3": [
            -0.0001530830414971
        ],
        "Ope*OpQM": [
            -7.65415207485e-05
        ],
        "Ope*OpWB": [
            -1.33723542012e-05
        ],
        "Ope*OQe": [
            0.0204804681535776
        ],
        "Ope*OQl31": [
            0.0
        ],
        "Ope*OQlM1": [
            0.0
        ],
        "Opl1*Opl1": [
            1.25554130536e-05
        ],
        "Opl1*OpQ3": [
            3.17283878503e-05
        ],
        "Opl1*OpQM": [
            1.58641939251e-05
        ],
        "Opl1*OpWB": [
            4.326356241969959e-06
        ],
        "Opl1*OQe": [
            0.0
        ],
        "Opl1*OQl31": [
            0.0068268227178592
        ],
        "Opl1*OQlM1": [
            0.0034134113589296
        ],
        "OpQ3*OpQ3": [
            0.0001007933378185
        ],
        "OpQ3*OpQM": [
            0.0001007933378185
        ],
        "OpQ3*OpWB": [
            4.88608759121e-05
        ],
        "OpQ3*OQe": [
            -0.0214427971537251
        ],
        "OpQ3*OQl31": [
            0.0088885794015572
        ],
        "OpQ3*OQlM1": [
            0.0044442897007786
        ],
        "OpQM*OpQM": [
            2.51983344546e-05
        ],
        "OpQM*OpWB": [
            2.4430437956e-05
        ],
        "OpQM*OQe": [
            -0.0107213985768625
        ],
        "OpQM*OQl31": [
            0.0044442897007786
        ],
        "OpQM*OQlM1": [
            0.0022221448503893
        ],
        "OpWB*OpWB": [
            0.0001414129559174
        ],
        "OpWB*OQe": [
            -0.0065011797146553
        ],
        "OpWB*OQl31": [
            5.75010729773e-05
        ],
        "OpWB*OQlM1": [
            2.87505364886e-05
        ],
        "OQe*OQe": [
            1.434380059134736
        ],
        "OQe*OQl31": [
            0.0
        ],
        "OQe*OQlM1": [
            0.0
        ],
        "OQl31*OQl31": [
            0.9562533727564904
        ],
        "OQl31*OQlM1": [
            0.9562533727564904
        ],
        "OQlM1*OQlM1": [
            0.2390633431891226
        ]
    },
    "NLO": {
        "SM": [
            0.0053581629030785
        ],
        "O3pl1": [
            -0.0003308323834048
        ],
        "O3pl2": [
            -0.0006496677834512
        ],
        "Oll": [
            0.0006496677834512
        ],
        "Opd": [
            -0.0003927078216542
        ],
        "OpD": [
            -0.0007808321201936
        ],
        "Ope": [
            -0.0005722189811863
        ],
        "Opl1": [
            0.0003188354000464
        ],
        "OpQ3": [
            0.0008771791084521
        ],
        "OpQM": [
            0.000438589554226
        ],
        "OpWB": [
            -0.0010119592834214
        ],
        "OQe": [
            -0.0597120093803183
        ],
        "OQl31": [
            0.0927050231001499
        ],
        "OQlM1": [
            0.0463525115500749
        ],
        "O3pl1*O3pl1": [
            1.29190663116e-05
        ],
        "O3pl1*O3pl2": [
            2.00564209327e-05
        ],
        "O3pl1*Oll": [
            -2.00564209327e-05
        ],
        "O3pl1*Opd": [
            2.10392955285e-05
        ],
        "O3pl1*OpD": [
            5.38513197839e-05
        ],
        "O3pl1*Ope": [
            3.4690270143e-05
        ],