{
    "best_sm": [
        0.0877123045125864
    ],
    "scales": [
        1000.0
    ],
    "theory_cov": [
        [
            0.0
        ]
    ],
    "LO": {
        "SM": [
            0.0877123045125864
        ],
        "O3pl1": [
            -0.0103725081452658
        ],
        "O3pl2": [
            -0.01063496192349
        ],
        "O3pl3": [
            -0.0015497676309442
        ],
        "Oee1133": [
            2.1084908337970143
        ],
        "Ole1133": [
            0.0387921666512135
        ],
        "Ole3311": [
            0.5236942497913829
        ],
        "Oll": [
            0.01063496192349
        ],
        "Oll1133": [
            0.1753295863351514
        ],
        "Oll1331": [
            0.1753295863351514
        ],
        "OpD": [
            -0.0226198691989929
        ],
        "Ope": [
            -0.0015060995873337
        ],
        "Opl1": [
            0.0002624537782242
        ],
        "Opl3": [
            -0.0015497676309442
        ],
        "Opta": [
            -0.0037597338179496
        ],
        "OpWB": [
            -0.0421231944282638
        ],
        "O3pl1*O3pl1": [
            0.0003177937728739
        ],
        "O3pl1*O3pl2": [
            0.0006288241415442
        ],
        "O3pl1*O3pl3": [
            0.0001077235007366
        ],
        "O3pl1*Oee1133": [
            -0.1278253938148515
        ],
        "O3pl1*Ole1133": [
            -0.0047342738449945
        ],
        "O3pl1*Ole3311": [
            -0.031748501176838
        ],
        "O3pl1*Oll": [
            -0.0006288241415442
        ],
        "O3pl1*Oll1133": [
            -0.0047034816558278
        ],
        "O3pl1*Oll1331": [
            -0.0047034816558278
        ],
        "O3pl1*OpD": [
            0.0013789141173041
        ],
        "O3pl1*Ope": [
            9.13059567485e-05
        ],
        "O3pl1*Opl1": [
            6.763404203593906e-06
        ],
        "O3pl1*Opl3": [
            0.0001077235007366
        ],
        "O3pl1*Opta": [
            0.0002168574640434
        ],
        "O3pl1*OpWB": [
            0.0025623136164392
        ],
        "O3pl2*O3pl2": [
            0.0003223675849773
        ],
        "O3pl2*O3pl3": [
            9.39532933089e-05
        ],
        "O3pl2*Oee1133": [
            -0.1278253938148515
        ],
        "O3pl2*Ole1133": [
            -0.0023517408279139
        ],
        "O3pl2*Ole3311": [
            -0.031748501176838
        ],
        "O3pl2*Oll": [
            -0.0006447351699547
        ],
        "O3pl2*Oll1133": [
            -0.010629201256866
        ],
        "O3pl2*Oll1331": [
            -0.010629201256866
        ],
        "O3pl2*OpD": [
            0.0013713095841136
        ],
        "O3pl2*Ope": [
            9.13059567485e-05
        ],
        "O3pl2*Opl1": [
            -1.59110284104e-05
        ],
        "O3pl2*Opl3": [
            9.39532933089e-05
        ],
        "O3pl2*Opta": [
            0.0002279305407522
        ],
        "O3pl2*OpWB": [
            0.0025536814437253
        ],
        "O3pl3*O3pl3": [
            6.69886237216e-05
        ],
        "O3pl3*Oee1133": [
            0.0
        ],
        "O3pl3*Ole1133": [
            0.0
        ],
        "O3pl3*Ole3311": [
            -0.0321641957305877
        ],
        "O3pl3*Oll": [
            -9.39532933089e-05
        ],
        "O3pl3*Oll1133": [
            0.0059257196010381
        ],
        "O3pl3*Oll1331": [
            0.0059257196010381
        ],
        "O3pl3*OpD": [
            0.0002548126854685
        ],
        "O3pl3*Ope": [
            -0.0001494865355687
        ],
        "O3pl3*Opl1": [
            1.37702074277e-05
        ],
        "O3pl3*Opl3": [
            0.0001339772474432
        ],
        "O3pl3*Opta": [
            0.0
        ],
        "O3pl3*OpWB": [
            0.0006267975112243
        ],
        "Oee1133*Oee1133": [
            17.212560709616827
        ],
        "Oee1133*Ole1133": [
            0.0
        ],
        "Oee1133*Ole3311": [
            0.0
        ],
        "Oee1133*Oll": [
            0.1278253938148515
        ],
        "Oee1133*Oll1133": [
            0.0
        ],
        "Oee1133*Oll1331": [
            0.0
        ],
        "Oee1133*OpD": [
            -0.2872016224323093
        ],
        "Oee1133*Ope": [
            -0.0643283914611754
        ],
        "Oee1133*Opl1": [
            0.0
        ],
        "Oee1133*Opl3": [
            0.0
        ],
        "Oee1133*Opta": [
            -0.0643283914611754
        ],
        "Oee1133*OpWB": [
            -0.4774001132775195
        ],
        "Ole1133*Ole1133": [
            0.3187511242521634
        ],
        "Ole1133*Ole3311": [
            0.0
        ],
        "Ole1133*Oll": [
            0.0023517408279139
        ],
        "Ole1133*Oll1133": [
            0.0
        ],
        "Ole1133*Oll1331": [
            0.0
        ],
        "Ole1133*OpD": [
            -0.0052917043095229
        ],
        "Ole1133*Ope": [
            0.0
        ],
        "Ole1133*Opl1": [
            -0.0023825330170805
        ],
        "Ole1133*Opl3": [
            0.0
        ],
        "Ole1133*Opta": [
            0.002962859800519
        ],
        "Ole1133*OpWB": [
            -0.0132323637212201
        ],
        "Ole3311*Ole3311": [
            4.303140177404206
        ],
        "Ole3311*Oll": [
            0.031748501176838
        ],
        "Ole3311*Oll1133": [
            0.0
        ],
        "Ole3311*Oll1331": [
            0.0
        ],
        "Ole3311*OpD": [
            -0.0714380081785592
        ],
        "Ole3311*Ope": [
            0.0399986073070077
        ],
        "Ole3311*Opl1": [
            0.0
        ],
        "Ole3311*Opl3": [
            -0.0321641957305877
        ],
        "Ole3311*Opta": [
            0.0
        ],
        "Ole3311*OpWB": [
            -0.1786369102364725
        ],
        "Oll*Oll": [
            0.0003223675849773
        ],
        "Oll*Oll1133": [
            0.010629201256866
        ],
        "Oll*Oll1331": [
            0.010629201256866
        ],
        "Oll*OpD": [
            -0.0013713095841136
        ],
        "Oll*Ope": [
            -9.13059567485e-05
        ],
        "Oll*Opl1": [
            1.59110284104e-05
        ],
        "Oll*Opl3": [
            -9.39532933089e-05
        ],
        "Oll*Opta": [
            -0.0002279305407522
        ],
        "Oll*OpWB": [
            -0.0025536814437253
        ],
        "Oll1133*Oll1133": [
            1.2750044970086538
        ],
        "Oll1133*Oll1331": [
            2.550008994017308
        ],
        "Oll1133*OpD": [
            -0.0052380158014461
        ],
        "Oll1133*Ope": [
            0.0
        ],
        "Oll1133*Opl1": [
            0.0059257196010381
        ],
        "Oll1133*Opl3": [
            0.0059257196010381
        ],
        "Oll1133*Opta": [
            0.0
        ],
        "Oll1133*OpWB": [
            -0.0175664835309904
        ],
        "Oll1331*Oll1331": [
            1.2750044970086538
        ],
        "Oll1331*OpD": [
            -0.0052380158014461
        ],
        "Oll1331*Ope": [
            0.0
        ],
        "Oll1331*Opl1": [
            0.0059257196010381
        ],
        "Oll1331*Opl3": [
            0.0059257196010381
        ],
        "Oll1331*Opta": [
            0.0
        ],
        "Oll1331*OpWB": [
            -0.0175664835309904
        ],
        "OpD*OpD": [
            0.001521865949193
        ],
        "OpD*Ope": [
            0.0002046626057347
        ],
        "OpD*Opl1": [
            7.604533190503194e-06
        ],
        "OpD*Opl3": [
            0.0002548126854685
        ],
        "OpD*Opta": [
            0.0005120846189845
        ],
        "OpD*OpWB": [
            0.0056115794705885
        ],
        "Ope*Ope": [
            0.0001530524201447
        ],