{
    "best_sm": [
        0.0869014203741618,
        0.1215764835128686,
        0.1032626152242323,
        0.0759130994009801
    ],
    "scales": [
        1000.0,
        1000.0,
        1000.0,
        1000.0
    ],
    "theory_cov": [
        [
            0.0,
            0.0,
            0.0,
            0.0
        ],
        [
            0.0,
            0.0,
            0.0,
            0.0
        ],
        [
            0.0,
            0.0,
            0.0,
            0.0
        ],
        [
            0.0,
            0.0,
            0.0,
            0.0
        ]
    ],
    "LO": {
        "SM": [
            0.0869014203741618,
            0.1215764835128686,
            0.1032626152242323,
            0.0759130994009801
        ],
        "O3pl1": [
            -0.0077557912646627,
            -0.0105696552000495,
            -0.0122114260190381,
            -0.0087408537560559
        ],
        "O3pl2": [
            -0.0064756877048533,
            -0.0084361492670338,
            -0.0143449319520539,
            -0.0100209573158653
        ],
        "Oee1122": [
            0.2758111417448572,
            0.1838740944965715,
            2.4823002757037163,
            1.6548668504691444
        ],
        "Ole1122": [
            0.4110258578646018,
            0.6165387867969028,
            0.0456695397627335,
            0.0685043096441002
        ],
        "Ole1221": [
            0.0,
            0.0,
            0.0,
            0.0
        ],
        "Ole2211": [
            0.0685043096441002,
            0.0456695397627335,
            0.6165387867969027,
            0.4110258578646018
        ],
        "Oll": [
            1.8682568963128392,
            2.801321312772314,
            0.2189337710243911,
            0.3188243712640852
        ],
        "Oll1122": [
            1.857720252658199,
            2.7865803789872983,
            0.2064133614064665,
            0.3096200421096997
        ],
        "OpD": [
            -0.0100974370369961,
            -0.0127547659478523,
            -0.0266300932634017,
            -0.0184226334263257
        ],
        "Ope": [
            -0.0001970124982786,
            -0.000131341665519,
            -0.0017731124845077,
            -0.0011820749896718
        ],
        "Opl1": [
            0.0027808523899775,
            0.0041712785849662,
            0.0003089835988863,
            0.0004634753983295
        ],
        "Opl2": [
            0.0040609559497869,
            0.0063047845179819,
            -0.0018245223341293,
            -0.0008166281614798
        ],
        "Opmu": [
            0.0013948929866275,
            0.0025218341426579,
            -0.0044262882926848,
            -0.002773980474578
        ],
        "OpWB": [
            -0.0265757431656909,
            -0.0354912781205989,
            -0.0495911177164107,
            -0.035035646923178
        ],
        "O3pl1*O3pl1": [
            0.0002709251222513,
            0.0003741346926328,
            0.0003741346926328,
            0.0002709251222513
        ],
        "O3pl1*O3pl2": [
            0.0003698995859749,
            0.0004774092062638,
            0.0008671284627831,
            0.0006037311398866
        ],
        "O3pl1*Oee1122": [
            -0.0167208067718137,
            -0.0111472045145424,
            -0.1504872609463233,
            -0.1003248406308822
        ],
        "O3pl1*Ole1122": [
            -0.0501624203154411,
            -0.0752436304731617,
            -0.0055736022572712,
            -0.0083604033859068
        ],
        "O3pl1*Ole1221": [
            0.0,
            0.0,
            0.0,
            0.0
        ],
        "O3pl1*Ole2211": [
            -0.004153013244313,
            -0.0027686754962086,
            -0.0373771191988174,
            -0.0249180794658782
        ],
        "O3pl1*Oll": [
            -0.0503063469244479,
            -0.0753950144051835,
            -0.0062776579052596,
            -0.0088359330244936
        ],
        "O3pl1*Oll1122": [
            -0.0498361589317565,
            -0.0747542383976348,
            -0.0055373509924173,
            -0.008306026488626
        ],
        "O3pl1*OpD": [
            0.0006927227075788,
            0.0008941081793479,
            0.0016233785979481,
            0.0011302849587389
        ],
        "O3pl1*Ope": [
            1.19437086352e-05,
            7.96247242348366e-06,
            0.000107493377717,
            7.16622518113e-05
        ],
        "O3pl1*Opl1": [
            7.16622518113e-05,
            0.000107493377717,
            7.962472423483669e-06,
            1.19437086352e-05
        ],
        "O3pl1*Opl2": [
            -0.0001002884067164,
            -0.0001633668012849,
            0.0001268215499409,
            7.3824604019e-05
        ],
        "O3pl1*Opmu": [
            -0.0002018899256407,
            -0.0003288726229027,
            0.0002553036200845,
            0.0001486158201516
        ],
        "O3pl1*OpWB": [
            0.0017025939031383,
            0.0022888218098728,
            0.0030165802452517,
            0.0021392489643657
        ],
        "O3pl2*O3pl2": [
            0.0001540093452955,
            0.0001792750643731,
            0.0005689943208925,
            0.0003878408992072
        ],
        "O3pl2*Oee1122": [
            -0.0167208067718137,
            -0.0111472045145424,
            -0.1504872609463233,
            -0.1003248406308822
        ],
        "O3pl2*Ole1122": [
            -0.0249180794658782,
            -0.0373771191988174,
            -0.0027686754962086,
            -0.004153013244313
        ],
        "O3pl2*Ole1221": [
            0.0,
            0.0,
            0.0,
            0.0
        ],
        "O3pl2*Ole2211": [
            -0.0083604033859068,
            -0.0055736022572712,
            -0.0752436304731617,
            -0.0501624203154411
        ],
        "O3pl2*Oll": [
            -0.0502287417771864,
            -0.075265672493081,
            -0.0064069998173622,
            -0.0089135381717551
        ],
        "O3pl2*Oll1122": [
            -0.0498361589317565,
            -0.0747542383976348,
            -0.0055373509924173,
            -0.008306026488626
        ],
        "O3pl2*OpD": [
            0.0005181016407799,
            0.0006030730680163,
            0.0019144137092798,
            0.0013049060255379
        ],
        "O3pl2*Ope": [
            -7.61058649843947e-06,
            -5.073724332292982e-06,
            -6.84952784859e-05,
            -4.56635189906e-05
        ],
        "O3pl2*Opl1": [
            -2.26832594548e-05,
            -3.40248891823e-05,
            -2.520362161654285e-06,
            -3.780543242481431e-06
        ],
        "O3pl2*Opl2": [
            -8.45641548387e-05,
            -0.0001528839666997,
            0.0002683398168402,
            0.0001681701152853
        ],
        "O3pl2*Opmu": [
            -8.45641548387e-05,
            -0.0001528839666997,
            0.0002683398168402,
            0.0001681701152853
        ],
        "O3pl2*OpWB": [
            0.001265938841911,
            0.0015610633744939,
            0.0037443386806306,
            0.002575904025593
        ],
        "Oee1122*Oee1122": [
            2.25157062367819,
            1.5010470824521267,
            20.264135613103715,
            13.509423742069144
        ],
        "Oee1122*Ole1122": [
            0.0,
            0.0,
            0.0,
            0.0
        ],
        "Oee1122*Ole1221": [
            0.0,
            0.0,
            0.0,
            0.0
        ],
        "Oee1122*Ole2211": [
            0.0,
            0.0,
            0.0,
            0.0
        ],
        "Oee1122*Oll": [
            0.0167208067718137,
            0.0111472045145424,
            0.1504872609463233,
            0.1003248406308822
        ],