{
    "best_sm": [
        2.1865867295086385,
        0.5253777764438454
    ],
    "scales": [
        250.0,
        500.0
    ],
    "theory_cov": [
        [
            0.0,
            0.0
        ],
        [
            0.0,
            0.0
        ]
    ],
    "LO": {
        "SM": [
            2.1865867295086385,
            0.5253777764438454
        ],
        "O3pl1": [
            -0.1730170450915733,
            -0.0447812413612838
        ],
        "O3pl2": [
            -0.1335351212693184,
            -0.0352911165609482
        ],
        "Oee1122": [
            0.3321637603006284,
            0.3236421251715581
        ],
        "Ole1122": [
            0.6139574274284005,
            0.6582389901808493
        ],
        "Ole1221": [
            0.0,
            0.0
        ],
        "Ole2211": [
            0.0367324956581094,
            0.0393818199253499
        ],
        "Oll": [
            3.4181208448579627,
            3.10656725759926
        ],
        "Oll1122": [
            3.1530010678784843,
            3.042866130613976
        ],
        "OpD": [
            -0.1893327026489922,
            -0.0525625250764053
        ],
        "Ope": [
            -0.002555496450832,
            -0.0004897400181505
        ],
        "Opl1": [
            0.0921027318879054,
            0.0189198856240002
        ],
        "Opl2": [
            0.1315846557101608,
            0.0284100104243359
        ],
        "Opmu": [
            0.0465432585722809,
            0.011311947123746
        ],
        "OpWB": [
            -0.5724529163514103,
            -0.1495264422883016
        ],
        "O3pl1*O3pl1": [
            0.0065392307138845,
            0.0016055356337058
        ],
        "O3pl1*O3pl2": [
            0.0074753360888861,
            0.0019904385625715
        ],
        "O3pl1*Oee1122": [
            -0.0201371344806791,
            -0.0196205178803791
        ],
        "O3pl1*Ole1122": [
            -0.0841444547942665,
            -0.0819857354287273
        ],
        "O3pl1*Ole1221": [
            0.0,
            0.0
        ],
        "O3pl1*Ole2211": [
            -0.0022268750938056,
            -0.0023874880366627
        ],
        "O3pl1*Oll": [
            -0.0849302586230398,
            -0.0825251375589286
        ],
        "O3pl1*Oll1122": [
            -0.0744412531357902,
            -0.0798103143684403
        ],
        "O3pl1*OpD": [
            0.0144834658965877,
            0.0037482941003173
        ],
        "O3pl1*Ope": [
            0.00015492471439,
            2.96900558843e-05
        ],
        "O3pl1*Opl1": [
            0.0025894559405195,
            0.0004962480769234
        ],
        "O3pl1*Opl2": [
            -0.0030136693983634,
            -0.0007243846279167
        ],
        "O3pl1*Opmu": [
            -0.0068129849451321,
            -0.001488258928009
        ],
        "O3pl1*OpWB": [
            0.0383819872166683,
            0.0097132553553673
        ],
        "O3pl2*O3pl2": [
            0.0026369024066164,
            0.0007268579800139
        ],
        "O3pl2*Oee1122": [
            -0.0201371344806791,
            -0.0196205178803791
        ],
        "O3pl2*Ole1122": [
            -0.0372206265678951,
            -0.0399051571842201
        ],
        "O3pl2*Ole1221": [
            0.0,
            0.0
        ],
        "O3pl2*Ole2211": [
            -0.0050342836201697,
            -0.0049051294700947
        ],
        "O3pl2*Oll": [
            -0.0825367018760752,
            -0.0819498071280296
        ],
        "O3pl2*Oll1122": [
            -0.0744412531357902,
            -0.0798103143684403
        ],
        "O3pl2*OpD": [
            0.0088013473213597,
            0.0024418148066293
        ],
        "O3pl2*Ope": [
            -8.38734661788e-05,
            -1.83216953903e-05
        ],
        "O3pl2*Opl1": [
            -0.0006201126513988,
            -0.0001490541970177
        ],
        "O3pl2*Opl2": [
            -0.002821643927052,
            -0.0006857767995612
        ],
        "O3pl2*Opmu": [
            -0.002821643927052,
            -0.0006857767995612
        ],
        "O3pl2*OpWB": [
            0.0238076376266778,
            0.006431584954144
        ],
        "Oee1122*Oee1122": [
            0.3283540492864026,
            1.3134161971456106
        ],
        "Oee1122*Ole1122": [
            0.0,
            0.0
        ],
        "Oee1122*Ole1221": [
            0.0,
            0.0
        ],
        "Oee1122*Ole2211": [
            0.0,
            0.0
        ],
        "Oee1122*Oll": [
            0.0201371344806791,
            0.0196205178803791
        ],
        "Oee1122*Oll1122": [
            0.0,
            0.0
        ],
        "Oee1122*OpD": [
            -0.0463402493773315,
            -0.0442804209340251
        ],
        "Oee1122*Ope": [
            -0.0112296341054563,
            -0.0100705657337281
        ],
        "Oee1122*Opl1": [
            0.0,
            0.0
        ],
        "Oee1122*Opl2": [
            0.0,
            0.0
        ],
        "Oee1122*Opmu": [
            -0.0112296341054563,
            -0.0100705657337281
        ],
        "Oee1122*OpWB": [
            -0.0752078283919506,
            -0.0732783774734462
        ],
        "Ole1122*Ole1122": [
            0.3430127122009743,
            1.3720508488038974
        ],
        "Ole1122*Ole1221": [
            0.0,
            0.0
        ],
        "Ole1122*Ole2211": [
            0.0,
            0.0
        ],
        "Ole1122*Oll": [
            0.0372206265678951,
            0.0399051571842201
        ],
        "Ole1122*Oll1122": [
            0.0,
            0.0
        ],
        "Ole1122*OpD": [
            -0.0883588884496964,
            -0.0906179453971898
        ],
        "Ole1122*Ope": [
            0.0,
            0.0
        ],
        "Ole1122*Opl1": [
            -0.0469238282263713,
            -0.0420805782445071
        ],
        "Ole1122*Opl2": [
            0.0,
            0.0
        ],
        "Ole1122*Opmu": [
            0.0583533253649248,
            0.0523303781183369
        ],
        "Ole1122*OpWB": [
            -0.2266361239385421,
            -0.2276180194101546
        ],
        "Ole1221*Ole1221": [
            0.685135199389584,
            2.740540797558336
        ],
        "Ole1221*Ole2211": [
            0.0,
            0.0
        ],
        "Ole1221*Oll": [
            0.0,
            0.0
        ],
        "Ole1221*Oll1122": [
            0.0,
            0.0
        ],
        "Ole1221*OpD": [
            0.0,
            0.0
        ],
        "Ole1221*Ope": [
            0.0,
            0.0
        ],
        "Ole1221*Opl1": [
            0.0,
            0.0
        ],
        "Ole1221*Opl2": [
            0.0,
            0.0
        ],
        "Ole1221*Opmu": [
            0.0,
            0.0
        ],
        "Ole1221*OpWB": [
            0.0,
            0.0
        ],
        "Ole2211*Ole2211": [
            0.0205221280804001,
            0.0820885123216006
        ],
        "Ole2211*Oll": [
            0.0022268750938056,
            0.0023874880366627
        ],
        "Ole2211*Oll1122": [
            0.0,
            0.0
        ],
        "Ole2211*OpD": [
            -0.0052864292234861,
            -0.0054215864767549
        ],
        "Ole2211*Ope": [
            0.0034912245944826,
            0.0031308773233193
        ],
        "Ole2211*Opl1": [
            0.0,
            0.0
        ],
        "Ole2211*Opl2": [
            -0.002807408526364,
            -0.002517641433432
        ],
        "Ole2211*Opmu": [
            0.0,
            0.0
        ],
        "Ole2211*OpWB": [
            -0.0135594262185452,
            -0.0136181721014622
        ],
        "Oll*Oll": [
            1.5712350787842395,
            5.674605378090471
        ],