{
    "best_sm": [
        0.5992257302937714,
        0.5703581257330265
    ],
    "scales": [
        250.0,
        500.0
    ],
    "theory_cov": [
        [
            0.0,
            0.0
        ],
        [
            0.0,
            0.0
        ]
    ],
    "LO": {
        "SM": [
            0.5992257302937714,
            0.5703581257330265
        ],
        "O3pl1": [
            0.0249720615943838,
            0.0268304328354012
        ],
        "O3pl2": [
            -2.775557561562892e-17,
            -1.3877787807814457e-17
        ],
        "O3pq": [
            1.341869371271824e-17,
            8.513007993959094e-19
        ],
        "Oll": [
            5.551115123125783e-17,
            2.775557561562892e-17
        ],
        "Olu": [
            0.3292362588003195,
            1.492103304607458
        ],
        "OpD": [
            0.0258800368183921,
            0.0290054080402321
        ],
        "Ope": [
            -0.0032947289693841,
            -0.0042190607852362
        ],
        "Opl1": [
            0.0249720615943839,
            0.0268304328354012
        ],
        "OpqMi": [
            -0.0095715582941382,
            -0.0113612813847917
        ],
        "Opui": [
            0.0288838482859307,
            0.0295035382061151
        ],
        "OpWB": [
            0.0645064629008011,
            0.0713188833252957
        ],
        "Oqe": [
            0.0251133457305995,
            0.1455547696889859
        ],
        "Oql31": [
            0.0,
            0.0
        ],
        "OqlM1": [
            -0.0923326646078448,
            -0.4787177842208257
        ],
        "O3pl1*O3pl1": [
            -0.00077710457633,
            -0.0004917957078942
        ],
        "O3pl1*O3pl2": [
            0.0015139091697745,
            0.0016265712842734
        ],
        "O3pl1*O3pq": [
            1.3748354176697537e-19,
            -5.673476322238264e-19
        ],
        "O3pl1*Oll": [
            -0.0015139091697745,
            -0.0016265712842734
        ],
        "O3pl1*Olu": [
            -0.0250993757379483,
            -0.0807272085413592
        ],
        "O3pl1*OpD": [
            -0.0013945570496777,
            -0.0007761292793837
        ],
        "O3pl1*Ope": [
            0.0001442725663103,
            0.0001088724203916
        ],
        "O3pl1*Opl1": [
            -0.0030681183224346,
            -0.0026101627000619
        ],
        "O3pl1*OpqMi": [
            0.0015166451881698,
            0.0013856412879094
        ],
        "O3pl1*Opui": [
            -0.002352147333324,
            -0.0017546653144587
        ],
        "O3pl1*OpWB": [
            -0.0029074262118266,
            -0.0013868396379578
        ],
        "O3pl1*Oqe": [
            4.854956957111743e-06,
            0.0014302306283956
        ],
        "O3pl1*Oql31": [
            7.291938341871409e-18,
            2.5141039616641168e-17
        ],
        "O3pl1*OqlM1": [
            0.0178342016592804,
            0.073810388557848
        ],
        "O3pl2*O3pl2": [
            -2.1684043449710093e-18,
            -3.0357660829594124e-18
        ],
        "O3pl2*O3pq": [
            2.6072454126621123e-18,
            1.13113778313493e-18
        ],
        "O3pl2*Oll": [
            8.673617379884035e-18,
            0.0
        ],
        "O3pl2*Olu": [
            0.0199596572888543,
            0.0904574444748339
        ],
        "O3pl2*OpD": [
            0.0015689543654768,
            0.0017584272343391
        ],
        "O3pl2*Ope": [
            -0.0001997400326689,
            -0.0002557768322997
        ],
        "O3pl2*Opl1": [
            0.0015139091697745,
            0.0016265712842734
        ],
        "O3pl2*OpqMi": [
            -0.0005802672645091,
            -0.0006887676455472
        ],
        "O3pl2*Opui": [
            0.0017510577816403,
            0.0017886259355165
        ],
        "O3pl2*OpWB": [
            0.0039106473178492,
            0.0043236442868828
        ],
        "O3pl2*Oqe": [
            0.0015224743956991,
            0.008824129305613
        ],
        "O3pl2*Oql31": [
            -1.1110000922191268e-18,
            1.0396936166414822e-17
        ],
        "O3pl2*OqlM1": [
            -0.0055975862101417,
            -0.0290218426911556
        ],
        "O3pq*O3pq": [
            8.386683570448903e-19,
            4.3131685512495217e-19
        ],
        "O3pq*Oll": [
            -6.467403876370044e-19,
            9.24700347992339e-19
        ],
        "O3pq*Olu": [
            1.0750621490714679e-17,
            1.9046887201012666e-17
        ],
        "O3pq*OpD": [
            1.239334140101416e-18,
            5.553875458484987e-19
        ],
        "O3pq*Ope": [
            -2.9716613003270187e-20,
            -9.635087985873045e-20
        ],
        "O3pq*Opl1": [
            -1.349279774885055e-18,
            -3.8627512649471604e-19
        ],
        "O3pq*OpqMi": [
            1.5697177746920674e-18,
            3.4855816025094216e-19
        ],
        "O3pq*Opui": [
            8.26350125427353e-19,
            3.6946171751700173e-19
        ],
        "O3pq*OpWB": [
            2.2216867636591626e-18,
            5.744964236578176e-20
        ],
        "O3pq*Oqe": [
            8.200314123933577e-19,
            1.8580250249930546e-18
        ],
        "O3pq*Oql31": [
            0.0,
            0.0
        ],
        "O3pq*OqlM1": [
            9.253928490940109e-18,
            -2.845603509960556e-18
        ],
        "Oll*Oll": [
            -6.5052130349130266e-18,
            -4.77048955893622e-18
        ],
        "Oll*Olu": [
            -0.0199596572888543,
            -0.0904574444748339
        ],
        "Oll*OpD": [
            -0.0015689543654768,
            -0.0017584272343391
        ],
        "Oll*Ope": [
            0.0001997400326689,
            0.0002557768322997
        ],
        "Oll*Opl1": [
            -0.0015139091697745,
            -0.0016265712842734
        ],
        "Oll*OpqMi": [
            0.0005802672645091,
            0.0006887676455472
        ],
        "Oll*Opui": [
            -0.0017510577816403,
            -0.0017886259355165
        ],
        "Oll*OpWB": [
            -0.0039106473178492,
            -0.0043236442868828
        ],
        "Oll*Oqe": [
            -0.0015224743956991,
            -0.008824129305613
        ],
        "Oll*Oql31": [
            -1.1110000922191268e-18,
            1.0396936166414822e-17
        ],
        "Oll*OqlM1": [
            0.0055975862101417,
            0.0290218426911556
        ],
        "Olu*Olu": [
            -0.1930330780919696,
            -2.924583016211741
        ],
        "Olu*OpD": [
            -0.0237190285058175,
            -0.0734347836058544
        ],
        "Olu*Ope": [
            0.000251740202875,
            -0.0014837480764447
        ],
        "Olu*Opl1": [
            -0.0450590330268027,
            -0.1711846530161931
        ],
        "Olu*OpqMi": [
            0.0207862645428834,
            0.0826336991829669
        ],
        "Olu*Opui": [
            -0.0352620100582827,
            -0.1216372296007224
        ],
        "Olu*OpWB": [
            -0.0484139608250632,
            -0.1361393091580963
        ],
        "Olu*Oqe": [
            0.0126436352086935,
            0.339608185087486
        ],
        "Olu*Oql31": [
            0.0,
            0.0
        ],
        "Olu*OqlM1": [
            0.2545389423578656,
            4.606238129362492
        ],
        "OpD*OpD": [
            -0.0005842556683918,
            -0.0002383730193928
        ],
        "OpD*Ope": [
            0.0004214571020002,
            0.0003760529804525
        ],
        "OpD*Opl1": [
            -0.0029635114151546,
            -0.0025345565137228
        ],
        "OpD*OpqMi": [
            0.0016310180548755,
            0.0015207092654901
        ],