{
    "best_sm": [
        0.1301365099094433,
        0.0300104053218805
    ],
    "scales": [
        250.0,
        500.0
    ],
    "theory_cov": [
        [
            0.0,
            0.0
        ],
        [
            0.0,
            0.0
        ]
    ],
    "LO": {
        "SM": [
            0.1301365099094433,
            0.0300104053218805
        ],
        "O3pl1": [
            -0.0047956823711599,
            -0.0013453940543603
        ],
        "O3pl2": [
            -0.0157788218589584,
            -0.0036387086131217
        ],
        "Oll": [
            0.0157788218589584,
            0.0036387086131217
        ],
        "OpD": [
            -0.0049613668617204,
            -0.0015699371841248
        ],
        "Ope": [
            -0.000131493842628,
            -2.13466791042e-05
        ],
        "Opl1": [
            0.0109831394877985,
            0.0022933145587613
        ],
        "OpqMi": [
            -0.0098591226641827,
            -0.0020928921506937
        ],
        "Opui": [
            -0.002635620813357,
            -0.0006405654480044
        ],
        "OpWB": [
            -0.0200098126855726,
            -0.0053990220058431
        ],
        "O3pl1*O3pl1": [
            0.0002119876224519,
            5.15968383647e-05
        ],
        "O3pl1*O3pl2": [
            0.0002907340064649,
            8.15633258054e-05
        ],
        "O3pl1*Oll": [
            -0.0002907340064649,
            -8.15633258054e-05
        ],
        "O3pl1*OpD": [
            0.000471518152169,
            0.0001205098961133
        ],
        "O3pl1*Ope": [
            7.971698026255702e-06,
            1.2941235595623272e-06
        ],
        "O3pl1*Opl1": [
            0.0001332412384388,
            2.16303509241e-05
        ],
        "O3pl1*OpqMi": [
            6.30835123105e-05,
            1.93918889189e-05
        ],
        "O3pl1*Opui": [
            0.0003858011981389,
            8.42761406624e-05
        ],
        "O3pl1*OpWB": [
            0.0012168403802907,
            0.000308801411114
        ],
        "O3pl2*O3pl2": [
            0.0004782885668095,
            0.0001102967473214
        ],
        "O3pl2*Oll": [
            -0.0009565771336191,
            -0.0002205934946428
        ],
        "O3pl2*OpD": [
            0.0003007784823125,
            9.51760546494e-05
        ],
        "O3pl2*Ope": [
            7.971698026255702e-06,
            1.2941235595623272e-06
        ],
        "O3pl2*Opl1": [
            -0.0006658431271541,
            -0.0001390301688374
        ],
        "O3pl2*OpqMi": [
            0.0005977006003619,
            0.0001268797374341
        ],
        "O3pl2*Opui": [
            0.0001597821830732,
            3.88337143054e-05
        ],
        "O3pl2*OpWB": [
            0.0012130772141364,
            0.0003273109387291
        ],
        "Oll*Oll": [
            0.0004782885668095,
            0.0001102967473214
        ],
        "Oll*OpD": [
            -0.0003007784823125,
            -9.51760546494e-05
        ],
        "Oll*Ope": [
            -7.971698026255743e-06,
            -1.2941235595623357e-06
        ],
        "Oll*Opl1": [
            0.0006658431271541,
            0.0001390301688374
        ],
        "Oll*OpqMi": [
            -0.0005977006003619,
            -0.0001268797374341
        ],
        "Oll*Opui": [
            -0.0001597821830732,
            -3.88337143054e-05
        ],
        "Oll*OpWB": [
            -0.0012130772141364,
            -0.0003273109387291
        ],
        "OpD*OpD": [
            0.0002810707466671,
            7.40494904121e-05
        ],
        "OpD*Ope": [
            1.68617346431e-05,
            2.8520252568667507e-06
        ],
        "OpD*Opl1": [
            0.0001707396698565,
            2.53338414639e-05
        ],
        "OpD*OpqMi": [
            3.70044666168e-05,
            1.91368861455e-05
        ],
        "OpD*Opui": [
            0.0003807279236429,
            8.82444693218e-05
        ],
        "OpD*OpWB": [
            0.001373078360076,
            0.0003670340568196
        ],
        "Ope*Ope": [
            2.39042331587e-05,
            4.8060839244911065e-06
        ],
        "Ope*Opl1": [
            0.0,
            0.0
        ],
        "Ope*OpqMi": [
            2.57207033523e-05,
            5.171295731906503e-06
        ],
        "Ope*Opui": [
            -1.08738911801e-05,
            -2.186258527948221e-06
        ],
        "Ope*OpWB": [
            -1.82580607545e-05,
            -4.823563079060509e-06
        ],
        "Opl1*Opl1": [
            0.0003995421827965,
            8.03302598807e-05
        ],
        "Opl1*OpqMi": [
            -0.0005346170880514,
            -0.0001074878485152
        ],
        "Opl1*Opui": [
            0.0002260190150657,
            4.54424263569e-05
        ],
        "Opl1*OpWB": [
            3.76316615427716e-06,
            -1.85095276151e-05
        ],
        "OpqMi*OpqMi": [
            0.0002189592086443,
            4.40230115643e-05
        ],
        "OpqMi*Opui": [
            0.0,
            0.0
        ],
        "OpqMi*OpWB": [
            0.0004161775099867,
            0.0001087299977938
        ],
        "Opui*Opui": [
            0.0002189592086443,
            4.40230115643e-05
        ],
        "Opui*OpWB": [
            0.001018817780332,
            0.0002298942993767
        ],
        "OpWB*OpWB": [
            0.0018802205800668,
            0.0004924146663957
        ]
    },
    "NLO": {
        "SM": [
            0.1301365099094433,
            0.0300104053218805
        ],
        "O3pl1": [
            -0.0047956823711599,
            -0.0013453940543603
        ],
        "O3pl2": [
            -0.0157788218589584,
            -0.0036387086131217
        ],
        "Oll": [
            0.0157788218589584,
            0.0036387086131217
        ],
        "OpD": [
            -0.0049613668617204,
            -0.0015699371841248
        ],
        "Ope": [
            -0.000131493842628,
            -2.13466791042e-05
        ],
        "Opl1": [
            0.0109831394877985,
            0.0022933145587613
        ],
        "OpqMi": [
            -0.0098591226641827,
            -0.0020928921506937
        ],
        "Opui": [
            -0.002635620813357,
            -0.0006405654480044
        ],
        "OpWB": [
            -0.0200098126855726,
            -0.0053990220058431
        ],
        "O3pl1*O3pl1": [
            0.0002119876224519,
            5.15968383647e-05
        ],
        "O3pl1*O3pl2": [
            0.0002907340064649,
            8.15633258054e-05
        ],
        "O3pl1*Oll": [
            -0.0002907340064649,
            -8.15633258054e-05
        ],
        "O3pl1*OpD": [
            0.000471518152169,
            0.0001205098961133
        ],
        "O3pl1*Ope": [
            7.971698026255702e-06,
            1.2941235595623272e-06
        ],
        "O3pl1*Opl1": [
            0.0001332412384388,
            2.16303509241e-05
        ],
        "O3pl1*OpqMi": [
            6.30835123105e-05,
            1.93918889189e-05
        ],
        "O3pl1*Opui": [
            0.0003858011981389,
            8.42761406624e-05
        ],
        "O3pl1*OpWB": [
            0.0012168403802907,
            0.000308801411114
        ],
        "O3pl2*O3pl2": [
            0.0004782885668095,
            0.0001102967473214
        ],
        "O3pl2*Oll": [
            -0.0009565771336191,
            -0.0002205934946428
        ],
        "O3pl2*OpD": [
            0.0003007784823125,
            9.51760546494e-05
        ],
        "O3pl2*Ope": [
            7.971698026255702e-06,
            1.2941235595623272e-06
        ],
        "O3pl2*Opl1": [
            -0.0006658431271541,
            -0.0001390301688374
        ],
        "O3pl2*OpqMi": [
            0.0005977006003619,
            0.0001268797374341
        ],