{
    "best_sm": [
        0.4737813493006145
    ],
    "scales": [
        1000.0
    ],
    "theory_cov": [
        [
            0.0
        ]
    ],
    "LO": {
        "SM": [
            0.4737813493006145
        ],
        "O3pl1": [
            0.0349206202215868
        ],
        "O3pl2": [
            2.0816681711721685e-17
        ],
        "O3pl3": [
            0.0141703189696542
        ],
        "Oee1133": [
            0.3552361326383281
        ],
        "Ole1133": [
            -5.996404960286821
        ],
        "Ole3311": [
            -0.444178145206431
        ],
        "Oll": [
            -5.551115123125783e-17
        ],
        "Oll1133": [
            5.38354268896618
        ],
        "Oll1331": [
            5.38354268896618
        ],
        "OpD": [
            0.0394391555371882
        ],
        "Ope": [
            -0.0027281762256009
        ],
        "Opl1": [
            0.0349206202215867
        ],
        "Opl3": [
            0.0141703189696542
        ],
        "Opta": [
            -0.0285327434602437
        ],
        "OpWB": [
            0.0916720036268545
        ],
        "O3pl1*O3pl1": [
            0.0004421198386699
        ],
        "O3pl1*O3pl2": [
            0.0021170317463722
        ],
        "O3pl1*O3pl3": [
            -0.0010152353614727
        ],
        "O3pl1*Oee1133": [
            -0.0434667131986157
        ],
        "O3pl1*Ole1133": [
            0.0334064349816219
        ],
        "O3pl1*Ole3311": [
            -0.0248059336412687
        ],
        "O3pl1*Oll": [
            -0.0021170317463722
        ],
        "O3pl1*Oll1133": [
            -0.4767797527888804
        ],
        "O3pl1*Oll1331": [
            -0.4767797527888804
        ],
        "O3pl1*OpD": [
            0.0012706049063643
        ],
        "O3pl1*Ope": [
            -3.40642938611e-05
        ],
        "O3pl1*Opl1": [
            -0.0012327920690324
        ],
        "O3pl1*Opl3": [
            -0.0010152353614727
        ],
        "O3pl1*Opta": [
            0.0002364839077967
        ],
        "O3pl1*OpWB": [
            0.0037087069039648
        ],
        "O3pl2*O3pl2": [
            0.0
        ],
        "O3pl2*O3pl3": [
            0.0008590630671683
        ],
        "O3pl2*Oee1133": [
            0.0215358766677619
        ],
        "O3pl2*Ole1133": [
            -0.3635267525169533
        ],
        "O3pl2*Ole3311": [
            -0.0269279075938483
        ],
        "O3pl2*Oll": [
            -8.673617379884035e-18
        ],
        "O3pl2*Oll1133": [
            0.3263725188204522
        ],
        "O3pl2*Oll1331": [
            0.3263725188204522
        ],
        "O3pl2*OpD": [
            0.0023909639574708
        ],
        "O3pl2*Ope": [
            -0.0001653932731619
        ],
        "O3pl2*Opl1": [
            0.0021170317463722
        ],
        "O3pl2*Opl3": [
            0.0008590630671683
        ],
        "O3pl2*Opta": [
            -0.0017297723618061
        ],
        "O3pl2*OpWB": [
            0.0055575342219046
        ],
        "O3pl3*O3pl3": [
            -0.0005744213083768
        ],
        "O3pl3*Oee1133": [
            -0.0398534461481263
        ],
        "O3pl3*Ole1133": [
            0.2391045459709641
        ],
        "O3pl3*Ole3311": [
            0.0449919322303492
        ],
        "O3pl3*Oll": [
            -0.0008590630671683
        ],
        "O3pl3*Oll1133": [
            -0.4220213100919786
        ],
        "O3pl3*Oll1331": [
            -0.4220213100919786
        ],
        "O3pl3*OpD": [
            -0.0011588249269475
        ],
        "O3pl3*Ope": [
            0.0002835768241183
        ],
        "O3pl3*Opl1": [
            -0.0018742984286411
        ],
        "O3pl3*Opl3": [
            -0.0011488426167536
        ],
        "O3pl3*Opta": [
            0.0011857359323804
        ],
        "O3pl3*OpWB": [
            -0.002436973780305
        ],
        "Oee1133*Oee1133": [
            2.362688163942245
        ],
        "Oee1133*Ole1133": [
            7.267578832140735
        ],
        "Oee1133*Ole3311": [
            0.5383391727511655
        ],
        "Oee1133*Oll": [
            -0.0215358766677618
        ],
        "Oee1133*Oll1133": [
            -16.28430118251473
        ],
        "Oee1133*Oll1331": [
            -16.28430118251473
        ],
        "Oee1133*OpD": [
            -0.0707674314964229
        ],
        "Oee1133*Ope": [
            -0.0063280703325101
        ],
        "Oee1133*Opl1": [
            -0.0650025898663776
        ],
        "Oee1133*Opl3": [
            -0.0398534461481263
        ],
        "Oee1133*Opta": [
            0.0249467898293812
        ],
        "Oee1133*OpWB": [
            -0.1153754456349991
        ],
        "Ole1133*Ole1133": [
            -18.8628494489798
        ],
        "Ole1133*Ole3311": [
            4.505033323130861
        ],
        "Ole1133*Oll": [
            0.3635267525169532
        ],
        "Ole1133*Oll1133": [
            110.13891125791189
        ],
        "Ole1133*Oll1331": [
            110.13891125791189
        ],
        "Ole1133*OpD": [
            -0.0111158371097373
        ],
        "Ole1133*Ope": [
            0.0073570860074636
        ],
        "Ole1133*Opl1": [
            0.3969331874985766
        ],
        "Ole1133*Opl3": [
            0.2391045459709641
        ],
        "Ole1133*Opta": [
            -0.1889147532494389
        ],
        "Ole1133*OpWB": [
            -0.1699620801395914
        ],
        "Ole3311*Ole3311": [
            -3.4829116828553834
        ],
        "Ole3311*Oll": [
            0.0269279075938483
        ],
        "Ole3311*Oll1133": [
            8.158437870956433
        ],
        "Ole3311*Oll1331": [
            8.158437870956433
        ],
        "Ole3311*OpD": [
            -0.000823395341462
        ],
        "Ole3311*Ope": [
            -0.0333803739585874
        ],
        "Ole3311*Opl1": [
            0.0021219739525797
        ],
        "Ole3311*Opl3": [
            0.0449919322303492
        ],
        "Ole3311*Opta": [
            0.0199316578665892
        ],
        "Ole3311*OpWB": [
            -0.0125897837140438
        ],
        "Oll*Oll": [
            3.469446951953614e-18
        ],
        "Oll*Oll1133": [
            -0.3263725188204505
        ],
        "Oll*Oll1331": [
            -0.3263725188204505
        ],
        "Oll*OpD": [
            -0.0023909639574708
        ],
        "Oll*Ope": [
            0.0001653932731619
        ],
        "Oll*Opl1": [
            -0.0021170317463722
        ],
        "Oll*Opl3": [
            -0.0008590630671683
        ],
        "Oll*Opta": [
            0.0017297723618061
        ],
        "Oll*OpWB": [
            -0.0055575342219046
        ],
        "Oll1133*Oll1133": [
            -84.24353608000419
        ],
        "Oll1133*Oll1331": [
            -168.48707216000838
        ],
        "Oll1133*OpD": [
            -0.5000002112886104
        ],
        "Oll1133*Ope": [
            0.0683468180995857
        ],
        "Oll1133*Opl1": [
            -0.8031522716093304
        ],
        "Oll1133*Opl3": [
            -0.4220213100919786
        ],
        "Oll1133*Opta": [
            0.5423119621363546
        ],
        "Oll1133*OpWB": [
            -1.0689482098273553
        ],
        "Oll1331*Oll1331": [
            -84.24353608000419
        ],
        "Oll1331*OpD": [
            -0.5000002112886104
        ],
        "Oll1331*Ope": [
            0.0683468180995857
        ],
        "Oll1331*Opl1": [
            -0.8031522716093304
        ],
        "Oll1331*Opl3": [
            -0.4220213100919786
        ],
        "Oll1331*Opta": [
            0.5423119621363546
        ],
        "Oll1331*OpWB": [
            -1.0689482098273553
        ],
        "OpD*OpD": [
            0.0008582802361702
        ],
        "OpD*Ope": [
            0.0001284125134805
        ],