{
    "best_sm": [
        0.4850825371719686,
        0.4882487276798555,
        0.4453201706664818,
        0.4495874753469702
    ],
    "scales": [
        1000.0,
        1000.0,
        1000.0,
        1000.0
    ],
    "theory_cov": [
        [
            0.0,
            0.0,
            0.0,
            0.0
        ],
        [
            0.0,
            0.0,
            0.0,
            0.0
        ],
        [
            0.0,
            0.0,
            0.0,
            0.0
        ],
        [
            0.0,
            0.0,
            0.0,
            0.0
        ]
    ],
    "LO": {
        "SM": [
            0.4850825371719686,
            0.4882487276798555,
            0.4453201706664818,
            0.4495874753469702
        ],
        "O3pl1": [
            0.0336655378084212,
            0.0359869556244667,
            0.0032669199986923,
            0.0066398061392666
        ],
        "O3pl2": [
            0.0157622987157075,
            0.0146030235634319,
            0.0275563971451735,
            0.0265359711407671
        ],
        "Oee1122": [
            1.5565685457855651,
            0.7321672330183955,
            13.70114848876089,
            12.238827223515337
        ],
        "Ole1122": [
            -5.748514759019399,
            -6.179511069473455,
            -0.5199372662579167,
            -1.0647365500614772
        ],
        "Ole1221": [
            0.0,
            0.0,
            0.0,
            0.0
        ],
        "Ole2211": [
            -0.9580857931698994,
            -0.4577415607017372,
            -7.019153094481875,
            -6.388419300368865
        ],
        "Oll": [
            5.242117656783321,
            5.547934447352297,
            0.5696531040936451,
            1.1449217800344151
        ],
        "Oll1122": [
            5.24211765678332,
            5.547934447352297,
            0.5696531040936449,
            1.1449217800344154
        ],
        "OpD": [
            0.0384083830610186,
            0.0406434688495557,
            0.0042565530725732,
            0.0084614899437022
        ],
        "Ope": [
            -0.005907144452098,
            -0.0028114837635597,
            -0.0454235671589667,
            -0.0411258835290801
        ],
        "Opl1": [
            0.0336655378084213,
            0.0359869556244668,
            0.0032669199986922,
            0.0066398061392666
        ],
        "Opl2": [
            0.0157622987157075,
            0.0146030235634318,
            0.0275563971451735,
            0.026535971140767
        ],
        "Opmu": [
            -0.028171174804081,
            -0.0294040187783763,
            -0.0152177673245032,
            -0.0163834992494808
        ],
        "OpWB": [
            0.0923011228498956,
            0.094471298206961,
            0.0575592010981184,
            0.0619521652110008
        ],
        "O3pl1*O3pl1": [
            0.0005097513819824,
            0.0004556204017554,
            0.0001509764728872,
            0.0002847565455609
        ],
        "O3pl1*O3pl2": [
            0.0013306237401201,
            0.0011354408186045,
            0.0018886441952672,
            0.002010589112326
        ],
        "O3pl1*Oee1122": [
            -0.1691427377450618,
            -0.0895880238720987,
            0.6325581869097654,
            0.377757091613903
        ],
        "O3pl1*Ole1122": [
            0.0292848745267988,
            0.0344265332524701,
            0.000523627185674,
            0.0013539499901133
        ],
        "O3pl1*Ole1221": [
            0.0,
            0.0,
            0.0,
            0.0
        ],
        "O3pl1*Ole2211": [
            -0.0539627952573698,
            -0.0255634071648008,
            -0.4240326043469348,
            -0.3842395327432431
        ],
        "O3pl1*Oll": [
            -0.3944986461298567,
            -0.4935203677486905,
            0.0453547474961448,
            0.0736316213849723
        ],
        "O3pl1*Oll1122": [
            -0.3924577026458384,
            -0.4913386903606931,
            0.0455528016345364,
            0.0740341537654796
        ],
        "O3pl1*OpD": [
            0.0017165588144158,
            0.0013094040739086,
            0.0007831925124466,
            0.0014503628107532
        ],
        "O3pl1*Ope": [
            -9.27638414e-05,
            -3.51044804984e-05,
            -0.0025617507275382,
            -0.0021387415563406
        ],
        "O3pl1*Opl1": [
            -0.0010214407200533,
            -0.0012704365844865,
            0.0001038988073828,
            0.0001669807106146
        ],
        "O3pl1*Opl2": [
            -0.0007103197438981,
            -0.0010462365693929,
            0.0016905900568755,
            0.0016080567318187
        ],
        "O3pl1*Opmu": [
            0.0002941385967781,
            0.0002437051759614,
            -0.0005885802886589,
            -0.0003466546546658
        ],
        "O3pl1*OpWB": [
            0.0043886063081166,
            0.0038219559082925,
            0.0040907025281437,
            0.0048180609792515
        ],
        "O3pl2*O3pl2": [
            0.0003148910559981,
            0.0002933335741892,
            0.0013742630234088,
            0.0012059502793086
        ],
        "O3pl2*Oee1122": [
            -0.0784278028257531,
            -0.0377538288756091,
            -0.2521382721770093,
            -0.2833151333930597
        ],
        "O3pl2*Ole1122": [
            -0.1544194888909742,
            -0.128221560707014,
            -0.0528946404514229,
            -0.0999486930408284
        ],
        "O3pl2*Ole1221": [
            0.0,
            0.0,
            0.0,
            0.0
        ],
        "O3pl2*Ole2211": [
            0.0331070261966739,
            0.0186156273533531,
            -0.2829760747406747,
            -0.2073289255610479
        ],
        "O3pl2*Oll": [
            -0.0879089921529046,
            -0.0994548163652666,
            0.0070991654510109,
            0.010583234969191
        ],
        "O3pl2*Oll1122": [
            -0.0869534167202461,
            -0.0985695209644221,
            0.0087697476801292,
            0.0121919547734027
        ],
        "O3pl2*OpD": [
            0.0015127422148306,
            0.0012697636048058,
            0.0038217109353931,
            0.003707390113609
        ],
        "O3pl2*Ope": [
            0.0002271453705378,
            0.0001217924016475,
            -0.0010795828538482,
            -0.0006988753768132
        ],
        "O3pl2*Opl1": [
            0.0003750483074613,
            0.00025014541776,
            0.0002180619661488,
            0.0004018693081143
        ],
        "O3pl2*Opl2": [
            -0.0003257933206624,
            -0.0002986282524659,
            0.0010779438176992,
            0.0008031807544055
        ],
        "O3pl2*Opmu": [
            -0.0006444041406806,
            -0.0005606491156115,
            -1.02548097499e-05,
            -0.0001998142753803
        ],
        "O3pl2*OpWB": [
            0.0036608452668876,
            0.0032158498166046,
            0.0086594123936946,
            0.00825851971532
        ],
        "Oee1122*Oee1122": [
            15.533343985296998,
            9.739340661272948,
            -435.0186302754046,
            -333.77826081515065
        ],
        "Oee1122*Ole1122": [
            29.12747461767192,
            14.979002965582389,
            18.937692879579917,
            35.37705684197404
        ],
        "Oee1122*Ole1221": [
            0.0,
            0.0,
            0.0,
            0.0
        ],
        "Oee1122*Ole2211": [
            4.854579102945319,
            1.1095557752283245,
            255.6588538743288,
            212.26234105184432
        ],
        "Oee1122*Oll": [
            -66.64492137668896,
            -33.60750358642525,
            -55.60552783384016,
            -100.57681161747136
        ],