{
    "best_sm": [
        0.9545684605000726
    ],
    "scales": [
        1000.0
    ],
    "theory_cov": [
        [
            0.0
        ]
    ],
    "LO": {
        "SM": [
            0.9545684605000726
        ],
        "O3pl1": [
            0.003776146058058
        ],
        "O3pl2": [
            3.136380044566067e-14
        ],
        "Oll": [
            7.054079542712088e-14
        ],
        "Oll1111": [
            -0.0033425789439601
        ],
        "OpD": [
            0.0010598846130227
        ],
        "Ope": [
            -0.0063522997334948
        ],
        "Opl1": [
            0.0037761460584431
        ],
        "OpWB": [
            0.0070515431329664
        ],
        "O3pl1*O3pl1": [
            0.0002550541161925
        ],
        "O3pl1*O3pl2": [
            0.0002289255182841
        ],
        "O3pl1*Oll": [
            -0.0002289255182859
        ],
        "O3pl1*Oll1111": [
            0.0023249894200153
        ],
        "O3pl1*OpD": [
            0.0005605233731606
        ],
        "O3pl1*Ope": [
            -0.0003081057871381
        ],
        "O3pl1*Opl1": [
            0.0002811827141586
        ],
        "O3pl1*OpWB": [
            0.0013800653601345
        ],
        "O3pl2*O3pl2": [
            3.6008522552588565e-15
        ],
        "O3pl2*Oll": [
            6.189493362285248e-15
        ],
        "O3pl2*Oll1111": [
            -0.000202640895076
        ],
        "O3pl2*OpD": [
            6.42545682028e-05
        ],
        "O3pl2*Ope": [
            -0.0003851025586897
        ],
        "O3pl2*Opl1": [
            0.0002289255183361
        ],
        "O3pl2*OpWB": [
            0.0004274935719519
        ],
        "Oll*Oll": [
            -8.755583064123941e-15
        ],
        "Oll*Oll1111": [
            0.0002026408951512
        ],
        "Oll*OpD": [
            -6.42545681767e-05
        ],
        "Oll*Ope": [
            0.0003851025586857
        ],
        "Oll*Opl1": [
            -0.0002289255183327
        ],
        "Oll*OpWB": [
            -0.0004274935718963
        ],
        "Oll1111*Oll1111": [
            -0.5956156915327251
        ],
        "Oll1111*OpD": [
            0.0001324697329603
        ],
        "Oll1111*Ope": [
            -0.004699350683049
        ],
        "Oll1111*Opl1": [
            0.0025276303153976
        ],
        "Oll1111*OpWB": [
            0.0039632556412636
        ],
        "OpD*OpD": [
            0.0001601438562173
        ],
        "OpD*Ope": [
            -0.0006969065188377
        ],
        "OpD*Opl1": [
            0.0004962688050535
        ],
        "OpD*OpWB": [
            0.0011667050305639
        ],
        "Ope*Ope": [
            -0.0001118251512659
        ],
        "Ope*Opl1": [
            7.69967715502e-05
        ],
        "Ope*OpWB": [
            -0.0012944913876124
        ],
        "Opl1*Opl1": [
            2.61285979178e-05
        ],
        "Opl1*OpWB": [
            0.0009525717884055
        ],
        "OpWB*OpWB": [
            0.001687710112268
        ]
    },
    "NLO": {
        "SM": [
            0.9545684605000726
        ],
        "O3pl1": [
            0.003776146058058
        ],
        "O3pl2": [
            3.136380044566067e-14
        ],
        "Oll": [
            7.054079542712088e-14
        ],
        "Oll1111": [
            -0.0033425789439601
        ],
        "OpD": [
            0.0010598846130227
        ],
        "Ope": [
            -0.0063522997334948
        ],
        "Opl1": [
            0.0037761460584431
        ],
        "OpWB": [
            0.0070515431329664
        ],
        "O3pl1*O3pl1": [
            0.0002550541161925
        ],
        "O3pl1*O3pl2": [
            0.0002289255182841
        ],
        "O3pl1*Oll": [
            -0.0002289255182859
        ],
        "O3pl1*Oll1111": [
            0.0023249894200153
        ],
        "O3pl1*OpD": [
            0.0005605233731606
        ],
        "O3pl1*Ope": [
            -0.0003081057871381
        ],
        "O3pl1*Opl1": [
            0.0002811827141586
        ],
        "O3pl1*OpWB": [
            0.0013800653601345
        ],
        "O3pl2*O3pl2": [
            3.6008522552588565e-15
        ],
        "O3pl2*Oll": [
            6.189493362285248e-15
        ],
        "O3pl2*Oll1111": [
            -0.000202640895076
        ],
        "O3pl2*OpD": [
            6.42545682028e-05
        ],
        "O3pl2*Ope": [
            -0.0003851025586897
        ],
        "O3pl2*Opl1": [
            0.0002289255183361
        ],
        "O3pl2*OpWB": [
            0.0004274935719519
        ],
        "Oll*Oll": [
            -8.755583064123941e-15
        ],
        "Oll*Oll1111": [
            0.0002026408951512
        ],
        "Oll*OpD": [
            -6.42545681767e-05
        ],
        "Oll*Ope": [
            0.0003851025586857
        ],
        "Oll*Opl1": [
            -0.0002289255183327
        ],
        "Oll*OpWB": [
            -0.0004274935718963
        ],
        "Oll1111*Oll1111": [
            -0.5956156915327251
        ],
        "Oll1111*OpD": [
            0.0001324697329603
        ],
        "Oll1111*Ope": [
            -0.004699350683049
        ],
        "Oll1111*Opl1": [
            0.0025276303153976
        ],
        "Oll1111*OpWB": [
            0.0039632556412636
        ],
        "OpD*OpD": [
            0.0001601438562173
        ],
        "OpD*Ope": [
            -0.0006969065188377
        ],
        "OpD*Opl1": [
            0.0004962688050535
        ],
        "OpD*OpWB": [
            0.0011667050305639
        ],
        "Ope*Ope": [
            -0.0001118251512659
        ],
        "Ope*Opl1": [
            7.69967715502e-05
        ],
        "Ope*OpWB": [
            -0.0012944913876124
        ],
        "Opl1*Opl1": [
            2.61285979178e-05
        ],
        "Opl1*OpWB": [
            0.0009525717884055
        ],
        "OpWB*OpWB": [
            0.001687710112268
        ]
    }
}