{
  "best_sm": [
    61.4858591035178,
    16.97447948438956
  ],
  "scales": [
    250.0,
    500.0
  ],
  "theory_cov": [
    [
      0.0,
      0.0
    ],
    [
      0.0,
      0.0
    ]
  ],
  "LO": {
    "SM": [
      61.4858591035178,
      16.97447948438956
    ],
    "O3pl1": [
      -6.390024545566098,
      -1.1739698585910725
    ],
    "O3pl2": [
      -7.455051763064547,
      -2.058125641444584
    ],
    "Oll": [
      7.455051763064292,
      2.058125641444386
    ],
    "Oll1111": [
      -20.56445828937748,
      -23.423167586378664
    ],
    "OpD": [
      -11.246723282329295,
      -2.4079125263145684
    ],
    "Ope": [
      1.1139763279113544,
      0.3774997361326373
    ],
    "Opl1": [
      1.0650272174973794,
      0.8841557828527054
    ],
    "OpWB": [
      -25.85417811287985,
      -6.035587733357974
    ],
    "O3pl1*O3pl1": [
      0.2036037113330112,
      0.0477227415368275
    ],
    "O3pl1*O3pl2": [
      0.3873895920869362,
      0.0711708854010201
    ],
    "O3pl1*Oll": [
      -0.3873895920869084,
      -0.071170885400991
    ],
    "O3pl1*Oll1111": [
      0.6139933211773161,
      0.1619633198280145
    ],
    "O3pl1*OpD": [
      0.6476336350309616,
      0.1308190238869908
    ],
    "O3pl1*Ope": [
      -0.1000815700559674,
      -0.0410074769036684
    ],
    "O3pl1*Opl1": [
      0.0198178305790969,
      0.0242745976726575
    ],
    "O3pl1*OpWB": [
      1.4838237283371474,
      0.3111379938281658
    ],
    "O3pl2*O3pl2": [
      0.2259779630646269,
      0.062386024264645
    ],
    "O3pl2*Oll": [
      -0.4519559261292567,
      -0.1247720485292929
    ],
    "O3pl2*Oll1111": [
      1.246702113802905,
      1.4200088390843728
    ],
    "O3pl2*OpD": [
      0.6818226618047436,
      0.1459775693658559
    ],
    "O3pl2*Ope": [
      -0.0675338306115642,
      -0.0228855879583067
    ],
    "O3pl2*Opl1": [
      -0.0645663340423413,
      -0.0536011631282838
    ],
    "O3pl2*OpWB": [
      1.567386704302994,
      0.3659021735139552
    ],
    "Oll*Oll": [
      0.2259779630646269,
      0.062386024264645
    ],
    "Oll*Oll1111": [
      -1.2467021138028962,
      -1.420008839084371
    ],
    "Oll*OpD": [
      -0.6818226618047436,
      -0.1459775693658772
    ],
    "Oll*Ope": [
      0.0675338306115721,
      0.0228855879583153
    ],
    "Oll*Opl1": [
      0.064566334042339,
      0.0536011631282848
    ],
    "Oll*OpWB": [
      -1.5673867043030048,
      -0.3659021735139626
    ],
    "Oll1111*Oll1111": [
      5.076111653715632,
      20.304446614862528
    ],
    "Oll1111*OpD": [
      1.463954332484335,
      1.06463260652823
    ],
    "Oll1111*Ope": [
      0.0,
      0.0
    ],
    "Oll1111*Opl1": [
      -0.6327087926255874,
      -1.258045519256351
    ],
    "Oll1111*OpWB": [
      3.4746468793249545,
      2.954161396758801
    ],
    "OpD*OpD": [
      0.5420036980049617,
      0.1068243297621826
    ],
    "OpD*Ope": [
      -0.1328981848723082,
      -0.0477391797652237
    ],
    "OpD*Opl1": [
      -0.034189026773756,
      -0.0151585454788455
    ],
    "OpD*OpWB": [
      2.4826154168794226,
      0.5168876114129003
    ],
    "Ope*Ope": [
      0.021363806960671,
      0.0124924852367117
    ],
    "Ope*Opl1": [
      -0.032547739444403,
      -0.0181218889453599
    ],
    "Ope*OpWB": [
      -0.31300357807481,
      -0.1193133676041726
    ],
    "Opl1*Opl1": [
      0.0421920823107193,
      0.0389378804004697
    ],
    "Opl1*OpWB": [
      -0.0835629759658539,
      -0.0547641796857467
    ],
    "OpWB*OpWB": [
      2.8489022460705757,
      0.6321495340956658
    ]
  },
  "NLO": {
    "SM": [
      61.4858591035178,
      16.97447948438956
    ],
    "O3pl1": [
      -6.390024545566098,
      -1.1739698585910725
    ],
    "O3pl2": [
      -7.455051763064547,
      -2.058125641444584
    ],
    "Oll": [
      7.455051763064292,
      2.058125641444386
    ],
    "Oll1111": [
      -20.56445828937748,
      -23.423167586378664
    ],
    "OpD": [
      -11.246723282329295,
      -2.4079125263145684
    ],
    "Ope": [
      1.1139763279113544,
      0.3774997361326373
    ],
    "Opl1": [
      1.0650272174973794,
      0.8841557828527054
    ],
    "OpWB": [
      -25.85417811287985,
      -6.035587733357974
    ],
    "O3pl1*O3pl1": [
      0.2036037113330112,
      0.0477227415368275
    ],
    "O3pl1*O3pl2": [
      0.3873895920869362,
      0.0711708854010201
    ],
    "O3pl1*Oll": [
      -0.3873895920869084,
      -0.071170885400991
    ],
    "O3pl1*Oll1111": [
      0.6139933211773161,
      0.1619633198280145
    ],
    "O3pl1*OpD": [
      0.6476336350309616,
      0.1308190238869908
    ],
    "O3pl1*Ope": [
      -0.1000815700559674,
      -0.0410074769036684
    ],
    "O3pl1*Opl1": [
      0.0198178305790969,
      0.0242745976726575
    ],
    "O3pl1*OpWB": [
      1.4838237283371474,
      0.3111379938281658
    ],
    "O3pl2*O3pl2": [
      0.2259779630646269,
      0.062386024264645
    ],
    "O3pl2*Oll": [
      -0.4519559261292567,
      -0.1247720485292929
    ],
    "O3pl2*Oll1111": [
      1.246702113802905,
      1.4200088390843728
    ],
    "O3pl2*OpD": [
      0.6818226618047436,
      0.1459775693658559
    ],
    "O3pl2*Ope": [
      -0.0675338306115642,
      -0.0228855879583067
    ],
    "O3pl2*Opl1": [
      -0.0645663340423413,
      -0.0536011631282838
    ],
    "O3pl2*OpWB": [
      1.567386704302994,
      0.3659021735139552
    ],
    "Oll*Oll": [
      0.2259779630646269,
      0.062386024264645
    ],
    "Oll*Oll1111": [
      -1.2467021138028962,
      -1.420008839084371
    ],
    "Oll*OpD": [
      -0.6818226618047436,
      -0.1459775693658772
    ],
    "Oll*Ope": [
      0.0675338306115721,
      0.0228855879583153
    ],
    "Oll*Opl1": [
      0.064566334042339,
      0.0536011631282848
    ],
    "Oll*OpWB": [
      -1.5673867043030048,
      -0.3659021735139626
    ],
    "Oll1111*Oll1111": [
      5.076111653715632,
      20.304446614862528
    ],
    "Oll1111*OpD": [
      1.463954332484335,
      1.06463260652823
    ],
    "Oll1111*Ope": [
      0.0,
      0.0
    ],
    "Oll1111*Opl1": [
      -0.6327087926255874,
      -1.258045519256351
    ],
    "Oll1111*OpWB": [
      3.4746468793249545,
      2.954161396758801
    ],
    "OpD*OpD": [
      0.5420036980049617,
      0.1068243297621826
    ],
    "OpD*Ope": [
      -0.1328981848723082,
      -0.0477391797652237
    ],
    "OpD*Opl1": [
      -0.034189026773756,
      -0.0151585454788455
    ],
    "OpD*OpWB": [
      2.4826154168794226,
      0.5168876114129003
    ],
    "Ope*Ope": [
      0.021363806960671,
      0.0124924852367117
    ],
    "Ope*Opl1": [
      -0.032547739444403,
      -0.0181218889453599
    ],
    "Ope*OpWB": [
      -0.31300357807481,
      -0.1193133676041726
    ],
    "Opl1*Opl1": [
      0.0421920823107193,
      0.0389378804004697
    ],
    "Opl1*OpWB": [
      -0.0835629759658539,
      -0.0547641796857467
    ],
    "OpWB*OpWB": [
      2.8489022460705757,
      0.6321495340956658
    ]
  }
}
