{
  "best_sm": [
    0.4945085985002329,
    0.4538988495778117
  ],
  "scales": [
    250.0,
    500.0
  ],
  "theory_cov": [
    [
      0.0,
      0.0
    ],
    [
      0.0,
      0.0
    ]
  ],
  "LO": {
    "SM": [
      0.4945085985002329,
      0.4538988495778117
    ],
    "O3pl1": [
      0.0027550531421971,
      0.0027026487953668
    ],
    "O3pl2": [
      0.02956665815545,
      0.0281202018444922
    ],
    "Oll": [
      0.0246616516857596,
      0.113808149715701
    ],
    "Oll1122": [
      0.024661651685759,
      0.1138081497157009
    ],
    "OpD": [
      0.0050538382865864,
      0.003796505318145
    ],
    "Ope": [
      -0.0478753904577828,
      -0.0465845153988812
    ],
    "Opl1": [
      0.0027550531421974,
      0.0027026487953667
    ],
    "Opl2": [
      0.0295666581554506,
      0.0281202018444928
    ],
    "Opmu": [
      -0.0145331340812037,
      -0.0149758679564642
    ],
    "OpWB": [
      0.0603572896367141,
      0.0575583299524922
    ],
    "O3pl1*O3pl1": [
      0.0001128160401144,
      0.0001238869186125
    ],
    "O3pl1*O3pl2": [
      0.0019598579647531,
      0.0018850308334025
    ],
    "O3pl1*Oll": [
      0.0018774072538249,
      0.0092459772513934
    ],
    "O3pl1*Oll1122": [
      0.002044429916308,
      0.0094098229466524
    ],
    "O3pl1*OpD": [
      0.0007555763576001,
      0.0006738122436737
    ],
    "O3pl1*Ope": [
      -0.0026908887746682,
      -0.0026548454942122
    ],
    "O3pl1*Opl1": [
      5.86094177456e-05,
      8.3928141966e-05
    ],
    "O3pl1*Opl2": [
      0.00179283530227,
      0.0017211851381434
    ],
    "O3pl1*Opmu": [
      -0.0005342478712933,
      -0.0006187927292281
    ],
    "O3pl1*OpWB": [
      0.0040811655802623,
      0.0039827813588876
    ],
    "O3pl2*O3pl2": [
      0.0012789726289714,
      0.0013908401341192
    ],
    "O3pl2*Oll": [
      -0.0020124074216726,
      -0.0003178063445174
    ],
    "O3pl2*Oll1122": [
      -0.0002199548949982,
      0.0013869560463401
    ],
    "O3pl2*OpD": [
      0.0041501875424302,
      0.0039053432790589
    ],
    "O3pl2*Ope": [
      -0.0003934859795216,
      -0.0010348606381376
    ],
    "O3pl2*Opl1": [
      0.0001674054380786,
      0.0001802684425448
    ],
    "O3pl2*Opl2": [
      0.0007654927312684,
      0.0010769178773809
    ],
    "O3pl2*Opmu": [
      0.0003502807534005,
      8.01906734656e-05
    ],
    "O3pl2*OpWB": [
      0.0084365074337445,
      0.0087145767443669
    ],
    "Oll*Oll": [
      0.0066572281712588,
      0.1515079168846669
    ],
    "Oll*Oll1122": [
      0.0148095471858486,
      0.3099153522891992
    ],
    "Oll*OpD": [
      0.0051761256073825,
      0.02473134493842
    ],
    "Oll*Ope": [
      0.0084937517736362,
      0.0241122349437131
    ],
    "Oll*Opl1": [
      0.0003823164104939,
      0.0023464587315279
    ],
    "Oll*Opl2": [
      -0.0035074982650036,
      -0.0072173248643832
    ],
    "Oll*Opmu": [
      0.0036564733599153,
      0.0122189475248
    ],
    "Oll*OpWB": [
      -0.0002520981688363,
      0.0166723906537587
    ],
    "Oll1122*Oll1122": [
      0.0081523190145897,
      0.1584074354045325
    ],
    "Oll1122*OpD": [
      0.005482510088123,
      0.0249615047188817
    ],
    "Oll1122*Ope": [
      0.0055913485280478,
      0.0212880898580014
    ],
    "Oll1122*Opl1": [
      0.0005493390729771,
      0.002510304426787
    ],
    "Oll1122*Opl2": [
      -0.001715045738329,
      -0.0055125624735255
    ],
    "Oll1122*Opmu": [
      0.0027754149471791,
      0.0113110487620594
    ],
    "Oll1122*OpWB": [
      0.0034070091859326,
      0.0201618135507285
    ],
    "OpD*OpD": [
      0.0008309028280007,
      0.0006585376615549
    ],
    "OpD*Ope": [
      -0.0057989557978449,
      -0.0057140119534184
    ],
    "OpD*Opl1": [
      0.0004491918768594,
      0.0004436524632121
    ],
    "OpD*Opl2": [
      0.0038438030616896,
      0.0036751834985974
    ],
    "OpD*Opmu": [
      -0.0015775003360229,
      -0.0016953589776853
    ],
    "OpD*OpWB": [
      0.0091609819132634,
      0.008551076198656
    ],
    "Ope*Ope": [
      -0.0026093202506158,
      -0.0019971520228581
    ],
    "Ope*Opl1": [
      0.0002115144709202,
      0.0001692995914994
    ],
    "Ope*Opl2": [
      0.0025089172660668,
      0.001789284447574
    ],
    "Ope*Opmu": [
      -0.0023616465630403,
      -0.0019797304918125
    ],
    "Ope*OpWB": [
      -0.0057597352650185,
      -0.0068901259482759
    ],
    "Opl1*Opl1": [
      -5.42066223687e-05,
      -3.99587766465e-05
    ],
    "Opl1*Opl2": [
      3.827755954725822e-07,
      1.64227472857e-05
    ],
    "Opl1*Opmu": [
      0.0003468105414428,
      0.0002891060335124
    ],
    "Opl1*OpWB": [
      0.0004220582254932,
      0.0004933584619177
    ],
    "Opl2*Opl2": [
      -0.000513479897703,
      -0.0003139222567384
    ],
    "Opl2*Opmu": [
      0.0012313391661367,
      0.0009880894362063
    ],
    "Opl2*OpWB": [
      0.0047774000789756,
      0.0052251538473973
    ],
    "Opmu*Opmu": [
      -0.0006308341972712,
      -0.00055524591215
    ],
    "Opmu*OpWB": [
      -0.0003435386361827,
      -0.0010057809123785
    ],
    "OpWB*OpWB": [
      0.0116876982274618,
      0.0118554694335602
    ]
  },
  "NLO": {
    "SM": [
      0.4945085985002329,
      0.4538988495778117
    ],
    "O3pl1": [
      0.0027550531421971,
      0.0027026487953668
    ],
    "O3pl2": [
      0.02956665815545,
      0.0281202018444922
    ],
    "Oll": [
      0.0246616516857596,
      0.113808149715701
    ],
    "Oll1122": [
      0.024661651685759,
      0.1138081497157009
    ],
    "OpD": [
      0.0050538382865864,
      0.003796505318145
    ],
    "Ope": [
      -0.0478753904577828,
      -0.0465845153988812
    ],
    "Opl1": [
      0.0027550531421974,
      0.0027026487953667
    ],
    "Opl2": [
      0.0295666581554506,
      0.0281202018444928
    ],
    "Opmu": [
      -0.0145331340812037,
      -0.0149758679564642
    ],
    "OpWB": [
      0.0603572896367141,
      0.0575583299524922
    ],
    "O3pl1*O3pl1": [
      0.0001128160401144,
      0.0001238869186125
    ],
    "O3pl1*O3pl2": [
      0.0019598579647531,
      0.0018850308334025
    ],
    "O3pl1*Oll": [
      0.0018774072538249,
      0.0092459772513934
    ],
    "O3pl1*Oll1122": [
      0.002044429916308,
      0.0094098229466524
    ],
    "O3pl1*OpD": [
      0.0007555763576001,
      0.0006738122436737
    ],
    "O3pl1*Ope": [
      -0.0026908887746682,
      -0.0026548454942122
    ],
    "O3pl1*Opl1": [
      5.86094177456e-05,
      8.3928141966e-05
    ],
    "O3pl1*Opl2": [
      0.00179283530227,
      0.0017211851381434
    ],
    "O3pl1*Opmu": [
      -0.0005342478712933,
      -0.0006187927292281
    ],
    "O3pl1*OpWB": [
      0.0040811655802623,
      0.0039827813588876
    ],
    "O3pl2*O3pl2": [
      0.0012789726289714,
      0.0013908401341192
    ],
    "O3pl2*Oll": [
      -0.0020124074216726,
      -0.0003178063445174
    ],
    "O3pl2*Oll1122": [
      -0.0002199548949982,
      0.0013869560463401
    ],
    "O3pl2*OpD": [
      0.0041501875424302,
      0.0039053432790589
    ],
    "O3pl2*Ope": [
      -0.0003934859795216,
      -0.0010348606381376
    ],
    "O3pl2*Opl1": [
      0.0001674054380786,
      0.0001802684425448
    ],
    "O3pl2*Opl2": [
      0.0007654927312684,
      0.0010769178773809
    ],
    "O3pl2*Opmu": [
      0.0003502807534005,
      8.01906734656e-05
    ],
    "O3pl2*OpWB": [
      0.0084365074337445,
      0.0087145767443669
    ],
    "Oll*Oll": [
      0.0066572281712588,
      0.1515079168846669
    ],
    "Oll*Oll1122": [
      0.0148095471858486,
      0.3099153522891992
    ],
    "Oll*OpD": [
      0.0051761256073825,
      0.02473134493842
    ],
    "Oll*Ope": [
      0.0084937517736362,
      0.0241122349437131
    ],
    "Oll*Opl1": [
      0.0003823164104939,
      0.0023464587315279
    ],