{
    "best_sm": [
        0.645584579628708
    ],
    "scales": [
        1000.0
    ],
    "theory_cov": [
        [
            0.0
        ]
    ],
    "LO": {
        "SM": [
            0.645584579628708
        ],
        "O3pl1": [
            0.0156289855953043
        ],
        "O3pl2": [
            0.0
        ],
        "Oeb": [
            0.0382886095741306
        ],
        "Olb": [
            -5.512734742937381
        ],
        "Oll": [
            0.0
        ],
        "OpD": [
            0.0179726727576995
        ],
        "Opdi": [
            -0.02576411938279
        ],
        "Ope": [
            0.0029439140707234
        ],
        "Opl1": [
            0.0156289855953042
        ],
        "OpQ3": [
            0.0082752547209881
        ],
        "OpQM": [
            0.004137627360494
        ],
        "OpWB": [
            0.0369120054418899
        ],
        "OQe": [
            0.4190440876683465
        ],
        "OQl31": [
            2.454475314446668
        ],
        "OQlM1": [
            1.227237657223334
        ],
        "O3pl1*O3pl1": [
            -0.0010324259847152
        ],
        "O3pl1*O3pl2": [
            0.0009474934425248
        ],
        "O3pl1*Oeb": [
            -0.0122899687231689
        ],
        "O3pl1*Olb": [
            0.6785217081291824
        ],
        "O3pl1*Oll": [
            -0.0009474934425248
        ],
        "O3pl1*OpD": [
            -0.0023147147699908
        ],
        "O3pl1*Opdi": [
            0.0031994333413609
        ],
        "O3pl1*Ope": [
            -0.0001691665116602
        ],
        "O3pl1*Opl1": [
            -0.0030123454119552
        ],
        "O3pl1*OpQ3": [
            -0.002628394225348
        ],
        "O3pl1*OpQM": [
            -0.001314197112674
        ],
        "O3pl1*OpWB": [
            -0.0045406663853399
        ],
        "O3pl1*OQe": [
            -0.0258402309176649
        ],
        "O3pl1*OQl31": [
            -0.6070950893324942
        ],
        "O3pl1*OQlM1": [
            -0.3035475446662471
        ],
        "O3pl2*O3pl2": [
            0.0
        ],
        "O3pl2*Oeb": [
            0.00232121312504
        ],
        "O3pl2*Olb": [
            -0.3342046729431616
        ],
        "O3pl2*Oll": [
            0.0
        ],
        "O3pl2*OpD": [
            0.0010895774059502
        ],
        "O3pl2*Opdi": [
            -0.0015619269733638
        ],
        "O3pl2*Ope": [
            0.0001784721894046
        ],
        "O3pl2*Opl1": [
            0.0009474934425248
        ],
        "O3pl2*OpQ3": [
            0.0005016800057525
        ],
        "O3pl2*OpQM": [
            0.0002508400028762
        ],
        "O3pl2*OpWB": [
            0.0022377577158392
        ],
        "O3pl2*OQe": [
            0.0254041775631206
        ],
        "O3pl2*OQl31": [
            0.1488003972552141
        ],
        "O3pl2*OQlM1": [
            0.074400198627607
        ],
        "Oeb*Oeb": [
            0.4456089835015371
        ],
        "Oeb*Olb": [
            3.1904530847015744
        ],
        "Oeb*Oll": [
            -0.00232121312504
        ],
        "Oeb*OpD": [
            -0.0165930584746427
        ],
        "Oeb*Opdi": [
            0.0114972284027237
        ],
        "Oeb*Ope": [
            -0.0028416206638986
        ],
        "Oeb*Opl1": [
            -0.014611181848209
        ],
        "Oeb*OpQ3": [
            -0.0120362519972525
        ],
        "Oeb*OpQM": [
            -0.0060181259986262
        ],
        "Oeb*OpWB": [
            -0.0298537671485681
        ],
        "Oeb*OQe": [
            -0.2425185619243242
        ],
        "Oeb*OQl31": [
            -2.979808451397389
        ],
        "Oeb*OQlM1": [
            -1.4899042256986943
        ],
        "Olb*Olb": [
            -113.45196034902906
        ],
        "Olb*Oll": [
            0.3342046729431611
        ],
        "Olb*OpD": [
            0.7462224614546182
        ],
        "Olb*Opdi": [
            -1.066483869861334
        ],
        "Olb*Ope": [
            -0.0283304931048433
        ],
        "Olb*Opl1": [
            1.0127263810723437
        ],
        "Olb*OpQ3": [
            0.9760412858372388
        ],
        "Olb*OpQM": [
            0.4880206429186194
        ],
        "Olb*OpWB": [
            1.5543003230948578
        ],
        "Olb*OQe": [
            -3.4116089781500025
        ],
        "Olb*OQl31": [
            204.5226615800404
        ],
        "Olb*OQlM1": [
            102.2613307900202
        ],
        "Oll*Oll": [
            0.0
        ],
        "Oll*OpD": [
            -0.0010895774059502
        ],
        "Oll*Opdi": [
            0.0015619269733638
        ],
        "Oll*Ope": [
            -0.0001784721894046
        ],
        "Oll*Opl1": [
            -0.0009474934425248
        ],
        "Oll*OpQ3": [
            -0.0005016800057525
        ],
        "Oll*OpQM": [
            -0.0002508400028762
        ],
        "Oll*OpWB": [
            -0.0022377577158392
        ],
        "Oll*OQe": [
            -0.0254041775631205
        ],
        "Oll*OQl31": [
            -0.1488003972552141
        ],
        "Oll*OQlM1": [
            -0.074400198627607
        ],
        "OpD*OpD": [
            -0.0013128914684699
        ],
        "OpD*Opdi": [
            0.0035301617339208
        ],
        "OpD*Ope": [
            -0.0003819394237287
        ],
        "OpD*Opl1": [
            -0.0034042921759411
        ],
        "OpD*OpQ3": [
            -0.0028005186823676
        ],
        "OpD*OpQM": [
            -0.0014002593411838
        ],
        "OpD*OpWB": [
            -0.0049026435478384
        ],
        "OpD*OQe": [
            -0.0563948461642631
        ],
        "OpD*OQl31": [
            -0.6932701043049553
        ],
        "OpD*OQlM1": [
            -0.3466350521524776
        ],
        "Opdi*Opdi": [
            -0.0024997831142292
        ],
        "Opdi*Ope": [
            -0.0001210490226136
        ],
        "Opdi*Opl1": [
            0.0047613603147248
        ],
        "Opdi*OpQ3": [
            0.0045812391471426
        ],
        "Opdi*OpQM": [
            0.0022906195735713
        ],
        "Opdi*OpWB": [
            0.0073353490785617
        ],
        "Opdi*OQe": [
            -0.014949454119998
        ],
        "Opdi*OQl31": [
            0.9616773364314504
        ],
        "Opdi*OQlM1": [
            0.4808386682157251
        ],
        "Ope*Ope": [
            -0.0005035856641819
        ],
        "Ope*Opl1": [
            -0.0003476387010648
        ],
        "Ope*OpQ3": [
            0.0005596218765907
        ],
        "Ope*OpQM": [
            0.0002798109382953
        ],
        "Ope*OpWB": [
            0.0005398939175095
        ],
        "Ope*OQe": [
            -0.1415733419721227
        ],
        "Ope*OQl31": [
            -0.1072768000968334
        ],
        "Ope*OQlM1": [
            -0.0536384000484167
        ],
        "Opl1*Opl1": [
            -0.00197991942724
        ],
        "Opl1*OpQ3": [
            -0.0031300742311005
        ],
        "Opl1*OpQM": [
            -0.0015650371155502
        ],
        "Opl1*OpWB": [
            -0.0067784241011791
        ],
        "Opl1*OQe": [
            -0.0512444084807855
        ],
        "Opl1*OQl31": [
            -0.7558954865877059
        ],
        "Opl1*OQlM1": [
            -0.3779477432938529
        ],
        "OpQ3*OpQ3": [
            -0.0015312330103561
        ],
        "OpQ3*OpQM": [
            -0.0015312330103561
        ],
        "OpQ3*OpWB": [
            -0.006830819643206
        ],
        "OpQ3*OQe": [
            0.0762876003361129
        ],
        "OpQ3*OQl31": [
            -0.5362432338865828
        ],
        "OpQ3*OQlM1": [
            -0.2681216169432914
        ],
        "OpQM*OpQM": [
            -0.000382808252589
        ],