{
    "best_sm": [
        0.951410153017578,
        0.9538821116802816
    ],
    "scales": [
        250.0,
        500.0
    ],
    "theory_cov": [
        [
            0.0,
            0.0
        ],
        [
            0.0,
            0.0
        ]
    ],
    "LO": {
        "SM": [
            0.951410153017578,
            0.9538821116802816
        ],
        "O3pl1": [
            0.0042101439000239,
            0.0051884196895846
        ],
        "O3pl2": [
            3.4694469519536138e-15,
            1.6459056340067946e-14
        ],
        "Oee1111": [
            -0.0003230938605575,
            -0.0008015993904287
        ],
        "Ole1111": [
            0.0368224656511571,
            0.1395697463247645
        ],
        "Oll": [
            -3.6637359812630166e-15,
            -1.3544720900426911e-14
        ],
        "Oll1111": [
            -0.0017171249305558,
            -0.0039904467571241
        ],
        "OpD": [
            0.0025503343166292,
            0.0036319727961519
        ],
        "Ope": [
            -0.004345107271167,
            -0.0043766659519771
        ],
        "Opl1": [
            0.0042101439000218,
            0.0051884196895737
        ],
        "OpWB": [
            0.0078619870230802,
            0.0096888109382034
        ],
        "O3pl1*O3pl1": [
            0.000196132899911,
            0.0002167925411211
        ],
        "O3pl1*O3pl2": [
            0.0002552362540131,
            0.0003145433593898
        ],
        "O3pl1*Oee1111": [
            0.0001304243878285,
            0.0008036491016704
        ],
        "O3pl1*Ole1111": [
            0.0015428804391218,
            0.002183479186544
        ],
        "O3pl1*Oll": [
            -0.0002552362540131,
            -0.0003145433593893
        ],
        "O3pl1*Oll1111": [
            0.0005666876513706,
            0.0042131794921463
        ],
        "O3pl1*OpD": [
            0.0005165363584187,
            0.0005943529634981
        ],
        "O3pl1*Ope": [
            -0.0001644108039171,
            -0.0001752333914364
        ],
        "O3pl1*Opl1": [
            0.0001370295458095,
            0.0001190417228535
        ],
        "O3pl1*OpWB": [
            0.0012091398454658,
            0.0013970487088675
        ],
        "O3pl2*O3pl2": [
            4.44956571588051e-16,
            2.3678975447083417e-15
        ],
        "O3pl2*Oee1111": [
            -1.95872798224e-05,
            -4.85962547788e-05
        ],
        "O3pl2*Ole1111": [
            0.0022323294451405,
            0.0084612925523098
        ],
        "O3pl2*Oll": [
            -9.54097911787244e-16,
            -4.5683942739849215e-15
        ],
        "O3pl2*Oll1111": [
            -0.0001040991817267,
            -0.0002419173088261
        ],
        "O3pl2*OpD": [
            0.0001546117645654,
            0.000220185141689
        ],
        "O3pl2*Ope": [
            -0.0002634182891394,
            -0.0002653315062801
        ],
        "O3pl2*Opl1": [
            0.0002552362540123,
            0.0003145433593854
        ],
        "O3pl2*OpWB": [
            0.0004766260167153,
            0.0005873756024623
        ],
        "Oee1111*Oee1111": [
            -0.0022943390027805,
            -0.0381016128044385
        ],
        "Oee1111*Ole1111": [
            0.0012904875466395,
            0.0223833290387966
        ],
        "Oee1111*Oll": [
            1.95872798224e-05,
            4.85962547792e-05
        ],
        "Oee1111*Oll1111": [
            -0.0001218101418768,
            -0.0013448657742161
        ],
        "Oee1111*OpD": [
            6.79514158737e-05,
            0.00053602052188
        ],
        "Oee1111*Ope": [
            -0.0001323558733233,
            -0.0006705733151617
        ],
        "Oee1111*Opl1": [
            0.000150011667651,
            0.0008522453564501
        ],
        "Oee1111*OpWB": [
            0.0002069762757548,
            0.0014099792845498
        ],
        "Ole1111*Ole1111": [
            -0.0176534997485755,
            -0.3044437027431005
        ],
        "Ole1111*Oll": [
            -0.0022323294451405,
            -0.0084612925523084
        ],
        "Ole1111*Oll1111": [
            0.0065718413172455,
            0.1189050117068575
        ],
        "Ole1111*OpD": [
            0.0032409245599677,
            0.0086456259190971
        ],
        "Ole1111*Ope": [
            0.0002442099830705,
            0.0018701948113634
        ],
        "Ole1111*Opl1": [
            -0.0006894490060185,
            -0.0062778133657627
        ],
        "Ole1111*OpWB": [
            0.00704979492965,
            0.0198779564931497
        ],
        "Oll*Oll": [
            4.692427002517263e-16,
            2.0157486790850502e-15
        ],
        "Oll*Oll1111": [
            0.0001040991817266,
            0.0002419173088283
        ],
        "Oll*OpD": [
            -0.0001546117645658,
            -0.0002201851416898
        ],
        "Oll*Ope": [
            0.0002634182891394,
            0.0002653315062799
        ],
        "Oll*Opl1": [
            -0.0002552362540123,
            -0.0003145433593852
        ],
        "Oll*OpWB": [
            -0.0004766260167151,
            -0.0005873756024597
        ],
        "Oll1111*Oll1111": [
            -0.0113790417925916,
            -0.1874669250724486
        ],
        "Oll1111*OpD": [
            0.0001948605983551,
            0.0027624813625175
        ],
        "Oll1111*Ope": [
            -0.0007522301639398,
            -0.0036267813098728
        ],
        "Oll1111*Opl1": [
            0.0006707868330975,
            0.0044550968009769
        ],
        "Oll1111*OpWB": [
            0.000863833786142,
            0.0074159013306765
        ],
        "OpD*OpD": [
            0.0002432678122862,
            0.0003156840510636
        ],
        "OpD*Ope": [
            -0.0003780885035868,
            -0.0003445564291354
        ],
        "OpD*Opl1": [
            0.0003619245938528,
            0.0003741678218077
        ],
        "OpD*OpWB": [
            0.0012532963145113,
            0.0015210615515537
        ],
        "Ope*Ope": [
            -2.98642023682e-05,
            1.69981334658e-05
        ],
        "Ope*Opl1": [
            9.90074852222e-05,
            9.00981148434e-05
        ],
        "Ope*OpWB": [
            -0.0007989244210128,
            -0.0008227071546538
        ],
        "Opl1*Opl1": [
            -5.91033541013e-05,
            -9.77508182659e-05
        ],
        "Opl1*OpWB": [
            0.0007325138287511,
            0.0008096731064102
        ],
        "OpWB*OpWB": [
            0.0015739924391102,
            0.0018528485669992
        ]
    }
}