{
    "best_sm": [
        0.4850825371719686
    ],
    "scales": [
        1000.0
    ],
    "theory_cov": [
        [
            0.0
        ]
    ],
    "LO": {
        "SM": [
            0.4850825371719686
        ],
        "O3pl1": [
            0.0336655378084212
        ],
        "O3pl2": [
            0.0157622987157076
        ],
        "Oee1122": [
            0.7782842728927828
        ],
        "Ole1122": [
            -5.748514759019401
        ],
        "Ole1221": [
            0.0
        ],
        "Ole2211": [
            -0.9580857931698996
        ],
        "Oll": [
            5.242117656783321
        ],
        "Oll1122": [
            5.242117656783325
        ],
        "OpD": [
            0.0384083830610186
        ],
        "Ope": [
            -0.005907144452098
        ],
        "Opl1": [
            0.0336655378084213
        ],
        "Opl2": [
            0.0157622987157075
        ],
        "Opmu": [
            -0.028171174804081
        ],
        "OpWB": [
            0.0923011228498957
        ],
        "O3pl1*O3pl1": [
            0.0005097513819824
        ],
        "O3pl1*O3pl2": [
            0.0013306237401201
        ],
        "O3pl1*Oee1122": [
            -0.0845713688725308
        ],
        "O3pl1*Ole1122": [
            0.0292848745267984
        ],
        "O3pl1*Ole1221": [
            0.0
        ],
        "O3pl1*Ole2211": [
            -0.0539627952573699
        ],
        "O3pl1*Oll": [
            -0.3944986461298569
        ],
        "O3pl1*Oll1122": [
            -0.3924577026458384
        ],
        "O3pl1*OpD": [
            0.0017165588144158
        ],
        "O3pl1*Ope": [
            -9.27638414e-05
        ],
        "O3pl1*Opl1": [
            -0.0010214407200533
        ],
        "O3pl1*Opl2": [
            -0.0007103197438981
        ],
        "O3pl1*Opmu": [
            0.000294138596778
        ],
        "O3pl1*OpWB": [
            0.0043886063081166
        ],
        "O3pl2*O3pl2": [
            0.0003148910559981
        ],
        "O3pl2*Oee1122": [
            -0.0392139014128766
        ],
        "O3pl2*Ole1122": [
            -0.1544194888909745
        ],
        "O3pl2*Ole1221": [
            0.0
        ],
        "O3pl2*Ole2211": [
            0.0331070261966739
        ],
        "O3pl2*Oll": [
            -0.0879089921529041
        ],
        "O3pl2*Oll1122": [
            -0.0869534167202459
        ],
        "O3pl2*OpD": [
            0.0015127422148306
        ],
        "O3pl2*Ope": [
            0.0002271453705378
        ],
        "O3pl2*Opl1": [
            0.0003750483074613
        ],
        "O3pl2*Opl2": [
            -0.0003257933206624
        ],
        "O3pl2*Opmu": [
            -0.0006444041406806
        ],
        "O3pl2*OpWB": [
            0.0036608452668876
        ],
        "Oee1122*Oee1122": [
            3.883335996324248
        ],
        "Oee1122*Ole1122": [
            14.563737308835968
        ],
        "Oee1122*Ole1221": [
            0.0
        ],
        "Oee1122*Ole2211": [
            2.427289551472661
        ],
        "Oee1122*Oll": [
            -33.32246068834449
        ],
        "Oee1122*Oll1122": [
            -33.27527789196341
        ],
        "Oee1122*OpD": [
            -0.1374815611816122
        ],
        "Oee1122*Ope": [
            -0.0032320789396677
        ],
        "Oee1122*Opl1": [
            -0.1317541652536145
        ],
        "Oee1122*Opl2": [
            -0.0863966977939599
        ],
        "Oee1122*Opmu": [
            0.0531733584776213
        ],
        "Oee1122*OpWB": [
            -0.2311555642141737
        ],
        "Ole1122*Ole1122": [
            -20.04564351379352
        ],
        "Ole1122*Ole1221": [
            0.0
        ],
        "Ole1122*Ole2211": [
            9.06309778022068
        ],
        "Ole1122*Oll": [
            98.44225068560029
        ],
        "Ole1122*Oll1122": [
            98.09375205750858
        ],
        "Ole1122*OpD": [
            -0.0654430589225176
        ],
        "Ole1122*Ope": [
            0.0149072346149226
        ],
        "Ole1122*Opl1": [
            0.377783502618477
        ],
        "Ole1122*Opl2": [
            0.1940791392007058
        ],
        "Ole1122*Opmu": [
            -0.2135430196516097
        ],
        "Ole1122*OpWB": [
            -0.2336753179064159
        ],
        "Ole1221*Ole1221": [
            -93.39624708886656
        ],
        "Ole1221*Ole2211": [
            0.0
        ],
        "Ole1221*Oll": [
            0.0
        ],
        "Ole1221*Oll1122": [
            0.0
        ],
        "Ole1221*OpD": [
            0.0
        ],
        "Ole1221*Ope": [
            0.0
        ],
        "Ole1221*Opl1": [
            0.0
        ],
        "Ole1221*Opl2": [
            0.0
        ],
        "Ole1221*Opmu": [
            0.0
        ],
        "Ole1221*OpWB": [
            0.0
        ],
        "Ole2211*Ole2211": [
            -7.1172313273908685
        ],
        "Ole2211*Oll": [
            16.407041780933373
        ],
        "Ole2211*Oll1122": [
            16.348958676251428
        ],
        "Ole2211*OpD": [
            -0.0109071764870863
        ],
        "Ole2211*Ope": [
            -0.0706919325175311
        ],
        "Ole2211*Opl1": [
            0.0041203094245765
        ],
        "Ole2211*Opl2": [
            0.0911901308786205
        ],
        "Ole2211*Opmu": [
            0.0375859683447499
        ],
        "Ole2211*OpWB": [
            -0.0389458863177359
        ],
        "Oll*Oll": [
            -74.25936131118716
        ],
        "Oll*Oll1122": [
            -148.20092387117217
        ],
        "Oll*OpD": [
            -0.3709032803581664
        ],
        "Oll*Ope": [
            0.1385213874076874
        ],
        "Oll*Opl1": [
            -0.7122973973321238
        ],
        "Oll*Opl2": [
            -0.4057077433551695
        ],
        "Oll*Opmu": [
            0.5197887841283657
        ],
        "Oll*OpWB": [
            -0.9008439336228848
        ],
        "Oll1122*Oll1122": [
            -73.94156255998499
        ],
        "Oll1122*OpD": [
            -0.3685748060713103
        ],
        "Oll1122*Ope": [
            0.1381632719946121
        ],
        "Oll1122*Opl1": [
            -0.7102564538481055
        ],
        "Oll1122*Opl2": [
            -0.4047521679225111
        ],
        "Oll1122*Opmu": [
            0.5180809315468706
        ],
        "Oll1122*OpWB": [
            -0.8952482596039495
        ],
        "OpD*OpD": [
            0.0012689174021257
        ],
        "OpD*Ope": [
            0.0002062122054238
        ],
        "OpD*Opl1": [
            -0.0006119154724394
        ],
        "OpD*Opl2": [
            -0.0008157320720246
        ],
        "OpD*Opmu": [
            -4.72491339406e-05
        ],
        "OpD*OpWB": [
            0.0060303693622978
        ],
        "Ope*Ope": [
            -0.0001612543470754
        ],
        "Ope*Opl1": [
            0.0002653515716751
        ],
        "Ope*Opl2": [
            0.0005852607836131
        ],
        "Ope*Opmu": [
            7.53225791499e-05
        ],
        "Ope*OpWB": [
            0.0002509429281543
        ],
        "Opl1*Opl1": [
            -0.0015311921020357
        ],
        "Opl1*Opl2": [
            -0.0016658951765569
        ],
        "Opl1*Opmu": [
            0.002001991178273
        ],
        "Opl1*OpWB": [
            -0.0012070677108185
        ],
        "Opl2*Opl2": [
            -0.0006406843766606
        ],
        "Opl2*Opmu": [
            0.0010634484408143
        ],
        "Opl2*OpWB": [
            -0.0019348287520475
        ],
        "Opmu*Opmu": [
            -0.0005459131095939
        ],
        "Opmu*OpWB": [
            -0.0006540829069476
        ],
        "OpWB*OpWB": [
            0.0075157388118339
        ]
    }
}