{
    "best_sm": [
        0.958303870280089,
        0.9691546782167474,
        0.9651429351911136,
        0.9545684605000712
    ],
    "scales": [
        1000.0,
        1000.0,
        1000.0,
        1000.0
    ],
    "theory_cov": [
        [
            0.0,
            0.0,
            0.0,
            0.0
        ],
        [
            0.0,
            0.0,
            0.0,
            0.0
        ],
        [
            0.0,
            0.0,
            0.0,
            0.0
        ],
        [
            0.0,
            0.0,
            0.0,
            0.0
        ]
    ],
    "LO": {
        "SM": [
            0.958303870280089,
            0.9691546782167474,
            0.9651429351911136,
            0.9545684605000712
        ],
        "O3pl1": [
            0.0057553445857818,
            0.0050731883411673,
            0.0031277172771823,
            0.0037761460582992
        ],
        "O3pl2": [
            4.8613890690774055e-14,
            -3.3348324102178146e-14,
            -9.213463325608019e-14,
            -3.70536934468646e-15
        ],
        "Oee1111": [
            -0.0005518049814331,
            0.0034512918916196,
            0.031890894532605,
            -0.0184937034439012
        ],
        "Ole1111": [
            0.4671551961586362,
            0.1916492601696591,
            0.2156974977787894,
            0.5065461537495926
        ],
        "Oll": [
            -3.7539416020138106e-14,
            2.739475313262573e-14,
            6.235290062051035e-14,
            -1.249000902703301e-16
        ],
        "Oll1111": [
            -0.0031932518888222,
            0.0525353735164744,
            0.0026855795221664,
            -0.0033425789439596
        ],
        "OpD": [
            0.0043710359960091,
            0.0039999875768321,
            0.0005405183630593,
            0.0010598846130306
        ],
        "Ope": [
            -0.0041704783866127,
            -0.0033821061551641,
            -0.0059362332757134,
            -0.0063522997335127
        ],
        "Opl1": [
            0.0057553445858579,
            0.0050731883411957,
            0.0031277172771796,
            0.0037761460583846
        ],
        "OpWB": [
            0.0107474816826252,
            0.0094736288953078,
            0.0058406727247803,
            0.0070515431329211
        ],
        "O3pl1*O3pl1": [
            0.0001537674926409,
            -3.3094845083e-05,
            0.0001711473730702,
            0.0002550541162302
        ],
        "O3pl1*O3pl2": [
            0.0003489126803067,
            0.0003075575606967,
            0.0001896150963772,
            0.000228925518318
        ],
        "O3pl1*Oee1111": [
            0.0034573299764272,
            0.0017426406944454,
            0.0194181732726079,
            0.013348459938143
        ],
        "O3pl1*Ole1111": [
            -0.004761510328638,
            -0.0074037068772124,
            0.0083618482570333,
            0.0223865754977154
        ],
        "O3pl1*Oll": [
            -0.0003489126803061,
            -0.0003075575606971,
            -0.00018961509638,
            -0.0002289255183187
        ],
        "O3pl1*Oll1111": [
            0.023192149570825,
            0.0298784007972515,
            0.0018066241260475,
            0.0023249894201929
        ],
        "O3pl1*OpD": [
            0.0005076406237514,
            0.0001620394450575,
            0.0004360986785184,
            0.0005605233732116
        ],
        "O3pl1*Ope": [
            -0.0001085960027571,
            9.01093985988e-05,
            -0.0001315674626234,
            -0.0003081057871399
        ],
        "O3pl1*Opl1": [
            -4.13776950102e-05,
            -0.0003737472508648,
            0.0001526796497429,
            0.0002811827141575
        ],
        "O3pl1*OpWB": [
            0.0012258448049955,
            0.0004507283149967,
            0.0009932839301109,
            0.0013800653602584
        ],
        "O3pl2*O3pl2": [
            7.017390141195179e-15,
            -4.580537338316759e-15,
            -1.5259928737298978e-14,
            -6.42715047849407e-16
        ],
        "O3pl2*Oee1111": [
            -3.34526894154e-05,
            0.0002092315214844,
            0.0019333573029324,
            -0.0011211644309537
        ],
        "O3pl2*Ole1111": [
            0.0283208710062366,
            0.0116185670635876,
            0.0130764702204445,
            0.0307089130057192
        ],
        "O3pl2*Oll": [
            -1.2896801682149572e-14,
            6.3993949028784406e-15,
            2.737653853612798e-14,
            7.823602876655401e-16
        ],
        "O3pl2*Oll1111": [
            -0.0001935880741287,
            0.0031849106009562,
            0.0001628108856121,
            -0.0002026408951015
        ],
        "O3pl2*OpD": [
            0.0002649901951779,
            0.0002424957126058,
            3.27684481596e-05,
            6.42545681936e-05
        ],
        "O3pl2*Ope": [
            -0.0002528315673116,
            -0.0002050371973528,
            -0.0003598788973083,
            -0.0003851025586896
        ],
        "O3pl2*Opl1": [
            0.0003489126803079,
            0.0003075575607066,
            0.0001896150963926,
            0.0002289255183278
        ],
        "O3pl2*OpWB": [
            0.0006515565809336,
            0.0005743303812179,
            0.0003540856232737,
            0.000427493571922
        ],
        "Oee1111*Oee1111": [
            -0.5485585520805254,
            -0.3280240702586574,
            -4.8517370613453945,
            -3.632442929435241
        ],
        "Oee1111*Ole1111": [
            0.2810568654437109,
            0.06979028481116,
            1.1952193018237145,
            1.982222074767943
        ],
        "Oee1111*Oll": [
            3.34526894221e-05,
            -0.0002092315214866,
            -0.0019333573030937,
            0.0011211644309387
        ],
        "Oee1111*Oll1111": [
            -0.0041527917404673,
            0.0362723483040126,
            0.0286180391616515,
            -0.0269494234894782
        ],
        "Oee1111*OpD": [
            0.0026051774865395,
            0.0013439388390517,
            0.0065666973115698,
            0.002007570789826
        ],
        "Oee1111*Ope": [
            -0.0025048250742091,
            -0.0014820635754371,
            -0.0328370199703113,
            -0.0245388840616085
        ],
        "Oee1111*Opl1": [
            0.0034907826659179,
            0.001533409172959,
            0.0174848159691631,
            0.014469624369422
        ],
        "Oee1111*OpWB": [
            0.0063937194162633,
            0.0036449096271099,
            0.0398716671671195,
            0.0228331479599556
        ],
        "Ole1111*Ole1111": [
            -4.8585471399212725,
            -4.274379954959986,
            -4.863581932376188,
            -5.246185113527314
        ],
        "Ole1111*Oll": [
            -0.028320871006218,
            -0.0116185670635965,
            -0.013076470220475,
            -0.0307089130057291
        ],
        "Ole1111*Oll1111": [
            1.879057242549488,
            1.0499964045202166,
            0.0986693995927917,
            0.3681293447884863
        ],
        "Ole1111*OpD": [
            0.0168502202323678,
            0.0017686483836194,
            0.0264326862436945,
            0.0579811651966565
        ],
        "Ole1111*Ope": [
            0.0091641059462381,
            0.005699506581559,
            0.017843355597723,
            0.027547503723566
        ],
        "Ole1111*Opl1": [
            -0.0330823813346524,
            -0.0190222739408145,
            -0.0047146219635261,
            -0.0083223375078588
        ],
        "Ole1111*OpWB": [
            0.0439945503805524,
            0.0078707941764895,
            0.0400337341594331,
            0.0991500650594027
        ],