{
    "best_sm": [
        16.66,
        16.32
    ],
    "scales": [
        250.0,
        250.0
    ],
    "theory_cov": [
        [
            0.0,
            0.0
        ],
        [
            0.0,
            0.0
        ]
    ],
    "LO": {
        "SM": [
            16.66,
            16.32
        ],
        "OpD": [
            -0.08185,
            -0.08156
        ],
        "OpWB": [
            0.08792,
            0.08933
        ],
        "OWWW": [
            0.1134,
            0.1107
        ],
        "Opl1": [
            -0.4925,
            -0.4838
        ],
        "O3pl1": [
            2.415,
            2.367
        ],
        "O3pl2": [
            -2.021,
            -1.977
        ],
        "Ope": [
            -0.2982,
            -0.3048
        ],
        "Oll": [
            2.022,
            1.975
        ],
        "OpD*OpD": [
            0.003297,
            0.003297
        ],
        "OpWB*OpWB": [
            0.01526,
            0.01553
        ],
        "OWWW*OWWW": [
            0.1003,
            0.09811
        ],
        "Opl1*Opl1": [
            0.1557,
            0.1524
        ],
        "O3pl1*O3pl1": [
            0.2084,
            0.2042
        ],
        "O3pl2*O3pl2": [
            0.06133,
            0.05995
        ],
        "Ope*Ope": [
            0.1524,
            0.1557
        ],
        "Oll*Oll": [
            0.06119,
            0.06
        ],
        "OpD*OpWB": [
            -0.008917,
            -0.009054
        ],
        "OWWW*OpD": [
            -0.010866999999999988,
            -0.010587
        ],
        "OpD*Opl1": [
            0.03210299999999999,
            0.031503
        ],
        "O3pl1*OpD": [
            -0.029397000000000013,
            -0.028997000000000002
        ],
        "O3pl2*OpD": [
            0.004843000000000002,
            0.004872999999999997
        ],
        "OpD*Ope": [
            0.031503,
            0.032303
        ],
        "Oll*OpD": [
            -0.004897000000000004,
            -0.005067
        ],
        "OWWW*OpWB": [
            0.015539999999999998,
            0.015060000000000004
        ],
        "Opl1*OpWB": [
            -0.013559999999999992,
            -0.01333000000000002
        ],
        "O3pl1*OpWB": [
            0.00894,
            0.008270000000000015
        ],
        "O3pl2*OpWB": [
            -0.005450000000000007,
            -0.005390000000000004
        ],
        "Ope*OpWB": [
            -0.07269,
            -0.07427
        ],
        "Oll*OpWB": [
            0.0054000000000000055,
            0.005379999999999998
        ],
        "OWWW*Opl1": [
            -0.1114,
            -0.10901000000000002
        ],
        "OWWW*O3pl1": [
            0.1061,
            0.10339000000000001
        ],
        "OWWW*O3pl2": [
            -0.0070300000000000085,
            -0.006760000000000016
        ],
        "OWWW*Ope": [
            0.0068000000000000005,
            0.007190000000000002
        ],
        "OWWW*Oll": [
            0.0068100000000000105,
            0.0066900000000000015
        ],
        "O3pl1*Opl1": [
            -0.30415000000000003,
            -0.29796
        ],
        "O3pl2*Opl1": [
            0.029870000000000008,
            0.02914999999999998
        ],
        "Ope*Opl1": [
            -2.7755575615628914e-17,
            -2.7755575615628914e-17
        ],
        "Oll*Opl1": [
            -0.02979000000000001,
            -0.029299999999999993
        ],
        "O3pl1*O3pl2": [
            -0.14653,
            -0.14355
        ],
        "O3pl1*Ope": [
            0.018299999999999983,
            0.018299999999999983
        ],
        "O3pl1*Oll": [
            0.14681,
            0.1431
        ],
        "O3pl2*Ope": [
            0.017869999999999997,
            0.018449999999999994
        ],
        "O3pl2*Oll": [
            -0.12252,
            -0.11995
        ],
        "Oll*Ope": [
            -0.018089999999999995,
            -0.0184
        ]
    }
}