{
  "best_sm": [
    0.240962823051086
  ],
  "theory_cov": [
    [
      0.0
    ]
  ],
  "LO": {
    "SM": [
      0.240962823051086
    ],
    "OpB": [
      0.13324150991852743
    ],
    "OpW": [
      0.03463976118564855
    ],
    "OpD": [
      -0.04315762052878983
    ],
    "O3pl1": [
      0.004336407992948245
    ],
    "Opl1": [
      0.03355272447631287
    ],
    "Ope": [
      -0.45096562459527545
    ],
    "Opd": [
      0.029216316483364615
    ],
    "OpWB": [
      0.08745957996902994
    ],
    "O3pl2": [
      -0.029216316483364615
    ],
    "Oll": [
      0.029216316483364615
    ],
    "OpB^2": [
      0.022482788440922552
    ],
    "OpB*OpW": [
      0.002973529866374789
    ],
    "OpB*OpD": [
      -0.014948700781528374
    ],
    "O3pl1*OpB": [
      -0.011805324103252851
    ],
    "OpB*Opl1": [
      -0.0037276752916854455
    ],
    "OpB*Ope": [
      -0.1408535242687929
    ],
    "OpB*Opd": [
      0.008077648811567407
    ],
    "OpB*OpWB": [
      0.026770092459862612
    ],
    "O3pl2*OpB": [
      -0.008077648811567407
    ],
    "Oll*OpB": [
      0.008077648811567407
    ],
    "OpW^2": [
      0.004744773609970246
    ],
    "OpD*OpW": [
      -8.547772879902382e-05
    ],
    "O3pl1*OpW": [
      0.013315934073422644
    ],
    "Opl1*OpW": [
      0.015415938988897752
    ],
    "Ope*OpW": [
      -0.016242664518165088
    ],
    "Opd*OpW": [
      0.0021000049154751067
    ],
    "OpW*OpWB": [
      0.0052256808516821275
    ],
    "O3pl2*OpW": [
      -0.0021000049154751067
    ],
    "Oll*OpW": [
      0.0021000049154751067
    ],
    "OpD^2": [
      0.002611722817143893
    ],
    "O3pl1*OpD": [
      0.0054683419633484755
    ],
    "OpD*Opl1": [
      0.0028519493512591905
    ],
    "OpD*Ope": [
      0.04766829629961791
    ],
    "Opd*OpD": [
      -0.0026163926120892854
    ],
    "OpD*OpWB": [
      -0.008386048967955547
    ],
    "O3pl2*OpD": [
      0.0026163926120892854
    ],
    "Oll*OpD": [
      -0.0026163926120892854
    ],
    "O3pl1^2": [
      0.01264327817496854
    ],
    "O3pl1*Opl1": [
      0.025549447253020725
    ],
    "O3pl1*Ope": [
      0.027339392534632728
    ],
    "O3pl1*Opd": [
      0.0002628909030836426
    ],
    "O3pl1*OpWB": [
      -0.0016005339190137823
    ],
    "O3pl1*O3pl2": [
      -0.0002628909030836426
    ],
    "O3pl1*Oll": [
      0.0002628909030836426
    ],
    "Opl1^2": [
      0.013791775764228784
    ],
    "Ope*Opl1": [
      0.0
    ],
    "Opd*Opl1": [
      0.002034104275436844
    ],
    "Opl1*OpWB": [
      0.003701625840576151
    ],
    "O3pl2*Opl1": [
      -0.002034104275436844
    ],
    "Oll*Opl1": [
      0.002034104275436844
    ],
    "Ope^2": [
      0.23051968063068118
    ],
    "Opd*Ope": [
      -0.027339392534632728
    ],
    "Ope*OpWB": [
      -0.08481001359144535
    ],
    "O3pl2*Ope": [
      0.027339392534632728
    ],
    "Oll*Ope": [
      -0.027339392534632728
    ],
    "Opd^2": [
      0.0008856066861766006
    ],
    "Opd*OpWB": [
      0.005302159759589933
    ],
    "O3pl2*Opd": [
      -0.0017712133723532012
    ],
    "Oll*Opd": [
      0.0017712133723532012
    ],
    "OpWB^2": [
      0.008706374835229215
    ],
    "O3pl2*OpWB": [
      -0.005302159759589933
    ],
    "Oll*OpWB": [
      0.005302159759589933
    ],
    "O3pl2^2": [
      0.0008856066861766006
    ],
    "O3pl2*Oll": [
      -0.0017712133723532012
    ],
    "Oll^2": [
      0.0008856066861766006
    ]
  }
}