{
  "best_sm": [
    0.03095
  ],
  "theory_cov": [
    [
      0.0
    ]
  ],
  "LO": {
    "SM": [
      0.03095
    ],
    "OpD": [
      -0.0009393
    ],
    "Opd": [
      0.003755
    ],
    "OpW": [
      -0.001215
    ],
    "O3pl1": [
      -0.01228
    ],
    "O3pl2": [
      -0.005634
    ],
    "Oll": [
      0.005634
    ],
    "OpD^2": [
      7.122e-06
    ],
    "Opd^2": [
      0.0001139
    ],
    "OpW^2": [
      0.0003194
    ],
    "O3pl1^2": [
      0.001517
    ],
    "O3pl2^2": [
      0.0002561
    ],
    "Oll^2": [
      0.0002561
    ],
    "Opd*OpD": [
      -5.6872e-05
    ],
    "OpD*OpW": [
      1.7578000000000027e-05
    ],
    "O3pl1*OpD": [
      0.00018687800000000016
    ],
    "O3pl2*OpD": [
      8.557800000000003e-05
    ],
    "Oll*OpD": [
      -8.542199999999998e-05
    ],
    "Opd*OpW": [
      -7.38e-05
    ],
    "O3pl1*Opd": [
      -0.0007449
    ],
    "O3pl2*Opd": [
      -0.00034156
    ],
    "Oll*Opd": [
      0.00034140000000000006
    ],
    "O3pl1*OpW": [
      0.00042760000000000004
    ],
    "O3pl2*OpW": [
      0.00010989999999999996
    ],
    "Oll*OpW": [
      -0.00011020000000000002
    ],
    "O3pl1*O3pl2": [
      0.0011159000000000002
    ],
    "Oll*O3pl1": [
      -0.0011168999999999999
    ],
    "Oll*O3pl2": [
      -0.0005122
    ]
  }
}
