{
    "best_sm": [
        0.9545684605000712
    ],
    "scales": [
        1000.0
    ],
    "theory_cov": [
        [
            0.0
        ]
    ],
    "LO": {
        "SM": [
            0.9545684605000712
        ],
        "O3pl1": [
            0.0037761460582992
        ],
        "O3pl2": [
            -3.70536934468646e-15
        ],
        "Oee1111": [
            -0.0184937034439012
        ],
        "Ole1111": [
            0.5065461537495926
        ],
        "Oll": [
            -1.249000902703301e-16
        ],
        "Oll1111": [
            -0.0033425789439596
        ],
        "OpD": [
            0.0010598846130306
        ],
        "Ope": [
            -0.0063522997335127
        ],
        "Opl1": [
            0.0037761460583846
        ],
        "OpWB": [
            0.0070515431329211
        ],
        "O3pl1*O3pl1": [
            0.0002550541162302
        ],
        "O3pl1*O3pl2": [
            0.000228925518318
        ],
        "O3pl1*Oee1111": [
            0.013348459938143
        ],
        "O3pl1*Ole1111": [
            0.0223865754977154
        ],
        "O3pl1*Oll": [
            -0.0002289255183187
        ],
        "O3pl1*Oll1111": [
            0.0023249894201929
        ],
        "O3pl1*OpD": [
            0.0005605233732116
        ],
        "O3pl1*Ope": [
            -0.0003081057871399
        ],
        "O3pl1*Opl1": [
            0.0002811827141575
        ],
        "O3pl1*OpWB": [
            0.0013800653602584
        ],
        "O3pl2*O3pl2": [
            -6.42715047849407e-16
        ],
        "O3pl2*Oee1111": [
            -0.0011211644309537
        ],
        "O3pl2*Ole1111": [
            0.0307089130057192
        ],
        "O3pl2*Oll": [
            7.823602876655401e-16
        ],
        "O3pl2*Oll1111": [
            -0.0002026408951015
        ],
        "O3pl2*OpD": [
            6.42545681936e-05
        ],
        "O3pl2*Ope": [
            -0.0003851025586896
        ],
        "O3pl2*Opl1": [
            0.0002289255183278
        ],
        "O3pl2*OpWB": [
            0.000427493571922
        ],
        "Oee1111*Oee1111": [
            -3.632442929435241
        ],
        "Oee1111*Ole1111": [
            1.982222074767943
        ],
        "Oee1111*Oll": [
            0.0011211644309387
        ],
        "Oee1111*Oll1111": [
            -0.0269494234894782
        ],
        "Oee1111*OpD": [
            0.002007570789826
        ],
        "Oee1111*Ope": [
            -0.0245388840616085
        ],
        "Oee1111*Opl1": [
            0.014469624369422
        ],
        "Oee1111*OpWB": [
            0.0228331479599556
        ],
        "Ole1111*Ole1111": [
            -5.246185113527314
        ],
        "Ole1111*Oll": [
            -0.0307089130057291
        ],
        "Ole1111*Oll1111": [
            0.3681293447884863
        ],
        "Ole1111*OpD": [
            0.0579811651966565
        ],
        "Ole1111*Ope": [
            0.027547503723566
        ],
        "Ole1111*Opl1": [
            -0.0083223375078588
        ],
        "Ole1111*OpWB": [
            0.0991500650594027
        ],
        "Oll*Oll": [
            -1.795438797635995e-16
        ],
        "Oll*Oll1111": [
            0.0002026408950989
        ],
        "Oll*OpD": [
            -6.42545681961e-05
        ],
        "Oll*Ope": [
            0.0003851025586899
        ],
        "Oll*Opl1": [
            -0.0002289255183277
        ],
        "Oll*OpWB": [
            -0.000427493571925
        ],
        "Oll1111*Oll1111": [
            -0.595615691532724
        ],
        "Oll1111*OpD": [
            0.0001324697329658
        ],
        "Oll1111*Ope": [
            -0.0046993506830621
        ],
        "Oll1111*Opl1": [
            0.0025276303153545
        ],
        "Oll1111*OpWB": [
            0.0039632556412316
        ],
        "OpD*OpD": [
            0.0001601438562157
        ],
        "OpD*Ope": [
            -0.0006969065188384
        ],
        "OpD*Opl1": [
            0.0004962688050393
        ],
        "OpD*OpWB": [
            0.0011667050305398
        ],
        "Ope*Ope": [
            -0.0001118251512658
        ],
        "Ope*Opl1": [
            7.69967715499e-05
        ],
        "Ope*OpWB": [
            -0.0012944913876195
        ],
        "Opl1*Opl1": [
            2.61285979158e-05
        ],
        "Opl1*OpWB": [
            0.0009525717883731
        ],
        "OpWB*OpWB": [
            0.0016877101122487
        ]
    }
}