{
  "best_sm": [
    0.964730491850464,
    0.2357805710765818
  ],
  "scales": [
    250.0,
    500.0
  ],
  "theory_cov": [
    [
      0.0,
      0.0
    ],
    [
      0.0,
      0.0
    ]
  ],
  "LO": {
    "SM": [
      0.964730491850464,
      0.2357805710765818
    ],
    "cll1133": [
      0.29757675955484,
      0.2871823457759064
    ],
    "O3pl1": [
      -0.10827931319203,
      -0.0268023396734171
    ],
    "O3pl2": [
      -0.1169718673368952,
      -0.0285879775891462
    ],
    "O3pl3": [
      -0.0065512383118746,
      -0.001878456404906
    ],
    "Oll": [
      0.116971867336895,
      0.0285879775891462
    ],
    "Oll1331": [
      0.29757675955484,
      0.2871823457759064
    ],
    "OpD": [
      -0.2305615690689441,
      -0.0559716212630242
    ],
    "Ope": [
      -0.0195359796137768,
      -0.0037439108974398
    ],
    "Opl1": [
      0.0086925541448651,
      0.0017856379157291
    ],
    "Opl3": [
      -0.0065512383118746,
      -0.001878456404906
    ],
    "Opta": [
      -0.0384927871600891,
      -0.0083004889973408
    ],
    "OpWB": [
      -0.4328658716001683,
      -0.1069432223917702
    ],
    "cll1133*cll1133": [
      0.1294926442274414,
      0.5179705769097657
    ],
    "cll1133*O3pl1": [
      -0.0070256832802962,
      -0.007532409351448
    ],
    "cll1133*O3pl2": [
      -0.0180403281202534,
      -0.017410175969023
    ],
    "cll1133*O3pl3": [
      0.0110146448399571,
      0.0098777666175749
    ],
    "cll1133*Oll": [
      0.0180403281202534,
      0.017410175969023
    ],
    "cll1133*Oll1331": [
      0.2589852884548828,
      1.0359411538195311
    ],
    "cll1133*OpD": [
      -0.0067424871501568,
      -0.0081944414481541
    ],
    "cll1133*Ope": [
      0.0,
      0.0
    ],
    "cll1133*Opl1": [
      0.0110146448399571,
      0.0098777666175749
    ],
    "cll1133*Opl3": [
      0.0110146448399571,
      0.0098777666175749
    ],
    "cll1133*Opta": [
      0.0,
      0.0
    ],
    "cll1133*OpWB": [
      -0.026239402780355,
      -0.0281319147183111
    ],
    "O3pl1*O3pl1": [
      0.0034043638416688,
      0.0008358517533711
    ],
    "O3pl1*O3pl2": [
      0.0065643376906922,
      0.0016248681611502
    ],
    "O3pl1*O3pl3": [
      0.0008656159014696,
      0.0002080649101873
    ],
    "O3pl1*Oll": [
      -0.0065643376906922,
      -0.0016248681611502
    ],
    "O3pl1*Oll1331": [
      -0.0070256832802962,
      -0.007532409351448
    ],
    "O3pl1*OpD": [
      0.0142612318995199,
      0.0034462462458737
    ],
    "O3pl1*Ope": [
      0.0011843515028201,
      0.0002269712901768
    ],
    "O3pl1*Opl1": [
      0.0002443899926454,
      4.6835345592e-05
    ],
    "O3pl1*Opl3": [
      0.0008656159014696,
      0.0002080649101873
    ],
    "O3pl1*Opta": [
      0.0019568928523421,
      0.0004274724341987
    ],
    "O3pl1*OpWB": [
      0.0265891926908197,
      0.0065445286317495
    ],
    "O3pl2*O3pl2": [
      0.0035456580526535,
      0.000866560441034
    ],
    "O3pl2*O3pl3": [
      0.0003971630342268,
      0.0001138797598132
    ],
    "O3pl2*Oll": [
      -0.0070913161053071,
      -0.001733120882068
    ],
    "O3pl2*Oll1331": [
      -0.0180403281202534,
      -0.017410175969023
    ],
    "O3pl2*OpD": [
      0.0139775914091761,
      0.0033932300846277
    ],
    "O3pl2*Ope": [
      0.0011843515028201,
      0.0002269712901768
    ],
    "O3pl2*Opl1": [
      -0.0005269784146148,
      -0.0001082527209178
    ],
    "O3pl2*Opl3": [
      0.0003971630342268,
      0.0001138797598132
    ],
    "O3pl2*Opta": [
      0.002333591210785,
      0.0005032098114603
    ],
    "O3pl2*OpWB": [
      0.026242111001573,
      0.0064833383664466
    ],
    "O3pl3*O3pl3": [
      0.0009682140882791,
      0.0001946650258235
    ],
    "O3pl3*Oll": [
      -0.0003971630342268,
      -0.0001138797598132
    ],
    "O3pl3*Oll1331": [
      0.0110146448399571,
      0.0098777666175749
    ],
    "O3pl3*OpD": [
      0.0024774808073785,
      0.0005574419154637
    ],
    "O3pl3*Ope": [
      -0.0018255381986079,
      -0.0003670349821139
    ],
    "O3pl3*Opl1": [
      0.0004684528672428,
      9.41851503741e-05
    ],
    "O3pl3*Opl3": [
      0.0019364281765582,
      0.0003893300516471
    ],
    "O3pl3*Opta": [
      0.0,
      0.0
    ],
    "O3pl3*OpWB": [
      0.0059741722368595,
      0.0013282283846428
    ],
    "Oll*Oll": [
      0.0035456580526535,
      0.000866560441034
    ],
    "Oll*Oll1331": [
      0.0180403281202534,
      0.017410175969023
    ],
    "Oll*OpD": [
      -0.0139775914091761,
      -0.0033932300846277
    ],
    "Oll*Ope": [
      -0.0011843515028201,
      -0.0002269712901768
    ],
    "Oll*Opl1": [
      0.0005269784146148,
      0.0001082527209178
    ],
    "Oll*Opl3": [
      -0.0003971630342268,
      -0.0001138797598132
    ],
    "Oll*Opta": [
      -0.002333591210785,
      -0.0005032098114603
    ],
    "Oll*OpWB": [
      -0.026242111001573,
      -0.0064833383664466
    ],
    "Oll1331*Oll1331": [
      0.1294926442274414,
      0.5179705769097657
    ],
    "Oll1331*OpD": [
      -0.0067424871501568,
      -0.0081944414481541
    ],
    "Oll1331*Ope": [
      0.0,
      0.0
    ],
    "Oll1331*Opl1": [
      0.0110146448399571,
      0.0098777666175749
    ],
    "Oll1331*Opl3": [
      0.0110146448399571,
      0.0098777666175749
    ],
    "Oll1331*Opta": [
      0.0,
      0.0
    ],
    "Oll1331*OpWB": [
      -0.026239402780355,
      -0.0281319147183111
    ],
    "OpD*OpD": [
      0.0157263471597925,
      0.0037110860884085
    ],
    "OpD*Ope": [
      0.0026202125296585,
      0.0005073690016925
    ],
    "OpD*Opl1": [
      0.0002836404903437,
      5.3016161246e-05
    ],
    "OpD*Opl3": [
      0.0024774808073785,
      0.0005574419154637
    ],
    "OpD*Opta": [
      0.0053484187024591,
      0.0011346605350327
    ],
    "OpD*OpWB": [
      0.0573593658773341,
      0.0138129424175419
    ],
    "Ope*Ope": [
      0.0018690849868229,
      0.0003757903150046
    ],
    "Ope*Opl1": [
      0.0,
      0.0
    ],
    "Ope*Opl3": [
      -0.0018255381986079,
      -0.0003670349821139
    ],
    "Ope*Opta": [
      0.0014679753093154,
      0.000295144901273
    ],
    "Ope*OpWB": [
      0.0010143013554144,
      0.0001622905121045
    ],
    "Opl1*Opl1": [
      0.0003856842036301,
      7.75440332549e-05
    ],
    "Opl1*Opl3": [
      0.0004684528672428,
      9.41851503741e-05
    ],
    "Opl1*Opta": [
      -0.0003766983584429,
      -7.57373772616e-05
    ],
    "Opl1*OpWB": [
      0.0003470816892467,
      6.11902653028e-05
    ],
    "Opl3*Opl3": [
      0.0009682140882791,
      0.0001946650258235
    ],
    "Opl3*Opta": [
      0.0,
      0.0
    ],
    "Opl3*OpWB": [
      0.0059741722368595,
      0.0013282283846428
    ],
    "Opta*Opta": [
      0.0009682140882791,
      0.0001946650258235
    ],
    "Opta*OpWB": [
      0.0080120135624975,
      0.001737948134729
    ],
    "OpWB*OpWB": [
      0.0549064235832257,
      0.0134042253996833
    ]
  },
  "NLO": {
    "SM": [
      0.964730491850464,
      0.2357805710765818
    ],
    "cll1133": [
      0.29757675955484,
      0.2871823457759064
    ],
    "O3pl1": [
      -0.10827931319203,
      -0.0268023396734171
    ],
    "O3pl2": [
      -0.1169718673368952,
      -0.0285879775891462
    ],
    "O3pl3": [
      -0.0065512383118746,
      -0.001878456404906
    ],
    "Oll": [
      0.116971867336895,
      0.0285879775891462
    ],
    "Oll1331": [
      0.29757675955484,
      0.2871823457759064
    ],
    "OpD": [
      -0.2305615690689441,
      -0.0559716212630242
    ],
    "Ope": [
      -0.0195359796137768,
      -0.0037439108974398
    ],
    "Opl1": [
      0.0086925541448651,
      0.0017856379157291
    ],
    "Opl3": [
      -0.0065512383118746,
      -0.001878456404906
    ],
    "Opta": [
      -0.0384927871600891,
      -0.0083004889973408
    ],