{
    "best_sm": [
        0.2447466161614509,
        0.4404246563578048,
        0.1222706908864558,
        0.1001311773108377
    ],
    "scales":[
        250.0,
        250.0,
        250.0,
        250.0
    ],
    "theory_cov": [
        [
            0.0,
            0.0,
            0.0,
            0.0
        ],
        [
            0.0,
            0.0,
            0.0,
            0.0
        ],
        [
            0.0,
            0.0,
            0.0,
            0.0
        ],
        [
            0.0,
            0.0,
            0.0,
            0.0
        ]
    ],
    "LO": {
        "SM": [
            0.2447466161614509,
            0.4404246563578048,
            0.1222706908864558,
            0.1001311773108377
        ],
        "O3pl1": [
            0.0041338979069118,
            0.0093874178509007,
            -0.011068550466926,
            -0.0051642695102821
        ],
        "O3pl2": [
            -0.0296750947115586,
            -0.0534007112976872,
            -0.0148251052023116,
            -0.0121407283045697
        ],
        "Oll": [
            0.0296750947115586,
            0.0534007112976872,
            0.0148251052023116,
            0.0121407283045697
        ],
        "Opd": [
            0.0024875956096257,
            0.0065890520333925,
            -0.0129976802664834,
            -0.0064154645266815
        ],
        "OpD": [
            0.0040853897817723,
            0.0114462626797092,
            -0.0255593293378783,
            -0.0127353338625856
        ],
        "Ope": [
            -0.0024175235284704,
            -0.0013017434384071,
            -0.0217577117562339,
            -0.0117156909456644
        ],
        "Opl1": [
            0.0338089926184704,
            0.062788129148588,
            0.0037565547353856,
            0.0069764587942875
        ],
        "OpQ3": [
            0.047418864720275,
            0.0854131225750429,
            0.0231349837391109,
            0.0191106197948514
        ],
        "OpQM": [
            0.0237094323601375,
            0.0427065612875214,
            0.0115674918695554,
            0.0095553098974257
        ],
        "OpWB": [
            -0.0034206213930117,
            -0.0024401805550472,
            -0.0267525568147553,
            -0.0144717015110608
        ],
        "OQe": [
            -0.01469271326511,
            -0.0079114609889054,
            -0.1322344193859907,
            -0.0712031489001488
        ],
        "OQl31": [
            0.5338456701946119,
            0.9914276732185652,
            0.059316185577179,
            0.1101586303576183
        ],
        "OQlM1": [
            0.2669228350973059,
            0.4957138366092826,
            0.0296580927885895,
            0.0550793151788091
        ],
        "O3pl1*O3pl1": [
            0.0002298197519919,
            0.0003749690690395,
            0.0003749690690395,
            0.0002298197519919
        ],
        "O3pl1*O3pl2": [
            -0.000250613908048,
            -0.0005691039128375,
            0.0006710210922978,
            0.0003130792761043
        ],
        "O3pl1*Oll": [
            0.000250613908048,
            0.0005691039128375,
            -0.0006710210922978,
            -0.0003130792761043
        ],
        "O3pl1*Opd": [
            -0.0004550646523212,
            -0.0009645029953474,
            0.0007541666189514,
            0.0003261488087236
        ],
        "O3pl1*OpD": [
            0.0005986868694198,
            0.0008778918954113,
            0.0016435517595294,
            0.0009467140803825
        ],
        "O3pl1*Ope": [
            0.0001465602278796,
            7.89170457813e-05,
            0.0013190420509166,
            0.000710253412032
        ],
        "O3pl1*Opl1": [
            0.000710253412032,
            0.0013190420509166,
            7.89170457813e-05,
            0.0001465602278796
        ],
        "O3pl1*OpQ3": [
            0.000612493353948,
            0.0012981708675896,
            -0.0010150690446312,
            -0.0004389793334251
        ],
        "O3pl2*O3pl2": [
            0.000899513198539,
            0.0016186854697697,
            0.0004493794519892,
            0.0003680104631842
        ],
        "O3pl2*Oll": [
            -0.001799026397078,
            -0.0032373709395395,
            -0.0008987589039784,
            -0.0007360209263684
        ],
        "O3pl2*Opd": [
            -0.0001508082858865,
            -0.000399455457683,
            0.0007879728818886,
            0.0003889318684641
        ],
        "O3pl2*OpD": [
            -0.0002476731458214,
            -0.0006939195614653,
            0.0015495117578359,
            0.0007720683629518
        ],
        "O3pl2*Ope": [
            0.0001465602278796,
            7.89170457813e-05,
            0.0013190420509166,
            0.000710253412032
        ],
        "O3pl2*Opl1": [
            -0.0020496403051261,
            -0.0038064748523771,
            -0.0002277378116806,
            -0.0004229416502641
        ],
        "O3pl2*OpQ3": [
            -0.0028747267761211,
            -0.0051780950882531,
            -0.0014025379479722,
            -0.0011585644396298
        ],
        "Oll*Oll": [
            0.000899513198539,
            0.0016186854697697,
            0.0004493794519892,
            0.0003680104631842
        ],
        "Oll*Opd": [
            0.0001508082858865,
            0.000399455457683,
            -0.0007879728818886,
            -0.0003889318684641
        ],
        "Oll*OpD": [
            0.0002476731458214,
            0.0006939195614653,
            -0.0015495117578359,
            -0.0007720683629518
        ],
        "Oll*Ope": [
            -0.0001465602278796,
            -7.89170457813e-05,
            -0.0013190420509166,
            -0.000710253412032
        ],
        "Oll*Opl1": [
            0.0020496403051261,
            0.0038064748523771,
            0.0002277378116806,
            0.0004229416502641
        ],
        "Oll*OpQ3": [
            0.0028747267761211,
            0.0051780950882531,
            0.0014025379479722,
            0.0011585644396298
        ],
        "Opd*Opd": [
            0.0006432775510869,
            0.0010947960432217,
            0.0007446209279373,
            0.0004841070441395
        ],
        "Opd*OpD": [
            -0.0003645878994732,
            -0.0009518198091072,
            0.0018113604273021,
            0.0008914031170765
        ],
        "Opd*Ope": [
            5.04859233362e-05,
            2.71847279502e-05,
            0.0004543733100262,
            0.0002446625515525
        ],
        "Opd*Opl1": [
            -0.0003042563664346,
            -0.0005650475376643,
            -3.38062629371e-05,
            -6.27830597404e-05
        ],
        "Opd*OpQ3": [
            0.0,
            0.0,
            0.0,
            0.0
        ],
        "OpD*OpD": [
            0.0004345350458204,
            0.0005427989964572,
            0.0018291493803536,
            0.0010192397657733
        ],
        "OpD*Ope": [
            0.0003205876416223,
            0.0001726241147197,
            0.0028852887746013,
            0.0015536170324776
        ],
        "OpD*Opl1": [
            0.0008463600152413,
            0.0015718114568767,
            9.40400016934e-05,
            0.0001746457174307
        ],
        "OpD*OpQ3": [
            0.0006390767340624,
            0.0015335949520463,
            -0.0022662635169315,
            -0.0010881316609275
        ],