{
  "best_sm": [
    0.5313039734393522,
    0.492828285135183
  ],
  "scales": [
    250.0,
    500.0
  ],
  "theory_cov": [
    [
      0.0,
      0.0
    ],
    [
      0.0,
      0.0
    ]
  ],
  "LO": {
    "SM": [
      0.5313039734393522,
      0.492828285135183
    ],
    "O3pl1": [
      0.0327495024892506,
      0.0328393292771344
    ],
    "O3pl2": [
      0.0154640860517136,
      0.0161115289723322
    ],
    "Oll": [
      0.2579326888808951,
      1.233583666278702
    ],
    "Oll1122": [
      0.2579326888808949,
      1.2335836662787014
    ],
    "OpD": [
      0.036146090990782,
      0.037367884869149
    ],
    "Ope": [
      -0.0071914625539333,
      -0.007143447714129
    ],
    "Opl1": [
      0.0327495024892504,
      0.0328393292771344
    ],
    "Opl2": [
      0.0154640860517135,
      0.0161115289723321
    ],
    "Opmu": [
      -0.028687183759411,
      -0.0279457311321947
    ],
    "OpWB": [
      0.0900336464611677,
      0.0914104176638647
    ],
    "O3pl1*O3pl1": [
      0.0001161656536007,
      0.0004587424849787
    ],
    "O3pl1*O3pl2": [
      0.0010547635618231,
      0.0013419853674176
    ],
    "O3pl1*Oll": [
      -0.0290158668590235,
      -0.0952081155910859
    ],
    "O3pl1*Oll1122": [
      -0.0270304572068552,
      -0.0932172602692698
    ],
    "O3pl1*OpD": [
      0.0009174911419528,
      0.001695523387422
    ],
    "O3pl1*Ope": [
      -4.50296400719e-05,
      -0.0001076443080239
    ],
    "O3pl1*Opl1": [
      -0.0017530783449668,
      -0.0010733703518587
    ],
    "O3pl1*Opl2": [
      -0.0009306460903452,
      -0.0006488699543984
    ],
    "O3pl1*Opmu": [
      0.000977727001032,
      0.0004202540060488
    ],
    "O3pl1*OpWB": [
      0.0024035100457473,
      0.0042193157510332
    ],
    "O3pl2*O3pl2": [
      0.000171393207988,
      0.0002992782302513
    ],
    "O3pl2*Oll": [
      -0.0090972069589918,
      -0.0241700276205847
    ],
    "O3pl2*Oll1122": [
      -0.0081597104055981,
      -0.0231932804121849
    ],
    "O3pl2*OpD": [
      0.0010743293520813,
      0.0015138292389297
    ],
    "O3pl2*Ope": [
      0.0004180218350469,
      0.0002875817512494
    ],
    "O3pl2*Opl1": [
      0.0001172670084292,
      0.0003652381590179
    ],
    "O3pl2*Opl2": [
      -0.0005947101374177,
      -0.0003781907478971
    ],
    "O3pl2*Opmu": [
      -0.0004673755337178,
      -0.0006369282584969
    ],
    "O3pl2*OpWB": [
      0.0026097729793763,
      0.0036237513565214
    ],
    "Oll*Oll": [
      -0.2377184921014604,
      -4.257869272268194
    ],
    "Oll*Oll1122": [
      -0.4598000428392489,
      -8.440953624716883
    ],
    "Oll*OpD": [
      -0.0274962270452646,
      -0.0860410391429696
    ],
    "Oll*Ope": [
      0.0106918446679078,
      0.0410977476975409
    ],
    "Oll*Opl1": [
      -0.0446528082226954,
      -0.1699930354105782
    ],
    "Oll*Opl2": [
      -0.0247341483226638,
      -0.0989549474400764
    ],
    "Oll*Opmu": [
      0.0354622030532578,
      0.1294389768199153
    ],
    "Oll*OpWB": [
      -0.0711720309050227,
      -0.2229257324826237
    ],
    "Oll1122*Oll1122": [
      -0.2220815507377881,
      -4.183084352448697
    ],
    "Oll1122*OpD": [
      -0.0253049022162903,
      -0.0837756441396509
    ],
    "Oll1122*Ope": [
      0.0102558686046845,
      0.0406646824915566
    ],
    "Oll1122*Opl1": [
      -0.0426673985705271,
      -0.1680021800887619
    ],
    "Oll1122*Opl2": [
      -0.0237966517692701,
      -0.0979782002316765
    ],
    "Oll1122*Opmu": [
      0.0337230678847723,
      0.1277447915618348
    ],
    "Oll1122*OpWB": [
      -0.0657138206386965,
      -0.2173840566785979
    ],
    "OpD*OpD": [
      0.0008157278662228,
      0.0013007348989406
    ],
    "OpD*Ope": [
      0.0003951981879916,
      0.0002469299621437
    ],
    "OpD*Opl1": [
      -0.0012738336870215,
      -0.0005698716158966
    ],
    "OpD*Opl2": [
      -0.0011169954768929,
      -0.0007515657643889
    ],
    "OpD*Opmu": [
      0.0005902383509795,
      2.09795620032e-05
    ],
    "OpD*OpWB": [
      0.0037195087028547,
      0.0059931178838654
    ],
    "Ope*Ope": [
      -0.0002645638366908,
      -0.0002086004980728
    ],
    "Ope*Opl1": [
      0.0003909464231513,
      0.0003254208979604
    ],
    "Ope*Opl2": [
      0.0008539978982702,
      0.0007206469572337
    ],
    "Ope*Opmu": [
      4.67118181867e-05,
      7.42924667962e-05
    ],
    "Ope*OpWB": [
      0.0006965224624717,
      0.0003360136558748
    ],
    "Opl1*Opl1": [
      -0.0018692439985675,
      -0.0015321128368374
    ],
    "Opl1*Opl2": [
      -0.0018681426437389,
      -0.0016256171627982
    ],
    "Opl1*Opmu": [
      0.0027168621695175,
      0.0021144392641293
    ],
    "Opl1*OpWB": [
      -0.003054700220579,
      -0.0013223600529927
    ],
    "Opl2*Opl2": [
      -0.0007661033454057,
      -0.0006774689781484
    ],
    "Opl2*Opmu": [
      0.0012717596347676,
      0.0010572569995834
    ],
    "Opl2*OpWB": [
      -0.00284843728695,
      -0.0019179244475045
    ],
    "Opmu*Opmu": [
      -0.0008751911786371,
      -0.0006201967731811
    ],
    "Opmu*OpWB": [
      0.0009530260030336,
      -0.0004046156619431
    ],
    "OpWB*OpWB": [
      0.0046808811079292,
      0.0073230385094943
    ]
  },
  "NLO": {
    "SM": [
      0.5313039734393522,
      0.492828285135183
    ],
    "O3pl1": [
      0.0327495024892506,
      0.0328393292771344
    ],
    "O3pl2": [
      0.0154640860517136,
      0.0161115289723322
    ],
    "Oll": [
      0.2579326888808951,
      1.233583666278702
    ],
    "Oll1122": [
      0.2579326888808949,
      1.2335836662787014
    ],
    "OpD": [
      0.036146090990782,
      0.037367884869149
    ],
    "Ope": [
      -0.0071914625539333,
      -0.007143447714129
    ],
    "Opl1": [
      0.0327495024892504,
      0.0328393292771344
    ],
    "Opl2": [
      0.0154640860517135,
      0.0161115289723321
    ],
    "Opmu": [
      -0.028687183759411,
      -0.0279457311321947
    ],
    "OpWB": [
      0.0900336464611677,
      0.0914104176638647
    ],
    "O3pl1*O3pl1": [
      0.0001161656536007,
      0.0004587424849787
    ],
    "O3pl1*O3pl2": [
      0.0010547635618231,
      0.0013419853674176
    ],
    "O3pl1*Oll": [
      -0.0290158668590235,
      -0.0952081155910859
    ],
    "O3pl1*Oll1122": [
      -0.0270304572068552,
      -0.0932172602692698
    ],
    "O3pl1*OpD": [
      0.0009174911419528,
      0.001695523387422
    ],
    "O3pl1*Ope": [
      -4.50296400719e-05,
      -0.0001076443080239
    ],
    "O3pl1*Opl1": [
      -0.0017530783449668,
      -0.0010733703518587
    ],
    "O3pl1*Opl2": [
      -0.0009306460903452,
      -0.0006488699543984
    ],
    "O3pl1*Opmu": [
      0.000977727001032,
      0.0004202540060488
    ],
    "O3pl1*OpWB": [
      0.0024035100457473,
      0.0042193157510332
    ],
    "O3pl2*O3pl2": [
      0.000171393207988,
      0.0002992782302513
    ],
    "O3pl2*Oll": [
      -0.0090972069589918,
      -0.0241700276205847
    ],
    "O3pl2*Oll1122": [
      -0.0081597104055981,
      -0.0231932804121849
    ],
    "O3pl2*OpD": [
      0.0010743293520813,
      0.0015138292389297
    ],
    "O3pl2*Ope": [
      0.0004180218350469,
      0.0002875817512494
    ],
    "O3pl2*Opl1": [
      0.0001172670084292,
      0.0003652381590179
    ],
    "O3pl2*Opl2": [
      -0.0005947101374177,
      -0.0003781907478971
    ],
    "O3pl2*Opmu": [
      -0.0004673755337178,
      -0.0006369282584969
    ],
    "O3pl2*OpWB": [
      0.0026097729793763,
      0.0036237513565214
    ],
    "Oll*Oll": [
      -0.2377184921014604,
      -4.257869272268194
    ],
    "Oll*Oll1122": [
      -0.4598000428392489,
      -8.440953624716883
    ],
    "Oll*OpD": [
      -0.0274962270452646,
      -0.0860410391429696
    ],
    "Oll*Ope": [
      0.0106918446679078,
      0.0410977476975409
    ],
    "Oll*Opl1": [
      -0.0446528082226954,
      -0.1699930354105782
    ],