{
    "best_sm": [
        0.0644813505516416
    ],
    "scales": [
        1000.0
    ],
    "theory_cov": [
        [
            0.0
        ]
    ],
    "LO": {
        "SM": [
            0.0644813505516416
        ],
        "O3pl1": [
            -0.0074245691404031
        ],
        "O3pl2": [
            -0.0078182498077395
        ],
        "O3pl3": [
            -0.0006936521781647
        ],
        "Oee1133": [
            1.4056605558646762
        ],
        "Ole1133": [
            0.0581882499768203
        ],
        "Ole3311": [
            0.3491294998609219
        ],
        "Oll": [
            0.0078182498077395
        ],
        "Oll1133": [
            0.2629943795027271
        ],
        "Oll1331": [
            0.2629943795027271
        ],
        "OpD": [
            -0.015648370220963
        ],
        "Ope": [
            -0.0010040663915558
        ],
        "Opl1": [
            0.0003936806673363
        ],
        "Opl3": [
            -0.0006936521781647
        ],
        "Opta": [
            -0.0023562469299253
        ],
        "OpWB": [
            -0.0297596310634607
        ],
        "O3pl1*O3pl1": [
            0.0002301265251845
        ],
        "O3pl1*O3pl2": [
            0.0004501079440637
        ],
        "O3pl1*O3pl3": [
            6.27073615575e-05
        ],
        "O3pl1*Oee1133": [
            -0.085216929209901
        ],
        "O3pl1*Ole1133": [
            -0.0071014107674917
        ],
        "O3pl1*Ole3311": [
            -0.0211656674512253
        ],
        "O3pl1*Oll": [
            -0.0004501079440637
        ],
        "O3pl1*Oll1133": [
            -0.0070552224837417
        ],
        "O3pl1*Oll1331": [
            -0.0070552224837417
        ],
        "O3pl1*OpD": [
            0.0009600754181136
        ],
        "O3pl1*Ope": [
            6.08706378323e-05
        ],
        "O3pl1*Opl1": [
            1.01451063053e-05
        ],
        "O3pl1*Opl3": [
            6.27073615575e-05
        ],
        "O3pl1*Opta": [
            0.0001262357731713
        ],
        "O3pl1*OpWB": [
            0.0018170995977898
        ],
        "O3pl2*O3pl2": [
            0.0002369872433397
        ],
        "O3pl2*O3pl3": [
            4.20520504159e-05
        ],
        "O3pl2*Oee1133": [
            -0.085216929209901
        ],
        "O3pl2*Ole1133": [
            -0.0035276112418708
        ],
        "O3pl2*Ole3311": [
            -0.0211656674512253
        ],
        "O3pl2*Oll": [
            -0.0004739744866794
        ],
        "O3pl2*Oll1133": [
            -0.015943801885299
        ],
        "O3pl2*Oll1331": [
            -0.015943801885299
        ],
        "O3pl2*OpD": [
            0.0009486686183278
        ],
        "O3pl2*Ope": [
            6.08706378323e-05
        ],
        "O3pl2*Opl1": [
            -2.38665426156e-05
        ],
        "O3pl2*Opl3": [
            4.20520504159e-05
        ],
        "O3pl2*Opta": [
            0.0001428453882345
        ],
        "O3pl2*OpWB": [
            0.0018041513387189
        ],
        "O3pl3*O3pl3": [
            5.03966689092e-05
        ],
        "O3pl3*Oee1133": [
            0.0
        ],
        "O3pl3*Ole1133": [
            0.0
        ],
        "O3pl3*Ole3311": [
            -0.0214427971537251
        ],
        "O3pl3*Oll": [
            -4.20520504159e-05
        ],
        "O3pl3*Oll1133": [
            0.0088885794015572
        ],
        "O3pl3*Oll1331": [
            0.0088885794015572
        ],
        "O3pl3*OpD": [
            0.0001597316911525
        ],
        "O3pl3*Ope": [
            -9.96576903791e-05
        ],
        "O3pl3*Opl1": [
            2.06553111415e-05
        ],
        "O3pl3*Opl3": [
            0.0001007933378185
        ],
        "O3pl3*Opta": [
            0.0
        ],
        "O3pl3*OpWB": [
            0.0003838474621771
        ],
        "Oee1133*Oee1133": [
            11.475040473077888
        ],
        "Oee1133*Ole1133": [
            0.0
        ],
        "Oee1133*Ole3311": [
            0.0
        ],
        "Oee1133*Oll": [
            0.085216929209901
        ],
        "Oee1133*Oll1133": [
            0.0
        ],
        "Oee1133*Oll1331": [
            0.0
        ],
        "Oee1133*OpD": [
            -0.1914677482882061
        ],
        "Oee1133*Ope": [
            -0.0428855943074503
        ],
        "Oee1133*Opl1": [
            0.0
        ],
        "Oee1133*Opl3": [
            0.0
        ],
        "Oee1133*Opta": [
            -0.0428855943074503
        ],
        "Oee1133*OpWB": [
            -0.318266742185013
        ],
        "Ole1133*Ole1133": [
            0.4781266863782449
        ],
        "Ole1133*Ole3311": [
            0.0
        ],
        "Ole1133*Oll": [
            0.0035276112418708
        ],
        "Ole1133*Oll1133": [
            0.0
        ],
        "Ole1133*Oll1331": [
            0.0
        ],
        "Ole1133*OpD": [
            -0.0079375564642843
        ],
        "Ole1133*Ope": [
            0.0
        ],
        "Ole1133*Opl1": [
            -0.0035737995256208
        ],
        "Ole1133*Opl3": [
            0.0
        ],
        "Ole1133*Opta": [
            0.0044442897007786
        ],
        "Ole1133*OpWB": [
            -0.0198485455818302
        ],
        "Ole3311*Ole3311": [
            2.8687601182694715
        ],
        "Ole3311*Oll": [
            0.0211656674512253
        ],
        "Ole3311*Oll1133": [
            0.0
        ],
        "Ole3311*Oll1331": [
            0.0
        ],
        "Ole3311*OpD": [
            -0.0476253387857061
        ],
        "Ole3311*Ope": [
            0.0266657382046718
        ],
        "Ole3311*Opl1": [
            0.0
        ],
        "Ole3311*Opl3": [
            -0.0214427971537251
        ],
        "Ole3311*Opta": [
            0.0
        ],
        "Ole3311*OpWB": [
            -0.1190912734909817
        ],
        "Oll*Oll": [
            0.0002369872433397
        ],
        "Oll*Oll1133": [
            0.015943801885299
        ],
        "Oll*Oll1331": [
            0.015943801885299
        ],
        "Oll*OpD": [
            -0.0009486686183278
        ],
        "Oll*Ope": [
            -6.08706378323e-05
        ],
        "Oll*Opl1": [
            2.38665426156e-05
        ],
        "Oll*Opl3": [
            -4.20520504159e-05
        ],
        "Oll*Opta": [
            -0.0001428453882345
        ],
        "Oll*OpWB": [
            -0.0018041513387189
        ],
        "Oll1133*Oll1133": [
            1.9125067455129807
        ],
        "Oll1133*Oll1331": [
            3.8250134910259614
        ],
        "Oll1133*OpD": [
            -0.0078570237021692
        ],
        "Oll1133*Ope": [
            0.0
        ],
        "Oll1133*Opl1": [
            0.0088885794015572
        ],
        "Oll1133*Opl3": [
            0.0088885794015572
        ],
        "Oll1133*Opta": [
            0.0
        ],
        "Oll1133*OpWB": [
            -0.0263497252964856
        ],
        "Oll1331*Oll1331": [
            1.9125067455129807
        ],
        "Oll1331*OpD": [
            -0.0078570237021692
        ],
        "Oll1331*Ope": [
            0.0
        ],
        "Oll1331*Opl1": [
            0.0088885794015572
        ],
        "Oll1331*Opl3": [
            0.0088885794015572
        ],
        "Oll1331*Opta": [
            0.0
        ],
        "Oll1331*OpWB": [
            -0.0263497252964856
        ],
        "OpD*OpD": [
            0.001037362406603
        ],
        "OpD*Ope": [
            0.0001364417371564
        ],
        "OpD*Opl1": [
            1.14067997857e-05
        ],
        "OpD*Opl3": [
            0.0001597316911525
        ],
        "OpD*Opta": [
            0.0003208949451063
        ],
        "OpD*OpWB": [
            0.0038626540360811
        ],
        "Ope*Ope": [
            0.0001020349467631
        ],