{
    "best_sm": [
        0.0743672465773724,
        0.1301365099094433,
        0.06201430664316,
        0.0434026087290618
    ],
    "scales": [
        250.0,
        250.0,
        250.0,
        250.0
    ],
    "theory_cov": [
        [
            0.0,
            0.0,
            0.0,
            0.0
        ],
        [
            0.0,
            0.0,
            0.0,
            0.0
        ],
        [
            0.0,
            0.0,
            0.0,
            0.0
        ],
        [
            0.0,
            0.0,
            0.0,
            0.0
        ]
    ],
    "LO": {
        "SM": [
            0.0743672465773724,
            0.1301365099094433,
            0.06201430664316,
            0.0434026087290618
        ],
        "O3pl1": [
            -0.0031028990455015,
            -0.0047956823711599,
            -0.0068620141838863,
            -0.004042140778559
        ],
        "O3pl2": [
            -0.0090168972312392,
            -0.0157788218589584,
            -0.0075191250934127,
            -0.0052624896105366
        ],
        "Oll": [
            0.0090168972312392,
            0.0157788218589584,
            0.0075191250934127,
            0.0052624896105366
        ],
        "OpD": [
            -0.0038735458063799,
            -0.0049613668617204,
            -0.0154781611534237,
            -0.0086539068480632
        ],
        "Ope": [
            -0.0002442028505949,
            -0.000131493842628,
            -0.0021978256553544,
            -0.0011834445836523
        ],
        "Opl1": [
            0.0059139981857376,
            0.0109831394877985,
            0.0006571109095264,
            0.0012203488319776
        ],
        "OpqMi": [
            -0.0052394055939526,
            -0.0098591226641827,
            0.0002860376793855,
            -0.0006279690741488
        ],
        "Opui": [
            -0.0009950382438503,
            -0.002635620813357,
            0.0051990721065933,
            0.0025661858106725
        ],
        "OpWB": [
            -0.0128483832254581,
            -0.0200098126855726,
            -0.0273893618928523,
            -0.0162027237742216
        ],
        "O3pl1*O3pl1": [
            0.0001299278976318,
            0.0002119876224519,
            0.0002119876224519,
            0.0001299278976318
        ],
        "O3pl1*O3pl2": [
            0.0001881105130273,
            0.0002907340064649,
            0.0004160035468775,
            0.0002450512132148
        ],
        "O3pl1*Oll": [
            -0.0001881105130273,
            -0.0002907340064649,
            -0.0004160035468775,
            -0.0002450512132148
        ],
        "O3pl1*OpD": [
            0.0003267670372981,
            0.000471518152169,
            0.0009485650379217,
            0.000543606530822
        ],
        "O3pl1*Ope": [
            1.48045820487e-05,
            7.971698026255702e-06,
            0.0001332412384388,
            7.17452822363e-05
        ],
        "O3pl1*Opl1": [
            7.17452822363e-05,
            0.0001332412384388,
            7.971698026255748e-06,
            1.48045820487e-05
        ],
        "O3pl1*OpqMi": [
            2.97635950694e-05,
            6.30835123105e-05,
            -4.93264193271e-05,
            -2.13318284022e-05
        ],
        "O3pl1*Opui": [
            0.0001820258609285,
            0.0003858011981389,
            -0.0003016666475805,
            -0.0001304595234894
        ],
        "O3pl1*OpWB": [
            0.0007809482009266,
            0.0012168403802907,
            0.0016606810112255,
            0.0009826939422606
        ],
        "O3pl2*O3pl2": [
            0.0002733207138243,
            0.0004782885668095,
            0.0002279201575844,
            0.0001595168914493
        ],
        "O3pl2*Oll": [
            -0.0005466414276487,
            -0.0009565771336191,
            -0.0004558403151688,
            -0.0003190337828986
        ],
        "O3pl2*OpD": [
            0.0002348302919907,
            0.0003007784823125,
            0.0009383498439987,
            0.0005246354563935
        ],
        "O3pl2*Ope": [
            1.48045820487e-05,
            7.971698026255702e-06,
            0.0001332412384388,
            7.17452822363e-05
        ],
        "O3pl2*Opl1": [
            -0.0003585309146214,
            -0.0006658431271541,
            -3.98367682912e-05,
            -7.39825696837e-05
        ],
        "O3pl2*OpqMi": [
            0.0003176343347894,
            0.0005977006003619,
            -1.73407815804e-05,
            3.80700702701e-05
        ],
        "O3pl2*Opui": [
            6.03233143546e-05,
            0.0001597821830732,
            -0.0003151891527554,
            -0.0001555727473856
        ],
        "O3pl2*OpWB": [
            0.0007789218806897,
            0.0012130772141364,
            0.0016604558645325,
            0.0009822758126879
        ],
        "Oll*Oll": [
            0.0002733207138243,
            0.0004782885668095,
            0.0002279201575844,
            0.0001595168914493
        ],
        "Oll*OpD": [
            -0.0002348302919907,
            -0.0003007784823125,
            -0.0009383498439987,
            -0.0005246354563935
        ],
        "Oll*Ope": [
            -1.48045820487e-05,
            -7.971698026255743e-06,
            -0.0001332412384388,
            -7.17452822363e-05
        ],
        "Oll*Opl1": [
            0.0003585309146214,
            0.0006658431271541,
            3.98367682912e-05,
            7.39825696837e-05
        ],
        "Oll*OpqMi": [
            -0.0003176343347894,
            -0.0005977006003619,
            1.73407815804e-05,
            -3.80700702701e-05
        ],
        "Oll*Opui": [
            -6.03233143546e-05,
            -0.0001597821830732,
            0.0003151891527554,
            0.0001555727473856
        ],
        "Oll*OpWB": [
            -0.0007789218806897,
            -0.0012130772141364,
            -0.0016604558645325,
            -0.0009822758126879
        ],
        "OpD*OpD": [
            0.0002355089624671,
            0.0002810707466671,
            0.0010797659373282,
            0.0005985522309494
        ],
        "OpD*Ope": [
            3.13146500516e-05,
            1.68617346431e-05,
            0.0002818318504648,
            0.0001517556117887
        ],
        "OpD*Opl1": [
            9.19367453073e-05,
            0.0001707396698565,
            1.0215193923e-05,
            1.89710744285e-05
        ],
        "OpD*OpqMi": [
            9.009906488400967e-06,
            3.70044666168e-05,
            -0.0001356457337672,
            -6.94674573225e-05
        ],
        "OpD*Opui": [
            0.0001458351597892,
            0.0003807279236429,
            -0.0007245441709208,
            -0.0003565612468306
        ],
        "OpD*OpWB": [
            0.00103189706821,
            0.001373078360076,
            0.0037769125453998,
            0.0021245489706299
        ],
        "Ope*Ope": [
            4.43935758662e-05,
            2.39042331587e-05,
            0.0003995421827965,
            0.0002151380984288
        ],
        "Ope*Opl1": [
            0.0,
            0.0,
            0.0,
            0.0
        ],
        "Ope*OpqMi": [
            4.77670205115e-05,
            2.57207033523e-05,
            0.0004299031846038,
            0.0002314863301713
        ],
        "Ope*Opui": [
            -2.01943693344e-05,
            -1.08738911801e-05,
            -0.0001817493240104,
            -9.7865020621e-05
        ],
        "Ope*OpWB": [
            -3.39078271156e-05,
            -1.82580607545e-05,
            -0.0003051704440409,
            -0.0001643225467912
        ],
        "Opl1*Opl1": [
            0.0002151380984288,
            0.0003995421827965,
            2.39042331587e-05,
            4.43935758662e-05
        ],