{
    "best_sm": [
        0.9691546782167474
    ],
    "scales": [
        1000.0
    ],
    "theory_cov": [
        [
            0.0
        ]
    ],
    "LO": {
        "SM": [
            0.9691546782167474
        ],
        "O3pl1": [
            0.0050731883411673
        ],
        "O3pl2": [
            -3.3348324102178146e-14
        ],
        "Oee1111": [
            0.0034512918916196
        ],
        "Ole1111": [
            0.1916492601696591
        ],
        "Oll": [
            2.739475313262573e-14
        ],
        "Oll1111": [
            0.0525353735164744
        ],
        "OpD": [
            0.0039999875768321
        ],
        "Ope": [
            -0.0033821061551641
        ],
        "Opl1": [
            0.0050731883411957
        ],
        "OpWB": [
            0.0094736288953078
        ],
        "O3pl1*O3pl1": [
            -3.3094845083e-05
        ],
        "O3pl1*O3pl2": [
            0.0003075575606967
        ],
        "O3pl1*Oee1111": [
            0.0017426406944454
        ],
        "O3pl1*Ole1111": [
            -0.0074037068772124
        ],
        "O3pl1*Oll": [
            -0.0003075575606971
        ],
        "O3pl1*Oll1111": [
            0.0298784007972515
        ],
        "O3pl1*OpD": [
            0.0001620394450575
        ],
        "O3pl1*Ope": [
            9.01093985988e-05
        ],
        "O3pl1*Opl1": [
            -0.0003737472508648
        ],
        "O3pl1*OpWB": [
            0.0004507283149967
        ],
        "O3pl2*O3pl2": [
            -4.580537338316759e-15
        ],
        "O3pl2*Oee1111": [
            0.0002092315214844
        ],
        "O3pl2*Ole1111": [
            0.0116185670635876
        ],
        "O3pl2*Oll": [
            6.3993949028784406e-15
        ],
        "O3pl2*Oll1111": [
            0.0031849106009562
        ],
        "O3pl2*OpD": [
            0.0002424957126058
        ],
        "O3pl2*Ope": [
            -0.0002050371973528
        ],
        "O3pl2*Opl1": [
            0.0003075575607066
        ],
        "O3pl2*OpWB": [
            0.0005743303812179
        ],
        "Oee1111*Oee1111": [
            -0.3280240702586574
        ],
        "Oee1111*Ole1111": [
            0.06979028481116
        ],
        "Oee1111*Oll": [
            -0.0002092315214866
        ],
        "Oee1111*Oll1111": [
            0.0362723483040126
        ],
        "Oee1111*OpD": [
            0.0013439388390517
        ],
        "Oee1111*Ope": [
            -0.0014820635754371
        ],
        "Oee1111*Opl1": [
            0.001533409172959
        ],
        "Oee1111*OpWB": [
            0.0036449096271099
        ],
        "Ole1111*Ole1111": [
            -4.274379954959986
        ],
        "Ole1111*Oll": [
            -0.0116185670635965
        ],
        "Ole1111*Oll1111": [
            1.0499964045202166
        ],
        "Ole1111*OpD": [
            0.0017686483836194
        ],
        "Ole1111*Ope": [
            0.005699506581559
        ],
        "Ole1111*Opl1": [
            -0.0190222739408145
        ],
        "Ole1111*OpWB": [
            0.0078707941764895
        ],
        "Oll*Oll": [
            -3.862361819262361e-15
        ],
        "Oll*Oll1111": [
            -0.0031849106009862
        ],
        "Oll*OpD": [
            -0.0002424957126066
        ],
        "Oll*Ope": [
            0.000205037197353
        ],
        "Oll*Opl1": [
            -0.0003075575607062
        ],
        "Oll*OpWB": [
            -0.0005743303812167
        ],
        "Oll1111*Oll1111": [
            -4.170132634126242
        ],
        "Oll1111*OpD": [
            0.0259943874227421
        ],
        "Oll1111*Ope": [
            -0.0190063515177547
        ],
        "Oll1111*Opl1": [
            0.0266934901962644
        ],
        "Oll1111*OpWB": [
            0.0617421473780851
        ],
        "OpD*OpD": [
            0.0001509990050922
        ],
        "OpD*Ope": [
            -6.11134547793e-05
        ],
        "OpD*Opl1": [
            -8.04562675424e-05
        ],
        "OpD*OpWB": [
            0.0007554255235787
        ],
        "Ope*Ope": [
            -3.47074539627e-05
        ],
        "Ope*Opl1": [
            0.0002951465959513
        ],
        "Ope*OpWB": [
            -0.0002146151969822
        ],
        "Opl1*Opl1": [
            -0.0003406524057857
        ],
        "Opl1*OpWB": [
            -0.0001236020662267
        ],
        "OpWB*OpWB": [
            0.0009570929592041
        ]
    }
}