{
  "best_sm": [
    0.4737813493006153
  ],
  "scales": [
    1000.0
  ],
  "theory_cov": [
    [
      0.0
    ]
  ],
  "LO": {
    "SM": [
      0.4737813493006153
    ],
    "cll1133": [
      5.38354268896617
    ],
    "O3pl1": [
      0.0349206202215866
    ],
    "O3pl2": [
      2.0816681711721685e-17
    ],
    "O3pl3": [
      0.0141703189696542
    ],
    "Oll": [
      -2.498001805406602e-16
    ],
    "Oll1331": [
      5.38354268896617
    ],
    "OpD": [
      0.0394391555371882
    ],
    "Ope": [
      -0.002728176225601
    ],
    "Opl1": [
      0.0349206202215867
    ],
    "Opl3": [
      0.0141703189696542
    ],
    "Opta": [
      -0.0285327434602439
    ],
    "OpWB": [
      0.0916720036268548
    ],
    "cll1133*cll1133": [
      -84.2435360800043
    ],
    "cll1133*O3pl1": [
      -0.4767797527888783
    ],
    "cll1133*O3pl2": [
      0.326372518820452
    ],
    "cll1133*O3pl3": [
      -0.4220213100919801
    ],
    "cll1133*Oll": [
      -0.3263725188204471
    ],
    "cll1133*Oll1331": [
      -168.4870721600086
    ],
    "cll1133*OpD": [
      -0.5000002112886122
    ],
    "cll1133*Ope": [
      0.0683468180995861
    ],
    "cll1133*Opl1": [
      -0.8031522716093327
    ],
    "cll1133*Opl3": [
      -0.4220213100919801
    ],
    "cll1133*Opta": [
      0.5423119621363599
    ],
    "cll1133*OpWB": [
      -1.0689482098273668
    ],
    "O3pl1*O3pl1": [
      0.0004421198386698
    ],
    "O3pl1*O3pl2": [
      0.0021170317463722
    ],
    "O3pl1*O3pl3": [
      -0.0010152353614727
    ],
    "O3pl1*Oll": [
      -0.0021170317463722
    ],
    "O3pl1*Oll1331": [
      -0.4767797527888783
    ],
    "O3pl1*OpD": [
      0.0012706049063642
    ],
    "O3pl1*Ope": [
      -3.40642938611e-05
    ],
    "O3pl1*Opl1": [
      -0.0012327920690324
    ],
    "O3pl1*Opl3": [
      -0.0010152353614727
    ],
    "O3pl1*Opta": [
      0.0002364839077967
    ],
    "O3pl1*OpWB": [
      0.0037087069039647
    ],
    "O3pl2*O3pl2": [
      -1.5178830414797062e-18
    ],
    "O3pl2*O3pl3": [
      0.0008590630671683
    ],
    "O3pl2*Oll": [
      -2.775557561562892e-17
    ],
    "O3pl2*Oll1331": [
      0.326372518820452
    ],
    "O3pl2*OpD": [
      0.0023909639574708
    ],
    "O3pl2*Ope": [
      -0.000165393273162
    ],
    "O3pl2*Opl1": [
      0.0021170317463722
    ],
    "O3pl2*Opl3": [
      0.0008590630671683
    ],
    "O3pl2*Opta": [
      -0.0017297723618062
    ],
    "O3pl2*OpWB": [
      0.0055575342219047
    ],
    "O3pl3*O3pl3": [
      -0.0005744213083768
    ],
    "O3pl3*Oll": [
      -0.0008590630671683
    ],
    "O3pl3*Oll1331": [
      -0.4220213100919801
    ],
    "O3pl3*OpD": [
      -0.0011588249269475
    ],
    "O3pl3*Ope": [
      0.0002835768241183
    ],
    "O3pl3*Opl1": [
      -0.0018742984286411
    ],
    "O3pl3*Opl3": [
      -0.0011488426167536
    ],
    "O3pl3*Opta": [
      0.0011857359323804
    ],
    "O3pl3*OpWB": [
      -0.002436973780305
    ],
    "Oll*Oll": [
      2.53703308361608e-17
    ],
    "Oll*Oll1331": [
      -0.3263725188204471
    ],
    "Oll*OpD": [
      -0.0023909639574708
    ],
    "Oll*Ope": [
      0.000165393273162
    ],
    "Oll*Opl1": [
      -0.0021170317463722
    ],
    "Oll*Opl3": [
      -0.0008590630671683
    ],
    "Oll*Opta": [
      0.0017297723618062
    ],
    "Oll*OpWB": [
      -0.0055575342219047
    ],
    "Oll1331*Oll1331": [
      -84.2435360800043
    ],
    "Oll1331*OpD": [
      -0.5000002112886122
    ],
    "Oll1331*Ope": [
      0.0683468180995861
    ],
    "Oll1331*Opl1": [
      -0.8031522716093327
    ],
    "Oll1331*Opl3": [
      -0.4220213100919801
    ],
    "Oll1331*Opta": [
      0.5423119621363599
    ],
    "Oll1331*OpWB": [
      -1.0689482098273668
    ],
    "OpD*OpD": [
      0.0008582802361702
    ],
    "OpD*Ope": [
      0.0001284125134805
    ],
    "OpD*Opl1": [
      -0.0011203590511065
    ],
    "OpD*Opl3": [
      -0.0011588249269475
    ],
    "OpD*Opta": [
      8.05772908818e-05
    ],
    "OpD*OpWB": [
      0.0046736028081611
    ],
    "Ope*Ope": [
      -7.16569628512e-05
    ],
    "Ope*Opl1": [
      0.0001313289793008
    ],
    "Ope*Opl3": [
      0.0002835768241183
    ],
    "Ope*Opta": [
      4.60177712315e-05
    ],
    "Ope*OpWB": [
      0.000157083587492
    ],
    "Opl1*Opl1": [
      -0.0016749119077023
    ],
    "Opl1*Opl3": [
      -0.0018742984286411
    ],
    "Opl1*Opta": [
      0.001966256269603
    ],
    "Opl1*OpWB": [
      -0.0018488273179398
    ],
    "Opl3*Opl3": [
      -0.0005744213083768
    ],
    "Opl3*Opta": [
      0.0011857359323804
    ],
    "Opl3*OpWB": [
      -0.002436973780305
    ],
    "Opta*Opta": [
      -0.0004623091171286
    ],
    "Opta*OpWB": [
      -0.0005743209712975
    ],
    "OpWB*OpWB": [
      0.0063764579694887
    ]
  },
  "NLO": {
    "SM": [
      0.4737813493006153
    ],
    "cll1133": [
      5.38354268896617
    ],
    "O3pl1": [
      0.0349206202215866
    ],
    "O3pl2": [
      2.0816681711721685e-17
    ],
    "O3pl3": [
      0.0141703189696542
    ],
    "Oll": [
      -2.498001805406602e-16
    ],
    "Oll1331": [
      5.38354268896617
    ],
    "OpD": [
      0.0394391555371882
    ],
    "Ope": [
      -0.002728176225601
    ],
    "Opl1": [
      0.0349206202215867
    ],
    "Opl3": [
      0.0141703189696542
    ],
    "Opta": [
      -0.0285327434602439
    ],
    "OpWB": [
      0.0916720036268548
    ],
    "cll1133*cll1133": [
      -84.2435360800043
    ],
    "cll1133*O3pl1": [
      -0.4767797527888783
    ],
    "cll1133*O3pl2": [
      0.326372518820452
    ],
    "cll1133*O3pl3": [
      -0.4220213100919801
    ],
    "cll1133*Oll": [
      -0.3263725188204471
    ],
    "cll1133*Oll1331": [
      -168.4870721600086
    ],
    "cll1133*OpD": [
      -0.5000002112886122
    ],
    "cll1133*Ope": [
      0.0683468180995861
    ],
    "cll1133*Opl1": [
      -0.8031522716093327
    ],
    "cll1133*Opl3": [
      -0.4220213100919801
    ],
    "cll1133*Opta": [
      0.5423119621363599
    ],
    "cll1133*OpWB": [
      -1.0689482098273668
    ],
    "O3pl1*O3pl1": [
      0.0004421198386698
    ],
    "O3pl1*O3pl2": [
      0.0021170317463722
    ],
    "O3pl1*O3pl3": [
      -0.0010152353614727
    ],
    "O3pl1*Oll": [
      -0.0021170317463722
    ],
    "O3pl1*Oll1331": [
      -0.4767797527888783
    ],
    "O3pl1*OpD": [
      0.0012706049063642
    ],
    "O3pl1*Ope": [
      -3.40642938611e-05
    ],
    "O3pl1*Opl1": [
      -0.0012327920690324
    ],
    "O3pl1*Opl3": [
      -0.0010152353614727
    ],
    "O3pl1*Opta": [
      0.0002364839077967
    ],
    "O3pl1*OpWB": [
      0.0037087069039647
    ],
    "O3pl2*O3pl2": [
      -1.5178830414797062e-18
    ],
    "O3pl2*O3pl3": [
      0.0008590630671683
    ],
    "O3pl2*Oll": [
      -2.775557561562892e-17
    ],
    "O3pl2*Oll1331": [
      0.326372518820452
    ],
    "O3pl2*OpD": [
      0.0023909639574708
    ],
    "O3pl2*Ope": [
      -0.000165393273162
    ],
    "O3pl2*Opl1": [
      0.0021170317463722
    ],
    "O3pl2*Opl3": [
      0.0008590630671683
    ],
    "O3pl2*Opta": [
      -0.0017297723618062
    ],
    "O3pl2*OpWB": [
      0.0055575342219047
    ],
    "O3pl3*O3pl3": [
      -0.0005744213083768
    ],
    "O3pl3*Oll": [
      -0.0008590630671683
    ],
    "O3pl3*Oll1331": [
      -0.4220213100919801
    ],
    "O3pl3*OpD": [
      -0.0011588249269475
    ],
    "O3pl3*Ope": [
      0.0002835768241183
    ],
    "O3pl3*Opl1": [
      -0.0018742984286411
    ],
    "O3pl3*Opl3": [
      -0.0011488426167536
    ],
    "O3pl3*Opta": [
      0.0011857359323804
    ],
    "O3pl3*OpWB": [
      -0.002436973780305
    ],
    "Oll*Oll": [
      2.53703308361608e-17
    ],
    "Oll*Oll1331": [
      -0.3263725188204471
    ],
    "Oll*OpD": [
      -0.0023909639574708
    ],
    "Oll*Ope": [
      0.000165393273162
    ],
    "Oll*Opl1": [
      -0.0021170317463722
    ],