{
    "best_sm": [
        0.0869014203741619
    ],
    "scales": [
        1000.0
    ],
    "theory_cov": [
        [
            0.0
        ]
    ],
    "LO": {
        "SM": [
            0.0869014203741619
        ],
        "O3pl1": [
            -0.0077557912646627
        ],
        "O3pl2": [
            -0.0064756877048533
        ],
        "Oll": [
            1.8682568963128392
        ],
        "Oll1122": [
            1.857720252658199
        ],
        "OpD": [
            -0.0100974370369961
        ],
        "Ope": [
            -0.0001970124982786
        ],
        "Opl1": [
            0.0027808523899775
        ],
        "Opl2": [
            0.0040609559497869
        ],
        "Opmu": [
            0.0013948929866275
        ],
        "OpWB": [
            -0.0265757431656909
        ],
        "O3pl1*O3pl1": [
            0.0002709251222513
        ],
        "O3pl1*O3pl2": [
            0.0003698995859749
        ],
        "O3pl1*Oll": [
            -0.0503063469244479
        ],
        "O3pl1*Oll1122": [
            -0.0498361589317565
        ],
        "O3pl1*OpD": [
            0.0006927227075788
        ],
        "O3pl1*Ope": [
            1.19437086352e-05
        ],
        "O3pl1*Opl1": [
            7.16622518113e-05
        ],
        "O3pl1*Opl2": [
            -0.0001002884067164
        ],
        "O3pl1*Opmu": [
            -0.0002018899256407
        ],
        "O3pl1*OpWB": [
            0.0017025939031383
        ],
        "O3pl2*O3pl2": [
            0.0001540093452955
        ],
        "O3pl2*Oll": [
            -0.0502287417771864
        ],
        "O3pl2*Oll1122": [
            -0.0498361589317565
        ],
        "O3pl2*OpD": [
            0.0005181016407799
        ],
        "O3pl2*Ope": [
            -7.610586498439364e-06
        ],
        "O3pl2*Opl1": [
            -2.26832594548e-05
        ],
        "O3pl2*Opl2": [
            -8.45641548387e-05
        ],
        "O3pl2*Opmu": [
            -8.45641548387e-05
        ],
        "O3pl2*OpWB": [
            0.001265938841911
        ],
        "Oll*Oll": [
            13.622365778329902
        ],
        "Oll*Oll1122": [
            27.131470133043155
        ],
        "Oll*OpD": [
            -0.0561120112935697
        ],
        "Oll*Ope": [
            -1.19437086352e-05
        ],
        "Oll*Opl1": [
            0.0629550766921991
        ],
        "Oll*Opl2": [
            0.0630326818394606
        ],
        "Oll*Opmu": [
            8.45641548387e-05
        ],
        "Oll*OpWB": [
            -0.1877383722519356
        ],
        "Oll1122*Oll1122": [
            13.509423742069142
        ],
        "Oll1122*OpD": [
            -0.0554998630949217
        ],
        "Oll1122*Ope": [
            0.0
        ],
        "Oll1122*Opl1": [
            0.0627864899731144
        ],
        "Oll1122*Opl2": [
            0.0627864899731144
        ],
        "Oll1122*Opmu": [
            0.0
        ],
        "Oll1122*OpWB": [
            -0.1861272413038539
        ],
        "OpD*OpD": [
            0.0004852042344708
        ],
        "OpD*Ope": [
            2.67718626305e-05
        ],
        "OpD*Opl1": [
            8.05745089308e-05
        ],
        "OpD*Opl2": [
            -9.40465578681e-05
        ],
        "OpD*Opmu": [
            -0.0001903826260726
        ],
        "OpD*OpWB": [
            0.0022610831221179
        ],
        "Ope*Ope": [
            2.00207475746e-05
        ],
        "Ope*Opl1": [
            0.0
        ],
        "Ope*Opl2": [
            -1.95542951336e-05
        ],
        "Ope*Opmu": [
            1.57242518777e-05
        ],
        "Ope*OpWB": [
            8.091635539739744e-06
        ],
        "Opl1*Opl1": [
            0.0001201244854479
        ],
        "Opl1*Opl2": [
            0.0001459034596297
        ],
        "Opl1*Opmu": [
            -0.0001173257708019
        ],
        "Opl1*OpWB": [
            9.14629550567e-05
        ],
        "Opl2*Opl2": [
            8.08138557537e-05
        ],
        "Opl2*Opmu": [
            0.0
        ],
        "Opl2*OpWB": [
            -0.0003451921061706
        ],
        "Opmu*Opmu": [
            8.08138557537e-05
        ],
        "Opmu*OpWB": [
            -0.0005349219211785
        ],
        "OpWB*OpWB": [
            0.0027717064396596
        ]
    },
    "NLO": {
        "SM": [
            0.0869014203741619
        ],
        "O3pl1": [
            -0.0077557912646627
        ],
        "O3pl2": [
            -0.0064756877048533
        ],
        "Oll": [
            1.8682568963128392
        ],
        "Oll1122": [
            1.857720252658199
        ],
        "OpD": [
            -0.0100974370369961
        ],
        "Ope": [
            -0.0001970124982786
        ],
        "Opl1": [
            0.0027808523899775
        ],
        "Opl2": [
            0.0040609559497869
        ],
        "Opmu": [
            0.0013948929866275
        ],
        "OpWB": [
            -0.0265757431656909
        ],
        "O3pl1*O3pl1": [
            0.0002709251222513
        ],
        "O3pl1*O3pl2": [
            0.0003698995859749
        ],
        "O3pl1*Oll": [
            -0.0503063469244479
        ],
        "O3pl1*Oll1122": [
            -0.0498361589317565
        ],
        "O3pl1*OpD": [
            0.0006927227075788
        ],
        "O3pl1*Ope": [
            1.19437086352e-05
        ],
        "O3pl1*Opl1": [
            7.16622518113e-05
        ],
        "O3pl1*Opl2": [
            -0.0001002884067164
        ],
        "O3pl1*Opmu": [
            -0.0002018899256407
        ],
        "O3pl1*OpWB": [
            0.0017025939031383
        ],
        "O3pl2*O3pl2": [
            0.0001540093452955
        ],
        "O3pl2*Oll": [
            -0.0502287417771864
        ],
        "O3pl2*Oll1122": [
            -0.0498361589317565
        ],
        "O3pl2*OpD": [
            0.0005181016407799
        ],
        "O3pl2*Ope": [
            -7.610586498439364e-06
        ],
        "O3pl2*Opl1": [
            -2.26832594548e-05
        ],
        "O3pl2*Opl2": [
            -8.45641548387e-05
        ],
        "O3pl2*Opmu": [
            -8.45641548387e-05
        ],
        "O3pl2*OpWB": [
            0.001265938841911
        ],
        "Oll*Oll": [
            13.622365778329902
        ],
        "Oll*Oll1122": [
            27.131470133043155
        ],
        "Oll*OpD": [
            -0.0561120112935697
        ],
        "Oll*Ope": [
            -1.19437086352e-05
        ],
        "Oll*Opl1": [
            0.0629550766921991
        ],
        "Oll*Opl2": [
            0.0630326818394606
        ],
        "Oll*Opmu": [
            8.45641548387e-05
        ],
        "Oll*OpWB": [
            -0.1877383722519356
        ],
        "Oll1122*Oll1122": [
            13.509423742069142
        ],
        "Oll1122*OpD": [
            -0.0554998630949217
        ],
        "Oll1122*Ope": [
            0.0
        ],
        "Oll1122*Opl1": [
            0.0627864899731144
        ],
        "Oll1122*Opl2": [
            0.0627864899731144
        ],
        "Oll1122*Opmu": [
            0.0
        ],
        "Oll1122*OpWB": [
            -0.1861272413038539
        ],
        "OpD*OpD": [
            0.0004852042344708
        ],
        "OpD*Ope": [
            2.67718626305e-05
        ],
        "OpD*Opl1": [
            8.05745089308e-05
        ],
        "OpD*Opl2": [
            -9.40465578681e-05
        ],
        "OpD*Opmu": [
            -0.0001903826260726
        ],
        "OpD*OpWB": [
            0.0022610831221179
        ],
        "Ope*Ope": [
            2.00207475746e-05
        ],
        "Ope*Opl1": [
            0.0
        ],
        "Ope*Opl2": [
            -1.95542951336e-05
        ],
        "Ope*Opmu": [
            1.57242518777e-05
        ],
        "Ope*OpWB": [
            8.091635539739744e-06
        ],