{
    "best_sm": [
        1.135765319684929,
        0.2775815608052699
    ],
    "scales": [
        250.0,
        500.0
    ],
    "theory_cov": [
        [
            0.0,
            0.0
        ],
        [
            0.0,
            0.0
        ]
    ],
    "LO": {
        "SM": [
            1.135765319684929,
            0.2775815608052699
        ],
        "O3pl1": [
            -0.127475901095362,
            -0.0315540642123717
        ],
        "O3pl2": [
            -0.1454222301054782,
            -0.0358677573034333
        ],
        "Oee1122": [
            1.4947369213528283,
            1.4563895632720123
        ],
        "Ole1122": [
            0.0682174919364889,
            0.0731376655756499
        ],
        "Ole1221": [
            0.0,
            0.0
        ],
        "Ole2211": [
            0.3305924609229849,
            0.3544363793281497
        ],
        "Oll": [
            0.4880429899582942,
            0.3717525104610356
        ],
        "Oll1122": [
            0.3503334519864982,
            0.3380962367348861
        ],
        "OpD": [
            -0.271437294055422,
            -0.0658946999748564
        ],
        "Ope": [
            -0.0229994680574883,
            -0.0044076601633545
        ],
        "Opl1": [
            0.0102336368764339,
            0.0021022095137778
        ],
        "Opl2": [
            -0.007712692133682,
            -0.0022114835772838
        ],
        "Opmu": [
            -0.0453170839770851,
            -0.0097720634096711
        ],
        "OpWB": [
            -0.5096076564301872,
            -0.1259029378608585
        ],
        "O3pl1*O3pl1": [
            0.0040079155988324,
            0.0009840379690455
        ],
        "O3pl1*O3pl2": [
            0.0087471928047589,
            0.0021578895176576
        ],
        "O3pl1*Oee1122": [
            -0.0906171051630562,
            -0.0882923304617063
        ],
        "O3pl1*Ole1122": [
            -0.0093493838660296,
            -0.0091095261587474
        ],
        "O3pl1*Ole1221": [
            0.0,
            0.0
        ],
        "O3pl1*Ole2211": [
            -0.0200418758442512,
            -0.0214873923299647
        ],
        "O3pl1*Oll": [
            -0.0159993642193616,
            -0.0107807499704817
        ],
        "O3pl1*Oll1122": [
            -0.0082712503484211,
            -0.0088678127076044
        ],
        "O3pl1*OpD": [
            0.0167895725741917,
            0.0040572232371861
        ],
        "O3pl1*Ope": [
            0.0013943224295105,
            0.0002672105029587
        ],
        "O3pl1*Opl1": [
            0.0002877173267243,
            5.51386752137e-05
        ],
        "O3pl1*Opl2": [
            0.0010190789338183,
            0.0002449522547803
        ],
        "O3pl1*Opmu": [
            0.0023038258402783,
            0.0005032580290408
        ],
        "O3pl1*OpWB": [
            0.0313031288963693,
            0.0077047929099542
        ],
        "O3pl2*O3pl2": [
            0.0057817011930452,
            0.0013834369025417
        ],
        "O3pl2*Oee1122": [
            -0.0906171051630562,
            -0.0882923304617063
        ],
        "O3pl2*Ole1122": [
            -0.0041356251742105,
            -0.0044339063538022
        ],
        "O3pl2*Ole1221": [
            0.0,
            0.0
        ],
        "O3pl2*Ole2211": [
            -0.0453085525815281,
            -0.0441461652308532
        ],
        "O3pl2*Oll": [
            -0.017087344558891,
            -0.0110422638027085
        ],
        "O3pl2*Oll1122": [
            -0.0082712503484211,
            -0.0088678127076044
        ],
        "O3pl2*OpD": [
            0.0193723537447498,
            0.0046510774615897
        ],
        "O3pl2*Ope": [
            -0.0007548611956095,
            -0.000164895258513
        ],
        "O3pl2*Opl1": [
            -6.89014057109e-05,
            -1.65615774464e-05
        ],
        "O3pl2*Opl2": [
            0.0027473081756205,
            0.0005924227099794
        ],
        "O3pl2*Opmu": [
            0.0027473081756205,
            0.0005924227099794
        ],
        "O3pl2*OpWB": [
            0.0379278332554559,
            0.0091964612741466
        ],
        "Oee1122*Oee1122": [
            0.7387966108944063,
            2.955186443577625
        ],
        "Oee1122*Ole1122": [
            0.0,
            0.0
        ],
        "Oee1122*Ole1221": [
            0.0,
            0.0
        ],
        "Oee1122*Ole2211": [
            0.0,
            0.0
        ],
        "Oee1122*Oll": [
            0.0906171051630562,
            0.0882923304617063
        ],
        "Oee1122*Oll1122": [
            0.0,
            0.0
        ],
        "Oee1122*OpD": [
            -0.2085311221979922,
            -0.1992618942031133
        ],
        "Oee1122*Ope": [
            -0.0505333534745537,
            -0.0453175458017769
        ],
        "Oee1122*Opl1": [
            0.0,
            0.0
        ],
        "Oee1122*Opl2": [
            0.0,
            0.0
        ],
        "Oee1122*Opmu": [
            -0.0505333534745537,
            -0.0453175458017769
        ],
        "Oee1122*OpWB": [
            -0.3384352277637782,
            -0.3297526986305082
        ],
        "Ole1122*Ole1122": [
            0.038112523577886,
            0.1524500943115441
        ],
        "Ole1122*Ole1221": [
            0.0,
            0.0
        ],
        "Ole1122*Ole2211": [
            0.0,
            0.0
        ],
        "Ole1122*Oll": [
            0.0041356251742105,
            0.0044339063538022
        ],
        "Ole1122*Oll1122": [
            0.0,
            0.0
        ],
        "Ole1122*OpD": [
            -0.0098176542721884,
            -0.0100686605996877
        ],
        "Ole1122*Ope": [
            0.0,
            0.0
        ],
        "Ole1122*Opl1": [
            -0.005213758691819,
            -0.0046756198049452
        ],
        "Ole1122*Opl2": [
            0.0,
            0.0
        ],
        "Ole1122*Opmu": [
            0.0064837028183249,
            0.0058144864575929
        ],
        "Ole1122*OpWB": [
            -0.0251817915487268,
            -0.0252908910455727
        ],
        "Ole1221*Ole1221": [
            1.117852167425111,
            4.471408669700444
        ],
        "Ole1221*Ole2211": [
            0.0,
            0.0
        ],
        "Ole1221*Oll": [
            0.0,
            0.0
        ],
        "Ole1221*Oll1122": [
            0.0,
            0.0
        ],
        "Ole1221*OpD": [
            0.0,
            0.0
        ],
        "Ole1221*Ope": [
            0.0,
            0.0
        ],
        "Ole1221*Opl1": [
            0.0,
            0.0
        ],
        "Ole1221*Opl2": [
            0.0,
            0.0
        ],
        "Ole1221*Opmu": [
            0.0,
            0.0
        ],
        "Ole1221*OpWB": [
            0.0,
            0.0
        ],
        "Ole2211*Ole2211": [
            0.1846991527236015,
            0.7387966108944063
        ],
        "Ole2211*Oll": [
            0.0200418758442512,
            0.0214873923299647
        ],
        "Ole2211*Oll1122": [
            0.0,
            0.0
        ],
        "Ole2211*OpD": [
            -0.047577863011375,
            -0.0487942782907945
        ],
        "Ole2211*Ope": [
            0.0314210213503441,
            0.0281778959098737
        ],
        "Ole2211*Opl1": [
            0.0,
            0.0
        ],
        "Ole2211*Opl2": [
            -0.0252666767372768,
            -0.0226587729008884
        ],
        "Ole2211*Opmu": [
            0.0,
            0.0
        ],
        "Ole2211*OpWB": [
            -0.1220348359669072,
            -0.1225635489131602
        ],
        "Oll*Oll": [
            0.1778630098288719,
            0.6313173537975749
        ],