{
    "best_sm": [
        0.9648775043817988,
        0.969094433406478
    ],
    "scales": [
        250.0,
        500.0
    ],
    "theory_cov": [
        [
            0.0,
            0.0
        ],
        [
            0.0,
            0.0
        ]
    ],
    "LO": {
        "SM": [
            0.9648775043817988,
            0.969094433406478
        ],
        "O3pl1": [
            0.0039738617032512,
            0.00457352795452
        ],
        "O3pl2": [
            5.648259637780484e-15,
            3.608224830031759e-15
        ],
        "Oee1111": [
            8.63788539555e-05,
            0.0007764531112599
        ],
        "Ole1111": [
            0.0128488021440234,
            0.0374456278127323
        ],
        "Oll": [
            -3.885780586188048e-15,
            6.106226635438361e-15
        ],
        "Oll1111": [
            0.0013934135080451,
            0.0146305511095858
        ],
        "OpD": [
            0.0026101224730001,
            0.0034431683490508
        ],
        "Ope": [
            -0.003695413999506,
            -0.003374718785285
        ],
        "Opl1": [
            0.0039738617032528,
            0.0045735279545347
        ],
        "OpWB": [
            0.0074207556521618,
            0.0085405673254987
        ],
        "O3pl1*O3pl1": [
            9.63732509553e-05,
            4.820805145573908e-06
        ],
        "O3pl1*O3pl2": [
            0.0002409118546037,
            0.0002772660912433
        ],
        "O3pl1*Oee1111": [
            7.9306499774e-05,
            0.000351451181598
        ],
        "O3pl1*Ole1111": [
            0.0006897492898302,
            -0.0003393726013746
        ],
        "O3pl1*Oll": [
            -0.0002409118546036,
            -0.0002772660912427
        ],
        "O3pl1*Oll1111": [
            0.0013582629659911,
            0.0074590022750931
        ],
        "O3pl1*OpD": [
            0.0003624060131666,
            0.0002207769506311
        ],
        "O3pl1*Ope": [
            -7.22140359124589e-06,
            7.51208890285e-05
        ],
        "O3pl1*Opl1": [
            -4.81653526923e-05,
            -0.0002676244809511
        ],
        "O3pl1*OpWB": [
            0.00080980993817,
            0.0005357690092877
        ],
        "O3pl2*O3pl2": [
            8.183557997920587e-16,
            1.474514954580286e-17
        ],
        "O3pl2*Oee1111": [
            5.236641700019336e-06,
            4.70717838253e-05
        ],
        "O3pl2*Ole1111": [
            0.0007789472772581,
            0.0022701081005833
        ],
        "O3pl2*Oll": [
            -1.5716594692349874e-15,
            1.044303532538038e-15
        ],
        "O3pl2*Oll1111": [
            8.44744627587e-05,
            0.0008869642340117
        ],
        "O3pl2*OpD": [
            0.0001582363687199,
            0.0002087390389065
        ],
        "O3pl2*Ope": [
            -0.0002240312085897,
            -0.0002045893445821
        ],
        "O3pl2*Opl1": [
            0.0002409118546033,
            0.0002772660912447
        ],
        "O3pl2*OpWB": [
            0.0004498767547115,
            0.0005177643479807
        ],
        "Oee1111*Oee1111": [
            -0.001263893408354,
            -0.0185796136756886
        ],
        "Oee1111*Ole1111": [
            0.0002506022696684,
            0.0030007471583099
        ],
        "Oee1111*Oll": [
            -5.236641699988111e-06,
            -4.70717838245e-05
        ],
        "Oee1111*Oll1111": [
            5.5386968982e-05,
            0.002174507135072
        ],
        "Oee1111*OpD": [
            5.70527901558e-05,
            0.0002630591213227
        ],
        "Oee1111*Ope": [
            -7.03367028856e-05,
            -0.0003209263537663
        ],
        "Oee1111*Opl1": [
            7.40698580741e-05,
            0.000304379397774
        ],
        "Oee1111*OpWB": [
            0.0001578751455871,
            0.0007441984067438
        ],
        "Ole1111*Ole1111": [
            -0.0184045491715647,
            -0.2725999318880744
        ],
        "Ole1111*Oll": [
            -0.000778947277258,
            -0.0022701081005808
        ],
        "Ole1111*Oll1111": [
            0.0043985702691002,
            0.0550163900395141
        ],
        "Ole1111*OpD": [
            0.0011040266881847,
            0.0012886099710072
        ],
        "Ole1111*Ope": [
            -0.0003081310505977,
            0.0005155770883909
        ],
        "Ole1111*Opl1": [
            -8.91979874273e-05,
            -0.0026094807019539
        ],
        "Ole1111*OpWB": [
            0.0027426315169962,
            0.0036054391014302
        ],
        "Oll*Oll": [
            6.084542591988651e-16,
            -1.164866814118426e-15
        ],
        "Oll*Oll1111": [
            -8.44744627581e-05,
            -0.0008869642339985
        ],
        "Oll*OpD": [
            -0.0001582363687193,
            -0.0002087390389054
        ],
        "Oll*Ope": [
            0.0002240312085897,
            0.0002045893445818
        ],
        "Oll*Opl1": [
            -0.0002409118546033,
            -0.0002772660912453
        ],
        "Oll*OpWB": [
            -0.0004498767547101,
            -0.0005177643479765
        ],
        "Oll1111*Oll1111": [
            -0.0206864910073384,
            -0.2913346724914323
        ],
        "Oll1111*OpD": [
            0.0009456043074606,
            0.0064278393004602
        ],
        "Oll1111*Ope": [
            -0.0012612073385397,
            -0.0049821635429674
        ],
        "Oll1111*Opl1": [
            0.0012737885032347,
            0.0065720380411048
        ],
        "Oll1111*OpWB": [
            0.002694155642157,
            0.0155851870976026
        ],
        "OpD*OpD": [
            0.0001975518853728,
            0.0001652578609655
        ],
        "OpD*Ope": [
            -0.0002196566066422,
            -9.38810885065e-05
        ],
        "OpD*Opl1": [
            0.0002041696444485,
            1.20379117271e-05
        ],
        "OpD*OpWB": [
            0.0009722431696546,
            0.0008020745172013
        ],
        "Ope*Ope": [
            -7.22558579755e-05,
            -5.09396302879e-05
        ],
        "Ope*Opl1": [
            0.0002168098049983,
            0.00027971023361
        ],
        "Ope*OpWB": [
            -0.000431839167305,
            -0.0002417682961992
        ],
        "Opl1*Opl1": [
            -0.0001445386036478,
            -0.0002724452860983
        ],
        "Opl1*OpWB": [
            0.0003599331834617,
            1.80046613166e-05
        ],
        "OpWB*OpWB": [
            0.0011761641249987,
            0.0009836796294761
        ]
    }
}