{
    "best_sm": [
        0.0759130994009801
    ],
    "scales": [
        1000.0
    ],
    "theory_cov": [
        [
            0.0
        ]
    ],
    "LO": {
        "SM": [
            0.0759130994009801
        ],
        "O3pl1": [
            -0.0087408537560559
        ],
        "O3pl2": [
            -0.0100209573158653
        ],
        "Oee1122": [
            3.309733700938288
        ],
        "Ole1122": [
            0.0685043096441002
        ],
        "Ole1221": [
            0.0
        ],
        "Ole2211": [
            0.4110258578646017
        ],
        "Oll": [
            0.3188243712640852
        ],
        "Oll1122": [
            0.3096200421096996
        ],
        "OpD": [
            -0.0184226334263257
        ],
        "Ope": [
            -0.0011820749896718
        ],
        "Opl1": [
            0.0004634753983295
        ],
        "Opl2": [
            -0.0008166281614798
        ],
        "Opmu": [
            -0.002773980474578
        ],
        "OpWB": [
            -0.035035646923178
        ],
        "O3pl1*O3pl1": [
            0.0002709251222513
        ],
        "O3pl1*O3pl2": [
            0.0006037311398866
        ],
        "O3pl1*Oee1122": [
            -0.2006496812617645
        ],
        "O3pl1*Ole1122": [
            -0.0083604033859068
        ],
        "O3pl1*Ole1221": [
            0.0
        ],
        "O3pl1*Ole2211": [
            -0.0249180794658782
        ],
        "O3pl1*Oll": [
            -0.0088359330244936
        ],
        "O3pl1*Oll1122": [
            -0.008306026488626
        ],
        "O3pl1*OpD": [
            0.0011302849587389
        ],
        "O3pl1*Ope": [
            7.16622518113e-05
        ],
        "O3pl1*Opl1": [
            1.19437086352e-05
        ],
        "O3pl1*Opl2": [
            7.3824604019e-05
        ],
        "O3pl1*Opmu": [
            0.0001486158201516
        ],
        "O3pl1*OpWB": [
            0.0021392489643657
        ],
        "O3pl2*O3pl2": [
            0.0003878408992072
        ],
        "O3pl2*Oee1122": [
            -0.2006496812617645
        ],
        "O3pl2*Ole1122": [
            -0.004153013244313
        ],
        "O3pl2*Ole1221": [
            0.0
        ],
        "O3pl2*Ole2211": [
            -0.0501624203154411
        ],
        "O3pl2*Oll": [
            -0.0089135381717551
        ],
        "O3pl2*Oll1122": [
            -0.008306026488626
        ],
        "O3pl2*OpD": [
            0.0013049060255379
        ],
        "O3pl2*Ope": [
            -4.56635189906e-05
        ],
        "O3pl2*Opl1": [
            -3.780543242481431e-06
        ],
        "O3pl2*Opl2": [
            0.0001681701152853
        ],
        "O3pl2*Opmu": [
            0.0001681701152853
        ],
        "O3pl2*OpWB": [
            0.002575904025593
        ],
        "Oee1122*Oee1122": [
            54.037694968276575
        ],
        "Oee1122*Ole1122": [
            0.0
        ],
        "Oee1122*Ole1221": [
            0.0
        ],
        "Oee1122*Ole2211": [
            0.0
        ],
        "Oee1122*Oll": [
            0.2006496812617645
        ],
        "Oee1122*Oll1122": [
            0.0
        ],
        "Oee1122*OpD": [
            -0.4508252412065639
        ],
        "Oee1122*Ope": [
            -0.1009773633982514
        ],
        "Oee1122*Opl1": [
            0.0
        ],
        "Oee1122*Opl2": [
            0.0
        ],
        "Oee1122*Opmu": [
            -0.1009773633982514
        ],
        "Oee1122*OpWB": [
            -0.7493830271488281
        ],
        "Ole1122*Ole1122": [
            0.5628926559195475
        ],
        "Ole1122*Ole1221": [
            0.0
        ],
        "Ole1122*Ole2211": [
            0.0
        ],
        "Ole1122*Oll": [
            0.004153013244313
        ],
        "Ole1122*Oll1122": [
            0.0
        ],
        "Ole1122*OpD": [
            -0.0093447874109201
        ],
        "Ole1122*Ope": [
            0.0
        ],
        "Ole1122*Opl1": [
            -0.0042073901415938
        ],
        "Ole1122*Opl2": [
            0.0
        ],
        "Ole1122*Opmu": [
            0.0052322074977595
        ],
        "Ole1122*OpWB": [
            -0.0233674481199278
        ],
        "Ole1221*Ole1221": [
            16.731722764040374
        ],
        "Ole1221*Ole2211": [
            0.0
        ],
        "Ole1221*Oll": [
            0.0
        ],
        "Ole1221*Oll1122": [
            0.0
        ],
        "Ole1221*OpD": [
            0.0
        ],
        "Ole1221*Ope": [
            0.0
        ],
        "Ole1221*Opl1": [
            0.0
        ],
        "Ole1221*Opl2": [
            0.0
        ],
        "Ole1221*Opmu": [
            0.0
        ],
        "Ole1221*OpWB": [
            0.0
        ],
        "Ole2211*Ole2211": [
            3.377355935517286
        ],
        "Ole2211*Oll": [
            0.0249180794658782
        ],
        "Ole2211*Oll1122": [
            0.0
        ],
        "Ole2211*OpD": [
            -0.0560687244655209
        ],
        "Ole2211*Ope": [
            0.0313932449865572
        ],
        "Ole2211*Opl1": [
            0.0
        ],
        "Ole2211*Opl2": [
            -0.0252443408495628
        ],
        "Ole2211*Opmu": [
            0.0
        ],
        "Ole2211*OpWB": [
            -0.140204688719567
        ],
        "Oll*Oll": [
            2.270620067323526
        ],
        "Oll*Oll1122": [
            4.521911688840524
        ],
        "Oll*OpD": [
            -0.0103668330564041
        ],
        "Oll*Ope": [
            -7.16622518113e-05
        ],
        "Oll*Opl1": [
            0.0104925127820331
        ],
        "Oll*Opl2": [
            0.0104149076347716
        ],
        "Oll*Opmu": [
            -0.0001681701152853
        ],
        "Oll*OpWB": [
            -0.0331452120224985
        ],
        "Oll1122*Oll1122": [
            2.25157062367819
        ],
        "Oll1122*OpD": [
            -0.0092499771824869
        ],
        "Oll1122*Ope": [
            0.0
        ],
        "Oll1122*Opl1": [
            0.010464414995519
        ],
        "Oll1122*Opl2": [
            0.010464414995519
        ],
        "Oll1122*Opmu": [
            0.0
        ],
        "Oll1122*OpWB": [
            -0.0310212068839756
        ],
        "OpD*OpD": [
            0.0012212739778802
        ],
        "OpD*Ope": [
            0.0001606311757832
        ],
        "OpD*Opl1": [
            1.34290848218e-05
        ],
        "OpD*Opl2": [
            0.0001880501516208
        ],
        "OpD*Opmu": [
            0.0003777856644863
        ],
        "OpD*OpWB": [
            0.0045474549972055
        ],
        "Ope*Ope": [
            0.0001201244854479
        ],
        "Ope*Opl1": [
            0.0
        ],
        "Ope*Opl2": [
            -0.0001173257708019
        ],
        "Ope*Opmu": [
            9.43455112662e-05
        ],
        "Ope*OpWB": [
            4.85498132384e-05
        ],
        "Opl1*Opl1": [
            2.00207475746e-05
        ],
        "Opl1*Opl2": [
            2.43172432716e-05
        ],
        "Opl1*Opmu": [
            -1.95542951336e-05
        ],
        "Opl1*OpWB": [
            1.52438258427e-05
        ],
        "Opl2*Opl2": [
            5.93313772689e-05
        ],
        "Opl2*Opmu": [
            0.0
        ],
        "Opl2*OpWB": [
            0.0004518988870701
        ],
        "Opmu*Opmu": [
            5.93313772689e-05
        ],
        "Opmu*OpWB": [
            0.0005915633699567
        ],
        "OpWB*OpWB": [
            0.0044025183579477
        ]
    }
}