{
    "best_sm": [
        0.9632531498241572,
        0.9659528358807808
    ],
    "scales": [
        250.0,
        500.0
    ],
    "theory_cov": [
        [
            0.0,
            0.0
        ],
        [
            0.0,
            0.0
        ]
    ],
    "LO": {
        "SM": [
            0.9632531498241572,
            0.9659528358807808
        ],
        "O3pl1": [
            0.0031266151167323,
            0.0030298818791379
        ],
        "O3pl2": [
            -7.840950111415168e-15,
            1.0297318553398328e-14
        ],
        "Oee1111": [
            0.0009754042301127,
            0.0100837594385605
        ],
        "Ole1111": [
            0.0133886166026092,
            0.0410638371951032
        ],
        "Oll": [
            7.854827899222983e-15,
            -1.5890067039947553e-14
        ],
        "Oll1111": [
            5.34906799736e-05,
            0.0006886952403633
        ],
        "OpD": [
            0.0011644428594967,
            0.0007141955576417
        ],
        "Ope": [
            -0.0046859115025253,
            -0.0053693777796442
        ],
        "Opl1": [
            0.0031266151167321,
            0.0030298818791298
        ],
        "OpWB": [
            0.0058386145598799,
            0.0056579757322083
        ],
        "O3pl1*O3pl1": [
            0.000141239395322,
            0.0001509777957637
        ],
        "O3pl1*O3pl2": [
            0.0001895482788907,
            0.0001836839118346
        ],
        "O3pl1*Oee1111": [
            0.001118391205745,
            0.0050620399861351
        ],
        "O3pl1*Ole1111": [
            0.0010846184261524,
            0.0021331233189077
        ],
        "O3pl1*Oll": [
            -0.0001895482788907,
            -0.0001836839118354
        ],
        "O3pl1*Oll1111": [
            6.68040698796e-05,
            0.0003866998197786
        ],
        "O3pl1*OpD": [
            0.0003858960803145,
            0.0004024086204076
        ],
        "O3pl1*Ope": [
            -9.76879513228e-05,
            -0.0001010677618483
        ],
        "O3pl1*Opl1": [
            9.29305117527e-05,
            0.0001182716796947
        ],
        "O3pl1*OpWB": [
            0.0008814593475547,
            0.0009068790910689
        ],
        "O3pl2*O3pl2": [
            -5.702903427273753e-16,
            5.481726184086709e-16
        ],
        "O3pl2*Oee1111": [
            5.91330196171e-05,
            0.0006113190063429
        ],
        "O3pl2*Ole1111": [
            0.0008116730518487,
            0.0024894588474765
        ],
        "O3pl2*Oll": [
            1.1162945567910754e-15,
            -1.7728873924482969e-15
        ],
        "O3pl2*Oll1111": [
            3.2428252108615374e-06,
            4.17515404425e-05
        ],
        "O3pl2*OpD": [
            7.05933194975e-05,
            4.32974746441e-05
        ],
        "O3pl2*Ope": [
            -0.0002840792445434,
            -0.0003255137837083
        ],
        "O3pl2*Opl1": [
            0.0001895482788909,
            0.0001836839118314
        ],
        "O3pl2*OpWB": [
            0.0003539608489055,
            0.000343009779593
        ],
        "Oee1111*Oee1111": [
            -0.0217783515463854,
            -0.3298963032638778
        ],
        "Oee1111*Ole1111": [
            0.0045497226485608,
            0.0604354370090873
        ],
        "Oee1111*Oll": [
            -5.9133019617e-05,
            -0.0006113190063507
        ],
        "Oee1111*Oll1111": [
            3.84062236506e-05,
            0.0019011459955005
        ],
        "Oee1111*OpD": [
            0.0005314175723872,
            0.0020788828619574
        ],
        "Oee1111*Ope": [
            -0.0015198963939123,
            -0.0079595247757635
        ],
        "Oee1111*Opl1": [
            0.0010592581861252,
            0.0044507209797952
        ],
        "Oee1111*OpWB": [
            0.0021988987547694,
            0.0105943824808579
        ],
        "Ole1111*Ole1111": [
            -0.0192868589536285,
            -0.3030458806521026
        ],
        "Ole1111*Oll": [
            -0.0008116730518488,
            -0.002489458847478
        ],
        "Ole1111*Oll1111": [
            0.0002858376066337,
            0.0039664964814579
        ],
        "Ole1111*OpD": [
            0.0016826806392733,
            0.0050617379202476
        ],
        "Ole1111*Ope": [
            -7.74388600777e-05,
            0.0022418223744291
        ],
        "Ole1111*Opl1": [
            0.0002729453743029,
            -0.0003563355285685
        ],
        "Ole1111*OpWB": [
            0.0035411186282605,
            0.0086321707448226
        ],
        "Oll*Oll": [
            -5.720250662033521e-16,
            1.2264494975156026e-15
        ],
        "Oll*Oll1111": [
            -3.2428252108602368e-06,
            -4.1751540443e-05
        ],
        "Oll*OpD": [
            -7.05933194974e-05,
            -4.32974746459e-05
        ],
        "Oll*Ope": [
            0.0002840792445435,
            0.0003255137837081
        ],
        "Oll*Opl1": [
            -0.0001895482788909,
            -0.0001836839118315
        ],
        "Oll*OpWB": [
            -0.0003539608489054,
            -0.0003430097795953
        ],
        "Oll1111*Oll1111": [
            -0.001321359022233,
            -0.0205238499071855
        ],
        "Oll1111*OpD": [
            2.78127102871e-05,
            0.000222742000737
        ],
        "Oll1111*Ope": [
            -9.82872551996e-05,
            -0.0004740274530427
        ],
        "Oll1111*Opl1": [
            6.35612446685e-05,
            0.0003449482793363
        ],
        "Oll1111*OpWB": [
            0.0001308049779974,
            0.0008000864374425
        ],
        "OpD*OpD": [
            0.0001257594298101,
            9.27847572758e-05
        ],
        "OpD*Ope": [
            -0.0004505374162528,
            -0.0005855387923278
        ],
        "OpD*Opl1": [
            0.0003153027608152,
            0.0003591111457624
        ],
        "OpD*OpWB": [
            0.0008524444348488,
            0.0008323077829705
        ],
        "Ope*Ope": [
            -0.0001643152658339,
            -0.0002697617219239
        ],
        "Ope*Opl1": [
            0.0001863912932207,
            0.0002244460218601
        ],
        "Ope*OpWB": [
            -0.0007129088247371,
            -0.0007965947613887
        ],
        "Opl1*Opl1": [
            -4.83088835691e-05,
            -3.27061160682e-05
        ],
        "Opl1*OpWB": [
            0.0005274984986439,
            0.0005638693114781
        ],
        "OpWB*OpWB": [
            0.0011535066001594,
            0.0011670159399474
        ]
    }
}