{
  "best_sm": [
    1.3098428732682077,
    2.18658672950864,
    1.803616111625419,
    1.1357653196849251
  ],
  "scales": [
    250.0,
    250.0,
    250.0,
    250.0
  ],
  "theory_cov": [
    [
      0.0,
      0.0,
      0.0,
      0.0
    ],
    [
      0.0,
      0.0,
      0.0,
      0.0
    ],
    [
      0.0,
      0.0,
      0.0,
      0.0
    ],
    [
      0.0,
      0.0,
      0.0,
      0.0
    ]
  ],
  "LO": {
    "SM": [
      1.3098428732682077,
      2.18658672950864,
      1.803616111625419,
      1.1357653196849251
    ],
    "O3pl1": [
      -0.1092223550179908,
      -0.1730170450915741,
      -0.2131748464617919,
      -0.1274759010953625
    ],
    "O3pl2": [
      -0.0912760260078746,
      -0.1335351212693186,
      -0.2526567702840464,
      -0.1454222301054781
    ],
    "Oll": [
      1.856585939507584,
      3.4181208448579627,
      0.4073263558495237,
      0.488042989958294
    ],
    "Oll1122": [
      1.697769805780722,
      3.1530010678784848,
      0.1886410895311913,
      0.3503334519864981
    ],
    "OpD": [
      -0.1390956796217066,
      -0.1893327026489917,
      -0.4804842544031654,
      -0.2714372940554219
    ],
    "Ope": [
      -0.0047459219801165,
      -0.0025554964508319,
      -0.0427132978210488,
      -0.0229994680574878
    ],
    "Opl1": [
      0.0495937787088722,
      0.0921027318879056,
      0.0055104198565413,
      0.0102336368764339
    ],
    "Opl2": [
      0.0675401077189882,
      0.1315846557101607,
      -0.0339715039657139,
      -0.0077126921336821
    ],
    "Opmu": [
      0.01757169393948,
      0.0465432585722807,
      -0.0918120528441624,
      -0.0453170839770849
    ],
    "OpWB": [
      -0.3744089767966979,
      -0.5724529163514103,
      -0.8698900115450869,
      -0.5096076564301874
    ],
    "O3pl1*O3pl1": [
      0.0040079155988324,
      0.0065392307138845,
      0.0065392307138845,
      0.0040079155988324
    ],
    "O3pl1*O3pl2": [
      0.0051996216163333,
      0.0074753360888861,
      0.0152799927034222,
      0.0087471928047588
    ],
    "O3pl1*Oll": [
      -0.0467052604566568,
      -0.0849302586230397,
      -0.0173772869009904,
      -0.0159993642193616
    ],
    "O3pl1*Oll1122": [
      -0.0400837516885024,
      -0.0744412531357902,
      -0.0044537501876113,
      -0.0082712503484211
    ],
    "O3pl1*OpD": [
      0.0100508116465879,
      0.0144834658965877,
      0.0293087399373159,
      0.0167895725741917
    ],
    "O3pl1*Ope": [
      0.0002877173267243,
      0.00015492471439,
      0.0025894559405195,
      0.0013943224295105
    ],
    "O3pl1*Opl1": [
      0.0013943224295105,
      0.0025894559405195,
      0.00015492471439,
      0.0002877173267243
    ],
    "O3pl1*Opl2": [
      -0.001421887151821,
      -0.0030136693983634,
      0.0023564559900432,
      0.0010190789338183
    ],
    "O3pl2*O3pl2": [
      0.0022341300046197,
      0.0026369024066164,
      0.0104415590211526,
      0.0057817011930452
    ],
    "O3pl2*Oll": [
      -0.0456172801171274,
      -0.0825367018760752,
      -0.0197708436479549,
      -0.0170873445588909
    ],
    "O3pl2*Oll1122": [
      -0.0400837516885024,
      -0.0744412531357902,
      -0.0044537501876113,
      -0.0082712503484211
    ],
    "O3pl2*OpD": [
      0.0074680304760298,
      0.0088013473213598,
      0.0349908585125439,
      0.0193723537447498
    ],
    "O3pl2*Ope": [
      -0.0001557650086178,
      -8.38734661788e-05,
      -0.0014018850775605,
      -0.0007548611956095
    ],
    "O3pl2*Opl1": [
      -0.0003339068122916,
      -0.0006201126513988,
      -3.71007569212e-05,
      -6.89014057109e-05
    ],
    "O3pl2*Opl2": [
      -0.0010652684193856,
      -0.002821643927052,
      0.0055660245819616,
      0.0027473081756205
    ],
    "Oll*Oll": [
      0.8465364491751775,
      1.57123507878424,
      0.1001535122223673,
      0.1778630098288718
    ],
    "Oll*Oll1122": [
      1.5805190161780034,
      2.9352496014734357,
      0.175613224019778,
      0.3261388446081594
    ],
    "Oll*OpD": [
      -0.0469005806124249,
      -0.0829187511188564,
      -0.0334031587112978,
      -0.0243934931544437
    ],
    "Oll*Ope": [
      -0.0002877173267243,
      -0.00015492471439,
      -0.0025894559405195,
      -0.0013943224295105
    ],
    "Oll*Opl1": [
      0.0658486217156951,
      0.1222902974720052,
      0.0073165135239661,
      0.0135878108302227
    ],
    "Oll*Opl2": [
      0.0669366020552244,
      0.1246838542189698,
      0.0049229567770015,
      0.0124998304906934
    ],
    "Oll1122*Oll1122": [
      0.7387966108944062,
      1.3720508488038976,
      0.0820885123216006,
      0.1524500943115441
    ],
    "Oll1122*OpD": [
      -0.0384680279351289,
      -0.0714406233080967,
      -0.0042742253261254,
      -0.0079378470342329
    ],
    "Oll1122*Ope": [
      0.0,
      0.0,
      0.0,
      0.0
    ],
    "Oll1122*Opl1": [
      0.0628420427006883,
      0.1167066507298498,
      0.0069824491889653,
      0.0129674056366499
    ],
    "Oll1122*Opl2": [
      0.0628420427006883,
      0.1167066507298498,
      0.0069824491889653,
      0.0129674056366499
    ],
    "OpD*OpD": [
      0.0072333696344032,
      0.0085956161699251,
      0.0334139593483384,
      0.0185144347155002
    ],
    "OpD*Ope": [
      0.0006365344601564,
      0.0003427493246996,
      0.0057288101414081,
      0.0030847439222967
    ],
    "OpD*Opl1": [
      0.0016182589692919,
      0.0030053380858279,
      0.0001798065521435,
      0.0003339264539808
    ],
    "OpD*Opl2": [
      -0.0009645222012661,
      -0.0026767804893999,
      0.0058619251273714,
      0.002916707624539
    ],
    "Ope*Ope": [
      0.0004540612601486,
      0.0002444945246954,
      0.0040865513413374,
      0.0022004507222586
    ],
    "Ope*Opl1": [
      0.0,
      0.0,
      0.0,
      0.0
    ],
    "Ope*Opl2": [
      -0.0004434823353422,
      -0.0002387981805688,
      -0.00399134101808,
      -0.00214918362512
    ],
    "Opl1*Opl1": [
      0.0022004507222586,
      0.0040865513413374,
      0.0002444945246954,
      0.0004540612601486
    ],
    "Opl1*Opl2": [
      0.002672672202715,
      0.0049635340907565,
      0.0002969635780794,
      0.0005515037878618
    ],
    "Opl2*Opl2": [
      0.0015146454675752,
      0.0025777797810339,
      0.0017532660849989,
      0.001139866514832
    ]
  },
  "NLO": {
    "SM": [
      1.3098428732682077,
      2.18658672950864,
      1.803616111625419,
      1.1357653196849251
    ],
    "O3pl1": [
      -0.1092223550179908,
      -0.1730170450915741,
      -0.2131748464617919,
      -0.1274759010953625
    ],
    "O3pl2": [
      -0.0912760260078746,
      -0.1335351212693186,
      -0.2526567702840464,
      -0.1454222301054781
    ],
    "Oll": [
      1.856585939507584,
      3.4181208448579627,
      0.4073263558495237,
      0.488042989958294
    ],
    "Oll1122": [
      1.697769805780722,
      3.1530010678784848,
      0.1886410895311913,
      0.3503334519864981
    ],
    "OpD": [
      -0.1390956796217066,
      -0.1893327026489917,
      -0.4804842544031654,
      -0.2714372940554219
    ],
    "Ope": [
      -0.0047459219801165,
      -0.0025554964508319,
      -0.0427132978210488,
      -0.0229994680574878
    ],
    "Opl1": [
      0.0495937787088722,
      0.0921027318879056,
      0.0055104198565413,
      0.0102336368764339
    ],
    "Opl2": [
      0.0675401077189882,
      0.1315846557101607,
      -0.0339715039657139,
      -0.0077126921336821
    ],
    "Opmu": [
      0.01757169393948,
      0.0465432585722807,
      -0.0918120528441624,
      -0.0453170839770849
    ],
    "OpWB": [
      -0.3744089767966979,
      -0.5724529163514103,
      -0.8698900115450869,
      -0.5096076564301874
    ],
    "O3pl1*O3pl1": [
      0.0040079155988324,
      0.0065392307138845,
      0.0065392307138845,
      0.0040079155988324
    ],