{
    "best_sm": [
        3.45346162407808
    ],
    "scales": [
        1000.0
    ],
    "theory_cov": [
        [
            0.0
        ]
    ],
    "LO": {
        "SM": [
            3.45346162407808
        ],
        "O3pl1": [
            -0.5213505942406388
        ],
        "O3pl2": [
            -0.4187261192189247
        ],
        "Oee1111": [
            -13.735750227826088
        ],
        "Ole1111": [
            -6.070367760538554
        ],
        "Oll": [
            0.418726119218939
        ],
        "Oll1111": [
            -2.5498392176540285
        ],
        "OpD": [
            -0.8499429968449709
        ],
        "Ope": [
            -0.0094789860666425
        ],
        "Opl1": [
            -0.1026244750217105
        ],
        "OpWB": [
            -1.7554912842479402
        ],
        "O3pl1*O3pl1": [
            0.024241430620775
        ],
        "O3pl1*O3pl2": [
            0.0316064191298468
        ],
        "O3pl1*Oee1111": [
            0.8327177211638345
        ],
        "O3pl1*Ole1111": [
            0.7062217522257053
        ],
        "O3pl1*Oll": [
            -0.0316064191298463
        ],
        "O3pl1*Oll1111": [
            -0.0067057973105615
        ],
        "O3pl1*OpD": [
            0.0694188839244524
        ],
        "O3pl1*Ope": [
            -0.0092421640580764
        ],
        "O3pl1*Opl1": [
            0.0168764421116985
        ],
        "O3pl1*OpWB": [
            0.1495580431263757
        ],
        "O3pl2*O3pl2": [
            0.0126924505034124
        ],
        "O3pl2*Oee1111": [
            0.8327177211638345
        ],
        "O3pl2*Ole1111": [
            0.3680106819314332
        ],
        "O3pl2*Oll": [
            -0.0253849010068268
        ],
        "O3pl2*Oll1111": [
            0.1545817496271626
        ],
        "O3pl2*OpD": [
            0.051527043205709
        ],
        "O3pl2*Ope": [
            0.000574655155016
        ],
        "O3pl2*Opl1": [
            0.0062215181230213
        ],
        "O3pl2*OpWB": [
            0.1064251080207368
        ],
        "Oee1111*Oee1111": [
            49.98017628273853
        ],
        "Oee1111*Ole1111": [
            0.0
        ],
        "Oee1111*Oll": [
            -0.8327177211638345
        ],
        "Oee1111*Oll1111": [
            0.0
        ],
        "Oee1111*OpD": [
            1.8409961205837424
        ],
        "Oee1111*Ope": [
            0.7781797284280592
        ],
        "Oee1111*Opl1": [
            0.0
        ],
        "Oee1111*OpWB": [
            3.11002002456279
        ],
        "Ole1111*Ole1111": [
            19.49549363040895
        ],
        "Ole1111*Oll": [
            -0.3680106819314318
        ],
        "Ole1111*Oll1111": [
            0.0
        ],
        "Ole1111*OpD": [
            0.810759961283702
        ],
        "Ole1111*Ope": [
            -0.4205910168218018
        ],
        "Ole1111*Opl1": [
            0.3382110702942726
        ],
        "Ole1111*OpWB": [
            2.006012539636
        ],
        "Oll*Oll": [
            0.0126924505034124
        ],
        "Oll*Oll1111": [
            -0.1545817496271624
        ],
        "Oll*OpD": [
            -0.0515270432056942
        ],
        "Oll*Ope": [
            -0.0005746551550165
        ],
        "Oll*Opl1": [
            -0.0062215181230211
        ],
        "Oll*OpWB": [
            -0.1064251080207498
        ],
        "Oll1111*Oll1111": [
            8.330029380456418
        ],
        "Oll1111*OpD": [
            0.0885945605071556
        ],
        "Oll1111*Ope": [
            0.0
        ],
        "Oll1111*Opl1": [
            -0.1612875469377235
        ],
        "Oll1111*OpWB": [
            0.2761422995857188
        ],
        "OpD*OpD": [
            0.0553184150306596
        ],
        "OpD*Ope": [
            0.0014493786815535
        ],
        "OpD*Opl1": [
            0.0178918407187461
        ],
        "OpD*OpWB": [
            0.2258533988795699
        ],
        "Ope*Ope": [
            0.0114598117742416
        ],
        "Ope*Opl1": [
            -0.009816819213093
        ],
        "Ope*OpWB": [
            -0.0161856326378684
        ],
        "Opl1*Opl1": [
            0.0053274619943391
        ],
        "Opl1*OpWB": [
            0.0431329351056268
        ],
        "OpWB*OpWB": [
            0.2390103830458669
        ]
    }
}