{
  "best_sm": [
    0.1222706908864558,
    0.0259567756169882
  ],
  "scales": [
    250.0,
    500.0
  ],
  "theory_cov": [
    [
      0.0,
      0.0
    ],
    [
      0.0,
      0.0
    ]
  ],
  "LO": {
    "SM": [
      0.1222706908864558,
      0.0259567756169882
    ],
    "O3pl1": [
      -0.011068550466926,
      -0.0023698873503968
    ],
    "O3pl2": [
      -0.0148251052023116,
      -0.0031472131746764
    ],
    "Oll": [
      0.0148251052023116,
      0.0031472131746764
    ],
    "Opd": [
      -0.0129976802664834,
      -0.0028295748667902
    ],
    "OpD": [
      -0.0255593293378783,
      -0.005426835031198
    ],
    "Ope": [
      -0.0217577117562339,
      -0.0040059829421196
    ],
    "Opl1": [
      0.0037565547353856,
      0.0007773258242796
    ],
    "OpQ3": [
      0.0231349837391109,
      0.0042187893010026
    ],
    "OpQM": [
      0.0115674918695554,
      0.0021093946505013
    ],
    "OpWB": [
      -0.0267525568147553,
      -0.0063635210578482
    ],
    "OQe": [
      -0.1322344193859907,
      -0.1033458117848801
    ],
    "OQl31": [
      0.059316185577179,
      0.0550174477644498
    ],
    "OQlM1": [
      0.0296580927885895,
      0.0275087238822249
    ],
    "O3pl1*O3pl1": [
      0.0003749690690395,
      7.9101181432e-05
    ],
    "O3pl1*O3pl2": [
      0.0006710210922978,
      0.0001436723266734
    ],
    "O3pl1*Oll": [
      -0.0006710210922978,
      -0.0001436723266734
    ],
    "O3pl1*Opd": [
      0.0007541666189514,
      0.0001647435320788
    ],
    "O3pl1*OpD": [
      0.0016435517595294,
      0.000345573741796
    ],
    "O3pl1*Ope": [
      0.0013190420509166,
      0.0002428591763284
    ],
    "O3pl1*Opl1": [
      7.89170457813e-05,
      1.45300361905e-05
    ],
    "O3pl1*OpQ3": [
      -0.0010150690446312,
      -0.0001778575163843
    ],
    "O3pl1*OpQM": [
      -0.0005075345223156,
      -8.89287581921e-05
    ],
    "O3pl1*OpWB": [
      0.0017057215553373,
      0.0003976534267264
    ],
    "O3pl1*OQe": [
      0.0080165948378601,
      0.0062652485269421
    ],
    "O3pl1*OQl31": [
      0.0009592506643593,
      0.0007496878579247
    ],
    "O3pl1*OQlM1": [
      0.0004796253321796,
      0.0003748439289623
    ],
    "O3pl2*O3pl2": [
      0.0004493794519892,
      9.53985089771e-05
    ],
    "O3pl2*Oll": [
      -0.0008987589039784,
      -0.0001907970179542
    ],
    "O3pl2*Opd": [
      0.0007879728818886,
      0.000171540476192
    ],
    "O3pl2*OpD": [
      0.0015495117578359,
      0.0003289970788167
    ],
    "O3pl2*Ope": [
      0.0013190420509166,
      0.0002428591763284
    ],
    "O3pl2*Opl1": [
      -0.0002277378116806,
      -4.71246912807e-05
    ],
    "O3pl2*OpQ3": [
      -0.0014025379479722,
      -0.0002557603738079
    ],
    "O3pl2*OpQM": [
      -0.0007012689739861,
      -0.0001278801869039
    ],
    "O3pl2*OpWB": [
      0.0016218501193301,
      0.0003857828415614
    ],
    "O3pl2*OQe": [
      0.0080165948378601,
      0.0062652485269421
    ],
    "O3pl2*OQl31": [
      -0.0035959913410406,
      -0.0033353841593488
    ],
    "O3pl2*OQlM1": [
      -0.0017979956705203,
      -0.0016676920796744
    ],
    "Oll*Oll": [
      0.0004493794519892,
      9.53985089771e-05
    ],
    "Oll*Opd": [
      -0.0007879728818886,
      -0.000171540476192
    ],
    "Oll*OpD": [
      -0.0015495117578359,
      -0.0003289970788167
    ],
    "Oll*Ope": [
      -0.0013190420509166,
      -0.0002428591763284
    ],
    "Oll*Opl1": [
      0.0002277378116806,
      4.71246912807e-05
    ],
    "Oll*OpQ3": [
      0.0014025379479722,
      0.0002557603738079
    ],
    "Oll*OpQM": [
      0.0007012689739861,
      0.0001278801869039
    ],
    "Oll*OpWB": [
      -0.0016218501193301,
      -0.0003857828415614
    ],
    "Oll*OQe": [
      -0.0080165948378601,
      -0.0062652485269421
    ],
    "Oll*OQl31": [
      0.0035959913410406,
      0.0033353841593488
    ],
    "Oll*OQlM1": [
      0.0017979956705203,
      0.0016676920796744
    ],
    "Opd*Opd": [
      0.0007446209279373,
      0.000149710331548
    ],
    "Opd*OpD": [
      0.0018113604273021,
      0.0003870496817962
    ],
    "Opd*Ope": [
      0.0004543733100262,
      9.13543742035e-05
    ],
    "Opd*Opl1": [
      -3.38062629371e-05,
      -6.796944113220652e-06
    ],
    "Opd*OpQ3": [
      0.0,
      0.0
    ],
    "Opd*OpQM": [
      0.0,
      0.0
    ],
    "Opd*OpWB": [
      0.0028797782287968,
      0.0006279739058518
    ],
    "Opd*OQe": [
      0.0,
      0.0
    ],
    "Opd*OQl31": [
      0.0,
      0.0
    ],
    "Opd*OQlM1": [
      0.0,
      0.0
    ],
    "OpD*OpD": [
      0.0018291493803536,
      0.0003828550309535
    ],
    "OpD*Ope": [
      0.0028852887746013,
      0.0005411492703495
    ],
    "OpD*Opl1": [
      9.40400016934e-05,
      1.65766629793e-05
    ],
    "OpD*OpQ3": [
      -0.0022662635169315,
      -0.0004099149041582
    ],
    "OpD*OpQM": [
      -0.0011331317584657,
      -0.0002049574520791
    ],
    "OpD*OpWB": [
      0.0038466991013814,
      0.00087695202277
    ],
    "OpD*OQe": [
      0.0172990030558959,
      0.0139025730140524
    ],
    "OpD*OQl31": [
      0.0011782791182006,
      0.0008639042996804
    ],
    "OpD*OQlM1": [
      0.0005891395591003,
      0.0004319521498402
    ],
    "Ope*Ope": [
      0.0025627584516469,
      0.0005152573652963
    ],
    "Ope*Opl1": [
      0.0,
      0.0
    ],
    "Ope*OpQ3": [
      -0.005207778466091,
      -0.0010470538921686
    ],
    "Ope*OpQM": [
      -0.0026038892330455,
      -0.0005235269460843
    ],
    "Ope*OpWB": [
      6.38552080522e-05,
      -7.06034468051e-05
    ],
    "Ope*OQe": [
      0.0380688081879859,
      0.0341395304300719
    ],
    "Ope*OQl31": [
      0.0,
      0.0
    ],
    "Ope*OQlM1": [
      0.0,
      0.0
    ],
    "Opl1*Opl1": [
      0.000153327428731,
      3.08273637356e-05
    ],
    "Opl1*OpQ3": [
      0.000387468903341,
      7.79028574235e-05
    ],
    "Opl1*OpQM": [
      0.0001937344516705,
      3.89514287117e-05
    ],
    "Opl1*OpWB": [
      8.38714360071e-05,
      1.18705851649e-05
    ],
    "Opl1*OQe": [
      0.0,
      0.0
    ],
    "Opl1*OQl31": [
      0.0045552420054,
      0.0040850720172735
    ],
    "Opl1*OQlM1": [
      0.0022776210027,
      0.0020425360086367
    ],
    "OpQ3*OpQ3": [
      0.0029784837117495,
      0.000598841326192
    ],
    "OpQ3*OpQM": [
      0.0029784837117495,
      0.000598841326192
    ],
    "OpQ3*OpWB": [
      0.0010473764299246,
      0.0003085368435344
    ],
    "OpQ3*OQe": [
      -0.0398575718942468,
      -0.0357436666215846
    ],
    "OpQ3*OQl31": [
      0.0059309626061307,
      0.0053187974094634
    ],
    "OpQ3*OQlM1": [
      0.0029654813030653,
      0.0026593987047317
    ],
    "OpQM*OpQM": [
      0.0007446209279373,
      0.000149710331548
    ],
    "OpQM*OpWB": [
      0.0005236882149623,
      0.0001542684217672
    ],
    "OpQM*OQe": [
      -0.0199287859471234,
      -0.0178718333107923
    ],
    "OpQM*OQl31": [
      0.0029654813030653,
      0.0026593987047317
    ],
    "OpQM*OQlM1": [
      0.0014827406515326,
      0.0013296993523658
    ],
    "OpWB*OpWB": [
      0.0035959050324412,
      0.000875530893927
    ],
    "OpWB*OQe": [
      -0.0072746034482989,
      -0.0099743660394845
    ],
    "OpWB*OQl31": [
      0.0006138874584731,
      0.0001376312430487
    ],
    "OpWB*OQlM1": [
      0.0003069437292365,
      6.88156215243e-05
    ],
    "OQe*OQe": [
      0.1456792247558715,
      0.5827168990234866
    ],
    "OQe*OQl31": [
      0.0,
      0.0
    ],
    "OQe*OQlM1": [
      0.0,
      0.0
    ],
    "OQl31*OQl31": [
      0.0348634042150803,
      0.1394536168603215
    ],
    "OQl31*OQlM1": [
      0.0348634042150803,
      0.1394536168603215
    ],
    "OQlM1*OQlM1": [
      0.00871585105377,
      0.0348634042150803
    ]
  },
  "NLO": {
    "SM": [
      0.1222706908864558,
      0.0259567756169882
    ],