{
    "best_sm": [
        0.0027639335486517
    ],
    "scales": [
        1000.0
    ],
    "theory_cov": [
        [
            0.0
        ]
    ],
    "LO": {
        "SM": [
            0.0027639335486517
        ],
        "O3pl1": [
            -0.0002787218947603
        ],
        "O3pl2": [
            -0.0003351220585562
        ],
        "Oll": [
            0.0003351220585562
        ],
        "OpD": [
            -0.0005891653748715
        ],
        "Ope": [
            -4.90544835275e-05
        ],
        "Opl1": [
            5.64001637959e-05
        ],
        "OpqMi": [
            -9.17634651437436e-06
        ],
        "Opu": [
            0.0001570831286616
        ],
        "OpWB": [
            -0.0011291511622515
        ],
        "O3pl1*O3pl1": [
            8.696458027532954e-06
        ],
        "O3pl1*O3pl2": [
            1.68972686015e-05
        ],
        "O3pl1*Oll": [
            -1.68972686015e-05
        ],
        "O3pl1*OpD": [
            3.62801547779e-05
        ],
        "O3pl1*Ope": [
            2.973884721140314e-06
        ],
        "O3pl1*Opl1": [
            4.956474535233888e-07
        ],
        "O3pl1*OpqMi": [
            -2.062877050039872e-06
        ],
        "O3pl1*Opu": [
            -8.415718211424452e-06
        ],
        "O3pl1*OpWB": [
            6.78853992105e-05
        ],
        "O3pl2*O3pl2": [
            1.01582393492e-05
        ],
        "O3pl2*Oll": [
            -2.03164786985e-05
        ],
        "O3pl2*OpD": [
            3.57176302869e-05
        ],
        "O3pl2*Ope": [
            2.973884721140314e-06
        ],
        "O3pl2*Opl1": [
            -3.419210097039741e-06
        ],
        "O3pl2*OpqMi": [
            5.563078995554013e-07
        ],
        "O3pl2*Opu": [
            -9.52302588230392e-06
        ],
        "O3pl2*OpWB": [
            6.84537915355e-05
        ],
        "Oll*Oll": [
            1.01582393492e-05
        ],
        "Oll*OpD": [
            -3.57176302869e-05
        ],
        "Oll*Ope": [
            -2.9738847211403343e-06
        ],
        "Oll*Opl1": [
            3.4192100970397427e-06
        ],
        "Oll*OpqMi": [
            -5.563078995553956e-07
        ],
        "Oll*Opu": [
            9.523025882303918e-06
        ],
        "Oll*OpWB": [
            -6.84537915355e-05
        ],
        "OpD*OpD": [
            3.91993167192e-05
        ],
        "OpD*Ope": [
            6.640709988972124e-06
        ],
        "OpD*Opl1": [
            5.625244910250969e-07
        ],
        "OpD*OpqMi": [
            -5.276670945043e-06
        ],
        "OpD*Opu": [
            -2.13929963404e-05
        ],
        "OpD*OpWB": [
            0.0001443016639795
        ],
        "Ope*Ope": [
            1.17445726516e-05
        ],
        "Ope*Opl1": [
            0.0
        ],
        "Ope*OpqMi": [
            1.26370365938e-05
        ],
        "Ope*Opu": [
            -5.342535111802521e-06
        ],
        "Ope*OpWB": [
            -1.24914807636e-05
        ],
        "Opl1*Opl1": [
            1.9574287752815643e-06
        ],
        "Opl1*OpqMi": [
            -2.6191849495952725e-06
        ],
        "Opl1*Opu": [
            1.1073076708794678e-06
        ],
        "Opl1*OpWB": [
            -5.683923249536274e-07
        ],
        "OpqMi*OpqMi": [
            5.0396668909296764e-06
        ],
        "OpqMi*Opu": [
            0.0
        ],
        "OpqMi*OpWB": [
            -2.16354169044e-05
        ],
        "Opu*Opu": [
            5.039666890929676e-06
        ],
        "Opu*OpWB": [
            -3.34986586264e-05
        ],
        "OpWB*OpWB": [
            0.0001475002214673
        ]
    },
    "NLO": {
        "SM": [
            0.0027639335486517
        ],
        "O3pl1": [
            -0.0002787218947603
        ],
        "O3pl2": [
            -0.0003351220585562
        ],
        "Oll": [
            0.0003351220585562
        ],
        "OpD": [
            -0.0005891653748715
        ],
        "Ope": [
            -4.90544835275e-05
        ],
        "Opl1": [
            5.64001637959e-05
        ],
        "OpqMi": [
            -9.17634651437436e-06
        ],
        "Opu": [
            0.0001570831286616
        ],
        "OpWB": [
            -0.0011291511622515
        ],
        "O3pl1*O3pl1": [
            8.696458027532954e-06
        ],
        "O3pl1*O3pl2": [
            1.68972686015e-05
        ],
        "O3pl1*Oll": [
            -1.68972686015e-05
        ],
        "O3pl1*OpD": [
            3.62801547779e-05
        ],
        "O3pl1*Ope": [
            2.973884721140314e-06
        ],
        "O3pl1*Opl1": [
            4.956474535233888e-07
        ],
        "O3pl1*OpqMi": [
            -2.062877050039872e-06
        ],
        "O3pl1*Opu": [
            -8.415718211424452e-06
        ],
        "O3pl1*OpWB": [
            6.78853992105e-05
        ],
        "O3pl2*O3pl2": [
            1.01582393492e-05
        ],
        "O3pl2*Oll": [
            -2.03164786985e-05
        ],
        "O3pl2*OpD": [
            3.57176302869e-05
        ],
        "O3pl2*Ope": [
            2.973884721140314e-06
        ],
        "O3pl2*Opl1": [
            -3.419210097039741e-06
        ],
        "O3pl2*OpqMi": [
            5.563078995554013e-07
        ],
        "O3pl2*Opu": [
            -9.52302588230392e-06
        ],
        "O3pl2*OpWB": [
            6.84537915355e-05
        ],
        "Oll*Oll": [
            1.01582393492e-05
        ],
        "Oll*OpD": [
            -3.57176302869e-05
        ],
        "Oll*Ope": [
            -2.9738847211403343e-06
        ],
        "Oll*Opl1": [
            3.4192100970397427e-06
        ],
        "Oll*OpqMi": [
            -5.563078995553956e-07
        ],
        "Oll*Opu": [
            9.523025882303918e-06
        ],
        "Oll*OpWB": [
            -6.84537915355e-05
        ],
        "OpD*OpD": [
            3.91993167192e-05
        ],
        "OpD*Ope": [
            6.640709988972124e-06
        ],
        "OpD*Opl1": [
            5.625244910250969e-07
        ],
        "OpD*OpqMi": [
            -5.276670945043e-06
        ],
        "OpD*Opu": [
            -2.13929963404e-05
        ],
        "OpD*OpWB": [
            0.0001443016639795
        ],
        "Ope*Ope": [
            1.17445726516e-05
        ],
        "Ope*Opl1": [
            0.0
        ],
        "Ope*OpqMi": [
            1.26370365938e-05
        ],
        "Ope*Opu": [
            -5.342535111802521e-06
        ],
        "Ope*OpWB": [
            -1.24914807636e-05
        ],
        "Opl1*Opl1": [
            1.9574287752815643e-06
        ],
        "Opl1*OpqMi": [
            -2.6191849495952725e-06
        ],
        "Opl1*Opu": [
            1.1073076708794678e-06
        ],
        "Opl1*OpWB": [
            -5.683923249536274e-07
        ],
        "OpqMi*OpqMi": [
            5.0396668909296764e-06
        ],
        "OpqMi*Opu": [
            0.0
        ],
        "OpqMi*OpWB": [
            -2.16354169044e-05
        ],
        "Opu*Opu": [
            5.039666890929676e-06
        ],
        "Opu*OpWB": [
            -3.34986586264e-05
        ],
        "OpWB*OpWB": [
            0.0001475002214673
        ]
    }
}