{
    "best_sm": [
        0.06201430664316,
        0.0149944348028735
    ],
    "scales": [
        250.0,
        500.0
    ],
    "theory_cov": [
        [
            0.0,
            0.0
        ],
        [
            0.0,
            0.0
        ]
    ],
    "LO": {
        "SM": [
            0.06201430664316,
            0.0149944348028735
        ],
        "O3pl1": [
            -0.0068620141838863,
            -0.0016808418688554
        ],
        "O3pl2": [
            -0.0075191250934127,
            -0.0018180487227984
        ],
        "Oll": [
            0.0075191250934127,
            0.0018180487227984
        ],
        "OpD": [
            -0.0154781611534237,
            -0.0037092340863238
        ],
        "Ope": [
            -0.0021978256553544,
            -0.0003567944935993
        ],
        "Opl1": [
            0.0006571109095264,
            0.0001372068539429
        ],
        "OpqMi": [
            0.0002860376793855,
            0.0001440360432577
        ],
        "Opui": [
            0.0051990721065933,
            0.0011318299467161
        ],
        "OpWB": [
            -0.0273893618928523,
            -0.006802770311381
        ],
        "O3pl1*O3pl1": [
            0.0002119876224519,
            5.15968383647e-05
        ],
        "O3pl1*O3pl2": [
            0.0004160035468775,
            0.0001018995531699
        ],
        "O3pl1*Oll": [
            -0.0004160035468775,
            -0.0001018995531699
        ],
        "O3pl1*OpD": [
            0.0009485650379217,
            0.0002263847390587
        ],
        "O3pl1*Ope": [
            0.0001332412384388,
            2.16303509241e-05
        ],
        "O3pl1*Opl1": [
            7.971698026255748e-06,
            1.2941235595623353e-06
        ],
        "O3pl1*OpqMi": [
            -4.93264193271e-05,
            -1.51629547773e-05
        ],
        "O3pl1*Opui": [
            -0.0003016666475805,
            -6.58974128315e-05
        ],
        "O3pl1*OpWB": [
            0.0016606810112255,
            0.0004113045318175
        ],
        "O3pl2*O3pl2": [
            0.0002279201575844,
            5.51087987297e-05
        ],
        "O3pl2*Oll": [
            -0.0004558403151688,
            -0.0001102175974594
        ],
        "O3pl2*OpD": [
            0.0009383498439987,
            0.000224869039142
        ],
        "O3pl2*Ope": [
            0.0001332412384388,
            2.16303509241e-05
        ],
        "O3pl2*Opl1": [
            -3.98367682912e-05,
            -8.318044289419875e-06
        ],
        "O3pl2*OpqMi": [
            -1.73407815804e-05,
            -8.732057857612061e-06
        ],
        "O3pl2*Opui": [
            -0.0003151891527554,
            -6.86161904768e-05
        ],
        "O3pl2*OpWB": [
            0.0016604558645325,
            0.0004124119394526
        ],
        "Oll*Oll": [
            0.0002279201575844,
            5.51087987297e-05
        ],
        "Oll*OpD": [
            -0.0009383498439987,
            -0.000224869039142
        ],
        "Oll*Ope": [
            -0.0001332412384388,
            -2.16303509241e-05
        ],
        "Oll*Opl1": [
            3.98367682912e-05,
            8.318044289419878e-06
        ],
        "Oll*OpqMi": [
            1.73407815804e-05,
            8.732057857612104e-06
        ],
        "Oll*Opui": [
            0.0003151891527554,
            6.86161904768e-05
        ],
        "Oll*OpWB": [
            -0.0016604558645325,
            -0.0004124119394526
        ],
        "OpD*OpD": [
            0.0010797659373282,
            0.0002520009423796
        ],
        "OpD*Ope": [
            0.0002818318504648,
            4.76695650076e-05
        ],
        "OpD*Opl1": [
            1.0215193923e-05,
            1.515699916645938e-06
        ],
        "OpD*OpqMi": [
            -0.0001356457337672,
            -3.64184459434e-05
        ],
        "OpD*Opui": [
            -0.0007245441709208,
            -0.0001548198727184
        ],
        "OpD*OpWB": [
            0.0037769125453998,
            0.0009106749766246
        ],
        "Ope*Ope": [
            0.0003995421827965,
            8.03302598807e-05
        ],
        "Ope*Opl1": [
            0.0,
            0.0
        ],
        "Ope*OpqMi": [
            0.0004299031846038,
            8.64345143761e-05
        ],
        "Ope*Opui": [
            -0.0001817493240104,
            -3.65417496814e-05
        ],
        "Ope*OpWB": [
            -0.0003051704440409,
            -8.06224114642e-05
        ],
        "Opl1*Opl1": [
            2.39042331587e-05,
            4.806083924491105e-06
        ],
        "Opl1*OpqMi": [
            -3.19856377466e-05,
            -6.430896919714574e-06
        ],
        "Opl1*Opui": [
            1.35225051748e-05,
            2.718777645288261e-06
        ],
        "Opl1*OpWB": [
            2.251466929909364e-07,
            -1.1074076350923927e-06
        ],
        "OpqMi*OpqMi": [
            0.0001489241855874,
            2.99420663096e-05
        ],
        "OpqMi*Opui": [
            0.0,
            0.0
        ],
        "OpqMi*OpWB": [
            -0.0006806932887518,
            -0.0001564484655238
        ],
        "Opui*Opui": [
            0.0001489241855874,
            2.99420663096e-05
        ],
        "Opui*OpWB": [
            -0.0011519112915187,
            -0.0002511895623407
        ],
        "OpWB*OpWB": [
            0.0037364918597896,
            0.0009151758463068
        ]
    },
    "NLO": {
        "SM": [
            0.06201430664316,
            0.0149944348028735
        ],
        "O3pl1": [
            -0.0068620141838863,
            -0.0016808418688554
        ],
        "O3pl2": [
            -0.0075191250934127,
            -0.0018180487227984
        ],
        "Oll": [
            0.0075191250934127,
            0.0018180487227984
        ],
        "OpD": [
            -0.0154781611534237,
            -0.0037092340863238
        ],
        "Ope": [
            -0.0021978256553544,
            -0.0003567944935993
        ],
        "Opl1": [
            0.0006571109095264,
            0.0001372068539429
        ],
        "OpqMi": [
            0.0002860376793855,
            0.0001440360432577
        ],
        "Opui": [
            0.0051990721065933,
            0.0011318299467161
        ],
        "OpWB": [
            -0.0273893618928523,
            -0.006802770311381
        ],
        "O3pl1*O3pl1": [
            0.0002119876224519,
            5.15968383647e-05
        ],
        "O3pl1*O3pl2": [
            0.0004160035468775,
            0.0001018995531699
        ],
        "O3pl1*Oll": [
            -0.0004160035468775,
            -0.0001018995531699
        ],
        "O3pl1*OpD": [
            0.0009485650379217,
            0.0002263847390587
        ],
        "O3pl1*Ope": [
            0.0001332412384388,
            2.16303509241e-05
        ],
        "O3pl1*Opl1": [
            7.971698026255748e-06,
            1.2941235595623353e-06
        ],
        "O3pl1*OpqMi": [
            -4.93264193271e-05,
            -1.51629547773e-05
        ],
        "O3pl1*Opui": [
            -0.0003016666475805,
            -6.58974128315e-05
        ],
        "O3pl1*OpWB": [
            0.0016606810112255,
            0.0004113045318175
        ],
        "O3pl2*O3pl2": [
            0.0002279201575844,
            5.51087987297e-05
        ],
        "O3pl2*Oll": [
            -0.0004558403151688,
            -0.0001102175974594
        ],
        "O3pl2*OpD": [
            0.0009383498439987,
            0.000224869039142
        ],
        "O3pl2*Ope": [
            0.0001332412384388,
            2.16303509241e-05
        ],
        "O3pl2*Opl1": [
            -3.98367682912e-05,
            -8.318044289419875e-06
        ],
        "O3pl2*OpqMi": [
            -1.73407815804e-05,
            -8.732057857612061e-06
        ],