{
    "best_sm": [
        0.0214415915898222
    ],
    "scales": [
        1000.0
    ],
    "theory_cov": [
        [
            0.0
        ]
    ],
    "LO": {
        "SM": [
            0.0214415915898222
        ],
        "O3pl1": [
            0.0002697635101378
        ],
        "O3pl2": [
            -0.0025997550902799
        ],
        "Oll": [
            0.0025997550902799
        ],
        "Opd": [
            0.0003570118830368
        ],
        "OpD": [
            0.0002620820305705
        ],
        "Ope": [
            -6.35798867984e-05
        ],
        "Opl1": [
            0.0028695186004178
        ],
        "OpQ3": [
            0.0039272998830488
        ],
        "OpQM": [
            0.0019636499415244
        ],
        "OpWB": [
            -0.0006841032699171
        ],
        "OQe": [
            -0.0066346677089242
        ],
        "OQl31": [
            0.8343452079013504
        ],
        "OQlM1": [
            0.4171726039506752
        ],
        "O3pl1*O3pl1": [
            1.78406153827e-05
        ],
        "O3pl1*O3pl2": [
            -1.63541744491e-05
        ],
        "O3pl1*Oll": [
            1.63541744491e-05
        ],
        "O3pl1*Opd": [
            -4.65579525614e-05
        ],
        "O3pl1*OpD": [
            4.27380701656e-05
        ],
        "O3pl1*Ope": [
            3.854474460334362e-06
        ],
        "O3pl1*Opl1": [
            5.20354052145e-05
        ],
        "O3pl1*OpQ3": [
            4.74664052594e-05
        ],
        "O3pl1*OpQM": [
            2.37332026297e-05
        ],
        "O3pl1*OpWB": [
            8.04103624682e-05
        ],
        "O3pl1*OQe": [
            0.0004022208677078
        ],
        "O3pl1*OQl31": [
            0.0108599634281124
        ],
        "O3pl1*OQlM1": [
            0.0054299817140562
        ],
        "O3pl2*O3pl2": [
            7.88039276506e-05
        ],
        "O3pl2*Oll": [
            -0.0001576078553013
        ],
        "O3pl2*Opd": [
            -2.16435299666e-05
        ],
        "O3pl2*OpD": [
            -1.58884915374e-05
        ],
        "O3pl2*Ope": [
            3.854474460334362e-06
        ],
        "O3pl2*Opl1": [
            -0.0001739620297504
        ],
        "O3pl2*OpQ3": [
            -0.0002380890853937
        ],
        "O3pl2*OpQM": [
            -0.0001190445426968
        ],
        "O3pl2*OpWB": [
            4.14731562905e-05
        ],
        "O3pl2*OQe": [
            0.0004022208677078
        ],
        "O3pl2*OQl31": [
            -0.0505814410326204
        ],
        "O3pl2*OQlM1": [
            -0.0252907205163102
        ],
        "Oll*Oll": [
            7.88039276506e-05
        ],
        "Oll*Opd": [
            2.16435299666e-05
        ],
        "Oll*OpD": [
            1.58884915374e-05
        ],
        "Oll*Ope": [
            -3.854474460334362e-06
        ],
        "Oll*Opl1": [
            0.0001739620297504
        ],
        "Oll*OpQ3": [
            0.0002380890853937
        ],
        "Oll*OpQM": [
            0.0001190445426968
        ],
        "Oll*OpWB": [
            -4.14731562905e-05
        ],
        "Oll*OQe": [
            -0.0004022208677078
        ],
        "Oll*OQl31": [
            0.0505814410326204
        ],
        "Oll*OQlM1": [
            0.0252907205163102
        ],
        "Opd*Opd": [
            4.8700506365e-05
        ],
        "Opd*OpD": [
            -4.8710303372e-05
        ],
        "Opd*Ope": [
            1.484037531056256e-06
        ],
        "Opd*Opl1": [
            -2.49144225947e-05
        ],
        "Opd*OpQ3": [
            0.0
        ],
        "Opd*OpQM": [
            0.0
        ],
        "Opd*OpWB": [
            -0.0001273588702249
        ],
        "Opd*OQe": [
            0.0
        ],
        "Opd*OQl31": [
            0.0
        ],
        "Opd*OQlM1": [
            0.0
        ],
        "OpD*OpD": [
            2.70445490063e-05
        ],
        "OpD*Ope": [
            8.632682162914097e-06
        ],
        "OpD*Opl1": [
            5.8626561703e-05
        ],
        "OpD*OpQ3": [
            5.0294259282e-05
        ],
        "OpD*OpQM": [
            2.5147129641e-05
        ],
        "OpD*OpWB": [
            9.70982121666e-05
        ],
        "OpD*OQe": [
            0.0008998468876127
        ],
        "OpD*OQl31": [
            0.0122687321259446
        ],
        "OpD*OQlM1": [
            0.0061343660629723
        ],
        "Ope*Ope": [
            8.370275369071e-06
        ],
        "Ope*Opl1": [
            0.0
        ],
        "Ope*OpQ3": [
            -1.7009226833e-05
        ],
        "Ope*OpQM": [
            -8.504613416509853e-06
        ],
        "Ope*OpWB": [
            -1.4858171334705474e-06
        ],
        "Ope*OQe": [
            0.0022756075726197
        ],
        "Ope*OQl31": [
            0.0
        ],
        "Ope*OQlM1": [
            0.0
        ],
        "Opl1*Opl1": [
            0.0001129987174824
        ],
        "Opl1*OpQ3": [
            0.0002855554906531
        ],
        "Opl1*OpQM": [
            0.0001427777453265
        ],
        "Opl1*OpWB": [
            3.89372061777e-05
        ],
        "Opl1*OQe": [
            0.0
        ],
        "Opl1*OQl31": [
            0.0614414044607328
        ],
        "Opl1*OQlM1": [
            0.0307207022303664
        ],
        "OpQ3*OpQ3": [
            0.0001948020254603
        ],
        "OpQ3*OpQM": [
            0.0001948020254603
        ],
        "OpQ3*OpWB": [
            7.804474027234745e-06
        ],
        "OpQ3*OQe": [
            -0.0023825330170805
        ],
        "OpQ3*OQl31": [
            0.0799972146140154
        ],
        "OpQ3*OQlM1": [
            0.0399986073070077
        ],
        "OpQM*OpQM": [
            4.8700506365e-05
        ],
        "OpQM*OpWB": [
            3.902237013617373e-06
        ],
        "OpQM*OQe": [
            -0.0011912665085402
        ],
        "OpQM*OQl31": [
            0.0399986073070077
        ],
        "OpQM*OQlM1": [
            0.0199993036535038
        ],
        "OpWB*OpWB": [
            0.0001174456269256
        ],
        "OpWB*OQe": [
            -0.0007223533016283
        ],
        "OpWB*OQl31": [
            0.0005175096567963
        ],
        "OpWB*OQlM1": [
            0.0002587548283981
        ],
        "OQe*OQe": [
            0.1593755621260817
        ],
        "OQe*OQl31": [
            0.0
        ],
        "OQe*OQlM1": [
            0.0
        ],
        "OQl31*OQl31": [
            8.606280354808412
        ],
        "OQl31*OQlM1": [
            8.606280354808412
        ],
        "OQlM1*OQlM1": [
            2.151570088702103
        ]
    },
    "NLO": {
        "SM": [
            0.0214415915898222
        ],
        "O3pl1": [
            0.0002697635101378
        ],
        "O3pl2": [
            -0.0025997550902799
        ],
        "Oll": [
            0.0025997550902799
        ],
        "Opd": [
            0.0003570118830368
        ],
        "OpD": [
            0.0002620820305705
        ],
        "Ope": [
            -6.35798867984e-05
        ],
        "Opl1": [
            0.0028695186004178
        ],
        "OpQ3": [
            0.0039272998830488
        ],
        "OpQM": [
            0.0019636499415244
        ],
        "OpWB": [
            -0.0006841032699171
        ],
        "OQe": [
            -0.0066346677089242
        ],
        "OQl31": [
            0.8343452079013504
        ],
        "OQlM1": [
            0.4171726039506752
        ],
        "O3pl1*O3pl1": [
            1.78406153827e-05
        ],
        "O3pl1*O3pl2": [
            -1.63541744491e-05
        ],
        "O3pl1*Oll": [
            1.63541744491e-05
        ],
        "O3pl1*Opd": [
            -4.65579525614e-05
        ],
        "O3pl1*OpD": [
            4.27380701656e-05
        ],