{
    "best_sm": [
        0.1032626152242323
    ],
    "scales": [
        1000.0
    ],
    "theory_cov": [
        [
            0.0
        ]
    ],
    "LO": {
        "SM": [
            0.1032626152242323
        ],
        "O3pl1": [
            -0.0122114260190381
        ],
        "O3pl2": [
            -0.0143449319520539
        ],
        "Oee1122": [
            2.4823002757037163
        ],
        "Ole1122": [
            0.0456695397627335
        ],
        "Ole1221": [
            0.0
        ],
        "Ole2211": [
            0.6165387867969027
        ],
        "Oll": [
            0.2189337710243911
        ],
        "Oll1122": [
            0.2064133614064665
        ],
        "OpD": [
            -0.0266300932634017
        ],
        "Ope": [
            -0.0017731124845077
        ],
        "Opl1": [
            0.0003089835988863
        ],
        "Opl2": [
            -0.0018245223341293
        ],
        "Opmu": [
            -0.0044262882926848
        ],
        "OpWB": [
            -0.0495911177164107
        ],
        "O3pl1*O3pl1": [
            0.0003741346926328
        ],
        "O3pl1*O3pl2": [
            0.0008671284627831
        ],
        "O3pl1*Oee1122": [
            -0.1504872609463233
        ],
        "O3pl1*Ole1122": [
            -0.0055736022572712
        ],
        "O3pl1*Ole1221": [
            0.0
        ],
        "O3pl1*Ole2211": [
            -0.0373771191988174
        ],
        "O3pl1*Oll": [
            -0.0062776579052596
        ],
        "O3pl1*Oll1122": [
            -0.0055373509924173
        ],
        "O3pl1*OpD": [
            0.0016233785979481
        ],
        "O3pl1*Ope": [
            0.000107493377717
        ],
        "O3pl1*Opl1": [
            7.962472423483669e-06
        ],
        "O3pl1*Opl2": [
            0.0001268215499409
        ],
        "O3pl1*Opmu": [
            0.0002553036200845
        ],
        "O3pl1*OpWB": [
            0.0030165802452517
        ],
        "O3pl2*O3pl2": [
            0.0005689943208925
        ],
        "O3pl2*Oee1122": [
            -0.1504872609463233
        ],
        "O3pl2*Ole1122": [
            -0.0027686754962086
        ],
        "O3pl2*Ole1221": [
            0.0
        ],
        "O3pl2*Ole2211": [
            -0.0752436304731617
        ],
        "O3pl2*Oll": [
            -0.0064069998173622
        ],
        "O3pl2*Oll1122": [
            -0.0055373509924173
        ],
        "O3pl2*OpD": [
            0.0019144137092798
        ],
        "O3pl2*Ope": [
            -6.84952784859e-05
        ],
        "O3pl2*Opl1": [
            -2.520362161654285e-06
        ],
        "O3pl2*Opl2": [
            0.0002683398168402
        ],
        "O3pl2*Opmu": [
            0.0002683398168402
        ],
        "O3pl2*OpWB": [
            0.0037443386806306
        ],
        "Oee1122*Oee1122": [
            20.264135613103715
        ],
        "Oee1122*Ole1122": [
            0.0
        ],
        "Oee1122*Ole1221": [
            0.0
        ],
        "Oee1122*Ole2211": [
            0.0
        ],
        "Oee1122*Oll": [
            0.1504872609463233
        ],
        "Oee1122*Oll1122": [
            0.0
        ],
        "Oee1122*OpD": [
            -0.3381189309049229
        ],
        "Oee1122*Ope": [
            -0.0757330225486885
        ],
        "Oee1122*Opl1": [
            0.0
        ],
        "Oee1122*Opl2": [
            0.0
        ],
        "Oee1122*Opmu": [
            -0.0757330225486885
        ],
        "Oee1122*OpWB": [
            -0.5620372703616212
        ],
        "Ole1122*Ole1122": [
            0.3752617706130317
        ],
        "Ole1122*Ole1221": [
            0.0
        ],
        "Ole1122*Ole2211": [
            0.0
        ],
        "Ole1122*Oll": [
            0.0027686754962086
        ],
        "Ole1122*Oll1122": [
            0.0
        ],
        "Ole1122*OpD": [
            -0.0062298582739467
        ],
        "Ole1122*Ope": [
            0.0
        ],
        "Ole1122*Opl1": [
            -0.0028049267610625
        ],
        "Ole1122*Opl2": [
            0.0
        ],
        "Ole1122*Opmu": [
            0.0034881383318396
        ],
        "Ole1122*OpWB": [
            -0.0155782987466185
        ],
        "Ole1221*Ole1221": [
            12.11607510499475
        ],
        "Ole1221*Ole2211": [
            0.0
        ],
        "Ole1221*Oll": [
            0.0
        ],
        "Ole1221*Oll1122": [
            0.0
        ],
        "Ole1221*OpD": [
            0.0
        ],
        "Ole1221*Ope": [
            0.0
        ],
        "Ole1221*Opl1": [
            0.0
        ],
        "Ole1221*Opl2": [
            0.0
        ],
        "Ole1221*Opmu": [
            0.0
        ],
        "Ole1221*OpWB": [
            0.0
        ],
        "Ole2211*Ole2211": [
            5.066033903275929
        ],
        "Ole2211*Oll": [
            0.0373771191988174
        ],
        "Ole2211*Oll1122": [
            0.0
        ],
        "Ole2211*OpD": [
            -0.0841030866982813
        ],
        "Ole2211*Ope": [
            0.0470898674798358
        ],
        "Ole2211*Opl1": [
            0.0
        ],
        "Ole2211*Opl2": [
            -0.0378665112743442
        ],
        "Ole2211*Opmu": [
            0.0
        ],
        "Ole2211*OpWB": [
            -0.2103070330793504
        ],
        "Oll*Oll": [
            1.5139402294934827
        ],
        "Oll*Oll1122": [
            3.01460779256035
        ],
        "Oll*OpD": [
            -0.0077810773297249
        ],
        "Oll*Ope": [
            -0.000107493377717
        ],
        "Oll*Opl1": [
            0.0069950085213554
        ],
        "Oll*Opl2": [
            0.0068656666092528
        ],
        "Oll*Opmu": [
            -0.0002683398168402
        ],
        "Oll*OpWB": [
            -0.023687222284007
        ],
        "Oll1122*Oll1122": [
            1.5010470824521267
        ],
        "Oll1122*OpD": [
            -0.0061666514549912
        ],
        "Oll1122*Ope": [
            0.0
        ],
        "Oll1122*Opl1": [
            0.0069762766636793
        ],
        "Oll1122*Opl2": [
            0.0069762766636793
        ],
        "Oll1122*Opmu": [
            0.0
        ],
        "Oll1122*OpWB": [
            -0.0206808045893171
        ],
        "OpD*OpD": [
            0.0017916740280359
        ],
        "OpD*Ope": [
            0.0002409467636748
        ],
        "OpD*Opl1": [
            8.952723214542283e-06
        ],
        "OpD*Opl2": [
            0.0002999878345461
        ],
        "OpD*Opmu": [
            0.0006028709115134
        ],
        "OpD*OpWB": [
            0.0066064433592487
        ],
        "Ope*Ope": [
            0.0001801867281719
        ],
        "Ope*Opl1": [
            0.0
        ],
        "Ope*Opl2": [
            -0.0001759886562029
        ],
        "Ope*Opmu": [
            0.0001415182668993
        ],
        "Ope*OpWB": [
            7.28247198576e-05
        ],
        "Opl1*Opl1": [
            1.33471650497e-05
        ],
        "Opl1*Opl2": [
            1.62114955144e-05
        ],
        "Opl1*Opmu": [
            -1.30361967557e-05
        ],
        "Opl1*OpWB": [
            1.01625505618e-05
        ],
        "Opl2*Opl2": [
            7.88648812068e-05
        ],
        "Opl2*Opmu": [
            0.0
        ],
        "Opl2*OpWB": [
            0.0007379209859407
        ],
        "Opmu*Opmu": [
            7.88648812068e-05
        ],
        "Opmu*OpWB": [
            0.0009778473143881
        ],
        "OpWB*OpWB": [
            0.0063126413397785
        ]
    }
}