{
    "best_sm": [
        58.60712099153602,
        13.755062951465709
    ],
    "scales": [
        250.0,
        500.0
    ],
    "theory_cov": [
        [
            0.0,
            0.0
        ],
        [
            0.0,
            0.0
        ]
    ],
    "LO": {
        "SM": [
            58.60712099153602,
            13.755062951465709
        ],
        "O3pl1": [
            -8.42197999226528,
            -2.087430139471594
        ],
        "O3pl2": [
            -7.106009854078341,
            -1.6677770759410533
        ],
        "Oee1111": [
            -10.522812647545662,
            -11.518172991718531
        ],
        "Ole1111": [
            -7.897631938430326,
            -6.989246089630914
        ],
        "Oll": [
            7.106009854078326,
            1.6677770759411028
        ],
        "Oll1111": [
            -2.284939809930814,
            -2.602574176264281
        ],
        "OpD": [
            -13.327608876477676,
            -3.2771027421330707
        ],
        "Ope": [
            1.0769907099201987,
            0.2031085230895772
        ],
        "Opl1": [
            -1.315970138186969,
            -0.419653063530566
        ],
        "OpWB": [
            -28.9968365845764,
            -7.0124421154345775
        ],
        "O3pl1*O3pl1": [
            0.3181602324664584,
            0.0910775357275213
        ],
        "O3pl1*O3pl2": [
            0.5105750956827504,
            0.126548607829808
        ],
        "O3pl1*Oee1111": [
            0.6379362191915094,
            0.6982790605936078
        ],
        "O3pl1*Ole1111": [
            0.6986952480743629,
            0.7429789183266408
        ],
        "O3pl1*Oll": [
            -0.5105750956827508,
            -0.1265486078298071
        ],
        "O3pl1*Oll1111": [
            0.0682214801308113,
            0.0179959244253342
        ],
        "O3pl1*OpD": [
            0.974080751578255,
            0.2624860875247667
        ],
        "O3pl1*Ope": [
            -0.1144102361892961,
            -0.0410792433054025
        ],
        "O3pl1*Opl1": [
            0.1257453692501614,
            0.0556064636252374
        ],
        "O3pl1*OpWB": [
            2.141703045908389,
            0.5764706333440112
        ],
        "O3pl2*O3pl2": [
            0.2153977843987221,
            0.0505537558215592
        ],
        "O3pl2*Oee1111": [
            0.6379362191915094,
            0.6982790605936078
        ],
        "O3pl2*Ole1111": [
            0.4787869582134478,
            0.4237168687459418
        ],
        "O3pl2*Oll": [
            -0.4307955687974401,
            -0.1011075116431133
        ],
        "O3pl2*Oll1111": [
            0.13852245708921,
            0.1577787598982626
        ],
        "O3pl2*OpD": [
            0.8079745123569156,
            0.1986714582156916
        ],
        "O3pl2*Ope": [
            -0.0652916101999712,
            -0.0123132747531613
        ],
        "O3pl2*Opl1": [
            0.0797795268853073,
            0.0254410961866979
        ],
        "O3pl2*OpWB": [
            1.757907597413466,
            0.4251231073151356
        ],
        "Oee1111*Oee1111": [
            2.733290890462263,
            10.933163561849051
        ],
        "Oee1111*Ole1111": [
            0.0,
            0.0
        ],
        "Oee1111*Oll": [
            -0.6379362191915094,
            -0.698279060593606
        ],
        "Oee1111*Oll1111": [
            0.0,
            0.0
        ],
        "Oee1111*OpD": [
            1.2492697484048625,
            1.4898657745445345
        ],
        "Oee1111*Ope": [
            0.2739595118552169,
            0.5447269586959349
        ],
        "Oee1111*Opl1": [
            0.0,
            0.0
        ],
        "Oee1111*OpWB": [
            2.382553373917139,
            2.6079207947488285
        ],
        "Ole1111*Ole1111": [
            1.2650992988507033,
            5.060397195402813
        ],
        "Ole1111*Oll": [
            -0.4787869582134469,
            -0.42371686874594
        ],
        "Ole1111*Oll1111": [
            0.0,
            0.0
        ],
        "Ole1111*OpD": [
            0.9447553776059828,
            0.8984133960863381
        ],
        "Ole1111*Ope": [
            -0.2734725719050853,
            -0.3970264780183745
        ],
        "Ole1111*Opl1": [
            0.2199082898609155,
            0.3192620495807014
        ],
        "Ole1111*OpWB": [
            2.1988202887067927,
            2.178677820917216
        ],
        "Oll*Oll": [
            0.2153977843987221,
            0.0505537558215592
        ],
        "Oll*Oll1111": [
            -0.1385224570892098,
            -0.1577787598982626
        ],
        "Oll*OpD": [
            -0.807974512356906,
            -0.1986714582156841
        ],
        "Oll*Ope": [
            0.0652916101999714,
            0.0123132747531638
        ],
        "Oll*Opl1": [
            -0.0797795268853071,
            -0.0254410961866981
        ],
        "Oll*OpWB": [
            -1.757907597413467,
            -0.4251231073151447
        ],
        "Oll1111*Oll1111": [
            0.5640124059684034,
            2.2560496238736136
        ],
        "Oll1111*OpD": [
            0.1626615924982601,
            0.1182925118364712
        ],
        "Oll1111*Ope": [
            0.0,
            0.0
        ],
        "Oll1111*Opl1": [
            -0.0703009769583985,
            -0.139782835472927
        ],
        "Oll1111*OpWB": [
            0.386071875480549,
            0.3282401551954225
        ],
        "OpD*OpD": [
            0.7654837795715709,
            0.2027847180221846
        ],
        "OpD*Ope": [
            -0.1282659833414452,
            -0.0248314627413484
        ],
        "OpD*Opl1": [
            0.1661062392213591,
            0.0638146293090552
        ],
        "OpD*OpWB": [
            3.3277948906682884,
            0.8611616909788848
        ],
        "Ope*Ope": [
            0.0406755457344513,
            0.0289069738428085
        ],
        "Ope*Opl1": [
            -0.0491186259893264,
            -0.0287659685522392
        ],
        "Ope*OpWB": [
            -0.3355737043402964,
            -0.0997047355326594
        ],
        "Opl1*Opl1": [
            0.0229829211824276,
            0.0150826837192703
        ],
        "Opl1*OpWB": [
            0.3837954484949273,
            0.1513475260288571
        ],
        "OpWB*OpWB": [
            3.6410499261919056,
            0.9351838296334812
        ]
    }
}