{
    "best_sm": [
        0.5992257302937701,
        0.5947815775297306,
        0.662089998710555,
        0.6461105382874687
    ],
    "scales": [
        250.0,
        250.0,
        250.0,
        250.0
    ],
    "theory_cov": [
        [
            0.0,
            0.0,
            0.0,
            0.0
        ],
        [
            0.0,
            0.0,
            0.0,
            0.0
        ],
        [
            0.0,
            0.0,
            0.0,
            0.0
        ],
        [
            0.0,
            0.0,
            0.0,
            0.0
        ]
    ],
    "LO": {
        "SM": [
            0.5992257302937701,
            0.5947815775297306,
            0.662089998710555,
            0.6461105382874687
        ],
        "O3pl1": [
            0.0249720615943839,
            0.0268772935575536,
            0.0026612574011292,
            0.0075109772060543
        ],
        "O3pl2": [
            -1.52655665885959e-16,
            -1.249000902703301e-16,
            -3.7470027081099033e-16,
            -3.191891195797325e-16
        ],
        "Oll": [
            2.0816681711721683e-16,
            1.8041124150158796e-16,
            2.914335439641036e-16,
            2.6367796834847473e-16
        ],
        "OpD": [
            0.0258800368183921,
            0.0284617762213582,
            0.0026539746945422,
            0.0062040288071998
        ],
        "Ope": [
            -0.0032947289693841,
            -0.001018301342133,
            -0.0333312537864639,
            -0.0260795075886877
        ],
        "Opl1": [
            0.024972061594384,
            0.0268772935575537,
            0.0026612574011296,
            0.0075109772060546
        ],
        "OpqMi": [
            -0.0095715582941383,
            -0.0092003072709769,
            -0.0198755940546522,
            -0.0163618076877236
        ],
        "Opu": [
            0.0288838482859307,
            0.0299013002198783,
            0.007948091466107,
            0.0144283429995942
        ],
        "OpWB": [
            0.064506462900801,
            0.0673710059022732,
            0.0420851253292158,
            0.0445798361045822
        ],
        "O3pl1*O3pl1": [
            -0.00077710457633,
            -0.0009491346689333,
            6.82488482989e-05,
            8.83222891901e-05
        ],
        "O3pl1*O3pl2": [
            0.0015139091697745,
            0.0016294121741495,
            0.0001613363785553,
            0.0004553463566968
        ],
        "O3pl1*Oll": [
            -0.0015139091697745,
            -0.0016294121741495,
            -0.0001613363785553,
            -0.0004553463566968
        ],
        "O3pl1*OpD": [
            -0.0013945570496777,
            -0.0019874254185491,
            0.0004926876328738,
            0.0008987611989002
        ],
        "O3pl1*Ope": [
            0.0001442725663103,
            5.1365651016e-05,
            -0.0015731792931064,
            -0.0006429716500233
        ],
        "O3pl1*Opl1": [
            -0.0030681183224346,
            -0.0035276815120162,
            -2.48386819573e-05,
            -0.0002787017783165
        ],
        "O3pl1*OpqMi": [
            0.0015166451881698,
            0.0017871055496923,
            -0.0010306316266486,
            -0.0005088124609401
        ],
        "O3pl1*Opu": [
            -0.002352147333324,
            -0.002430302258952,
            -0.0001243824735856,
            -0.0007589489319923
        ],
        "O3pl2*O3pl2": [
            -1.3010426069826053e-17,
            -1.0408340855860844e-17,
            -4.7271214720367993e-17,
            -3.9898639947466563e-17
        ],
        "O3pl2*Oll": [
            3.382710778154774e-17,
            2.4286128663675302e-17,
            8.239936510889834e-17,
            7.199102425303751e-17
        ],
        "O3pl2*OpD": [
            0.0015689543654768,
            0.0017254700356527,
            0.0001608948709031,
            0.0003761137647872
        ],
        "O3pl2*Ope": [
            -0.0001997400326689,
            -6.17336191336e-05,
            -0.002020677810548,
            -0.0015810471046811
        ],
        "O3pl2*Opl1": [
            0.0015139091697745,
            0.0016294121741496,
            0.0001613363785554,
            0.0004553463566969
        ],
        "O3pl2*OpqMi": [
            -0.0005802672645091,
            -0.0005577604992536,
            -0.0012049403282275,
            -0.0009919201343834
        ],
        "O3pl2*Opu": [
            0.0017510577816403,
            0.0018127399061531,
            0.0004818460224947,
            0.000874705546003
        ],
        "Oll*Oll": [
            -2.0816681711721685e-17,
            -1.3877787807814457e-17,
            -3.859759734048397e-17,
            -3.382710778154774e-17
        ],
        "Oll*OpD": [
            -0.0015689543654768,
            -0.0017254700356527,
            -0.0001608948709032,
            -0.0003761137647872
        ],
        "Oll*Ope": [
            0.0001997400326689,
            6.17336191336e-05,
            0.002020677810548,
            0.0015810471046811
        ],
        "Oll*Opl1": [
            -0.0015139091697745,
            -0.0016294121741496,
            -0.0001613363785554,
            -0.0004553463566969
        ],
        "Oll*OpqMi": [
            0.0005802672645091,
            0.0005577604992536,
            0.0012049403282275,
            0.0009919201343834
        ],
        "Oll*Opu": [
            -0.0017510577816403,
            -0.0018127399061531,
            -0.0004818460224947,
            -0.000874705546003
        ],
        "OpD*OpD": [
            -0.0005842556683918,
            -0.001031393683154,
            0.0003771879819951,
            0.0007028850688909
        ],
        "OpD*Ope": [
            0.0004214571020002,
            0.0001468537782498,
            -0.0030271485039516,
            -0.0009757721182403
        ],
        "OpD*Opl1": [
            -0.0029635114151546,
            -0.0037128954542019,
            0.0003317927619707,
            0.0005226474341129
        ],
        "OpD*OpqMi": [
            0.0016310180548755,
            0.0019280384979239,
            -0.0019127910629769,
            -0.000839903827527
        ],
        "OpD*Opu": [
            -0.0023022608651047,
            -0.0025856681176195,
            0.0006351909834142,
            0.0004519078240168
        ],
        "Ope*Ope": [
            -0.0006632721373851,
            -0.0002009769142346,
            -0.0086280651050746,
            -0.0063611676718636
        ],
        "Ope*Opl1": [
            0.0003440125989793,
            0.0001130992701496,
            0.0004474985174416,
            0.0009380754546577
        ],
        "Ope*OpqMi": [
            -0.0011036269217579,
            -0.0003440603427592,
            -0.0100531559384355,
            -0.0080490923328036
        ],
        "Ope*Opu": [
            2.10462555723e-05,
            7.425793406505675e-08,
            0.0029395763202235,
            0.0017943267907433
        ],
        "Opl1*Opl1": [
            -0.0022910137461045,
            -0.0025785468430829,
            -9.30875302563e-05,
            -0.0003670240675067
        ],
        "Opl1*OpqMi": [
            0.0020969124526789,
            0.0023448660489459,
            0.0001743087015788,
            0.0004831076734433
        ],
        "Opl1*Opu": [
            -0.0041032051149643,
            -0.0042430421651051,
            -0.0006062284960803,
            -0.0016336544779954
        ],
        "OpqMi*OpqMi": [
            -0.0007736769903181,
            -0.0005942281615526,
            -0.0029118655147897,
            -0.0024940480421028
        ],
        "OpqMi*Opu": [
            0.0019068896087302,
            0.0020789866390449,
            0.0016296431982143,
            0.0011761503148073
        ],