{
  "best_sm": [
    0.478225209135531,
    0.4829414811391651,
    0.4404492980880449,
    0.4468172461646668
  ],
  "scales": [
    500.0,
    500.0,
    500.0,
    500.0
  ],
  "theory_cov": [
    [
      0.0,
      0.0,
      0.0,
      0.0
    ],
    [
      0.0,
      0.0,
      0.0,
      0.0
    ],
    [
      0.0,
      0.0,
      0.0,
      0.0
    ],
    [
      0.0,
      0.0,
      0.0,
      0.0
    ]
  ],
  "LO": {
    "SM": [
      0.478225209135531,
      0.4829414811391651,
      0.4404492980880449,
      0.4468172461646668
    ],
    "cll1133": [
      1.1970311457072356,
      1.307317476324676,
      0.1104358817071332,
      0.3189279886701374
    ],
    "O3pl1": [
      0.0318662617084168,
      0.0353595302132771,
      0.0026225661642567,
      0.0077096770715875
    ],
    "O3pl2": [
      2.42861286636753e-16,
      2.8449465006019636e-16,
      1.249000902703301e-16,
      1.457167719820518e-16
    ],
    "O3pl3": [
      0.0156341256065958,
      0.0138350944151165,
      0.0272869675171491,
      0.0256661303500237
    ],
    "Oll": [
      -2.42861286636753e-16,
      -2.8449465006019636e-16,
      -1.5959455978986623e-16,
      -1.6653345369377348e-16
    ],
    "Oll1331": [
      1.1970311457072356,
      1.307317476324676,
      0.1104358817071332,
      0.3189279886701374
    ],
    "OpD": [
      0.0362606309246221,
      0.0395658555544664,
      0.0036840104444417,
      0.0099359060192813
    ],
    "Ope": [
      -0.0069317790396324,
      -0.0022364418680438,
      -0.0452041619587568,
      -0.0386697697869348
    ],
    "Opl1": [
      0.0318662617084169,
      0.0353595302132773,
      0.0026225661642566,
      0.0077096770715874
    ],
    "Opl3": [
      0.0156341256065958,
      0.0138350944151165,
      0.0272869675171491,
      0.0256661303500237
    ],
    "Opta": [
      -0.0271176665752319,
      -0.0290037038946453,
      -0.0145321155491343,
      -0.0163395635748215
    ],
    "OpWB": [
      0.0887018205387239,
      0.0918656249330944,
      0.0558528096078588,
      0.0623256998014218
    ],
    "cll1133*cll1133": [
      -4.059134691777283,
      -5.21376288330654,
      0.1537136386239992,
      0.1867714895858427
    ],
    "cll1133*O3pl1": [
      -0.0904551242936162,
      -0.1276525188356431,
      0.0091309989347644,
      0.0184986219760784
    ],
    "cll1133*O3pl2": [
      0.0725689555562938,
      0.0792549669050753,
      0.0066950777514566,
      0.019334727520216
    ],
    "cll1133*O3pl3": [
      -0.0950749920607006,
      -0.1058575878440743,
      -0.0053492188279156,
      -0.0177509604201299
    ],
    "cll1133*Oll": [
      -0.0725689555562935,
      -0.0792549669050754,
      -0.0066950777514565,
      -0.0193347275202159
    ],
    "cll1133*Oll1331": [
      -8.118269383554566,
      -10.42752576661308,
      0.3074272772479985,
      0.3735429791716855
    ],
    "cll1133*OpD": [
      -0.081293274244923,
      -0.1356658313657621,
      0.0242218662657524,
      0.0545076000376914
    ],
    "cll1133*Ope": [
      0.0394597405942726,
      0.0141715908661719,
      0.0206572989649857,
      0.052164235221536
    ],
    "O3pl1*O3pl1": [
      0.0004451494109314,
      0.0003528488581271,
      0.0001202160049446,
      0.0003120708881402
    ],
    "O3pl1*O3pl2": [
      0.0019318639602289,
      0.0021436402768139,
      0.0001589907565061,
      0.000467392360481
    ],
    "O3pl1*O3pl3": [
      -0.000629643182024,
      -0.0011428174777164,
      0.0016701844181363,
      0.001527628368129
    ],
    "O3pl1*Oll": [
      -0.0019318639602289,
      -0.0021436402768139,
      -0.0001589907565061,
      -0.000467392360481
    ],
    "O3pl1*Oll1331": [
      -0.0904551242936162,
      -0.1276525188356431,
      0.0091309989347644,
      0.0184986219760784
    ],
    "O3pl1*OpD": [
      0.0016452830549725,
      0.0010039562315408,
      0.0006538464022222,
      0.0016278017250917
    ],
    "O3pl1*Ope": [
      -0.0001044546818226,
      -2.20826478e-05,
      -0.0025761793305835,
      -0.0019290423414375
    ],
    "O3pl2*O3pl2": [
      2.580401170515501e-17,
      2.8406096919120216e-17,
      2.3418766925686896e-17,
      2.255140518769849e-17
    ],
    "O3pl2*O3pl3": [
      0.0009478050511678,
      0.0008387403747414,
      0.0016542482959774,
      0.0015559864748318
    ],
    "O3pl2*Oll": [
      -5.247538514829842e-17,
      -6.158268339717665e-17,
      -4.81385764583564e-17,
      -4.7271214720367993e-17
    ],
    "O3pl2*Oll1331": [
      0.0725689555562938,
      0.0792549669050753,
      0.0066950777514566,
      0.019334727520216
    ],
    "O3pl2*OpD": [
      0.0021982687112601,
      0.0023986450340709,
      0.0002233398781396,
      0.0006023555234219
    ],
    "O3pl2*Ope": [
      -0.0004202329796155,
      -0.0001355823122132,
      -0.0027404623780331,
      -0.0023443206261623
    ],
    "O3pl3*O3pl3": [
      -0.000657394783396,
      -0.0005775453521452,
      -0.0003046203747007,
      -0.0004664217847305
    ],
    "O3pl3*Oll": [
      -0.0009478050511678,
      -0.0008387403747414,
      -0.0016542482959774,
      -0.0015559864748318
    ],
    "O3pl3*Oll1331": [
      -0.0950749920607006,
      -0.1058575878440743,
      -0.0053492188279156,
      -0.0177509604201299
    ],
    "O3pl3*OpD": [
      -0.0007292959955726,
      -0.001299631660911,
      0.0035662835316892,
      0.0029704949414252
    ],
    "O3pl3*Ope": [
      0.0006992933486792,
      0.0002427279642789,
      0.0017362658657251,
      0.0018981772625397
    ],
    "Oll*Oll": [
      2.4936649967166602e-17,
      3.0140820395097023e-17,
      2.6020852139652106e-17,
      2.6020852139652106e-17
    ],
    "Oll*Oll1331": [
      -0.0725689555562935,
      -0.0792549669050754,
      -0.0066950777514565,
      -0.0193347275202159
    ],
    "Oll*OpD": [
      -0.0021982687112601,
      -0.0023986450340709,
      -0.0002233398781397,
      -0.0006023555234219
    ],
    "Oll*Ope": [
      0.0004202329796155,
      0.0001355823122132,
      0.0027404623780331,
      0.0023443206261623
    ],
    "Oll1331*Oll1331": [
      -4.059134691777283,
      -5.21376288330654,
      0.1537136386239992,
      0.1867714895858427
    ],
    "Oll1331*OpD": [
      -0.081293274244923,
      -0.1356658313657621,
      0.0242218662657524,
      0.0545076000376914
    ],
    "Oll1331*Ope": [
      0.0394597405942726,
      0.0141715908661719,
      0.0206572989649857,
      0.052164235221536
    ],
    "OpD*OpD": [
      0.001262192609146,
      0.0006697167827812,
      0.0006390244237592,
      0.0015174457759025
    ],
    "OpD*Ope": [
      0.0002396131398091,
      0.0001205651233027,
      -0.0055446991251261,
      -0.0037073662534609
    ],
    "Ope*Ope": [
      -0.0002024194223943,
      -6.1500623919e-05,
      -0.0019379740826864,
      -0.001568560368225
    ]
  },
  "NLO": {
    "SM": [
      0.478225209135531,
      0.4829414811391651,
      0.4404492980880449,
      0.4468172461646668
    ],
    "cll1133": [
      1.1970311457072356,
      1.307317476324676,
      0.1104358817071332,
      0.3189279886701374
    ],
    "O3pl1": [
      0.0318662617084168,
      0.0353595302132771,
      0.0026225661642567,
      0.0077096770715875
    ],
    "O3pl2": [
      2.42861286636753e-16,
      2.8449465006019636e-16,
      1.249000902703301e-16,
      1.457167719820518e-16
    ],
    "O3pl3": [
      0.0156341256065958,
      0.0138350944151165,
      0.0272869675171491,
      0.0256661303500237
    ],
    "Oll": [
      -2.42861286636753e-16,
      -2.8449465006019636e-16,
      -1.5959455978986623e-16,
      -1.6653345369377348e-16
    ],
    "Oll1331": [
      1.1970311457072356,
      1.307317476324676,
      0.1104358817071332,
      0.3189279886701374
    ],
    "OpD": [
      0.0362606309246221,
      0.0395658555544664,
      0.0036840104444417,
      0.0099359060192813
    ],