{
    "best_sm": [
        0.594781577529732,
        0.5660227545567932
    ],
    "scales": [
        250.0,
        500.0
    ],
    "theory_cov": [
        [
            0.0,
            0.0
        ],
        [
            0.0,
            0.0
        ]
    ],
    "LO": {
        "SM": [
            0.594781577529732,
            0.5660227545567932
        ],
        "O3pl1": [
            0.0268772935575536,
            0.0288969304396642
        ],
        "O3pl2": [
            -2.7755575615628907e-17,
            -1.3877787807814457e-17
        ],
        "O3pq": [
            1.2129035474790349e-18,
            7.85242011683858e-18
        ],
        "Oll": [
            4.163336342344337e-17,
            5.5511151231257815e-17
        ],
        "Olu": [
            0.3482228674971334,
            1.5832171240837505
        ],
        "OpD": [
            0.0284617762213581,
            0.031818409545009
        ],
        "Ope": [
            -0.001018301342133,
            -0.0013054746250362
        ],
        "Opl1": [
            0.0268772935575536,
            0.0288969304396642
        ],
        "OpqMi": [
            -0.0092003072709768,
            -0.0107109892541448
        ],
        "Opui": [
            0.0299013002198783,
            0.030526104953104
        ],
        "OpWB": [
            0.0673710059022733,
            0.0739634934193895
        ],
        "Oqe": [
            0.0077012918242222,
            0.0447793106059977
        ],
        "Oql31": [
            0.0,
            0.0
        ],
        "OqlM1": [
            -0.1019696918437457,
            -0.5256546102048509
        ],
        "O3pl1*O3pl1": [
            -0.0009491346689333,
            -0.0006498284221063
        ],
        "O3pl1*O3pl2": [
            0.0016294121741495,
            0.0017518508756514
        ],
        "O3pl1*O3pq": [
            -7.146534069337207e-19,
            -2.818654155655236e-19
        ],
        "O3pl1*Oll": [
            -0.0016294121741495,
            -0.0017518508756514
        ],
        "O3pl1*Olu": [
            -0.0277119906920418,
            -0.0903262570395482
        ],
        "O3pl1*OpD": [
            -0.0019874254185492,
            -0.0013479944921834
        ],
        "O3pl1*Ope": [
            5.1365651016e-05,
            4.11722724323e-05
        ],
        "O3pl1*Opl1": [
            -0.0035276815120162,
            -0.0030515077198641
        ],
        "O3pl1*OpqMi": [
            0.0017871055496923,
            0.0016735135213951
        ],
        "O3pl1*Opui": [
            -0.002430302258952,
            -0.0017954614821204
        ],
        "O3pl1*OpWB": [
            -0.0038392873394847,
            -0.0022806816605537
        ],
        "O3pl1*Oqe": [
            -2.4280010473e-05,
            0.0003079328727177
        ],
        "O3pl1*Oql31": [
            7.454171292655101e-18,
            3.05607457043177e-17
        ],
        "O3pl1*OqlM1": [
            0.0209904152758743,
            0.0880033635140268
        ],
        "O3pl2*O3pl2": [
            -6.0715321659188256e-18,
            -4.77048955893622e-18
        ],
        "O3pl2*O3pq": [
            7.952512198358564e-19,
            2.1381920559178332e-18
        ],
        "O3pl2*Oll": [
            7.806255641895632e-18,
            1.1275702593849246e-17
        ],
        "O3pl2*Olu": [
            0.0211107036652373,
            0.0959811392758014
        ],
        "O3pl2*OpD": [
            0.0017254700356527,
            0.0019289629651027
        ],
        "O3pl2*Ope": [
            -6.17336191336e-05,
            -7.91432456739e-05
        ],
        "O3pl2*Opl1": [
            0.0016294121741495,
            0.0017518508756515
        ],
        "O3pl2*OpqMi": [
            -0.0005577604992536,
            -0.0006493442597007
        ],
        "O3pl2*Opui": [
            0.0018127399061531,
            0.0018506181410507
        ],
        "O3pl2*OpWB": [
            0.0040843077063098,
            0.0044839714371581
        ],
        "O3pl2*Oqe": [
            0.0004668840122684,
            0.0027147061401549
        ],
        "O3pl2*Oql31": [
            2.592755232227861e-18,
            1.2041111863203398e-17
        ],
        "O3pl2*OqlM1": [
            -0.0061818224713993,
            -0.0318673462948031
        ],
        "O3pq*O3pq": [
            1.113461896940965e-18,
            4.907762573024113e-19
        ],
        "O3pq*Oll": [
            5.011263962780736e-19,
            2.340079300101096e-19
        ],
        "O3pq*Olu": [
            4.7801828428155966e-18,
            3.171700484091361e-17
        ],
        "O3pq*OpD": [
            2.5232723200585186e-19,
            7.295063686216053e-19
        ],
        "O3pq*Ope": [
            -1.1805472937133984e-20,
            -1.2525319087987627e-20
        ],
        "O3pq*Opl1": [
            -6.548981365198115e-19,
            -9.517439192255554e-19
        ],
        "O3pq*OpqMi": [
            1.087616539656378e-18,
            8.898019690719857e-19
        ],
        "O3pq*Opui": [
            4.072064159912764e-19,
            5.910960893045898e-19
        ],
        "O3pq*OpWB": [
            -4.0979337870372187e-19,
            1.498071559000226e-18
        ],
        "O3pq*Oqe": [
            1.0571845355895936e-19,
            8.970757008993013e-19
        ],
        "O3pq*Oql31": [
            0.0,
            0.0
        ],
        "O3pq*OqlM1": [
            -2.1883684545759383e-19,
            2.1645488490786848e-17
        ],
        "Oll*Oll": [
            -6.0715321659188256e-18,
            -8.239936510889834e-18
        ],
        "Oll*Olu": [
            -0.0211107036652373,
            -0.0959811392758013
        ],
        "Oll*OpD": [
            -0.0017254700356527,
            -0.0019289629651027
        ],
        "Oll*Ope": [
            6.17336191336e-05,
            7.91432456739e-05
        ],
        "Oll*Opl1": [
            -0.0016294121741495,
            -0.0017518508756515
        ],
        "Oll*OpqMi": [
            0.0005577604992536,
            0.0006493442597007
        ],
        "Oll*Opui": [
            -0.0018127399061531,
            -0.0018506181410507
        ],
        "Oll*OpWB": [
            -0.0040843077063098,
            -0.0044839714371581
        ],
        "Oll*Oqe": [
            -0.0004668840122684,
            -0.0027147061401549
        ],
        "Oll*Oql31": [
            2.592755232227861e-18,
            1.2041111863203398e-17
        ],
        "Oll*OqlM1": [
            0.0061818224713993,
            0.0318673462948032
        ],
        "Olu*Olu": [
            -0.1987937675324755,
            -2.98372036500392
        ],
        "Olu*OpD": [
            -0.0292356753423665,
            -0.0956141979110727
        ],
        "Olu*Ope": [
            7.98093466082e-05,
            -0.0004953033055086
        ],
        "Olu*Opl1": [
            -0.0488226943572791,
            -0.1863073963153496
        ],
        "Olu*OpqMi": [
            0.0239233936677526,
            0.0971082464154989
        ],
        "Olu*Opui": [
            -0.0346042594071196,
            -0.1170917443082616
        ],
        "Olu*OpWB": [
            -0.0570015299246766,
            -0.1707792368784761
        ],
        "Olu*Oqe": [
            0.0041148956004266,
            0.1112359797353405
        ],
        "Olu*Oql31": [
            0.0,
            0.0
        ],
        "Olu*OqlM1": [
            0.2845620681346772,
            5.181613203255818
        ],
        "OpD*OpD": [
            -0.001031393683154,
            -0.0006878129998719
        ],
        "OpD*Ope": [
            0.0001468537782498,
            0.0001358672655689
        ],
        "OpD*Opl1": [
            -0.0037128954542019,
            -0.0032769574572861
        ],
        "OpD*OpqMi": [
            0.001928038497924,
            0.0018561324740284
        ],