{
  "best_sm": [
    1.803616111625419,
    0.4421434740143591
  ],
  "scales": [
    250.0,
    500.0
  ],
  "theory_cov": [
    [
      0.0,
      0.0
    ],
    [
      0.0,
      0.0
    ]
  ],
  "LO": {
    "SM": [
      1.803616111625419,
      0.4421434740143591
    ],
    "O3pl1": [
      -0.2131748464617919,
      -0.0524771559322202
    ],
    "O3pl2": [
      -0.2526567702840464,
      -0.0619672807325558
    ],
    "Oll": [
      0.4073263558495237,
      0.2356609346815008
    ],
    "Oll1122": [
      0.1886410895311913,
      0.1820518197803232
    ],
    "OpD": [
      -0.4804842544031654,
      -0.1156643105184786
    ],
    "Ope": [
      -0.0427132978210488,
      -0.0081856545890867
    ],
    "Opl1": [
      0.0055104198565413,
      0.0011319589689572
    ],
    "Opl2": [
      -0.0339715039657139,
      -0.0083581658313783
    ],
    "Opmu": [
      -0.0918120528441624,
      -0.0199873417309834
    ],
    "OpWB": [
      -0.8698900115450869,
      -0.2137125707075199
    ],
    "O3pl1*O3pl1": [
      0.0065392307138845,
      0.0016055356337058
    ],
    "O3pl1*O3pl2": [
      0.0152799927034222,
      0.0037477938699551
    ],
    "O3pl1*Oll": [
      -0.0173772869009904,
      -0.0079563572848528
    ],
    "O3pl1*Oll1122": [
      -0.0044537501876113,
      -0.0047749760733254
    ],
    "O3pl1*OpD": [
      0.0293087399373159,
      0.0070456548525929
    ],
    "O3pl1*Ope": [
      0.0025894559405195,
      0.0004962480769233
    ],
    "O3pl1*Opl1": [
      0.00015492471439,
      2.96900558843e-05
    ],
    "O3pl1*Opl2": [
      0.0023564559900432,
      0.0005664126584278
    ],
    "O3pl1*Opmu": [
      0.0053272264013927,
      0.0011637031810943
    ],
    "O3pl1*OpWB": [
      0.0529563368066587,
      0.0129949257565905
    ],
    "O3pl2*O3pl2": [
      0.0104415590211526,
      0.0024842132873976
    ],
    "O3pl2*Oll": [
      -0.0197708436479549,
      -0.0085316877157518
    ],
    "O3pl2*Oll1122": [
      -0.0044537501876113,
      -0.0047749760733254
    ],
    "O3pl2*OpD": [
      0.0349908585125439,
      0.0083521341462808
    ],
    "O3pl2*Ope": [
      -0.0014018850775605,
      -0.0003062340515243
    ],
    "O3pl2*Opl1": [
      -3.71007569212e-05,
      -8.917772471147413e-06
    ],
    "O3pl2*Opl2": [
      0.0055660245819616,
      0.0012117149323689
    ],
    "O3pl2*Opmu": [
      0.0055660245819616,
      0.0012117149323689
    ],
    "O3pl2*OpWB": [
      0.0675306863966492,
      0.0162765961578138
    ],
    "Oll*Oll": [
      0.1001535122223673,
      0.3410157826182985
    ],
    "Oll*Oll1122": [
      0.175613224019778,
      0.6677448292927695
    ],
    "Oll*OpD": [
      -0.0334031587112978,
      -0.0122067008252577
    ],
    "Oll*Ope": [
      -0.0025894559405195,
      -0.0004962480769233
    ],
    "Oll*Opl1": [
      0.0073165135239661,
      0.0063303786589747
    ],
    "Oll*Opl2": [
      0.0049229567770015,
      0.0057550482280758
    ],
    "Oll*Opmu": [
      -0.0055660245819616,
      -0.0012117149323689
    ],
    "Oll*OpWB": [
      -0.0693701040256608,
      -0.030789635439789
    ],
    "Oll1122*Oll1122": [
      0.0820885123216006,
      0.3283540492864026
    ],
    "Oll1122*OpD": [
      -0.0042742253261254,
      -0.0051946541967585
    ],
    "Oll1122*Ope": [
      0.0,
      0.0
    ],
    "Oll1122*Opl1": [
      0.0069824491889653,
      0.0062617546466386
    ],
    "Oll1122*Opl2": [
      0.0069824491889653,
      0.0062617546466386
    ],
    "Oll1122*Opmu": [
      0.0,
      0.0
    ],
    "Oll1122*OpWB": [
      -0.0166337906782056,
      -0.0178334996691258
    ],
    "OpD*OpD": [
      0.0334139593483384,
      0.0078443440993616
    ],
    "OpD*Ope": [
      0.0057288101414081,
      0.0011093072220028
    ],
    "OpD*Opl1": [
      0.0001798065521435,
      3.36082240937e-05
    ],
    "OpD*Opl2": [
      0.0058619251273714,
      0.0013400875177816
    ],
    "OpD*Opmu": [
      0.0127949538580458,
      0.0027340129246007
    ],
    "OpD*OpWB": [
      0.1200725249793661,
      0.0287537006259222
    ],
    "Ope*Ope": [
      0.0040865513413374,
      0.0008216247129855
    ],
    "Ope*Opl1": [
      0.0,
      0.0
    ],
    "Ope*Opl2": [
      -0.00399134101808,
      -0.0008024821284477
    ],
    "Ope*Opmu": [
      0.0032095685919184,
      0.0006453022739411
    ],
    "Ope*OpWB": [
      0.0022176597606376,
      0.0003548305799911
    ],
    "Opl1*Opl1": [
      0.0002444945246954,
      4.91570341102e-05
    ],
    "Opl1*Opl2": [
      0.0002969635780794,
      5.9706239865e-05
    ],
    "Opl1*Opmu": [
      -0.0002387981805688,
      -4.80117512746e-05
    ],
    "Opl1*OpWB": [
      0.0002200234592035,
      3.87899859273e-05
    ],
    "Opl2*Opl2": [
      0.0017532660849989,
      0.000352504256903
    ],
    "Opl2*Opmu": [
      0.0,
      0.0
    ],
    "Opl2*OpWB": [
      0.014794373049194,
      0.0033204603871506
    ],
    "Opmu*Opmu": [
      0.0017532660849989,
      0.000352504256903
    ],
    "Opmu*OpWB": [
      0.02034196452759,
      0.004435835645034
    ],
    "OpWB*OpWB": [
      0.1124982227886696,
      0.0273306959217802
    ]
  },
  "NLO": {
    "SM": [
      1.803616111625419,
      0.4421434740143591
    ],
    "O3pl1": [
      -0.2131748464617919,
      -0.0524771559322202
    ],
    "O3pl2": [
      -0.2526567702840464,
      -0.0619672807325558
    ],
    "Oll": [
      0.4073263558495237,
      0.2356609346815008
    ],
    "Oll1122": [
      0.1886410895311913,
      0.1820518197803232
    ],
    "OpD": [
      -0.4804842544031654,
      -0.1156643105184786
    ],
    "Ope": [
      -0.0427132978210488,
      -0.0081856545890867
    ],
    "Opl1": [
      0.0055104198565413,
      0.0011319589689572
    ],
    "Opl2": [
      -0.0339715039657139,
      -0.0083581658313783
    ],
    "Opmu": [
      -0.0918120528441624,
      -0.0199873417309834
    ],
    "OpWB": [
      -0.8698900115450869,
      -0.2137125707075199
    ],
    "O3pl1*O3pl1": [
      0.0065392307138845,
      0.0016055356337058
    ],
    "O3pl1*O3pl2": [
      0.0152799927034222,
      0.0037477938699551
    ],
    "O3pl1*Oll": [
      -0.0173772869009904,
      -0.0079563572848528
    ],
    "O3pl1*Oll1122": [
      -0.0044537501876113,
      -0.0047749760733254
    ],
    "O3pl1*OpD": [
      0.0293087399373159,
      0.0070456548525929
    ],
    "O3pl1*Ope": [
      0.0025894559405195,
      0.0004962480769233
    ],
    "O3pl1*Opl1": [
      0.00015492471439,
      2.96900558843e-05
    ],
    "O3pl1*Opl2": [
      0.0023564559900432,
      0.0005664126584278
    ],
    "O3pl1*Opmu": [
      0.0053272264013927,
      0.0011637031810943
    ],
    "O3pl1*OpWB": [
      0.0529563368066587,
      0.0129949257565905
    ],
    "O3pl2*O3pl2": [
      0.0104415590211526,
      0.0024842132873976
    ],
    "O3pl2*Oll": [
      -0.0197708436479549,
      -0.0085316877157518
    ],
    "O3pl2*Oll1122": [
      -0.0044537501876113,
      -0.0047749760733254
    ],
    "O3pl2*OpD": [
      0.0349908585125439,
      0.0083521341462808
    ],
    "O3pl2*Ope": [
      -0.0014018850775605,
      -0.0003062340515243
    ],
    "O3pl2*Opl1": [
      -3.71007569212e-05,
      -8.917772471147413e-06
    ],
    "O3pl2*Opl2": [
      0.0055660245819616,
      0.0012117149323689
    ],
    "O3pl2*Opmu": [
      0.0055660245819616,
      0.0012117149323689
    ],
    "O3pl2*OpWB": [
      0.0675306863966492,
      0.0162765961578138
    ],
    "Oll*Oll": [
      0.1001535122223673,
      0.3410157826182985
    ],
    "Oll*Oll1122": [
      0.175613224019778,
      0.6677448292927695
    ],
    "Oll*OpD": [
      -0.0334031587112978,
      -0.0122067008252577
    ],
    "Oll*Ope": [
      -0.0025894559405195,
      -0.0004962480769233
    ],
    "Oll*Opl1": [
      0.0073165135239661,
      0.0063303786589747
    ],
    "Oll*Opl2": [
      0.0049229567770015,
      0.0057550482280758
    ],