{
    "best_sm": [
        0.4945085985002367,
        0.4538988495778125
    ],
    "scales": [
        250.0,
        500.0
    ],
    "theory_cov": [
        [
            0.0,
            0.0
        ],
        [
            0.0,
            0.0
        ]
    ],
    "LO": {
        "SM": [
            0.4945085985002367,
            0.4538988495778125
        ],
        "O3pl1": [
            0.0027550531421975,
            0.0027026487953667
        ],
        "O3pl2": [
            0.0295666581554506,
            0.0281202018444929
        ],
        "Oee1122": [
            0.7258149904852105,
            3.381669840090039
        ],
        "Ole1122": [
            -0.0249445080024473,
            -0.1054769582259143
        ],
        "Ole1221": [
            0.0,
            0.0
        ],
        "Ole2211": [
            -0.4169296337551925,
            -1.762972016061712
        ],
        "Oll": [
            0.0246616516857584,
            0.1138081497157009
        ],
        "Oll1122": [
            0.0246616516857585,
            0.1138081497157009
        ],
        "OpD": [
            0.0050538382865875,
            0.0037965053181451
        ],
        "Ope": [
            -0.0478753904577822,
            -0.0465845153988809
        ],
        "Opl1": [
            0.0027550531421974,
            0.0027026487953667
        ],
        "Opl2": [
            0.0295666581554505,
            0.0281202018444928
        ],
        "Opmu": [
            -0.0145331340812036,
            -0.0149758679564642
        ],
        "OpWB": [
            0.0603572896367156,
            0.0575583299524926
        ],
        "O3pl1*O3pl1": [
            0.0001128160401144,
            0.0001238869186126
        ],
        "O3pl1*O3pl2": [
            0.0019598579647532,
            0.0018850308334026
        ],
        "O3pl1*Oee1122": [
            0.0333037901478432,
            0.1632873059630738
        ],
        "O3pl1*Ole1122": [
            0.0004143330179574,
            0.0003779044925176
        ],
        "O3pl1*Ole1221": [
            0.0,
            0.0
        ],
        "O3pl1*Ole2211": [
            -0.0249400145152442,
            -0.1063886821386237
        ],
        "O3pl1*Oll": [
            0.0018774072538247,
            0.0092459772513933
        ],
        "O3pl1*Oll1122": [
            0.0020444299163079,
            0.0094098229466525
        ],
        "O3pl1*OpD": [
            0.0007555763576003,
            0.0006738122436737
        ],
        "O3pl1*Ope": [
            -0.002690888774668,
            -0.0026548454942122
        ],
        "O3pl1*Opl1": [
            5.86094177456e-05,
            8.3928141966e-05
        ],
        "O3pl1*Opl2": [
            0.00179283530227,
            0.0017211851381434
        ],
        "O3pl1*Opmu": [
            -0.0005342478712933,
            -0.0006187927292281
        ],
        "O3pl1*OpWB": [
            0.0040811655802625,
            0.0039827813588877
        ],
        "O3pl2*O3pl2": [
            0.0012789726289715,
            0.0013908401341193
        ],
        "O3pl2*Oee1122": [
            -0.0333391282266067,
            -0.0751023620494351
        ],
        "O3pl2*Ole1122": [
            -0.0025842294003987,
            -0.0108930293062955
        ],
        "O3pl2*Ole1221": [
            0.0,
            0.0
        ],
        "O3pl2*Ole2211": [
            -0.0113282535912749,
            -0.069364118320236
        ],
        "O3pl2*Oll": [
            -0.0020124074216728,
            -0.0003178063445178
        ],
        "O3pl2*Oll1122": [
            -0.0002199548949983,
            0.0013869560463398
        ],
        "O3pl2*OpD": [
            0.0041501875424304,
            0.0039053432790591
        ],
        "O3pl2*Ope": [
            -0.0003934859795215,
            -0.0010348606381375
        ],
        "O3pl2*Opl1": [
            0.0001674054380786,
            0.0001802684425448
        ],
        "O3pl2*Opl2": [
            0.0007654927312684,
            0.0010769178773809
        ],
        "O3pl2*Opmu": [
            0.0003502807534006,
            8.01906734657e-05
        ],
        "O3pl2*OpWB": [
            0.0084365074337448,
            0.0087145767443673
        ],
        "Oee1122*Oee1122": [
            -1.5167088827372504,
            -27.649750549609703
        ],
        "Oee1122*Ole1122": [
            0.0620020625350923,
            0.9892619091163644
        ],
        "Oee1122*Ole1221": [
            0.0,
            0.0
        ],
        "Oee1122*Ole2211": [
            1.0363201880865436,
            16.534806195230672
        ],
        "Oee1122*Oll": [
            -0.1958285808026771,
            -2.989804300569503
        ],
        "Oee1122*Oll1122": [
            -0.1518266883076461,
            -2.784793554431761
        ],
        "Oee1122*OpD": [
            0.0765421596786791,
            0.3755159011747881
        ],
        "Oee1122*Ope": [
            0.1400204995942837,
            0.5273242632710315
        ],
        "Oee1122*Opl1": [
            -0.0106981023471877,
            -0.0417234401746675
        ],
        "Oee1122*Opl2": [
            -0.0773410207216376,
            -0.2801131081871761
        ],
        "Oee1122*Opmu": [
            0.0571449959075052,
            0.2308687014174401
        ],
        "Oee1122*OpWB": [
            -6.59900286676e-05,
            0.1646758165858752
        ],
        "Ole1122*Ole1122": [
            -0.013428260644782,
            -0.2104641188818466
        ],
        "Ole1122*Ole1221": [
            0.0,
            0.0
        ],
        "Ole1122*Ole2211": [
            0.0169824009254917,
            0.3140566379487887
        ],
        "Ole1122*Oll": [
            0.0036189371450543,
            0.0396874868669662
        ],
        "Ole1122*Oll1122": [
            0.0021066983874456,
            0.0332930394700382
        ],
        "Ole1122*OpD": [
            -0.0031582184588851,
            -0.0134101053459514
        ],
        "Ole1122*Ope": [
            0.0003842948443103,
            0.0021965382430862
        ],
        "Ole1122*Opl1": [
            0.0019265717755661,
            0.0067723518894457
        ],
        "Ole1122*Opl2": [
            -0.00107199064279,
            -0.0044985819093674
        ],
        "Ole1122*Opmu": [
            -0.0033446440560123,
            -0.0118197194236113
        ],
        "Ole1122*OpWB": [
            -0.0040520461070451,
            -0.0196358549244758
        ],
        "Ole1221*Ole1221": [
            -0.1878477604239134,
            -2.813404219084762
        ],
        "Ole1221*Ole2211": [
            0.0,
            0.0
        ],
        "Ole1221*Oll": [
            0.0,
            0.0
        ],
        "Ole1221*Oll1122": [
            0.0,
            0.0
        ],
        "Ole1221*OpD": [
            0.0,
            0.0
        ],
        "Ole1221*Ope": [
            0.0,
            0.0
        ],
        "Ole1221*Opl1": [
            0.0,
            0.0
        ],
        "Ole1221*Opl2": [
            0.0,
            0.0
        ],
        "Ole1221*Opmu": [
            0.0,
            0.0
        ],
        "Ole1221*OpWB": [
            0.0,
            0.0
        ],
        "Ole2211*Ole2211": [
            -0.0910106349339224,
            -1.050169545998954
        ],
        "Ole2211*Oll": [
            0.0604879494244799,
            0.6633479947764374
        ],
        "Ole2211*Oll1122": [
            0.0352119587615914,
            0.5564693739992103
        ],
        "Ole2211*OpD": [
            -0.0527873656699367,
            -0.2241403322109027
        ],
        "Ole2211*Ope": [
            -0.0332036877891459,
            -0.1034437209715934
        ],
        "Ole2211*Opl1": [
            0.0003359761476442,
            0.0004899386386035
        ],
        "Ole2211*Opl2": [
            0.0139477370716135,
            0.0375145024569913
        ],