{
    "best_sm": [
        14.569862755715064,
        16.97447948438956,
        15.181919915041185,
        13.75506295146572
    ],
    "scales": [
        500.0,
        500.0,
        500.0,
        500.0
    ],
    "theory_cov": [
        [
            0.0,
            0.0,
            0.0,
            0.0
        ],
        [
            0.0,
            0.0,
            0.0,
            0.0
        ],
        [
            0.0,
            0.0,
            0.0,
            0.0
        ],
        [
            0.0,
            0.0,
            0.0,
            0.0
        ]
    ],
    "LO": {
        "SM": [
            14.569862755715064,
            16.97447948438956,
            15.181919915041185,
            13.75506295146572
        ],
        "O3pl1": [
            -1.659984307953052,
            -1.1739698585910725,
            -2.114350687929708,
            -2.087430139470647
        ],
        "O3pl2": [
            -1.7665701123529152,
            -2.058125641444584,
            -1.840780961339268,
            -1.667777075941237
        ],
        "Oll": [
            1.7665701123525337,
            2.058125641444386,
            1.8407809613390276,
            1.6677770759408692
        ],
        "Oll1111": [
            -12.612474854203908,
            -23.423167586378664,
            -1.4013860949115462,
            -2.6025741762642847
        ],
        "OpD": [
            -2.6650154771040557,
            -2.4079125263145684,
            -3.754504509378111,
            -3.277102742133156
        ],
        "Ope": [
            0.59113264210599,
            0.3774997361326373,
            -0.4761533257034546,
            0.2031085230895454
        ],
        "Opl1": [
            0.1065858043984103,
            0.8841557828527054,
            -0.2735697265914053,
            -0.4196530635307604
        ],
        "OpWB": [
            -6.398718672345855,
            -6.035587733357974,
            -7.38577930815405,
            -7.012442115434889
        ],
        "O3pl1*O3pl1": [
            0.0756957472565141,
            0.0477227415368275,
            0.0815626761730455,
            0.0910775357275232
        ],
        "O3pl1*O3pl2": [
            0.1006350819693144,
            0.0711708854010201,
            0.1281806422941403,
            0.1265486078298367
        ],
        "O3pl1*Oll": [
            -0.100635081969263,
            -0.071170885400991,
            -0.1281806422941032,
            -0.1265486078297737
        ],
        "O3pl1*Oll1111": [
            0.0872110183689314,
            0.1619633198280145,
            0.0096901131521035,
            0.0179959244253351
        ],
        "O3pl1*OpD": [
            0.2001013598012284,
            0.1308190238869908,
            0.2680654248787084,
            0.2624860875247417
        ],
        "O3pl1*Ope": [
            -0.0646028626770875,
            -0.0410074769036684,
            0.0107444857140457,
            -0.0410792433053974
        ],
        "O3pl1*Opl1": [
            0.0507564125437284,
            0.0242745976726575,
            0.0349447100519721,
            0.0556064636252376
        ],
        "O3pl1*OpWB": [
            0.4706322921089422,
            0.3111379938281658,
            0.5439823445453771,
            0.5764706333440112
        ],
        "O3pl2*O3pl2": [
            0.0535483760928552,
            0.062386024264645,
            0.055797859667789,
            0.0505537558215592
        ],
        "O3pl2*Oll": [
            -0.1070967521857068,
            -0.1247720485292929,
            -0.1115957193355799,
            -0.1011075116431133
        ],
        "O3pl2*Oll1111": [
            0.7646201441223485,
            1.4200088390843728,
            0.0849577937913721,
            0.1577787598982626
        ],
        "O3pl2*OpD": [
            0.161564208590861,
            0.1459775693658559,
            0.2276135185404936,
            0.1986714582156823
        ],
        "O3pl2*Ope": [
            -0.0358368941248482,
            -0.0228855879583067,
            0.028866374659407,
            -0.0123132747531571
        ],
        "O3pl2*Opl1": [
            -0.0064616702164134,
            -0.0536011631282838,
            0.0165849229585585,
            0.0254410961866986
        ],
        "O3pl2*OpWB": [
            0.3879166658410555,
            0.3659021735139552,
            0.4477563447568854,
            0.4251231073151355
        ],
        "Oll*Oll": [
            0.0535483760928552,
            0.062386024264645,
            0.055797859667789,
            0.0505537558215592
        ],
        "Oll*Oll1111": [
            -0.7646201441223495,
            -1.420008839084371,
            -0.0849577937913725,
            -0.1577787598982628
        ],
        "Oll*OpD": [
            -0.1615642085908782,
            -0.1459775693658772,
            -0.2276135185405029,
            -0.1986714582156953
        ],
        "Oll*Ope": [
            0.0358368941248628,
            0.0228855879583153,
            -0.0288663746593968,
            0.0123132747531724
        ],
        "Oll*Opl1": [
            0.0064616702164122,
            0.0536011631282848,
            -0.0165849229585584,
            -0.0254410961866997
        ],
        "Oll*OpWB": [
            -0.3879166658410461,
            -0.3659021735139626,
            -0.4477563447568891,
            -0.4251231073151336
        ],
        "Oll1111*Oll1111": [
            10.933163561849051,
            20.304446614862528,
            1.214795951316561,
            2.2560496238736136
        ],
        "Oll1111*OpD": [
            0.5732637112075101,
            1.06463260652823,
            0.0636959679119455,
            0.1182925118364702
        ],
        "Oll1111*Ope": [
            0.0,
            0.0,
            0.0,
            0.0
        ],
        "Oll1111*Opl1": [
            -0.6774091257534169,
            -1.258045519256351,
            -0.0752676806392687,
            -0.1397828354729277
        ],
        "Oll1111*OpWB": [
            1.590702290562443,
            2.954161396758801,
            0.1767446989513813,
            0.3282401551954225
        ],
        "OpD*OpD": [
            0.1438166504966772,
            0.1068243297621826,
            0.2365540783182373,
            0.2027847180221836
        ],
        "OpD*Ope": [
            -0.0745932149434113,
            -0.0477391797652237,
            0.0617366750793262,
            -0.0248314627413479
        ],
        "OpD*Opl1": [
            0.03853715121039,
            -0.0151585454788455,
            0.0404519063382258,
            0.0638146293090554
        ],
        "OpD*OpWB": [
            0.6753712160239694,
            0.5168876114129003,
            0.9256266563135422,
            0.8611616909788848
        ],
        "Ope*Ope": [
            0.0201604291596539,
            0.0124924852367117,
            0.0317348835396519,
            0.0289069738428085
        ],
        "Ope*Opl1": [
            -0.0287659685522391,
            -0.0181218889453599,
            -0.0181218889453599,
            -0.0287659685522391
        ],
        "Ope*OpWB": [
            -0.1875603502707362,
            -0.1193133676041726,
            0.0739689848195981,
            -0.0997047355326576
        ],
        "Opl1*Opl1": [
            0.0286090413800716,
            0.0389378804004697,
            0.0091798935467067,
            0.0150826837192703
        ],
        "Opl1*OpWB": [
            0.0827156262678385,
            -0.0547641796857467,
            0.0962259997884647,
            0.1513475260288622
        ],