{
    "best_sm": [
        0.5358065697069985,
        0.4976885731320954
    ],
    "scales": [
        250.0,
        500.0
    ],
    "theory_cov": [
        [
            0.0,
            0.0
        ],
        [
            0.0,
            0.0
        ]
    ],
    "LO": {
        "SM": [
            0.5358065697069985,
            0.4976885731320954
        ],
        "O3pl1": [
            0.0362439788198311,
            0.0364392681634158
        ],
        "O3pl2": [
            0.0133826097924647,
            0.0142575625981962
        ],
        "Oee1122": [
            0.0147728032072736,
            0.0716467391343479
        ],
        "Ole1122": [
            -0.3555021122760354,
            -1.5385322931920538
        ],
        "Ole1221": [
            0.0,
            0.0
        ],
        "Ole2211": [
            -0.02126935714472,
            -0.092048940618328
        ],
        "Oll": [
            0.2804560271471881,
            1.3472376982154417
        ],
        "Oll1122": [
            0.2804560271471883,
            1.3472376982154437
        ],
        "OpD": [
            0.0391411824744759,
            0.0407740377761806
        ],
        "Ope": [
            -0.0023143981277557,
            -0.0023047338149005
        ],
        "Opl1": [
            0.0362439788198312,
            0.0364392681634159
        ],
        "Opl2": [
            0.0133826097924646,
            0.0142575625981961
        ],
        "Opmu": [
            -0.0307442376264819,
            -0.0298893604517526
        ],
        "OpWB": [
            0.0926722708142135,
            0.0946708319297694
        ],
        "O3pl1*O3pl1": [
            -3.78723931018e-05,
            0.0003636234442284
        ],
        "O3pl1*O3pl2": [
            0.000705276773481,
            0.0010313839052838
        ],
        "O3pl1*Oee1122": [
            -0.0024795735108752,
            -0.0094602406360035
        ],
        "O3pl1*Ole1122": [
            0.0104161217862534,
            0.0148359958483274
        ],
        "O3pl1*Ole1221": [
            0.0,
            0.0
        ],
        "O3pl1*Ole2211": [
            -0.0010023976995181,
            -0.0049969755364959
        ],
        "O3pl1*Oll": [
            -0.0388900852725172,
            -0.1337596121880669
        ],
        "O3pl1*Oll1122": [
            -0.0366928260803968,
            -0.1315505137520419
        ],
        "O3pl1*OpD": [
            9.27382471385e-05,
            0.0010346130201615
        ],
        "O3pl1*Ope": [
            -4.630999730438531e-07,
            -2.27569631182e-05
        ],
        "O3pl1*Opl1": [
            -0.0022730039783241,
            -0.0014818515475678
        ],
        "O3pl1*Opl2": [
            -0.0014919824186393,
            -0.0011777145307409
        ],
        "O3pl1*Opmu": [
            0.0009707962135135,
            0.0003554603940163
        ],
        "O3pl1*OpWB": [
            0.0011755826955374,
            0.0032840522336323
        ],
        "O3pl2*O3pl2": [
            0.0001711246040899,
            0.000269170868898
        ],
        "O3pl2*Oee1122": [
            -0.0010098854273266,
            -0.0039222624438146
        ],
        "O3pl2*Ole1122": [
            -0.003916172122514,
            -0.0279385354067709
        ],
        "O3pl2*Ole1221": [
            0.0,
            0.0
        ],
        "O3pl2*Ole2211": [
            0.0013912835768358,
            0.0042130629133411
        ],
        "O3pl2*Oll": [
            -0.0096026679833278,
            -0.0282793102071546
        ],
        "O3pl2*Oll1122": [
            -0.008791359089036,
            -0.0274149580720908
        ],
        "O3pl2*OpD": [
            0.000696601729542,
            0.0011325728248706
        ],
        "O3pl2*Ope": [
            0.0001528804395048,
            0.0001104174496837
        ],
        "O3pl2*Opl1": [
            -0.0001060321208107,
            0.0001670317702203
        ],
        "O3pl2*Opl2": [
            -0.0004690596861119,
            -0.0003260103972674
        ],
        "O3pl2*Opmu": [
            -0.0002985717636756,
            -0.0005027177335593
        ],
        "O3pl2*OpWB": [
            0.0019561411366758,
            0.0029312923569258
        ],
        "Oee1122*Oee1122": [
            0.0061796180472031,
            0.1233118585560443
        ],
        "Oee1122*Ole1122": [
            0.0228541526740162,
            0.384116463119752
        ],
        "Oee1122*Ole1221": [
            0.0,
            0.0
        ],
        "Oee1122*Ole2211": [
            0.0013673424676761,
            0.0229813268533185
        ],
        "Oee1122*Oll": [
            -0.0434995824489414,
            -0.8342660851441075
        ],
        "Oee1122*Oll1122": [
            -0.0426039943072,
            -0.8299225648884828
        ],
        "Oee1122*OpD": [
            -0.0037547692818534,
            -0.0151933618320822
        ],
        "Oee1122*Ope": [
            -0.0003063769189504,
            -0.0014527204993981
        ],
        "Oee1122*Opl1": [
            -0.0033751616526166,
            -0.013803760891629
        ],
        "Oee1122*Opl2": [
            -0.001905473569068,
            -0.0082657826994401
        ],
        "Oee1122*Opmu": [
            0.0015212912438118,
            0.0054341737615232
        ],
        "Oee1122*OpWB": [
            -0.0065161860357252,
            -0.0249903727873344
        ],
        "Ole1122*Ole1122": [
            -0.0987968401863037,
            -1.2793504891496594
        ],
        "Ole1122*Ole1221": [
            0.0,
            0.0
        ],
        "Ole1122*Ole2211": [
            0.0119441681588936,
            0.2306538435254934
        ],
        "Ole1122*Oll": [
            0.4554293619491039,
            7.3161574711253055
        ],
        "Ole1122*Oll1122": [
            0.4338773605008156,
            7.222885310240456
        ],
        "Ole1122*OpD": [
            0.0093902838130042,
            0.0067945326628167
        ],
        "Ole1122*Ope": [
            0.0002343641473084,
            0.0014534014570074
        ],
        "Ole1122*Opl1": [
            0.0319681232345416,
            0.1081081567331744
        ],
        "Ole1122*Opl2": [
            0.0176358293257743,
            0.0653336254780764
        ],
        "Ole1122*Opmu": [
            -0.0175889260934056,
            -0.0517399596562297
        ],
        "Ole1122*OpWB": [
            0.0121379508920661,
            -0.0244675712811976
        ],
        "Ole1221*Ole1221": [
            -0.1678872079558202,
            -2.596104936868957
        ],
        "Ole1221*Ole2211": [
            0.0,
            0.0
        ],
        "Ole1221*Oll": [
            0.0,
            0.0
        ],
        "Ole1221*Oll1122": [
            0.0,
            0.0
        ],
        "Ole1221*OpD": [
            0.0,
            0.0
        ],
        "Ole1221*Ope": [
            0.0,
            0.0
        ],
        "Ole1221*Opl1": [
            0.0,
            0.0
        ],
        "Ole1221*Opl2": [
            0.0,
            0.0
        ],
        "Ole1221*Opmu": [
            0.0,
            0.0
        ],
        "Ole1221*OpWB": [
            0.0,
            0.0
        ],
        "Ole2211*Ole2211": [
            -0.0115257019661818,
            -0.1849693574183739
        ],
        "Ole2211*Oll": [
            0.0272479105439634,
            0.437718823058779
        ],
        "Ole2211*Oll1122": [
            0.0259584745598778,
            0.4321384373648135
        ],
        "Ole2211*OpD": [
            0.00056181185206,
            0.0004065105011941
        ],
        "Ole2211*Ope": [
            -0.0020075153140629,
            -0.0072309880522006
        ],
        "Ole2211*Opl1": [
            0.0002870382845674,
            0.0005834101574692
        ],
        "Ole2211*Opl2": [
            0.0026807195609214,
            0.0097934486073063
        ],