{
    "best_sm": [
        3.793199836950668
    ],
    "scales": [
        1000.0
    ],
    "theory_cov": [
        [
            0.0
        ]
    ],
    "LO": {
        "SM": [
            3.793199836950668
        ],
        "O3pl1": [
            -0.3410840010064264
        ],
        "O3pl2": [
            -0.4599187771696271
        ],
        "Oee1111": [
            -2.2892917046376637
        ],
        "Ole1111": [
            -6.07036776053854
        ],
        "Oll": [
            0.45991877716962
        ],
        "Oll1111": [
            -15.299035305924091
        ],
        "OpD": [
            -0.5932600044530825
        ],
        "Ope": [
            0.1506714603065457
        ],
        "Opl1": [
            0.1188347761630133
        ],
        "OpWB": [
            -1.4957857966425672
        ],
        "O3pl1*O3pl1": [
            0.018966535372401
        ],
        "O3pl1*O3pl2": [
            0.0206779161918821
        ],
        "O3pl1*Oee1111": [
            0.1387862868606388
        ],
        "O3pl1*Ole1111": [
            0.7062217522257038
        ],
        "O3pl1*Oll": [
            -0.0206779161918789
        ],
        "O3pl1*Oll1111": [
            -0.0402347838633703
        ],
        "O3pl1*OpD": [
            0.0459345587660098
        ],
        "O3pl1*Ope": [
            -0.0189511433664761
        ],
        "O3pl1*Opl1": [
            0.0172551545529098
        ],
        "O3pl1*OpWB": [
            0.1094496600706988
        ],
        "O3pl2*O3pl2": [
            0.0139410847493888
        ],
        "O3pl2*Oee1111": [
            0.1387862868606388
        ],
        "O3pl2*Ole1111": [
            0.3680106819314314
        ],
        "O3pl2*Oll": [
            -0.0278821694987739
        ],
        "O3pl2*Oll1111": [
            0.927490497762983
        ],
        "O3pl2*OpD": [
            0.0359658635875099
        ],
        "O3pl2*Ope": [
            -0.0091343241533827
        ],
        "O3pl2*Opl1": [
            -0.0072042533068942
        ],
        "O3pl2*OpWB": [
            0.0906806923007491
        ],
        "Oee1111*Oee1111": [
            8.330029380456418
        ],
        "Oee1111*Ole1111": [
            0.0
        ],
        "Oee1111*Oll": [
            -0.1387862868606391
        ],
        "Oee1111*Oll1111": [
            0.0
        ],
        "Oee1111*OpD": [
            0.3068326867639552
        ],
        "Oee1111*Ope": [
            0.1296966214046765
        ],
        "Oee1111*Opl1": [
            0.0
        ],
        "Oee1111*OpWB": [
            0.5183366707604653
        ],
        "Ole1111*Ole1111": [
            19.49549363040895
        ],
        "Ole1111*Oll": [
            -0.3680106819314314
        ],
        "Ole1111*Oll1111": [
            0.0
        ],
        "Ole1111*OpD": [
            0.8107599612837042
        ],
        "Ole1111*Ope": [
            -0.4205910168218018
        ],
        "Ole1111*Opl1": [
            0.3382110702942724
        ],
        "Ole1111*OpWB": [
            2.0060125396359965
        ],
        "Oll*Oll": [
            0.0139410847493888
        ],
        "Oll*Oll1111": [
            -0.9274904977629812
        ],
        "Oll*OpD": [
            -0.0359658635875034
        ],
        "Oll*Ope": [
            0.0091343241533822
        ],
        "Oll*Opl1": [
            0.0072042533068954
        ],
        "Oll*OpWB": [
            -0.0906806923007547
        ],
        "Oll1111*Oll1111": [
            49.98017628273853
        ],
        "Oll1111*OpD": [
            0.5315673630429312
        ],
        "Oll1111*Ope": [
            0.0
        ],
        "Oll1111*Opl1": [
            -0.9677252816263412
        ],
        "Oll1111*OpWB": [
            1.6568537975143138
        ],
        "OpD*OpD": [
            0.0319604416018512
        ],
        "OpD*Ope": [
            -0.0199421549056062
        ],
        "OpD*Opl1": [
            0.00996869517851
        ],
        "OpD*OpWB": [
            0.1529401543079302
        ],
        "Ope*Ope": [
            0.0069966170977984
        ],
        "Ope*Opl1": [
            -0.009816819213093
        ],
        "Ope*OpWB": [
            -0.0524465639231851
        ],
        "Opl1*Opl1": [
            0.0122297039299032
        ],
        "Opl1*OpWB": [
            0.0187689677699468
        ],
        "OpWB*OpWB": [
            0.1868608616038311
        ]
    }
}