{
    "best_sm": [
        0.6093649374354778
    ],
    "scales": [
        1000.0
    ],
    "theory_cov": [
        [
            0.0
        ]
    ],
    "LO": {
        "SM": [
            0.6093649374354778
        ],
        "O3pl1": [
            0.0069824469034511
        ],
        "O3pl2": [
            -1.3877787807814457e-17
        ],
        "O3pq": [
            3.5855137833884205e-18
        ],
        "Oll": [
            2.775557561562892e-17
        ],
        "Olu": [
            1.8498671225079373
        ],
        "OpD": [
            0.005972202612959
        ],
        "Ope": [
            -0.036471660748122
        ],
        "Opl1": [
            0.0069824469034512
        ],
        "OpqMi": [
            -0.0223406665522176
        ],
        "Opui": [
            0.0148884982396919
        ],
        "OpWB": [
            0.0547577334502972
        ],
        "Oqe": [
            5.476938439245349
        ],
        "Oql31": [
            0.0
        ],
        "OqlM1": [
            -0.4027320144865771
        ],
        "O3pl1*O3pl1": [
            0.0001989442084118
        ],
        "O3pl1*O3pl2": [
            0.0004233046740913
        ],
        "O3pl1*O3pq": [
            -3.0066997805345043e-19
        ],
        "O3pl1*Oll": [
            -0.0004233046740912
        ],
        "O3pl1*Olu": [
            -0.0294163642403126
        ],
        "O3pl1*OpD": [
            0.0010727058952716
        ],
        "O3pl1*Ope": [
            -0.0013429053131677
        ],
        "O3pl1*Opl1": [
            -2.54162572676e-05
        ],
        "O3pl1*OpqMi": [
            -0.0009694192264735
        ],
        "O3pl1*Opui": [
            -0.000326081265137
        ],
        "O3pl1*OpWB": [
            0.0033437742597357
        ],
        "O3pl1*Oqe": [
            0.2492883860019237
        ],
        "O3pl1*Oql31": [
            2.574323845795577e-17
        ],
        "O3pl1*OqlM1": [
            -0.0081236129335827
        ],
        "O3pl2*O3pl2": [
            0.0
        ],
        "O3pl2*O3pq": [
            7.618583184371432e-20
        ],
        "O3pl2*Oll": [
            -1.734723475976807e-18
        ],
        "O3pl2*Olu": [
            0.1121465598282449
        ],
        "O3pl2*OpD": [
            0.0003620595065945
        ],
        "O3pl2*Ope": [
            -0.0022110622078517
        ],
        "O3pl2*Opl1": [
            0.0004233046740913
        ],
        "O3pl2*OpqMi": [
            -0.001354383170346
        ],
        "O3pl2*Opui": [
            0.0009026020508579
        ],
        "O3pl2*OpWB": [
            0.0033196392085272
        ],
        "O3pl2*Oqe": [
            0.3320345536601146
        ],
        "O3pl2*Oql31": [
            1.4710421975974723e-17
        ],
        "O3pl2*OqlM1": [
            -0.0244152725392171
        ],
        "O3pq*O3pq": [
            -5.884017217134471e-19
        ],
        "O3pq*Oll": [
            -7.932885885213986e-19
        ],
        "O3pq*Olu": [
            1.5916965202904996e-17
        ],
        "O3pq*OpD": [
            2.6933417361316186e-18
        ],
        "O3pq*Ope": [
            -1.5096393349887952e-19
        ],
        "O3pq*Opl1": [
            -2.0446805236621093e-19
        ],
        "O3pq*OpqMi": [
            -7.07950569554985e-19
        ],
        "O3pq*Opui": [
            -1.1617196479383022e-19
        ],
        "O3pq*OpWB": [
            -5.6661969184719535e-19
        ],
        "O3pq*Oqe": [
            4.7125675944622875e-17
        ],
        "O3pq*Oql31": [
            0.0
        ],
        "O3pq*OqlM1": [
            1.217263792870083e-17
        ],
        "Oll*Oll": [
            -8.673617379884035e-19
        ],
        "Oll*Olu": [
            -0.112146559828245
        ],
        "Oll*OpD": [
            -0.0003620595065944
        ],
        "Oll*Ope": [
            0.0022110622078517
        ],
        "Oll*Opl1": [
            -0.0004233046740913
        ],
        "Oll*OpqMi": [
            0.001354383170346
        ],
        "Oll*Opui": [
            -0.0009026020508579
        ],
        "Oll*OpWB": [
            -0.0033196392085272
        ],
        "Oll*Oqe": [
            -0.3320345536601148
        ],
        "Oll*Oql31": [
            1.4710421975974723e-17
        ],
        "Oll*OqlM1": [
            0.0244152725392173
        ],
        "Olu*Olu": [
            -20.2039307396973
        ],
        "Olu*OpD": [
            0.1503598198471149
        ],
        "Olu*Ope": [
            -0.0183568805097691
        ],
        "Olu*Opl1": [
            -0.1415629240685575
        ],
        "Olu*OpqMi": [
            -0.0252137987585102
        ],
        "Olu*Opui": [
            -0.296170760147952
        ],
        "Olu*OpWB": [
            0.2015736998364415
        ],
        "Olu*Oqe": [
            15.373908593228013
        ],
        "Olu*Oql31": [
            0.0
        ],
        "Olu*OqlM1": [
            6.937551152254107
        ],
        "OpD*OpD": [
            0.0008270270844605
        ],
        "OpD*Ope": [
            -0.0026809010632745
        ],
        "OpD*Opl1": [
            0.0007106463886771
        ],
        "OpD*OpqMi": [
            -0.0019203950989259
        ],
        "OpD*Opui": [
            0.0008045331739039
        ],
        "OpD*OpWB": [
            0.0062653982723591
        ],
        "OpD*Oqe": [
            0.4429419119506369
        ],
        "OpD*Oql31": [
            2.9420843951949447e-17
        ],
        "OpD*OqlM1": [
            -0.0570166916710608
        ],
        "Ope*Ope": [
            -0.0053346877433429
        ],
        "Ope*Opl1": [
            0.0008681568946839
        ],
        "Ope*OpqMi": [
            -0.0065437657652361
        ],
        "Ope*Opui": [
            0.0021451077367859
        ],
        "Ope*OpWB": [
            0.005583123892164
        ],
        "Ope*Oqe": [
            1.5580940193655803
        ],
        "Ope*Oql31": [
            0.0
        ],
        "Ope*OqlM1": [
            -0.1550714428299678
        ],
        "Opl1*Opl1": [
            -0.0002243604656794
        ],
        "Opl1*OpqMi": [
            0.0003849639438724
        ],
        "Opl1*Opui": [
            -0.0012286833159949
        ],
        "Opl1*OpWB": [
            2.41350512084e-05
        ],
        "Opl1*Oqe": [
            -0.0827461676581908
        ],
        "Opl1*Oql31": [
            0.0
        ],
        "Opl1*OqlM1": [
            0.0162916596056344
        ],
        "OpqMi*OpqMi": [
            -0.0019478244239401
        ],
        "OpqMi*Opui": [
            0.0013191213729123
        ],
        "OpqMi*OpWB": [
            0.0029352527357678
        ],
        "OpqMi*Oqe": [
            0.9478834196810192
        ],
        "OpqMi*Oql31": [
            0.0
        ],
        "OpqMi*OqlM1": [
            -0.0759811031673879
        ],
        "Opui*Opui": [
            -0.00119470054227
        ],
        "Opui*OpWB": [
            -0.0013867260403619
        ],
        "Opui*Oqe": [
            -0.2494040217826262
        ],
        "Opui*Oql31": [
            0.0
        ],
        "Opui*OqlM1": [
            0.0832741139991552
        ],
        "OpWB*OpWB": [
            0.0034809678712743
        ],
        "OpWB*Oqe": [
            -0.6845119324943976
        ],
        "OpWB*Oql31": [
            4.177614330851619e-17
        ],
        "OpWB*OqlM1": [
            0.081123628996844
        ],
        "Oqe*Oqe": [
            -114.04254104895352
        ],
        "Oqe*Oql31": [
            0.0
        ],
        "Oqe*OqlM1": [
            20.5401458935591
        ],
        "Oql31*Oql31": [
            0.0
        ],
        "Oql31*OqlM1": [
            0.0
        ],
        "OqlM1*OqlM1": [
            0.084285401205939
        ]
    }
}