{
  "best_sm": [
    1.5320096751682022,
    0.3755611161579362
  ],
  "scales": [
    250.0,
    500.0
  ],
  "theory_cov": [
    [
      0.0,
      0.0
    ],
    [
      0.0,
      0.0
    ]
  ],
  "LO": {
    "SM": [
      1.5320096751682022,
      0.3755611161579362
    ],
    "cll1133": [
      0.1602336397602984,
      0.1546366477254881
    ],
    "O3pl1": [
      -0.1810728597825854,
      -0.0445746243312384
    ],
    "O3pl2": [
      -0.1857534658605897,
      -0.0455361216704772
    ],
    "O3pl3": [
      -0.0288557373268232,
      -0.0070995101661585
    ],
    "Oll": [
      0.1857534658605893,
      0.0455361216704772
    ],
    "Oll1331": [
      0.1602336397602984,
      0.1546366477254881
    ],
    "OpD": [
      -0.4081281608469628,
      -0.0982464292949111
    ],
    "Ope": [
      -0.0362811049970142,
      -0.0069529773809597
    ],
    "Opl1": [
      0.0046806060780042,
      0.0009614973392387
    ],
    "Opl3": [
      -0.0288557373268232,
      -0.0070995101661585
    ],
    "Opta": [
      -0.077986081598901,
      -0.0169774492007418
    ],
    "OpWB": [
      -0.7388933295889927,
      -0.1815296081680757
    ],
    "cll1133*cll1133": [
      0.0697268084301607,
      0.2789072337206429
    ],
    "cll1133*O3pl1": [
      -0.0037830602278518,
      -0.0040559127277027
    ],
    "cll1133*O3pl2": [
      -0.0097140228339826,
      -0.0093747101371662
    ],
    "cll1133*O3pl3": [
      0.0059309626061307,
      0.0053187974094634
    ],
    "cll1133*Oll": [
      0.0097140228339826,
      0.0093747101371662
    ],
    "cll1133*Oll1331": [
      0.1394536168603214,
      0.5578144674412859
    ],
    "cll1133*OpD": [
      -0.0036305700039305,
      -0.004412391549006
    ],
    "cll1133*Ope": [
      0.0,
      0.0
    ],
    "cll1133*Opl1": [
      0.0059309626061307,
      0.0053187974094634
    ],
    "cll1133*Opl3": [
      0.0059309626061307,
      0.0053187974094634
    ],
    "cll1133*Opta": [
      0.0,
      0.0
    ],
    "cll1133*OpWB": [
      -0.0141289091894219,
      -0.0151479540790906
    ],
    "O3pl1*O3pl1": [
      0.0055544883732491,
      0.0013637581239213
    ],
    "O3pl1*O3pl2": [
      0.0109773821350738,
      0.0027022972156008
    ],
    "O3pl1*O3pl3": [
      0.0020015974311744,
      0.0004811166119308
    ],
    "O3pl1*Oll": [
      -0.0109773821350739,
      -0.0027022972156008
    ],
    "O3pl1*Oll1331": [
      -0.0037830602278518,
      -0.0040559127277027
    ],
    "O3pl1*OpD": [
      0.0248951386392817,
      0.0059846501328604
    ],
    "O3pl1*Ope": [
      0.0021995099338088,
      0.0004215181103284
    ],
    "O3pl1*Opl1": [
      0.0001315946114244,
      2.52190322418e-05
    ],
    "O3pl1*Opl3": [
      0.0020015974311744,
      0.0004811166119308
    ],
    "O3pl1*Opta": [
      0.0045249997137086,
      0.0009884611924728
    ],
    "O3pl1*OpWB": [
      0.0449816453880274,
      0.0110380207067722
    ],
    "O3pl2*O3pl2": [
      0.0056305698714717,
      0.0013802935711244
    ],
    "O3pl2*O3pl3": [
      0.0017493535795821,
      0.0004304015309601
    ],
    "O3pl2*Oll": [
      -0.0112611397429434,
      -0.0027605871422489
    ],
    "O3pl2*Oll1331": [
      -0.0097140228339826,
      -0.0093747101371662
    ],
    "O3pl2*OpD": [
      0.0247424091444812,
      0.0059561029691125
    ],
    "O3pl2*Ope": [
      0.0021995099338088,
      0.0004215181103284
    ],
    "O3pl2*Opl1": [
      -0.0002837576078695,
      -5.8289926648e-05
    ],
    "O3pl2*Opl3": [
      0.0017493535795821,
      0.0004304015309601
    ],
    "O3pl2*Opta": [
      0.0047278372913317,
      0.0010292428571521
    ],
    "O3pl2*OpWB": [
      0.0447947552476638,
      0.0110050721023783
    ],
    "O3pl3*O3pl3": [
      0.0014892418558747,
      0.000299420663096
    ],
    "O3pl3*Oll": [
      -0.0017493535795821,
      -0.0004304015309601
    ],
    "O3pl3*Oll1331": [
      0.0059309626061307,
      0.0053187974094634
    ],
    "O3pl3*OpD": [
      0.004979178192277,
      0.0011382838230267
    ],
    "O3pl3*Ope": [
      -0.0033902852259862,
      -0.0006816363953544
    ],
    "O3pl3*Opl1": [
      0.0002522438515922,
      5.07150809707e-05
    ],
    "O3pl3*Opl3": [
      0.0029784837117495,
      0.000598841326192
    ],
    "O3pl3*Opta": [
      0.0,
      0.0
    ],
    "O3pl3*OpWB": [
      0.0125664893451119,
      0.0028204324669417
    ],
    "Oll*Oll": [
      0.0056305698714717,
      0.0013802935711244
    ],
    "Oll*Oll1331": [
      0.0097140228339826,
      0.0093747101371662
    ],
    "Oll*OpD": [
      -0.0247424091444812,
      -0.0059561029691125
    ],
    "Oll*Ope": [
      -0.0021995099338088,
      -0.0004215181103284
    ],
    "Oll*Opl1": [
      0.0002837576078695,
      5.8289926648e-05
    ],
    "Oll*Opl3": [
      -0.0017493535795821,
      -0.0004304015309601
    ],
    "Oll*Opta": [
      -0.0047278372913317,
      -0.0010292428571521
    ],
    "Oll*OpWB": [
      -0.0447947552476638,
      -0.0110050721023783
    ],
    "Oll1331*Oll1331": [
      0.0697268084301607,
      0.2789072337206429
    ],
    "Oll1331*OpD": [
      -0.0036305700039305,
      -0.004412391549006
    ],
    "Oll1331*Ope": [
      0.0,
      0.0
    ],
    "Oll1331*Opl1": [
      0.0059309626061307,
      0.0053187974094634
    ],
    "Oll1331*Opl3": [
      0.0059309626061307,
      0.0053187974094634
    ],
    "Oll1331*Opta": [
      0.0,
      0.0
    ],
    "Oll1331*OpWB": [
      -0.0141289091894219,
      -0.0151479540790906
    ],
    "OpD*OpD": [
      0.0283821533182018,
      0.0066630648163485
    ],
    "OpD*Ope": [
      0.0048661089836515,
      0.000942256717429
    ],
    "OpD*Opl1": [
      0.0001527294948004,
      2.85471637478e-05
    ],
    "OpD*Opl3": [
      0.004979178192277,
      0.0011382838230267
    ],
    "OpD*Opta": [
      0.0108681625638128,
      0.0023222980907774
    ],
    "OpD*OpWB": [
      0.1019908110182535,
      0.0244236826627726
    ],
    "Ope*Ope": [
      0.0034711578326712,
      0.0006978962992943
    ],
    "Ope*Opl1": [
      0.0,
      0.0
    ],
    "Ope*Opl3": [
      -0.0033902852259862,
      -0.0006816363953544
    ],
    "Ope*Opta": [
      0.0027262398601572,
      0.0005481262452213
    ],
    "Ope*OpWB": [
      0.0018837025171982,
      0.0003013966653369
    ],
    "Opl1*Opl1": [
      0.0002076761096469,
      4.17544794449e-05
    ],
    "Opl1*Opl3": [
      0.0002522438515922,
      5.07150809707e-05
    ],
    "Opl1*Opta": [
      -0.0002028375776231,
      -4.07816646793e-05
    ],
    "Opl1*OpWB": [
      0.0001868901403636,
      3.29486043938e-05
    ],
    "Opl3*Opl3": [
      0.0014892418558747,
      0.000299420663096
    ],
    "Opl3*Opta": [
      0.0,
      0.0
    ],
    "Opl3*OpWB": [
      0.0125664893451119,
      0.0028204324669417
    ],
    "Opta*Opta": [
      0.0014892418558747,
      0.000299420663096
    ],
    "Opta*OpWB": [
      0.0172786693727809,
      0.0037678434351109
    ],
    "OpWB*OpWB": [
      0.0955571225165815,
      0.0232149681472481
    ]
  },
  "NLO": {
    "SM": [
      1.5320096751682022,
      0.3755611161579362
    ],
    "cll1133": [
      0.1602336397602984,
      0.1546366477254881
    ],
    "O3pl1": [
      -0.1810728597825854,
      -0.0445746243312384
    ],
    "O3pl2": [
      -0.1857534658605897,
      -0.0455361216704772
    ],
    "O3pl3": [
      -0.0288557373268232,
      -0.0070995101661585
    ],
    "Oll": [
      0.1857534658605893,
      0.0455361216704772
    ],
    "Oll1331": [
      0.1602336397602984,
      0.1546366477254881
    ],
    "OpD": [
      -0.4081281608469628,
      -0.0982464292949111
    ],
    "Ope": [
      -0.0362811049970142,
      -0.0069529773809597
    ],
    "Opl1": [
      0.0046806060780042,
      0.0009614973392387
    ],
    "Opl3": [
      -0.0288557373268232,
      -0.0070995101661585
    ],
    "Opta": [
      -0.077986081598901,
      -0.0169774492007418
    ],