{
    "best_sm": [
        0.951410153017578,
        0.9538821116802816
    ],
    "scales": [
        250.0,
        500.0
    ],
    "theory_cov": [
        [
            0.0,
            0.0
        ],
        [
            0.0,
            0.0
        ]
    ],
    "LO": {
        "SM": [
            0.951410153017578,
            0.9538821116802816
        ],
        "O3pl1": [
            0.004210143900024,
            0.0051884196895857
        ],
        "O3pl2": [
            0.0,
            0.0
        ],
        "Oee1111": [
            -0.0003230938605579,
            -0.0008015993904277
        ],
        "Ole1111": [
            0.0368224656511571,
            0.1395697463247653
        ],
        "Oll": [
            0.0,
            0.0
        ],
        "Oll1111": [
            -0.0017171249305567,
            -0.003990446757124
        ],
        "OpD": [
            0.002550334316632,
            0.003631972796152
        ],
        "Ope": [
            -0.004345107271167,
            -0.004376665951979
        ],
        "Opl1": [
            0.0042101439000219,
            0.0051884196895728
        ],
        "OpWB": [
            0.0078619870230785,
            0.0096888109382264
        ],
        "O3pl1*O3pl1": [
            0.000196132899911,
            0.0002167925411213
        ],
        "O3pl1*O3pl2": [
            0.0002552362540132,
            0.0003145433593904
        ],
        "O3pl1*Oee1111": [
            0.0001304243878285,
            0.0008036491016707
        ],
        "O3pl1*Ole1111": [
            0.0015428804391217,
            0.0021834791865441
        ],
        "O3pl1*Oll": [
            -0.0002552362540129,
            -0.0003145433593904
        ],
        "O3pl1*Oll1111": [
            0.0005666876513705,
            0.0042131794921472
        ],
        "O3pl1*OpD": [
            0.0005165363584191,
            0.0005943529634985
        ],
        "O3pl1*Ope": [
            -0.0001644108039171,
            -0.0001752333914366
        ],
        "O3pl1*Opl1": [
            0.0001370295458095,
            0.0001190417228534
        ],
        "O3pl1*OpWB": [
            0.0012091398454656,
            0.0013970487088706
        ],
        "O3pl2*O3pl2": [
            0.0,
            0.0
        ],
        "O3pl2*Oee1111": [
            -1.95872798224e-05,
            -4.85962547786e-05
        ],
        "O3pl2*Ole1111": [
            0.0022323294451406,
            0.0084612925523101
        ],
        "O3pl2*Oll": [
            0.0,
            0.0
        ],
        "O3pl2*Oll1111": [
            -0.0001040991817265,
            -0.0002419173088259
        ],
        "O3pl2*OpD": [
            0.000154611764566,
            0.000220185141689
        ],
        "O3pl2*Ope": [
            -0.0002634182891395,
            -0.0002653315062802
        ],
        "O3pl2*Opl1": [
            0.0002552362540123,
            0.0003145433593853
        ],
        "O3pl2*OpWB": [
            0.0004766260167156,
            0.0005873756024668
        ],
        "Oee1111*Oee1111": [
            -0.0022943390027806,
            -0.0381016128044384
        ],
        "Oee1111*Ole1111": [
            0.0012904875466395,
            0.0223833290387973
        ],
        "Oee1111*Oll": [
            1.95872798225e-05,
            4.85962547788e-05
        ],
        "Oee1111*Oll1111": [
            -0.0001218101418769,
            -0.0013448657742153
        ],
        "Oee1111*OpD": [
            6.79514158737e-05,
            0.0005360205218801
        ],
        "Oee1111*Ope": [
            -0.0001323558733232,
            -0.0006705733151621
        ],
        "Oee1111*Opl1": [
            0.000150011667651,
            0.00085224535645
        ],
        "Oee1111*OpWB": [
            0.0002069762757546,
            0.0014099792845539
        ],
        "Ole1111*Ole1111": [
            -0.0176534997485755,
            -0.3044437027430999
        ],
        "Ole1111*Oll": [
            -0.0022323294451403,
            -0.0084612925523094
        ],
        "Ole1111*Oll1111": [
            0.0065718413172454,
            0.1189050117068582
        ],
        "Ole1111*OpD": [
            0.0032409245599682,
            0.0086456259190969
        ],
        "Ole1111*Ope": [
            0.0002442099830705,
            0.0018701948113624
        ],
        "Ole1111*Opl1": [
            -0.0006894490060185,
            -0.0062778133657632
        ],
        "Ole1111*OpWB": [
            0.0070497949296496,
            0.0198779564931616
        ],
        "Oll*Oll": [
            0.0,
            0.0
        ],
        "Oll*Oll1111": [
            0.0001040991817269,
            0.0002419173088267
        ],
        "Oll*OpD": [
            -0.0001546117645659,
            -0.0002201851416906
        ],
        "Oll*Ope": [
            0.0002634182891394,
            0.0002653315062802
        ],
        "Oll*Opl1": [
            -0.0002552362540123,
            -0.0003145433593851
        ],
        "Oll*OpWB": [
            -0.000476626016714,
            -0.0005873756024641
        ],
        "Oll1111*Oll1111": [
            -0.0113790417925918,
            -0.1874669250724485
        ],
        "Oll1111*OpD": [
            0.0001948605983556,
            0.0027624813625179
        ],
        "Oll1111*Ope": [
            -0.0007522301639398,
            -0.0036267813098744
        ],
        "Oll1111*Opl1": [
            0.0006707868330974,
            0.0044550968009758
        ],
        "Oll1111*OpWB": [
            0.0008638337861414,
            0.0074159013306963
        ],
        "OpD*OpD": [
            0.0002432678122867,
            0.0003156840510636
        ],
        "OpD*Ope": [
            -0.0003780885035869,
            -0.0003445564291358
        ],
        "OpD*Opl1": [
            0.0003619245938528,
            0.0003741678218074
        ],
        "OpD*OpWB": [
            0.0012532963145123,
            0.0015210615515579
        ],
        "Ope*Ope": [
            -2.98642023682e-05,
            1.69981334658e-05
        ],
        "Ope*Opl1": [
            9.90074852222e-05,
            9.00981148434e-05
        ],
        "Ope*OpWB": [
            -0.0007989244210128,
            -0.0008227071546552
        ],
        "Opl1*Opl1": [
            -5.91033541013e-05,
            -9.77508182659e-05
        ],
        "Opl1*OpWB": [
            0.0007325138287509,
            0.0008096731064104
        ],
        "OpWB*OpWB": [
            0.0015739924391094,
            0.0018528485670098
        ]
    }
}