{
    "best_sm": [
        1.112593717622421,
        0.2679169592938505
    ],
    "scales": [
        250.0,
        500.0
    ],
    "theory_cov": [
        [
            0.0,
            0.0
        ],
        [
            0.0,
            0.0
        ]
    ],
    "LO": {
        "SM": [
            1.112593717622421,
            0.2679169592938505
        ],
        "O3pl1": [
            -0.0927745674668104,
            -0.0238309818183061
        ],
        "O3pl2": [
            -0.1349000221688487,
            -0.0324844578714549
        ],
        "O3pl3": [
            0.0573692471587781,
            0.0123175703737839
        ],
        "Oee1133": [
            0.2619901519797678,
            0.2552688152494737
        ],
        "Ole1133": [
            0.2808085630900965,
            0.301061827326971
        ],
        "Ole3311": [
            0.0579446241297024,
            0.0621238691309622
        ],
        "Oll": [
            0.1349000221688486,
            0.0324844578714549
        ],
        "Oll1133": [
            1.4421027578426862,
            1.3917298295293932
        ],
        "Oll1331": [
            1.4421027578426862,
            1.3917298295293932
        ],
        "OpD": [
            -0.1181492700031995,
            -0.0316083069205131
        ],
        "Ope": [
            -0.0040312338885572,
            -0.0007725530423288
        ],
        "Opl1": [
            0.0421254547020384,
            0.0086534760531487
        ],
        "Opl3": [
            0.0573692471587781,
            0.0123175703737839
        ],
        "Opta": [
            0.0149255736577546,
            0.003784025057572
        ],
        "OpWB": [
            -0.3180267526028275,
            -0.0821612481235186
        ],
        "O3pl1*O3pl1": [
            0.0034043638416688,
            0.0008358517533711
        ],
        "O3pl1*O3pl2": [
            0.0056243761805175,
            0.0014447322165654
        ],
        "O3pl1*O3pl3": [
            -0.0012077652553369,
            -0.0002903060918271
        ],
        "O3pl1*Oee1133": [
            -0.0158829214790177,
            -0.0154754463784668
        ],
        "O3pl1*Ole1133": [
            -0.0384855405068507,
            -0.0374981969939773
        ],
        "O3pl1*Ole3311": [
            -0.0035128416401481,
            -0.003766204675724
        ],
        "O3pl1*Oll": [
            -0.0056243761805175,
            -0.0014447322165654
        ],
        "O3pl1*Oll1133": [
            -0.0340475420506663,
            -0.0365032145493251
        ],
        "O3pl1*Oll1331": [
            -0.0340475420506663,
            -0.0365032145493251
        ],
        "O3pl1*OpD": [
            0.0085372605548469,
            0.0021731501528623
        ],
        "O3pl1*Ope": [
            0.0002443899926454,
            4.6835345592e-05
        ],
        "O3pl1*Opl1": [
            0.0011843515028201,
            0.0002269712901768
        ],
        "O3pl1*Opl3": [
            -0.0012077652553369,
            -0.0002903060918271
        ],
        "O3pl1*Opta": [
            -0.0027303879139275,
            -0.0005964381578053
        ],
        "O3pl1*OpWB": [
            0.0209621021432069,
            0.0052774905124096
        ],
        "O3pl2*O3pl2": [
            0.0040890973256716,
            0.0009846707781989
        ],
        "O3pl2*O3pl3": [
            -0.0034779599196675,
            -0.0007467418205635
        ],
        "O3pl2*Oee1133": [
            -0.0158829214790177,
            -0.0154754463784668
        ],
        "O3pl2*Ole1133": [
            -0.0170237710253331,
            -0.0182516072746625
        ],
        "O3pl2*Ole3311": [
            -0.0035128416401481,
            -0.003766204675724
        ],
        "O3pl2*Oll": [
            -0.0081781946513433,
            -0.0019693415563979
        ],
        "O3pl2*Oll1133": [
            -0.0874262055058434,
            -0.0843723912344962
        ],
        "O3pl2*Oll1331": [
            -0.0874262055058434,
            -0.0843723912344962
        ],
        "O3pl2*OpD": [
            0.0071626951016426,
            0.0019162256791315
        ],
        "O3pl2*Ope": [
            0.0002443899926454,
            4.6835345592e-05
        ],
        "O3pl2*Opl1": [
            -0.0025538184708258,
            -0.0005246093398325
        ],
        "O3pl2*Opl3": [
            -0.0034779599196675,
            -0.0007467418205635
        ],
        "O3pl2*Opta": [
            -0.0009048497153195,
            -0.0002294031756914
        ],
        "O3pl2*OpWB": [
            0.0192800908799342,
            0.0049809530728648
        ],
        "O3pl3*O3pl3": [
            0.0012865551021739,
            0.000258669322436
        ],
        "O3pl3*Oee1133": [
            0.0,
            0.0
        ],
        "O3pl3*Ole1133": [
            0.0,
            0.0
        ],
        "O3pl3*Ole3311": [
            -0.0044286190993607,
            -0.0039715185135094
        ],
        "O3pl3*Oll": [
            0.0034779599196675,
            0.0007467418205635
        ],
        "O3pl3*Oll1133": [
            0.053378663455177,
            0.0478691766851711
        ],
        "O3pl3*Oll1331": [
            0.053378663455177,
            0.0478691766851711
        ],
        "O3pl3*OpD": [
            -0.0008192748638304,
            -0.0002475012804869
        ],
        "O3pl3*Ope": [
            -0.0003766983584429,
            -7.57373772616e-05
        ],
        "O3pl3*Opl1": [
            0.0022701946643305,
            0.0004564357287363
        ],
        "O3pl3*Opl3": [
            0.0025731102043479,
            0.000517338644872
        ],
        "O3pl3*Opta": [
            0.0,
            0.0
        ],
        "O3pl3*OpWB": [
            -0.0039450792843402,
            -0.0009705006797951
        ],
        "Oee1133*Oee1133": [
            0.1294926442274414,
            0.5179705769097657
        ],
        "Oee1133*Ole1133": [
            0.0,
            0.0
        ],
        "Oee1133*Ole3311": [
            0.0,
            0.0
        ],
        "Oee1133*Oll": [
            0.0158829214790177,
            0.0154754463784668
        ],
        "Oee1133*Oll1133": [
            0.0,
            0.0
        ],
        "Oee1133*Oll1331": [
            0.0,
            0.0
        ],
        "Oee1133*OpD": [
            -0.0365503117081748,
            -0.0349256469150448
        ],
        "Oee1133*Ope": [
            -0.0088572381987215,
            -0.0079430370270188
        ],
        "Oee1133*Opl1": [
            0.0,
            0.0
        ],
        "Oee1133*Opl3": [
            0.0,
            0.0
        ],
        "Oee1133*Opta": [
            -0.0088572381987215,
            -0.0079430370270188
        ],
        "Oee1133*OpWB": [
            -0.059319265812268,
            -0.0577974347163081
        ],
        "Ole1133*Ole1133": [
            0.1568853189678616,
            0.6275412758714467
        ],
        "Ole1133*Ole3311": [
            0.0,
            0.0
        ],
        "Ole1133*Oll": [
            0.0170237710253331,
            0.0182516072746625
        ],
        "Ole1133*Oll1133": [
            0.0,
            0.0
        ],
        "Ole1133*Oll1331": [
            0.0,
            0.0
        ],
        "Ole1133*OpD": [
            -0.0404131156222406,
            -0.0414463510014776
        ],
        "Ole1133*Ope": [
            0.0,
            0.0
        ],
        "Ole1133*Opl1": [
            -0.0214617694815175,
            -0.0192465897193148
        ],
        "Ole1133*Opl3": [
            0.0,
            0.0
        ],
        "Ole1133*Opta": [
            0.0266893317275885,
            0.0239345883425855
        ],
        "Ole1133*OpWB": [
            -0.1036576177179856,
            -0.1041067118150194
        ],
        "Ole3311*Ole3311": [
            0.0323731610568603,
            0.1294926442274414
        ],