{
    "best_sm": [
        0.9583038702800712,
        0.969154678216741,
        0.9651429351911112,
        0.9545684605000726
    ],
    "scales": [
        1000.0,
        1000.0,
        1000.0,
        1000.0
    ],
    "theory_cov": [
        [
            0.0,
            0.0,
            0.0,
            0.0
        ],
        [
            0.0,
            0.0,
            0.0,
            0.0
        ],
        [
            0.0,
            0.0,
            0.0,
            0.0
        ],
        [
            0.0,
            0.0,
            0.0,
            0.0
        ]
    ],
    "LO": {
        "SM": [
            0.9583038702800712,
            0.969154678216741,
            0.9651429351911112,
            0.9545684605000726
        ],
        "O3pl1": [
            0.0057553445855443,
            0.005073188341042,
            0.0031277172770265,
            0.003776146058058
        ],
        "O3pl2": [
            6.319944567678705e-14,
            2.886579864025407e-15,
            -4.8488990600503706e-14,
            3.136380044566067e-14
        ],
        "Oll": [
            3.6678993176053616e-14,
            1.0380585280245215e-13,
            5.5108695384831214e-14,
            7.054079542712088e-14
        ],
        "Oll1111": [
            -0.0031932518888626,
            0.0525353735164504,
            0.0026855795221709,
            -0.0033425789439601
        ],
        "OpD": [
            0.0043710359959971,
            0.0039999875768434,
            0.0005405183629586,
            0.0010598846130227
        ],
        "Ope": [
            -0.0041704783866082,
            -0.0033821061551624,
            -0.0059362332756991,
            -0.0063522997334948
        ],
        "Opl1": [
            0.0057553445859082,
            0.0050731883412241,
            0.0031277172772224,
            0.0037761460584431
        ],
        "OpWB": [
            0.0107474816827487,
            0.0094736288954206,
            0.0058406727249538,
            0.0070515431329664
        ],
        "O3pl1*O3pl1": [
            0.0001537674926196,
            -3.30948450906e-05,
            0.0001711473730464,
            0.0002550541161925
        ],
        "O3pl1*O3pl2": [
            0.0003489126802718,
            0.0003075575606784,
            0.0001896150963612,
            0.0002289255182841
        ],
        "O3pl1*Oll": [
            -0.0003489126802786,
            -0.0003075575606817,
            -0.000189615096371,
            -0.0002289255182859
        ],
        "O3pl1*Oll1111": [
            0.0231921495698601,
            0.0298784007965851,
            0.0018066241259784,
            0.0023249894200153
        ],
        "O3pl1*OpD": [
            0.0005076406237171,
            0.0001620394450459,
            0.0004360986784737,
            0.0005605233731606
        ],
        "O3pl1*Ope": [
            -0.0001085960027489,
            9.01093986011e-05,
            -0.0001315674626276,
            -0.0003081057871381
        ],
        "O3pl1*Opl1": [
            -4.1377694999e-05,
            -0.0003737472508552,
            0.0001526796497454,
            0.0002811827141586
        ],
        "O3pl1*OpWB": [
            0.0012258448049159,
            0.0004507283149581,
            0.0009932839300505,
            0.0013800653601345
        ],
        "O3pl2*O3pl2": [
            8.270294171719428e-15,
            -1.6189306839553552e-15,
            -9.737870232395808e-15,
            3.6008522552588565e-15
        ],
        "O3pl2*Oll": [
            -4.152928001488476e-15,
            1.4947244830754158e-14,
            2.0771578901346285e-14,
            6.189493362285248e-15
        ],
        "O3pl2*Oll1111": [
            -0.0001935880740717,
            0.0031849106011456,
            0.000162810885632,
            -0.000202640895076
        ],
        "O3pl2*OpD": [
            0.0002649901951843,
            0.0002424957126115,
            3.27684481624e-05,
            6.42545682028e-05
        ],
        "O3pl2*Ope": [
            -0.0002528315673145,
            -0.0002050371973551,
            -0.0003598788973061,
            -0.0003851025586897
        ],
        "O3pl2*Opl1": [
            0.000348912680314,
            0.0003075575607076,
            0.0001896150963988,
            0.0002289255183361
        ],
        "O3pl2*OpWB": [
            0.0006515565809562,
            0.0005743303812499,
            0.0003540856233238,
            0.0004274935719519
        ],
        "Oll*Oll": [
            -3.838075690598686e-15,
            -1.4556498367790383e-14,
            -1.0541047201773071e-14,
            -8.755583064123941e-15
        ],
        "Oll*Oll1111": [
            0.0001935880744741,
            -0.0031849106005853,
            -0.000162810885629,
            0.0002026408951512
        ],
        "Oll*OpD": [
            -0.0002649901951649,
            -0.0002424957125963,
            -3.2768448157e-05,
            -6.42545681767e-05
        ],
        "Oll*Ope": [
            0.0002528315673053,
            0.0002050371973496,
            0.0003598788973041,
            0.0003851025586857
        ],
        "Oll*Opl1": [
            -0.0003489126803164,
            -0.0003075575607138,
            -0.0001896150963986,
            -0.0002289255183327
        ],
        "Oll*OpWB": [
            -0.0006515565809205,
            -0.0005743303812148,
            -0.0003540856233148,
            -0.0004274935718963
        ],
        "Oll1111*Oll1111": [
            -3.30223242071939,
            -4.170132634126089,
            -0.3709106463719658,
            -0.5956156915327251
        ],
        "Oll1111*OpD": [
            0.0175493668775848,
            0.0259943874228011,
            0.0008640028276801,
            0.0001324697329603
        ],
        "Oll1111*Ope": [
            -0.0166938645143974,
            -0.0190063515177439,
            -0.0025277596930479,
            -0.004699350683049
        ],
        "Oll1111*Opl1": [
            0.0233857376456518,
            0.0266934901964134,
            0.0016438132404123,
            0.0025276303153976
        ],
        "Oll1111*OpWB": [
            0.0429473187450452,
            0.0617421473786623,
            0.0036777062429343,
            0.0039632556412636
        ],
        "OpD*OpD": [
            0.0003033492216947,
            0.0001509990050937,
            8.36095944279e-05,
            0.0001601438562173
        ],
        "OpD*Ope": [
            -0.0002550685304381,
            -6.11134547786e-05,
            -0.0006847319944037,
            -0.0006969065188377
        ],
        "OpD*Opl1": [
            0.0002426504285985,
            -8.04562675389e-05,
            0.0004033302303433,
            0.0004962688050535
        ],
        "OpD*OpWB": [
            0.0014428042405127,
            0.0007554255236019,
            0.000875558497044,
            0.0011667050305639
        ],
        "Ope*Ope": [
            2.39607150563e-05,
            -3.47074539628e-05,
            -0.0003133729251036,
            -0.0001118251512659
        ],
        "Ope*Opl1": [
            0.0001442355645465,
            0.0002951465959504,
            0.0002283114346837,
            7.69967715502e-05
        ],
        "Ope*OpWB": [
            -0.0006749267799703,
            -0.0002146151969829,
            -0.0009177227657792,
            -0.0012944913876124
        ],
        "Opl1*Opl1": [
            -0.0001951451876629,
            -0.0003406524057874,
            -1.8467723325e-05,
            2.61285979178e-05
        ],