{
    "best_sm": [
        0.1032682885310825
    ],
    "scales": [
        1000.0
    ],
    "theory_cov": [
        [
            0.0
        ]
    ],
    "LO": {
        "SM": [
            0.1032682885310825
        ],
        "O3pl1": [
            -0.0089779714903272
        ],
        "O3pl2": [
            -0.0125210974963547
        ],
        "O3pl3": [
            0.005355347415196
        ],
        "Oee1133": [
            0.3123690124143723
        ],
        "Ole1133": [
            0.5236942497913827
        ],
        "Ole3311": [
            0.0387921666512135
        ],
        "Oll": [
            0.0125210974963547
        ],
        "Oll1133": [
            2.3669494155245445
        ],
        "Oll1331": [
            2.3669494155245445
        ],
        "OpD": [
            -0.0108340265484798
        ],
        "Ope": [
            -0.000111562932395
        ],
        "Opl1": [
            0.0035431260060275
        ],
        "Opl3": [
            0.005355347415196
        ],
        "Opta": [
            0.0021420712982208
        ],
        "OpWB": [
            -0.0301466487876083
        ],
        "O3pl1*O3pl1": [
            0.0003177937728739
        ],
        "O3pl1*O3pl2": [
            0.0005442815889993
        ],
        "O3pl1*O3pl3": [
            -0.0001387654049864
        ],
        "O3pl1*Oee1133": [
            -0.018937095379978
        ],
        "O3pl1*Ole1133": [
            -0.0639126969074257
        ],
        "O3pl1*Ole3311": [
            -0.0023517408279139
        ],
        "O3pl1*Oll": [
            -0.0005442815889993
        ],
        "O3pl1*Oll1133": [
            -0.0634970023536761
        ],
        "O3pl1*Oll1331": [
            -0.0634970023536761
        ],
        "O3pl1*OpD": [
            0.0007594644850304
        ],
        "O3pl1*Ope": [
            6.763404203593886e-06
        ],
        "O3pl1*Opl1": [
            9.13059567485e-05
        ],
        "O3pl1*Opl3": [
            -0.0001387654049864
        ],
        "O3pl1*Opta": [
            -0.0002793477153688
        ],
        "O3pl1*OpWB": [
            0.0019441482779288
        ],
        "O3pl2*O3pl2": [
            0.0003795402362701
        ],
        "O3pl2*O3pl3": [
            -0.0003246632052604
        ],
        "O3pl2*Oee1133": [
            -0.018937095379978
        ],
        "O3pl2*Ole1133": [
            -0.031748501176838
        ],
        "O3pl2*Ole3311": [
            -0.0023517408279139
        ],
        "O3pl2*Oll": [
            -0.0007590804725403
        ],
        "O3pl2*Oll1133": [
            -0.1434942169676915
        ],
        "O3pl2*Oll1331": [
            -0.1434942169676915
        ],
        "O3pl2*OpD": [
            0.0006568032869586
        ],
        "O3pl2*Ope": [
            6.763404203593886e-06
        ],
        "O3pl2*Opl1": [
            -0.000214798883541
        ],
        "O3pl2*Opl3": [
            -0.0003246632052604
        ],
        "O3pl2*Opta": [
            -0.0001298611798
        ],
        "O3pl2*OpWB": [
            0.0018276139462909
        ],
        "O3pl3*O3pl3": [
            9.74010127301e-05
        ],
        "O3pl3*Oee1133": [
            0.0
        ],
        "O3pl3*Ole1133": [
            0.0
        ],
        "O3pl3*Ole3311": [
            -0.0023825330170805
        ],
        "O3pl3*Oll": [
            0.0003246632052604
        ],
        "O3pl3*Oll1133": [
            0.0799972146140154
        ],
        "O3pl3*Oll1331": [
            0.0799972146140154
        ],
        "O3pl3*OpD": [
            -0.0001445469542062
        ],
        "O3pl3*Ope": [
            -1.10730767087e-05
        ],
        "O3pl3*Opl1": [
            0.0001858978002739
        ],
        "O3pl3*Opl3": [
            0.0001948020254603
        ],
        "O3pl3*Opta": [
            0.0
        ],
        "O3pl3*OpWB": [
            -0.0005016310068725
        ],
        "Oee1133*Oee1133": [
            5.100017988034615
        ],
        "Oee1133*Ole1133": [
            0.0
        ],
        "Oee1133*Ole3311": [
            0.0
        ],
        "Oee1133*Oll": [
            0.018937095379978
        ],
        "Oee1133*Oll1133": [
            0.0
        ],
        "Oee1133*Oll1331": [
            0.0
        ],
        "Oee1133*OpD": [
            -0.0425483885084902
        ],
        "Oee1133*Ope": [
            -0.0095301320683222
        ],
        "Oee1133*Opl1": [
            0.0
        ],
        "Oee1133*Opl3": [
            0.0
        ],
        "Oee1133*Opta": [
            -0.0095301320683222
        ],
        "Oee1133*OpWB": [
            -0.0707259427077806
        ],
        "Ole1133*Ole1133": [
            4.303140177404206
        ],
        "Ole1133*Ole3311": [
            0.0
        ],
        "Ole1133*Oll": [
            0.031748501176838
        ],
        "Ole1133*Oll1133": [
            0.0
        ],
        "Ole1133*Oll1331": [
            0.0
        ],
        "Ole1133*OpD": [
            -0.0714380081785592
        ],
        "Ole1133*Ope": [
            0.0
        ],
        "Ole1133*Opl1": [
            -0.0321641957305877
        ],
        "Ole1133*Opl3": [
            0.0
        ],
        "Ole1133*Opta": [
            0.0399986073070077
        ],
        "Ole1133*OpWB": [
            -0.1786369102364725
        ],
        "Ole3311*Ole3311": [
            0.3187511242521634
        ],
        "Ole3311*Oll": [
            0.0023517408279139
        ],
        "Ole3311*Oll1133": [
            0.0
        ],
        "Ole3311*Oll1331": [
            0.0
        ],
        "Ole3311*OpD": [
            -0.0052917043095229
        ],
        "Ole3311*Ope": [
            0.002962859800519
        ],
        "Ole3311*Opl1": [
            0.0
        ],
        "Ole3311*Opl3": [
            -0.0023825330170805
        ],
        "Ole3311*Opta": [
            0.0
        ],
        "Ole3311*OpWB": [
            -0.0132323637212201
        ],
        "Oll*Oll": [
            0.0003795402362701
        ],
        "Oll*Oll1133": [
            0.1434942169676916
        ],
        "Oll*Oll1331": [
            0.1434942169676916
        ],
        "Oll*OpD": [
            -0.0006568032869586
        ],
        "Oll*Ope": [
            -6.763404203593894e-06
        ],
        "Oll*Opl1": [
            0.000214798883541
        ],
        "Oll*Opl3": [
            0.0003246632052604
        ],
        "Oll*Opta": [
            0.0001298611798
        ],
        "Oll*OpWB": [
            -0.0018276139462909
        ],
        "Oll1133*Oll1133": [
            17.212560709616827
        ],
        "Oll1133*Oll1331": [
            34.425121419233655
        ],
        "Oll1133*OpD": [
            -0.0707132133195229
        ],
        "Oll1133*Ope": [
            0.0
        ],
        "Oll1133*Opl1": [
            0.0799972146140154
        ],
        "Oll1133*Opl3": [
            0.0799972146140154
        ],
        "Oll1133*Opta": [
            0.0
        ],
        "Oll1133*OpWB": [
            -0.2371475276683707
        ],
        "Oll1331*Oll1331": [
            17.212560709616827
        ],
        "Oll1331*OpD": [
            -0.0707132133195229
        ],
        "Oll1331*Ope": [
            0.0
        ],
        "Oll1331*Opl1": [
            0.0799972146140154
        ],
        "Oll1331*Opl3": [
            0.0799972146140154
        ],
        "Oll1331*Opta": [
            0.0
        ],
        "Oll1331*OpWB": [
            -0.2371475276683707
        ],
        "OpD*OpD": [
            0.000479824203878
        ],
        "OpD*Ope": [
            1.51601930173e-05
        ],
        "OpD*Opl1": [
            0.0001026611980717
        ],
        "OpD*Opl3": [
            -0.0001445469542062
        ],
        "OpD*Opta": [
            -0.0002922618202324
        ],
        "OpD*OpWB": [
            0.0023748006728079
        ],
        "Ope*Ope": [
            1.1337216307e-05
        ],