{
    "best_sm": [
        3.827787643250626
    ],
    "scales": [
        1000.0
    ],
    "theory_cov": [
        [
            0.0
        ]
    ],
    "LO": {
        "SM": [
            3.827787643250626
        ],
        "O3pl1": [
            -0.5420609927335523
        ],
        "O3pl2": [
            -0.4641124875623111
        ],
        "Oee1111": [
            -20.603625341738898
        ],
        "Ole1111": [
            -4.104470728373188
        ],
        "Oll": [
            0.4641124875623252
        ],
        "Oll1111": [
            -1.6998928117693388
        ],
        "OpD": [
            -0.9739647515026608
        ],
        "Ope": [
            -0.1546157739000968
        ],
        "Opl1": [
            -0.0779485051709549
        ],
        "OpWB": [
            -1.8789198262350733
        ],
        "O3pl1*O3pl1": [
            0.0226056786778138
        ],
        "O3pl1*O3pl2": [
            0.032861968739551
        ],
        "O3pl1*Oee1111": [
            1.249076581745752
        ],
        "O3pl1*Ole1111": [
            0.4758495572201868
        ],
        "O3pl1*Oll": [
            -0.0328619687395501
        ],
        "O3pl1*Oll1111": [
            -0.0044705315403747
        ],
        "O3pl1*OpD": [
            0.0722414979825608
        ],
        "O3pl1*Ope": [
            0.0021815593863723
        ],
        "O3pl1*Opl1": [
            0.0123493886160856
        ],
        "O3pl1*OpWB": [
            0.1457934672032447
        ],
        "O3pl2*O3pl2": [
            0.0140682047429829
        ],
        "O3pl2*Oee1111": [
            1.249076581745752
        ],
        "O3pl2*Ole1111": [
            0.2488299113499222
        ],
        "O3pl2*Oll": [
            -0.0281364094859668
        ],
        "O3pl2*Oll1111": [
            0.1030544997514418
        ],
        "O3pl2*OpD": [
            0.0590457525008027
        ],
        "O3pl2*Ope": [
            0.0093734446799499
        ],
        "O3pl2*Opl1": [
            0.0047255592535879
        ],
        "O3pl2*OpWB": [
            0.1139078543218486
        ],
        "Oee1111*Oee1111": [
            74.9702644241078
        ],
        "Oee1111*Ole1111": [
            0.0
        ],
        "Oee1111*Oll": [
            -1.249076581745754
        ],
        "Oee1111*Oll1111": [
            0.0
        ],
        "Oee1111*OpD": [
            2.7614941808756104
        ],
        "Oee1111*Ope": [
            1.1672695926420888
        ],
        "Oee1111*Opl1": [
            0.0
        ],
        "Oee1111*OpWB": [
            4.665030036844156
        ],
        "Ole1111*Ole1111": [
            16.51111302559974
        ],
        "Ole1111*Oll": [
            -0.2488299113499206
        ],
        "Ole1111*Oll1111": [
            0.0
        ],
        "Ole1111*OpD": [
            0.5473635717852672
        ],
        "Ole1111*Ope": [
            -0.2823160803459888
        ],
        "Ole1111*Opl1": [
            0.2270196458702663
        ],
        "Ole1111*OpWB": [
            1.353260295393146
        ],
        "Oll*Oll": [
            0.0140682047429829
        ],
        "Oll*Oll1111": [
            -0.1030544997514418
        ],
        "Oll*OpD": [
            -0.0590457525007953
        ],
        "Oll*Ope": [
            -0.0093734446799495
        ],
        "Oll*Opl1": [
            -0.0047255592535876
        ],
        "Oll*OpWB": [
            -0.1139078543218523
        ],
        "Oll1111*Oll1111": [
            5.55335292030428
        ],
        "Oll1111*OpD": [
            0.059063040338104
        ],
        "Oll1111*Ope": [
            0.0
        ],
        "Oll1111*Opl1": [
            -0.1075250312918157
        ],
        "Oll1111*OpWB": [
            0.1840948663904811
        ],
        "OpD*OpD": [
            0.0640720572638556
        ],
        "OpD*Ope": [
            0.0207811167081117
        ],
        "OpD*Opl1": [
            0.0131957454817659
        ],
        "OpD*OpWB": [
            0.2451646984301302
        ],
        "Ope*Ope": [
            0.0125055767624005
        ],
        "Ope*Opl1": [
            -0.0071918852935779
        ],
        "Ope*OpWB": [
            0.0215777166240206
        ],
        "Opl1*Opl1": [
            0.003811914681249
        ],
        "Opl1*OpWB": [
            0.0318856128814178
        ],
        "OpWB*OpWB": [
            0.2424820229655663
        ]
    }
}