{
    "best_sm": [
        0.570358125733026,
        0.5660227545567926,
        0.6288473242954797,
        0.6144642511471258
    ],
    "scales": [
        500.0,
        500.0,
        500.0,
        500.0
    ],
    "theory_cov": [
        [
            0.0,
            0.0,
            0.0,
            0.0
        ],
        [
            0.0,
            0.0,
            0.0,
            0.0
        ],
        [
            0.0,
            0.0,
            0.0,
            0.0
        ],
        [
            0.0,
            0.0,
            0.0,
            0.0
        ]
    ],
    "LO": {
        "SM": [
            0.570358125733026,
            0.5660227545567926,
            0.6288473242954797,
            0.6144642511471258
        ],
        "O3pl1": [
            0.0268304328354012,
            0.0288969304396641,
            0.00288535806266,
            0.0080944513343184
        ],
        "O3pl2": [
            -5.551115123125783e-17,
            -6.938893903907227e-17,
            -1.3877787807814454e-16,
            -6.938893903907227e-17
        ],
        "Oll": [
            9.714451465470117e-17,
            9.714451465470121e-17,
            5.551115123125783e-17,
            2.775557561562892e-17
        ],
        "OpD": [
            0.0290054080402322,
            0.031818409545009,
            0.0024637056505918,
            0.0070209123941354
        ],
        "Ope": [
            -0.0042190607852362,
            -0.0013054746250362,
            -0.0421765721048997,
            -0.0330755369055165
        ],
        "Opl1": [
            0.0268304328354012,
            0.0288969304396642,
            0.0028853580626602,
            0.0080944513343185
        ],
        "OpqMi": [
            -0.0113612813847917,
            -0.0107109892541448,
            -0.0247752951070513,
            -0.0206754583646693
        ],
        "Opu": [
            0.0295035382061151,
            0.0305261049531041,
            0.0100445249454785,
            0.0158074271221547
        ],
        "OpWB": [
            0.0713188833252958,
            0.0739634934193897,
            0.0516532692075159,
            0.0537246854454248
        ],
        "O3pl1*O3pl1": [
            -0.0004917957078942,
            -0.0006498284221063,
            0.000105218040795,
            0.0001881868513321
        ],
        "O3pl1*O3pl2": [
            0.0016265712842734,
            0.0017518508756514,
            0.0001749222831536,
            0.0004907189601868
        ],
        "O3pl1*Oll": [
            -0.0016265712842734,
            -0.0017518508756514,
            -0.0001749222831536,
            -0.0004907189601868
        ],
        "O3pl1*OpD": [
            -0.0007761292793837,
            -0.0013479944921833,
            0.0005519711054305,
            0.0011237247168194
        ],
        "O3pl1*Ope": [
            0.0001088724203916,
            4.11722724323e-05,
            -0.0021023224483386,
            -0.0010433202347125
        ],
        "O3pl1*Opl1": [
            -0.0026101627000618,
            -0.0030515077198641,
            3.55137984364e-05,
            -0.0001143452575224
        ],
        "O3pl1*OpqMi": [
            0.0013856412879094,
            0.0016735135213951,
            -0.0013372213453421,
            -0.0007849456267716
        ],
        "O3pl1*Opu": [
            -0.0017546653144587,
            -0.0017954614821204,
            5.6715487364e-05,
            -0.0005049966916549
        ],
        "O3pl2*O3pl2": [
            -5.637851296924623e-18,
            -5.204170427930421e-18,
            -2.0383000842727486e-17,
            -1.5612511283791264e-17
        ],
        "O3pl2*Oll": [
            1.3010426069826053e-17,
            1.5612511283791264e-17,
            3.0357660829594124e-17,
            2.5153490401663706e-17
        ],
        "O3pl2*OpD": [
            0.0017584272343391,
            0.0019289629651027,
            0.0001493599782284,
            0.0004256366104773
        ],
        "O3pl2*Ope": [
            -0.0002557768322997,
            -7.91432456739e-05,
            -0.0025569174182088,
            -0.0020051752005825
        ],
        "O3pl2*Opl1": [
            0.0016265712842734,
            0.0017518508756514,
            0.0001749222831536,
            0.0004907189601868
        ],
        "O3pl2*OpqMi": [
            -0.0006887676455472,
            -0.0006493442597007,
            -0.0015019803753355,
            -0.0012534313952919
        ],
        "O3pl2*Opu": [
            0.0017886259355165,
            0.0018506181410507,
            0.0006089404498509,
            0.0009583113024258
        ],
        "Oll*Oll": [
            -9.107298248878237e-18,
            -1.0408340855860841e-17,
            -1.2576745200831853e-17,
            -9.54097911787244e-18
        ],
        "Oll*OpD": [
            -0.0017584272343391,
            -0.0019289629651027,
            -0.0001493599782284,
            -0.0004256366104773
        ],
        "Oll*Ope": [
            0.0002557768322997,
            7.91432456739e-05,
            0.0025569174182088,
            0.0020051752005824
        ],
        "Oll*Opl1": [
            -0.0016265712842734,
            -0.0017518508756515,
            -0.0001749222831536,
            -0.0004907189601868
        ],
        "Oll*OpqMi": [
            0.0006887676455472,
            0.0006493442597007,
            0.0015019803753355,
            0.0012534313952919
        ],
        "Oll*Opu": [
            -0.0017886259355165,
            -0.0018506181410507,
            -0.0006089404498509,
            -0.0009583113024258
        ],
        "OpD*OpD": [
            -0.0002383730193927,
            -0.0006878129998719,
            0.000406015928771,
            0.000886868509815
        ],
        "OpD*Ope": [
            0.0003760529804525,
            0.0001358672655689,
            -0.00450191616765,
            -0.0019709258198399
        ],
        "OpD*Opl1": [
            -0.0025345565137228,
            -0.0032769574572861,
            0.0004026111272021,
            0.0006980881063421
        ],
        "OpD*OpqMi": [
            0.0015207092654901,
            0.0018561324740284,
            -0.0027829147199924,
            -0.0015218664912297
        ],
        "OpD*Opu": [
            -0.0016949183077328,
            -0.0019260894704569,
            0.0009212858769979,
            0.0006588095004657
        ],
        "Ope*Ope": [
            -0.0005617739391897,
            -0.0001706484319536,
            -0.0070177353217504,
            -0.0052307162986461
        ],
        "Ope*Opl1": [
            0.0003646492526913,
            0.0001203155181062,
            0.0004545949698701,
            0.0009618549658699
        ],
        "Ope*OpqMi": [
            -0.0010112796463739,
            -0.0003183106113122,
            -0.0078943729736501,
            -0.0065989419044249
        ],
        "Ope*Opu": [
            -2.65186241408e-05,
            -1.65427943698e-05,
            0.0032281304749008,
            0.0018774627320971
        ],
        "Opl1*Opl1": [
            -0.0021183669921676,
            -0.0024016792977578,
            -6.97042423586e-05,
            -0.0003025321088546
        ],
        "Opl1*OpqMi": [
            0.0020744089334566,
            0.0023228577810958,
            0.0001647590299933,
            0.0004684857685202
        ],
        "Opl1*Opu": [
            -0.0035432912499752,
            -0.0036460796231712,
            -0.0005522249624868,
            -0.0014633079940808
        ],