{
    "best_sm": [
        58.46513914416112,
        15.181919915041153
    ],
    "scales": [
        250.0,
        500.0
    ],
    "theory_cov": [
        [
            0.0,
            0.0
        ],
        [
            0.0,
            0.0
        ]
    ],
    "LO": {
        "SM": [
            58.46513914416112,
            15.181919915041153
        ],
        "O3pl1": [
            -7.9378983709050654,
            -2.114350687930416
        ],
        "O3pl2": [
            -7.088794805983569,
            -1.8407809613390975
        ],
        "Oee1111": [
            -19.542366345441906,
            -21.3908926989059
        ],
        "Ole1111": [
            -4.464730697435922,
            -3.880876938320768
        ],
        "Oll": [
            7.088794805983575,
            1.8407809613390984
        ],
        "Oll1111": [
            -1.2303522053473652,
            -1.4013860949115429
        ],
        "OpD": [
            -13.489436182558956,
            -3.7545045093776297
        ],
        "Ope": [
            -0.3541458036446706,
            -0.4761533257034262
        ],
        "Opl1": [
            -0.849103564921192,
            -0.2735697265912816
        ],
        "OpWB": [
            -28.06071943429416,
            -7.38577930815422
        ],
        "O3pl1*O3pl1": [
            0.281179836519454,
            0.081562676173053
        ],
        "O3pl1*O3pl2": [
            0.4812280751042995,
            0.1281806422941236
        ],
        "O3pl1*Oee1111": [
            1.184738692784238,
            1.2968039696738471
        ],
        "O3pl1*Ole1111": [
            0.3767345960507455,
            0.4051973769035986
        ],
        "O3pl1*Oll": [
            -0.4812280751043017,
            -0.1281806422941236
        ],
        "O3pl1*Oll1111": [
            0.0367346431473598,
            0.0096901131521029
        ],
        "O3pl1*OpD": [
            0.9245309575071264,
            0.2680654248787176
        ],
        "O3pl1*Ope": [
            -0.0110779630085021,
            0.0107444857140392
        ],
        "O3pl1*Opl1": [
            0.0811315979346022,
            0.0349447100519732
        ],
        "O3pl1*OpWB": [
            1.9487869127953692,
            0.5439823445453791
        ],
        "O3pl2*O3pl2": [
            0.2148759608586442,
            0.0557978596677881
        ],
        "O3pl2*Oee1111": [
            1.184738692784238,
            1.2968039696738471
        ],
        "O3pl2*Ole1111": [
            0.2706703536620371,
            0.2352747353871517
        ],
        "O3pl2*Oll": [
            -0.4297519217172851,
            -0.1115957193355762
        ],
        "O3pl2*Oll1111": [
            0.0745890153557285,
            0.0849577937913721
        ],
        "O3pl2*OpD": [
            0.8177851498034128,
            0.2276135185404991
        ],
        "O3pl2*Ope": [
            0.0214697764358987,
            0.0288663746594005
        ],
        "O3pl2*Opl1": [
            0.0514761533870122,
            0.0165849229585591
        ],
        "O3pl2*OpWB": [
            1.7011563222958528,
            0.4477563447568724
        ],
        "Oee1111*Oee1111": [
            5.076111653715632,
            20.304446614862528
        ],
        "Oee1111*Ole1111": [
            0.0,
            0.0
        ],
        "Oee1111*Oll": [
            -1.1847386927842398,
            -1.2968039696738451
        ],
        "Oee1111*Oll1111": [
            0.0,
            0.0
        ],
        "Oee1111*OpD": [
            2.320072389894724,
            2.7668935812970057
        ],
        "Oee1111*Ope": [
            0.5087819505882654,
            1.0116357804353089
        ],
        "Oee1111*Opl1": [
            0.0,
            0.0
        ],
        "Oee1111*OpWB": [
            4.424741980131818,
            4.843281475962075
        ],
        "Ole1111*Ole1111": [
            0.9853136171498398,
            3.941254468599359
        ],
        "Ole1111*Oll": [
            -0.2706703536620357,
            -0.2352747353871507
        ],
        "Ole1111*Oll1111": [
            0.0,
            0.0
        ],
        "Ole1111*OpD": [
            0.5249663312006694,
            0.4951805962612167
        ],
        "Ole1111*Ope": [
            -0.1318988982705008,
            -0.2113116419112663
        ],
        "Ole1111*Opl1": [
            0.1060642423887098,
            0.1699226415164483
        ],
        "Ole1111*OpWB": [
            1.208958514053096,
            1.1960121922314453
        ],
        "Oll*Oll": [
            0.2148759608586442,
            0.0557978596677881
        ],
        "Oll*Oll1111": [
            -0.0745890153557285,
            -0.0849577937913721
        ],
        "Oll*OpD": [
            -0.8177851498034064,
            -0.2276135185404936
        ],
        "Oll*Ope": [
            -0.0214697764359008,
            -0.0288663746594009
        ],
        "Oll*Opl1": [
            -0.0514761533870125,
            -0.0165849229585587
        ],
        "Oll*OpWB": [
            -1.7011563222958603,
            -0.4477563447568855
        ],
        "Oll1111*Oll1111": [
            0.3036989878291402,
            1.214795951316561
        ],
        "Oll1111*OpD": [
            0.0875870113452171,
            0.063695967911946
        ],
        "Oll1111*Ope": [
            0.0,
            0.0
        ],
        "Oll1111*Opl1": [
            -0.0378543722083681,
            -0.0752676806392684
        ],
        "Oll1111*OpWB": [
            0.2078848560279876,
            0.1767446989513811
        ],
        "OpD*OpD": [
            0.7828034000497449,
            0.2365540783182447
        ],
        "OpD*Ope": [
            0.0399809360883646,
            0.0617366750793258
        ],
        "OpD*Opl1": [
            0.1067458077037244,
            0.0404519063382264
        ],
        "OpD*OpWB": [
            3.25358632651714,
            0.9256266563135572
        ],
        "Ope*Ope": [
            0.0390584150577561,
            0.0317348835396517
        ],
        "Ope*Opl1": [
            -0.0325477394444031,
            -0.0181218889453599
        ],
        "Ope*OpWB": [
            0.0194055842870384,
            0.0739689848196
        ],
        "Opl1*Opl1": [
            0.014827722273795,
            0.0091798935467068
        ],
        "Opl1*OpWB": [
            0.2476305904995419,
            0.0962259997884638
        ],
        "OpWB*OpWB": [
            3.4079365255330347,
            0.9259822099596644
        ]
    }
}