{
  "best_sm": [
    0.5008038952502634,
    0.4604612491972388
  ],
  "scales": [
    250.0,
    500.0
  ],
  "theory_cov": [
    [
      0.0,
      0.0
    ],
    [
      0.0,
      0.0
    ]
  ],
  "LO": {
    "SM": [
      0.5008038952502634,
      0.4604612491972388
    ],
    "O3pl1": [
      0.0080684161325158,
      0.00794509962577
    ],
    "O3pl2": [
      0.0275212156776666,
      0.0264498708240894
    ],
    "Oll": [
      0.0707897509547118,
      0.3286667677390757
    ],
    "Oll1122": [
      0.0707897509547113,
      0.3286667677390756
    ],
    "OpD": [
      0.0112093944242096,
      0.0102393086587761
    ],
    "Ope": [
      -0.0408101323277818,
      -0.0398505891504906
    ],
    "Opl1": [
      0.008068416132516,
      0.00794509962577
    ],
    "Opl2": [
      0.0275212156776671,
      0.0264498708240899
    ],
    "Opmu": [
      -0.0166191064881865,
      -0.0168385081810993
    ],
    "OpWB": [
      0.0664597766946688,
      0.0642288761993714
    ],
    "O3pl1*O3pl1": [
      0.0002788836909106,
      0.0003216002789162
    ],
    "O3pl1*O3pl2": [
      0.0020758439172207,
      0.0020559406440896
    ],
    "O3pl1*Oll": [
      0.0032960801651453,
      0.0185818309043079
    ],
    "O3pl1*Oll1122": [
      0.0037852207642266,
      0.0190634955491256
    ],
    "O3pl1*OpD": [
      0.0017107262172335,
      0.0016775082479804
    ],
    "O3pl1*Ope": [
      -0.0019429778680771,
      -0.0019879475421263
    ],
    "O3pl1*Opl1": [
      6.86267827398e-05,
      0.0001615359130147
    ],
    "O3pl1*Opl2": [
      0.0015867033181395,
      0.0015742759992719
    ],
    "O3pl1*Opmu": [
      -5.51350098243e-05,
      -0.0002310985162594
    ],
    "O3pl1*OpWB": [
      0.0049179834106856,
      0.0050403533957269
    ],
    "O3pl2*O3pl2": [
      0.0009744073544321,
      0.0011228356170037
    ],
    "O3pl2*Oll": [
      -0.0027650031887614,
      2.86289339064e-05
    ],
    "O3pl2*Oll1122": [
      -0.0010965538050257,
      0.0016321289824944
    ],
    "O3pl2*OpD": [
      0.0037372962650832,
      0.0036819509595026
    ],
    "O3pl2*Ope": [
      0.0001356933258749,
      -0.0004597667889905
    ],
    "O3pl2*Opl1": [
      0.000407394533485,
      0.0004524405955015
    ],
    "O3pl2*Opl2": [
      0.0002803653251285,
      0.0006421711854194
    ],
    "O3pl2*Opmu": [
      -2.22770914215e-05,
      -0.0002238224668063
    ],
    "O3pl2*OpWB": [
      0.0075156133951731,
      0.0080327935498248
    ],
    "Oll*Oll": [
      0.0046775852198103,
      0.1725496078856989
    ],
    "Oll*Oll1122": [
      0.0136467365440589,
      0.3650243481678461
    ],
    "Oll*OpD": [
      0.0111769733588372,
      0.0555512940478047
    ],
    "Oll*Ope": [
      0.0164957082764322,
      0.0561730280847729
    ],
    "Oll*Opl1": [
      -0.0009954859392926,
      -0.0013433014921395
    ],
    "Oll*Opl2": [
      -0.0070565692931996,
      -0.0198965034625417
    ],
    "Oll*Opmu": [
      0.0089582932277663,
      0.0331007197914864
    ],
    "Oll*OpWB": [
      0.0009917286429487,
      0.0347530149125886
    ],
    "Oll1122*Oll1122": [
      0.0089691513242484,
      0.1924747402821467
    ],
    "Oll1122*OpD": [
      0.0118565329916007,
      0.0561720430881706
    ],
    "Oll1122*Ope": [
      0.0140216300623757,
      0.0537571213280231
    ],
    "Oll1122*Opl1": [
      -0.0005063453402113,
      -0.0008616368473218
    ],
    "Oll1122*Opl2": [
      -0.0053881199094637,
      -0.0182930034139536
    ],
    "Oll1122*Opmu": [
      0.0079507745809444,
      0.0320799001108869
    ],
    "Oll1122*OpWB": [
      0.0050207938836756,
      0.0386468337819287
    ],
    "OpD*OpD": [
      0.0016666726975365,
      0.0015637824716005
    ],
    "OpD*Ope": [
      -0.0036984962777302,
      -0.0038205743197101
    ],
    "OpD*Opl1": [
      0.0010311665844699,
      0.0010567592076145
    ],
    "OpD*Opl2": [
      0.0030577366323197,
      0.0030612019191368
    ],
    "OpD*Opmu": [
      -0.0011783033214672,
      -0.0013278983778294
    ],
    "OpD*OpWB": [
      0.0101735909922708,
      0.0100082086837327
    ],
    "Ope*Ope": [
      -0.0021003190078191,
      -0.0016164578981537
    ],
    "Ope*Opl1": [
      0.0005311003459793,
      0.0004279592146235
    ],
    "Ope*Opl2": [
      0.0026097715399314,
      0.0019561399677592
    ],
    "Ope*Opmu": [
      -0.0016156533480998,
      -0.0013325075799543
    ],
    "Ope*OpWB": [
      -0.0033749078309969,
      -0.0045708409889148
    ],
    "Opl1*Opl1": [
      -0.0002102569081707,
      -0.0001600643659015
    ],
    "Opl1*Opl2": [
      -8.17460655963e-05,
      -2.92240493161e-05
    ],
    "Opl1*Opmu": [
      0.0009523836369974,
      0.00078972116434
    ],
    "Opl1*OpWB": [
      0.0008889181699586,
      0.0011465345263866
    ],
    "Opl2*Opl2": [
      -0.0006940420293036,
      -0.0004806644315843
    ],
    "Opl2*Opmu": [
      0.0009852415554002,
      0.0007969972137931
    ],
    "Opl2*OpWB": [
      0.0034865481544462,
      0.0041389746804848
    ],
    "Opmu*Opmu": [
      -0.0007873960221205,
      -0.0006617296313869
    ],
    "Opmu*OpWB": [
      -0.0001445587015261,
      -0.000849515586717
    ],
    "OpWB*OpWB": [
      0.0116091966283351,
      0.0122063418825451
    ]
  },
  "NLO": {
    "SM": [
      0.5008038952502634,
      0.4604612491972388
    ],
    "O3pl1": [
      0.0080684161325158,
      0.00794509962577
    ],
    "O3pl2": [
      0.0275212156776666,
      0.0264498708240894
    ],
    "Oll": [
      0.0707897509547118,
      0.3286667677390757
    ],
    "Oll1122": [
      0.0707897509547113,
      0.3286667677390756
    ],
    "OpD": [
      0.0112093944242096,
      0.0102393086587761
    ],
    "Ope": [
      -0.0408101323277818,
      -0.0398505891504906
    ],
    "Opl1": [
      0.008068416132516,
      0.00794509962577
    ],
    "Opl2": [
      0.0275212156776671,
      0.0264498708240899
    ],
    "Opmu": [
      -0.0166191064881865,
      -0.0168385081810993
    ],
    "OpWB": [
      0.0664597766946688,
      0.0642288761993714
    ],
    "O3pl1*O3pl1": [
      0.0002788836909106,
      0.0003216002789162
    ],
    "O3pl1*O3pl2": [
      0.0020758439172207,
      0.0020559406440896
    ],
    "O3pl1*Oll": [
      0.0032960801651453,
      0.0185818309043079
    ],
    "O3pl1*Oll1122": [
      0.0037852207642266,
      0.0190634955491256
    ],
    "O3pl1*OpD": [
      0.0017107262172335,
      0.0016775082479804
    ],
    "O3pl1*Ope": [
      -0.0019429778680771,
      -0.0019879475421263
    ],
    "O3pl1*Opl1": [
      6.86267827398e-05,
      0.0001615359130147
    ],
    "O3pl1*Opl2": [
      0.0015867033181395,
      0.0015742759992719
    ],
    "O3pl1*Opmu": [
      -5.51350098243e-05,
      -0.0002310985162594
    ],
    "O3pl1*OpWB": [
      0.0049179834106856,
      0.0050403533957269
    ],
    "O3pl2*O3pl2": [
      0.0009744073544321,
      0.0011228356170037
    ],
    "O3pl2*Oll": [
      -0.0027650031887614,
      2.86289339064e-05
    ],
    "O3pl2*Oll1122": [
      -0.0010965538050257,
      0.0016321289824944
    ],
    "O3pl2*OpD": [
      0.0037372962650832,
      0.0036819509595026
    ],
    "O3pl2*Ope": [
      0.0001356933258749,
      -0.0004597667889905
    ],
    "O3pl2*Opl1": [
      0.000407394533485,
      0.0004524405955015
    ],
    "O3pl2*Opl2": [
      0.0002803653251285,
      0.0006421711854194
    ],
    "O3pl2*Opmu": [
      -2.22770914215e-05,
      -0.0002238224668063
    ],
    "O3pl2*OpWB": [
      0.0075156133951731,
      0.0080327935498248
    ],
    "Oll*Oll": [
      0.0046775852198103,
      0.1725496078856989
    ],
    "Oll*Oll1122": [
      0.0136467365440589,
      0.3650243481678461
    ],
    "Oll*OpD": [
      0.0111769733588372,
      0.0555512940478047
    ],
    "Oll*Ope": [
      0.0164957082764322,
      0.0561730280847729
    ],
    "Oll*Opl1": [
      -0.0009954859392926,
      -0.0013433014921395
    ],