{
    "best_sm": [
        0.5947815775297318,
        0.5660227545567931
    ],
    "scales": [
        250.0,
        500.0
    ],
    "theory_cov": [
        [
            0.0,
            0.0
        ],
        [
            0.0,
            0.0
        ]
    ],
    "LO": {
        "SM": [
            0.5947815775297318,
            0.5660227545567931
        ],
        "O3pl1": [
            0.0268772935575535,
            0.0288969304396642
        ],
        "O3pl2": [
            0.0,
            0.0
        ],
        "O3pq": [
            0.0,
            0.0
        ],
        "Oll": [
            0.0,
            0.0
        ],
        "Olu": [
            0.3482228674971331,
            1.5832171240837507
        ],
        "OpD": [
            0.0284617762213581,
            0.031818409545009
        ],
        "Ope": [
            -0.001018301342133,
            -0.0013054746250362
        ],
        "Opl1": [
            0.0268772935575536,
            0.0288969304396642
        ],
        "OpqMi": [
            -0.0092003072709768,
            -0.0107109892541448
        ],
        "Opui": [
            0.0299013002198783,
            0.030526104953104
        ],
        "OpWB": [
            0.0673710059022732,
            0.0739634934193895
        ],
        "Oqe": [
            0.0077012918242222,
            0.0447793106059977
        ],
        "Oql31": [
            0.0,
            0.0
        ],
        "OqlM1": [
            -0.101969691843746,
            -0.5256546102048514
        ],
        "O3pl1*O3pl1": [
            -0.0009491346689333,
            -0.0006498284221063
        ],
        "O3pl1*O3pl2": [
            0.0016294121741495,
            0.0017518508756514
        ],
        "O3pl1*O3pq": [
            0.0,
            0.0
        ],
        "O3pl1*Oll": [
            -0.0016294121741495,
            -0.0017518508756514
        ],
        "O3pl1*Olu": [
            -0.0277119906920418,
            -0.0903262570395481
        ],
        "O3pl1*OpD": [
            -0.0019874254185492,
            -0.0013479944921834
        ],
        "O3pl1*Ope": [
            5.1365651016e-05,
            4.11722724323e-05
        ],
        "O3pl1*Opl1": [
            -0.0035276815120162,
            -0.0030515077198641
        ],
        "O3pl1*OpqMi": [
            0.0017871055496923,
            0.0016735135213951
        ],
        "O3pl1*Opui": [
            -0.002430302258952,
            -0.0017954614821204
        ],
        "O3pl1*OpWB": [
            -0.0038392873394847,
            -0.0022806816605537
        ],
        "O3pl1*Oqe": [
            -2.4280010473e-05,
            0.0003079328727177
        ],
        "O3pl1*Oql31": [
            0.0,
            0.0
        ],
        "O3pl1*OqlM1": [
            0.0209904152758743,
            0.0880033635140267
        ],
        "O3pl2*O3pl2": [
            0.0,
            0.0
        ],
        "O3pl2*O3pq": [
            0.0,
            0.0
        ],
        "O3pl2*Oll": [
            0.0,
            0.0
        ],
        "O3pl2*Olu": [
            0.0211107036652373,
            0.0959811392758015
        ],
        "O3pl2*OpD": [
            0.0017254700356527,
            0.0019289629651027
        ],
        "O3pl2*Ope": [
            -6.17336191336e-05,
            -7.91432456739e-05
        ],
        "O3pl2*Opl1": [
            0.0016294121741495,
            0.0017518508756515
        ],
        "O3pl2*OpqMi": [
            -0.0005577604992536,
            -0.0006493442597007
        ],
        "O3pl2*Opui": [
            0.0018127399061531,
            0.0018506181410507
        ],
        "O3pl2*OpWB": [
            0.0040843077063098,
            0.0044839714371581
        ],
        "O3pl2*Oqe": [
            0.0004668840122684,
            0.0027147061401549
        ],
        "O3pl2*Oql31": [
            0.0,
            0.0
        ],
        "O3pl2*OqlM1": [
            -0.0061818224713994,
            -0.0318673462948032
        ],
        "O3pq*O3pq": [
            0.0,
            0.0
        ],
        "O3pq*Oll": [
            0.0,
            0.0
        ],
        "O3pq*Olu": [
            0.0,
            0.0
        ],
        "O3pq*OpD": [
            0.0,
            0.0
        ],
        "O3pq*Ope": [
            0.0,
            0.0
        ],
        "O3pq*Opl1": [
            0.0,
            0.0
        ],
        "O3pq*OpqMi": [
            0.0,
            0.0
        ],
        "O3pq*Opui": [
            0.0,
            0.0
        ],
        "O3pq*OpWB": [
            0.0,
            0.0
        ],
        "O3pq*Oqe": [
            0.0,
            0.0
        ],
        "O3pq*Oql31": [
            0.0,
            0.0
        ],
        "O3pq*OqlM1": [
            0.0,
            0.0
        ],
        "Oll*Oll": [
            0.0,
            0.0
        ],
        "Oll*Olu": [
            -0.0211107036652373,
            -0.0959811392758015
        ],
        "Oll*OpD": [
            -0.0017254700356527,
            -0.0019289629651027
        ],
        "Oll*Ope": [
            6.17336191336e-05,
            7.91432456739e-05
        ],
        "Oll*Opl1": [
            -0.0016294121741495,
            -0.0017518508756515
        ],
        "Oll*OpqMi": [
            0.0005577604992536,
            0.0006493442597007
        ],
        "Oll*Opui": [
            -0.0018127399061531,
            -0.0018506181410507
        ],
        "Oll*OpWB": [
            -0.0040843077063098,
            -0.0044839714371581
        ],
        "Oll*Oqe": [
            -0.0004668840122684,
            -0.0027147061401549
        ],
        "Oll*Oql31": [
            0.0,
            0.0
        ],
        "Oll*OqlM1": [
            0.0061818224713993,
            0.0318673462948033
        ],
        "Olu*Olu": [
            -0.1987937675324756,
            -2.9837203650039195
        ],
        "Olu*OpD": [
            -0.0292356753423665,
            -0.0956141979110726
        ],
        "Olu*Ope": [
            7.98093466082e-05,
            -0.0004953033055086
        ],
        "Olu*Opl1": [
            -0.0488226943572791,
            -0.1863073963153496
        ],
        "Olu*OpqMi": [
            0.0239233936677526,
            0.0971082464154989
        ],
        "Olu*Opui": [
            -0.0346042594071196,
            -0.1170917443082616
        ],
        "Olu*OpWB": [
            -0.0570015299246767,
            -0.1707792368784759
        ],
        "Olu*Oqe": [
            0.0041148956004266,
            0.1112359797353405
        ],
        "Olu*Oql31": [
            0.0,
            0.0
        ],
        "Olu*OqlM1": [
            0.284562068134677,
            5.18161320325582
        ],
        "OpD*OpD": [
            -0.001031393683154,
            -0.0006878129998719
        ],
        "OpD*Ope": [
            0.0001468537782498,
            0.0001358672655689
        ],
        "OpD*Opl1": [
            -0.0037128954542019,
            -0.0032769574572861
        ],
        "OpD*OpqMi": [
            0.001928038497924,
            0.0018561324740284
        ],
        "OpD*Opui": [
            -0.0025856681176195,
            -0.0019260894704569
        ],
        "OpD*OpWB": [
            -0.0040895760051211,
            -0.0023812304441583
        ],
        "OpD*Oqe": [
            -0.000750351552375,
            -0.0027868563751829
        ],
        "OpD*Oql31": [
            0.0,
            0.0
        ],
        "OpD*OqlM1": [
            0.0220634223224997,
            0.0950909189679747
        ],
        "Ope*Ope": [
            -0.0002009769142346,
            -0.0001706484319536
        ],
        "Ope*Opl1": [
            0.0001130992701496,
            0.0001203155181062
        ],
        "Ope*OpqMi": [
            -0.0003440603427592,
            -0.0003183106113122
        ],
        "Ope*Opui": [
            7.425793406523292e-08,
            -1.65427943698e-05
        ],