{
  "best_sm": [
    0.6184375627489329
  ],
  "scales": [
    1000.0
  ],
  "theory_cov": [
    [
      0.0
    ]
  ],
  "LO": {
    "SM": [
      0.6184375627489329
    ],
    "O3pl1": [
      0.0035453472864808
    ],
    "O3pl2": [
      -1.8041124150158796e-16
    ],
    "Oll": [
      1.1102230246251563e-16
    ],
    "OpD": [
      0.0028782498536544
    ],
    "Ope": [
      -0.0426125889296423
    ],
    "Opl1": [
      0.003545347286481
    ],
    "OpqMi": [
      -0.0250738576882488
    ],
    "Opui": [
      0.0112234608943215
    ],
    "OpWB": [
      0.053443260721099
    ],
    "O3pl1*O3pl1": [
      0.0001311420741713
    ],
    "O3pl1*O3pl2": [
      0.0002149335467058
    ],
    "O3pl1*Oll": [
      -0.0002149335467058
    ],
    "O3pl1*OpD": [
      0.0006571686796397
    ],
    "O3pl1*Ope": [
      -0.0020559703220461
    ],
    "O3pl1*Opl1": [
      4.73506016367e-05
    ],
    "O3pl1*OpqMi": [
      -0.0013275655466853
    ],
    "O3pl1*Opui": [
      3.21067084277e-05
    ],
    "O3pl1*OpWB": [
      0.0033702369237098
    ],
    "O3pl2*O3pl2": [
      -2.4286128663675302e-17
    ],
    "O3pl2*Oll": [
      3.816391647148976e-17
    ],
    "O3pl2*OpD": [
      0.0001744913542632
    ],
    "O3pl2*Ope": [
      -0.0025833505529606
    ],
    "O3pl2*Opl1": [
      0.0002149335467058
    ],
    "O3pl2*OpqMi": [
      -0.0015200804680218
    ],
    "O3pl2*Opui": [
      0.0006804124000855
    ],
    "O3pl2*OpWB": [
      0.0032399504607387
    ],
    "Oll*Oll": [
      -1.474514954580286e-17
    ],
    "Oll*OpD": [
      -0.0001744913542632
    ],
    "Oll*Ope": [
      0.0025833505529606
    ],
    "Oll*Opl1": [
      -0.0002149335467058
    ],
    "Oll*OpqMi": [
      0.0015200804680218
    ],
    "Oll*Opui": [
      -0.0006804124000855
    ],
    "Oll*OpWB": [
      -0.0032399504607387
    ],
    "OpD*OpD": [
      0.0004773171811684
    ],
    "OpD*Ope": [
      -0.0044054896366869
    ],
    "OpD*Opl1": [
      0.0004826773253765
    ],
    "OpD*OpqMi": [
      -0.002761306491982
    ],
    "OpD*Opui": [
      0.0009771099398323
    ],
    "OpD*OpWB": [
      0.0067094752273729
    ],
    "Ope*Ope": [
      -0.0064337058008813
    ],
    "Ope*Opl1": [
      0.0005273802309144
    ],
    "Ope*OpqMi": [
      -0.0072853159267146
    ],
    "Ope*Opui": [
      0.0030524540676712
    ],
    "Ope*OpWB": [
      0.0049411087254178
    ],
    "Opl1*Opl1": [
      -8.37914725345e-05
    ],
    "Opl1*OpqMi": [
      0.0001925149213364
    ],
    "Opl1*Opui": [
      -0.0006483056916578
    ],
    "Opl1*OpWB": [
      0.000130286462971
    ],
    "OpqMi*OpqMi": [
      -0.0020297735647772
    ],
    "OpqMi*Opui": [
      0.0016847802835352
    ],
    "OpqMi*OpWB": [
      0.0022630938667291
    ],
    "Opui*Opui": [
      -0.0009014446365285
    ],
    "Opui*OpWB": [
      -0.001815592274893
    ],
    "OpWB*OpWB": [
      0.0040588627890191
    ]
  },
  "NLO": {
    "SM": [
      0.6184375627489329
    ],
    "O3pl1": [
      0.0035453472864808
    ],
    "O3pl2": [
      -1.8041124150158796e-16
    ],
    "Oll": [
      1.1102230246251563e-16
    ],
    "OpD": [
      0.0028782498536544
    ],
    "Ope": [
      -0.0426125889296423
    ],
    "Opl1": [
      0.003545347286481
    ],
    "OpqMi": [
      -0.0250738576882488
    ],
    "Opui": [
      0.0112234608943215
    ],
    "OpWB": [
      0.053443260721099
    ],
    "O3pl1*O3pl1": [
      0.0001311420741713
    ],
    "O3pl1*O3pl2": [
      0.0002149335467058
    ],
    "O3pl1*Oll": [
      -0.0002149335467058
    ],
    "O3pl1*OpD": [
      0.0006571686796397
    ],
    "O3pl1*Ope": [
      -0.0020559703220461
    ],
    "O3pl1*Opl1": [
      4.73506016367e-05
    ],
    "O3pl1*OpqMi": [
      -0.0013275655466853
    ],
    "O3pl1*Opui": [
      3.21067084277e-05
    ],
    "O3pl1*OpWB": [
      0.0033702369237098
    ],
    "O3pl2*O3pl2": [
      -2.4286128663675302e-17
    ],
    "O3pl2*Oll": [
      3.816391647148976e-17
    ],
    "O3pl2*OpD": [
      0.0001744913542632
    ],
    "O3pl2*Ope": [
      -0.0025833505529606
    ],
    "O3pl2*Opl1": [
      0.0002149335467058
    ],
    "O3pl2*OpqMi": [
      -0.0015200804680218
    ],
    "O3pl2*Opui": [
      0.0006804124000855
    ],
    "O3pl2*OpWB": [
      0.0032399504607387
    ],
    "Oll*Oll": [
      -1.474514954580286e-17
    ],
    "Oll*OpD": [
      -0.0001744913542632
    ],
    "Oll*Ope": [
      0.0025833505529606
    ],
    "Oll*Opl1": [
      -0.0002149335467058
    ],
    "Oll*OpqMi": [
      0.0015200804680218
    ],
    "Oll*Opui": [
      -0.0006804124000855
    ],
    "Oll*OpWB": [
      -0.0032399504607387
    ],
    "OpD*OpD": [
      0.0004773171811684
    ],
    "OpD*Ope": [
      -0.0044054896366869
    ],
    "OpD*Opl1": [
      0.0004826773253765
    ],
    "OpD*OpqMi": [
      -0.002761306491982
    ],
    "OpD*Opui": [
      0.0009771099398323
    ],
    "OpD*OpWB": [
      0.0067094752273729
    ],
    "Ope*Ope": [
      -0.0064337058008813
    ],
    "Ope*Opl1": [
      0.0005273802309144
    ],
    "Ope*OpqMi": [
      -0.0072853159267146
    ],
    "Ope*Opui": [
      0.0030524540676712
    ],
    "Ope*OpWB": [
      0.0049411087254178
    ],
    "Opl1*Opl1": [
      -8.37914725345e-05
    ],
    "Opl1*OpqMi": [
      0.0001925149213364
    ],
    "Opl1*Opui": [
      -0.0006483056916578
    ],
    "Opl1*OpWB": [
      0.000130286462971
    ],
    "OpqMi*OpqMi": [
      -0.0020297735647772
    ],
    "OpqMi*Opui": [
      0.0016847802835352
    ],
    "OpqMi*OpWB": [
      0.0022630938667291
    ],
    "Opui*Opui": [
      -0.0009014446365285
    ],
    "Opui*OpWB": [
      -0.001815592274893
    ],
    "OpWB*OpWB": [
      0.0040588627890191
    ]
  }
}
