{
    "best_sm": [
        0.4362656748963665
    ],
    "scales": [
        1000.0
    ],
    "theory_cov": [
        [
            0.0
        ]
    ],
    "LO": {
        "SM": [
            0.4362656748963665
        ],
        "cll1133": [
            1.1109964144014075
        ],
        "O3pl1": [
            0.0064430609511366
        ],
        "O3pl2": [
            6.938893903907228e-18
        ],
        "O3pl3": [
            0.0257496794140518
        ],
        "Oll": [
            -4.857225732735061e-17
        ],
        "Oll1331": [
            1.1109964144014075
        ],
        "OpD": [
            0.0082107661430498
        ],
        "Ope": [
            -0.0399072757079743
        ],
        "Opl1": [
            0.0064430609511366
        ],
        "Opl3": [
            0.0257496794140518
        ],
        "Opta": [
            -0.0158980370877164
        ],
        "OpWB": [
            0.060116450410924
        ],
        "cll1133*cll1133": [
            3.547892223832477
        ],
        "cll1133*O3pl1": [
            0.0718404355747509
        ],
        "cll1133*O3pl2": [
            0.0673531759879692
        ],
        "cll1133*O3pl3": [
            -0.0555224830323446
        ],
        "cll1133*Oll": [
            -0.0673531759879685
        ],
        "cll1133*Oll1331": [
            7.095784447664954
        ],
        "cll1133*OpD": [
            0.2029374066008059
        ],
        "cll1133*Ope": [
            0.1800660698631546
        ],
        "cll1133*Opl1": [
            0.0044872595867815
        ],
        "cll1133*Opl3": [
            -0.0555224830323446
        ],
        "cll1133*Opta": [
            0.1054394213462029
        ],
        "cll1133*OpWB": [
            0.1562467560096733
        ],
        "O3pl1*O3pl1": [
            0.0002763188775097
        ],
        "O3pl1*O3pl2": [
            0.0003906048773136
        ],
        "O3pl1*O3pl3": [
            0.0015604081382319
        ],
        "O3pl1*Oll": [
            -0.0003906048773136
        ],
        "O3pl1*Oll1331": [
            0.0718404355747509
        ],
        "O3pl1*OpD": [
            0.0014073868716862
        ],
        "O3pl1*Ope": [
            -0.0020753681534072
        ],
        "O3pl1*Opl1": [
            0.0001620328777058
        ],
        "O3pl1*Opl3": [
            0.0015604081382319
        ],
        "O3pl1*Opta": [
            -0.0003363828735599
        ],
        "O3pl1*OpWB": [
            0.0046752962216816
        ],
        "O3pl2*O3pl2": [
            9.107298248878237e-18
        ],
        "O3pl2*O3pl3": [
            0.0015610515630177
        ],
        "O3pl2*Oll": [
            -2.125036258071589e-17
        ],
        "O3pl2*Oll1331": [
            0.0673531759879692
        ],
        "O3pl2*OpD": [
            0.0004977704426947
        ],
        "O3pl2*Ope": [
            -0.0024193433292112
        ],
        "O3pl2*Opl1": [
            0.0003906048773136
        ],
        "O3pl2*Opl3": [
            0.0015610515630177
        ],
        "O3pl2*Opta": [
            -0.0009638044515284
        ],
        "O3pl2*OpWB": [
            0.0036445066895022
        ],
        "O3pl3*O3pl3": [
            -0.0003908349948447
        ],
        "O3pl3*Oll": [
            -0.0015610515630177
        ],
        "O3pl3*Oll1331": [
            -0.0555224830323446
        ],
        "O3pl3*OpD": [
            0.0030997653844979
        ],
        "O3pl3*Ope": [
            0.001741176443671
        ],
        "O3pl3*Opl1": [
            -6.434247857630565e-07
        ],
        "O3pl3*Opl3": [
            -0.0007816699896895
        ],
        "O3pl3*Opta": [
            0.0007699109058164
        ],
        "O3pl3*OpWB": [
            0.0043693034693964
        ],
        "Oll*Oll": [
            1.5178830414797062e-17
        ],
        "Oll*Oll1331": [
            -0.0673531759879685
        ],
        "Oll*OpD": [
            -0.0004977704426947
        ],
        "Oll*Ope": [
            0.0024193433292111
        ],
        "Oll*Opl1": [
            -0.0003906048773136
        ],
        "Oll*Opl3": [
            -0.0015610515630177
        ],
        "Oll*Opta": [
            0.0009638044515284
        ],
        "Oll*OpWB": [
            -0.0036445066895022
        ],
        "Oll1331*Oll1331": [
            3.547892223832477
        ],
        "Oll1331*OpD": [
            0.2029374066008059
        ],
        "Oll1331*Ope": [
            0.1800660698631546
        ],
        "Oll1331*Opl1": [
            0.0044872595867815
        ],
        "Oll1331*Opl3": [
            -0.0555224830323446
        ],
        "Oll1331*Opta": [
            0.1054394213462029
        ],
        "Oll1331*OpWB": [
            0.1562467560096733
        ],
        "OpD*OpD": [
            0.0013060594742099
        ],
        "OpD*Ope": [
            -0.0041152647646673
        ],
        "OpD*Opl1": [
            0.0009096164289914
        ],
        "OpD*Opl3": [
            0.0030997653844979
        ],
        "OpD*Opta": [
            -0.0013916490787994
        ],
        "OpD*OpWB": [
            0.0093461502135125
        ],
        "Ope*Ope": [
            -0.0015524085769988
        ],
        "Ope*Opl1": [
            0.0003439751758039
        ],
        "Ope*Opl3": [
            0.001741176443671
        ],
        "Ope*Opta": [
            -0.0013672918227137
        ],
        "Ope*OpWB": [
            -0.0051419279858083
        ],
        "Opl1*Opl1": [
            -0.0001142859998038
        ],
        "Opl1*Opl3": [
            -6.434247857630565e-07
        ],
        "Opl1*Opta": [
            0.0006274215779684
        ],
        "Opl1*OpWB": [
            0.0010307895321793
        ],
        "Opl3*Opl3": [
            -0.0003908349948447
        ],
        "Opl3*Opta": [
            0.0007699109058164
        ],
        "Opl3*OpWB": [
            0.0043693034693964
        ],
        "Opta*Opta": [
            -0.00059504778943
        ],
        "Opta*OpWB": [
            -0.0009902336893853
        ],
        "OpWB*OpWB": [
            0.0118477648350801
        ]
    },
    "NLO": {
        "SM": [
            0.4362656748963665
        ],
        "cll1133": [
            1.1109964144014075
        ],
        "O3pl1": [
            0.0064430609511366
        ],
        "O3pl2": [
            6.938893903907228e-18
        ],
        "O3pl3": [
            0.0257496794140518
        ],
        "Oll": [
            -4.857225732735061e-17
        ],
        "Oll1331": [
            1.1109964144014075
        ],
        "OpD": [
            0.0082107661430498
        ],
        "Ope": [
            -0.0399072757079743
        ],
        "Opl1": [
            0.0064430609511366
        ],
        "Opl3": [
            0.0257496794140518
        ],
        "Opta": [
            -0.0158980370877164
        ],
        "OpWB": [
            0.060116450410924
        ],
        "cll1133*cll1133": [
            3.547892223832477
        ],
        "cll1133*O3pl1": [
            0.0718404355747509
        ],
        "cll1133*O3pl2": [
            0.0673531759879692
        ],
        "cll1133*O3pl3": [
            -0.0555224830323446
        ],
        "cll1133*Oll": [
            -0.0673531759879685
        ],
        "cll1133*Oll1331": [
            7.095784447664954
        ],
        "cll1133*OpD": [
            0.2029374066008059
        ],
        "cll1133*Ope": [
            0.1800660698631546
        ],
        "cll1133*Opl1": [
            0.0044872595867815
        ],
        "cll1133*Opl3": [
            -0.0555224830323446
        ],
        "cll1133*Opta": [
            0.1054394213462029
        ],
        "cll1133*OpWB": [
            0.1562467560096733
        ],
        "O3pl1*O3pl1": [
            0.0002763188775097
        ],
        "O3pl1*O3pl2": [
            0.0003906048773136
        ],
        "O3pl1*O3pl3": [
            0.0015604081382319
        ],