{
    "best_sm": [
        1.5320096751682166,
        0.3755611161579371
    ],
    "scales": [
        250.0,
        500.0
    ],
    "theory_cov": [
        [
            0.0,
            0.0
        ],
        [
            0.0,
            0.0
        ]
    ],
    "LO": {
        "SM": [
            1.5320096751682166,
            0.3755611161579371
        ],
        "O3pl1": [
            -0.1810728597825855,
            -0.0445746243312386
        ],
        "O3pl2": [
            -0.1857534658605898,
            -0.0455361216704773
        ],
        "O3pl3": [
            -0.0288557373268229,
            -0.0070995101661585
        ],
        "Oee1133": [
            2.3579113678179118,
            2.2974193372452643
        ],
        "Ole1133": [
            0.0312009514544551,
            0.0334513141474412
        ],
        "Ole3311": [
            0.5215016171673222,
            0.5591148221786608
        ],
        "Oll": [
            0.1857534658605898,
            0.0455361216704773
        ],
        "Oll1133": [
            0.1602336397602984,
            0.154636647725488
        ],
        "Oll1331": [
            0.1602336397602984,
            0.154636647725488
        ],
        "OpD": [
            -0.4081281608469629,
            -0.0982464292949112
        ],
        "Ope": [
            -0.0362811049970148,
            -0.0069529773809598
        ],
        "Opl1": [
            0.0046806060780042,
            0.0009614973392387
        ],
        "Opl3": [
            -0.0288557373268229,
            -0.0070995101661585
        ],
        "Opta": [
            -0.0779860815989009,
            -0.0169774492007417
        ],
        "OpWB": [
            -0.7388933295889927,
            -0.1815296081680757
        ],
        "O3pl1*O3pl1": [
            0.0055544883732491,
            0.0013637581239213
        ],
        "O3pl1*O3pl2": [
            0.0109773821350738,
            0.0027022972156008
        ],
        "O3pl1*O3pl3": [
            0.0020015974311744,
            0.0004811166119308
        ],
        "O3pl1*Oee1133": [
            -0.1429462933111598,
            -0.1392790174062017
        ],
        "O3pl1*Ole1133": [
            -0.0042761711674278,
            -0.0041664663326641
        ],
        "O3pl1*Ole3311": [
            -0.031615574761333,
            -0.0338958420815162
        ],
        "O3pl1*Oll": [
            -0.0109773821350739,
            -0.0027022972156008
        ],
        "O3pl1*Oll1133": [
            -0.0037830602278518,
            -0.0040559127277027
        ],
        "O3pl1*Oll1331": [
            -0.0037830602278518,
            -0.0040559127277027
        ],
        "O3pl1*OpD": [
            0.0248951386392817,
            0.0059846501328604
        ],
        "O3pl1*Ope": [
            0.0021995099338088,
            0.0004215181103284
        ],
        "O3pl1*Opl1": [
            0.0001315946114244,
            2.52190322418e-05
        ],
        "O3pl1*Opl3": [
            0.0020015974311744,
            0.0004811166119308
        ],
        "O3pl1*Opta": [
            0.0045249997137086,
            0.0009884611924728
        ],
        "O3pl1*OpWB": [
            0.0449816453880275,
            0.0110380207067722
        ],
        "O3pl2*O3pl2": [
            0.0056305698714717,
            0.0013802935711244
        ],
        "O3pl2*O3pl3": [
            0.0017493535795821,
            0.0004304015309601
        ],
        "O3pl2*Oee1133": [
            -0.1429462933111598,
            -0.1392790174062017
        ],
        "O3pl2*Ole1133": [
            -0.0018915301139259,
            -0.0020279563638513
        ],
        "O3pl2*Ole3311": [
            -0.031615574761333,
            -0.0338958420815162
        ],
        "O3pl2*Oll": [
            -0.0112611397429434,
            -0.0027605871422489
        ],
        "O3pl2*Oll1133": [
            -0.0097140228339826,
            -0.0093747101371662
        ],
        "O3pl2*Oll1331": [
            -0.0097140228339826,
            -0.0093747101371662
        ],
        "O3pl2*OpD": [
            0.0247424091444812,
            0.0059561029691125
        ],
        "O3pl2*Ope": [
            0.0021995099338088,
            0.0004215181103284
        ],
        "O3pl2*Opl1": [
            -0.0002837576078695,
            -5.8289926648e-05
        ],
        "O3pl2*Opl3": [
            0.0017493535795821,
            0.0004304015309601
        ],
        "O3pl2*Opta": [
            0.0047278372913317,
            0.0010292428571521
        ],
        "O3pl2*OpWB": [
            0.0447947552476638,
            0.0110050721023783
        ],
        "O3pl3*O3pl3": [
            0.0014892418558747,
            0.000299420663096
        ],
        "O3pl3*Oee1133": [
            0.0,
            0.0
        ],
        "O3pl3*Ole1133": [
            0.0,
            0.0
        ],
        "O3pl3*Ole3311": [
            -0.0398575718942468,
            -0.0357436666215846
        ],
        "O3pl3*Oll": [
            -0.0017493535795821,
            -0.0004304015309601
        ],
        "O3pl3*Oll1133": [
            0.0059309626061307,
            0.0053187974094634
        ],
        "O3pl3*Oll1331": [
            0.0059309626061307,
            0.0053187974094634
        ],
        "O3pl3*OpD": [
            0.004979178192277,
            0.0011382838230267
        ],
        "O3pl3*Ope": [
            -0.0033902852259862,
            -0.0006816363953544
        ],
        "O3pl3*Opl1": [
            0.0002522438515922,
            5.07150809707e-05
        ],
        "O3pl3*Opl3": [
            0.0029784837117495,
            0.000598841326192
        ],
        "O3pl3*Opta": [
            0.0,
            0.0
        ],
        "O3pl3*OpWB": [
            0.0125664893451119,
            0.0028204324669417
        ],
        "Oee1133*Oee1133": [
            1.1654337980469731,
            4.6617351921878925
        ],
        "Oee1133*Ole1133": [
            0.0,
            0.0
        ],
        "Oee1133*Ole3311": [
            0.0,
            0.0
        ],
        "Oee1133*Oll": [
            0.1429462933111598,
            0.1392790174062017
        ],
        "Oee1133*Oll1133": [
            0.0,
            0.0
        ],
        "Oee1133*Oll1331": [
            0.0,
            0.0
        ],
        "Oee1133*OpD": [
            -0.3289528053735737,
            -0.314330822235404
        ],
        "Oee1133*Ope": [
            -0.0797151437884937,
            -0.0714873332431693
        ],
        "Oee1133*Opl1": [
            0.0,
            0.0
        ],
        "Oee1133*Opl3": [
            0.0,
            0.0
        ],
        "Oee1133*Opta": [
            -0.0797151437884937,
            -0.0714873332431693
        ],
        "Oee1133*OpWB": [
            -0.5338733923104125,
            -0.5201769124467731
        ],
        "Ole1133*Ole1133": [
            0.0174317021075401,
            0.0697268084301607
        ],
        "Ole1133*Ole3311": [
            0.0,
            0.0
        ],
        "Ole1133*Oll": [
            0.0018915301139259,
            0.0020279563638513
        ],
        "Ole1133*Oll1133": [
            0.0,
            0.0
        ],
        "Ole1133*Oll1331": [
            0.0,
            0.0
        ],
        "Ole1133*OpD": [
            -0.0044903461802489,
            -0.0046051501112752
        ],
        "Ole1133*Ope": [
            0.0,
            0.0
        ],
        "Ole1133*Opl1": [
            -0.0023846410535019,
            -0.0021385099688127
        ],
        "Ole1133*Opl3": [
            0.0,
            0.0
        ],
        "Ole1133*Opta": [
            0.0029654813030653,
            0.0026593987047317
        ],
        "Ole1133*OpWB": [
            -0.0115175130797761,
            -0.011567412423891
        ],
        "Ole3311*Ole3311": [
            0.2913584495117432,
            1.165433798046973
        ],