{
    "best_sm": [
        0.1001311773108377,
        0.0214263293807763
    ],
    "scales": [
        250.0,
        500.0
    ],
    "theory_cov": [
        [
            0.0,
            0.0
        ],
        [
            0.0,
            0.0
        ]
    ],
    "LO": {
        "SM": [
            0.1001311773108377,
            0.0214263293807763
        ],
        "O3pl1": [
            -0.0051642695102821,
            -0.0011542994721697
        ],
        "O3pl2": [
            -0.0121407283045697,
            -0.0025979045744034
        ],
        "Oll": [
            0.0121407283045697,
            0.0025979045744034
        ],
        "Opd": [
            -0.0064154645266815,
            -0.0013834148328901
        ],
        "OpD": [
            -0.0127353338625856,
            -0.0027783468553782
        ],
        "Ope": [
            -0.0117156909456644,
            -0.0021570677380644
        ],
        "Opl1": [
            0.0069764587942875,
            0.0014436051022336
        ],
        "OpQ3": [
            0.0191106197948514,
            0.0036552029266545
        ],
        "OpQM": [
            0.0095553098974257,
            0.0018276014633272
        ],
        "OpWB": [
            -0.0144717015110608,
            -0.0035939865461578
        ],
        "OQe": [
            -0.0712031489001488,
            -0.0556477448072431
        ],
        "OQl31": [
            0.1101586303576183,
            0.1021752601339783
        ],
        "OQlM1": [
            0.0550793151788091,
            0.0510876300669891
        ],
        "O3pl1*O3pl1": [
            0.0002298197519919,
            4.84813692647e-05
        ],
        "O3pl1*O3pl2": [
            0.0003130792761043,
            6.99783856042e-05
        ],
        "O3pl1*Oll": [
            -0.0003130792761043,
            -6.99783856042e-05
        ],
        "O3pl1*Opd": [
            0.0003261488087236,
            7.12454056997e-05
        ],
        "O3pl1*OpD": [
            0.0009467140803825,
            0.0001992200545106
        ],
        "O3pl1*Ope": [
            0.000710253412032,
            0.0001307703257153
        ],
        "O3pl1*Opl1": [
            0.0001465602278796,
            2.69843529253e-05
        ],
        "O3pl1*OpQ3": [
            -0.0004389793334251,
            -7.69167126118e-05
        ],
        "O3pl1*OpQM": [
            -0.0002194896667125,
            -3.84583563059e-05
        ],
        "O3pl1*OpWB": [
            0.0010330953557497,
            0.0002399276312971
        ],
        "O3pl1*OQe": [
            0.0043166279896169,
            0.0033735953606611
        ],
        "O3pl1*OQl31": [
            0.0017814655195244,
            0.0013922774504315
        ],
        "O3pl1*OQlM1": [
            0.0008907327597622,
            0.0006961387252157
        ],
        "O3pl2*O3pl2": [
            0.0003680104631842,
            7.87478347056e-05
        ],
        "O3pl2*Oll": [
            -0.0007360209263684,
            -0.0001574956694113
        ],
        "O3pl2*Opd": [
            0.0003889318684641,
            8.386830191e-05
        ],
        "O3pl2*OpD": [
            0.0007720683629518,
            0.0001684348232633
        ],
        "O3pl2*Ope": [
            0.000710253412032,
            0.0001307703257153
        ],
        "O3pl2*Opl1": [
            -0.0004229416502641,
            -8.75172838071e-05
        ],
        "O3pl2*OpQ3": [
            -0.0011585644396298,
            -0.000221593447827
        ],
        "O3pl2*OpQM": [
            -0.0005792822198149,
            -0.0001107967239135
        ],
        "O3pl2*OpWB": [
            0.0008773341174507,
            0.0002178822588479
        ],
        "O3pl2*OQe": [
            0.0043166279896169,
            0.0033735953606611
        ],
        "O3pl2*OQl31": [
            -0.0066782696333612,
            -0.0061942848673621
        ],
        "O3pl2*OQlM1": [
            -0.0033391348166806,
            -0.003097142433681
        ],
        "Oll*Oll": [
            0.0003680104631842,
            7.87478347056e-05
        ],
        "Oll*Opd": [
            -0.0003889318684641,
            -8.386830191e-05
        ],
        "Oll*OpD": [
            -0.0007720683629518,
            -0.0001684348232633
        ],
        "Oll*Ope": [
            -0.000710253412032,
            -0.0001307703257153
        ],
        "Oll*Opl1": [
            0.0004229416502641,
            8.75172838071e-05
        ],
        "Oll*OpQ3": [
            0.0011585644396298,
            0.000221593447827
        ],
        "Oll*OpQM": [
            0.0005792822198149,
            0.0001107967239135
        ],
        "Oll*OpWB": [
            -0.0008773341174507,
            -0.0002178822588479
        ],
        "Oll*OQe": [
            -0.0043166279896169,
            -0.0033735953606611
        ],
        "Oll*OQl31": [
            0.0066782696333612,
            0.0061942848673621
        ],
        "Oll*OQlM1": [
            0.0033391348166806,
            0.003097142433681
        ],
        "Opd*Opd": [
            0.0004841070441395,
            9.73325129117e-05
        ],
        "Opd*OpD": [
            0.0008914031170765,
            0.0001891100891721
        ],
        "Opd*Ope": [
            0.0002446625515525,
            4.91908168788e-05
        ],
        "Opd*Opl1": [
            -6.27830597404e-05,
            -1.26228962102e-05
        ],
        "Opd*OpQ3": [
            0.0,
            0.0
        ],
        "Opd*OpQM": [
            0.0,
            0.0
        ],
        "Opd*OpWB": [
            0.0013353355937495,
            0.0002896580224548
        ],
        "Opd*OQe": [
            0.0,
            0.0
        ],
        "Opd*OQl31": [
            0.0,
            0.0
        ],
        "Opd*OQlM1": [
            0.0,
            0.0
        ],
        "OpD*OpD": [
            0.0010192397657733,
            0.0002134875576947
        ],
        "OpD*Ope": [
            0.0015536170324776,
            0.0002913880686497
        ],
        "OpD*Opl1": [
            0.0001746457174307,
            3.07852312472e-05
        ],
        "OpD*OpQ3": [
            -0.0010881316609275,
            -0.0001989984412247
        ],
        "OpD*OpQM": [
            -0.0005440658304637,
            -9.94992206123e-05
        ],
        "OpD*OpWB": [
            0.0021936558430077,
            0.0005007516006184
        ],
        "OpD*OQe": [
            0.0093148477993285,
            0.0074860008537205
        ],
        "OpD*OQl31": [
            0.0021882326480869,
            0.0016043936994066
        ],
        "OpD*OQlM1": [
            0.0010941163240434,
            0.0008021968497033
        ],
        "Ope*Ope": [
            0.0013799468585791,
            0.000277446273621
        ],
        "Ope*Opl1": [
            0.0,
            0.0
        ],
        "Ope*OpQ3": [
            -0.0028041884048182,
            -0.0005637982496292
        ],
        "Ope*OpQM": [
            -0.0014020942024091,
            -0.0002818991248146
        ],
        "Ope*OpWB": [
            3.43835735665e-05,
            -3.80172405873e-05
        ],
        "Ope*OQe": [
            0.0204985890243001,
            0.018382824077731
        ],
        "Ope*OQl31": [
            0.0,
            0.0
        ],
        "Ope*OQlM1": [
            0.0,
            0.0
        ],
        "Opl1*Opl1": [
            0.0002847509390718,
            5.72508183662e-05
        ],
        "Opl1*OpQ3": [
            0.0007195851062047,
            0.0001446767352152
        ],
        "Opl1*OpQM": [
            0.0003597925531023,
            7.23383676076e-05
        ],
        "Opl1*OpWB": [
            0.000155761238299,
            2.20453724491e-05
        ],
        "Opl1*OQe": [
            0.0,
            0.0
        ],
        "Opl1*OQl31": [
            0.0084597351528857,
            0.0075865623177937
        ],