{
    "best_sm": [
        58.607120991536,
        13.75506295146572
    ],
    "scales": [
        250.0,
        500.0
    ],
    "theory_cov": [
        [
            0.0,
            0.0
        ],
        [
            0.0,
            0.0
        ]
    ],
    "LO": {
        "SM": [
            58.607120991536,
            13.75506295146572
        ],
        "O3pl1": [
            -8.421979992264271,
            -2.087430139470647
        ],
        "O3pl2": [
            -7.106009854078277,
            -1.667777075941237
        ],
        "Oll": [
            7.1060098540780645,
            1.6677770759408692
        ],
        "Oll1111": [
            -2.284939809930832,
            -2.6025741762642847
        ],
        "OpD": [
            -13.32760887647796,
            -3.277102742133156
        ],
        "Ope": [
            1.0769907099201637,
            0.2031085230895454
        ],
        "Opl1": [
            -1.3159701381871596,
            -0.4196530635307604
        ],
        "OpWB": [
            -28.996836584576904,
            -7.012442115434889
        ],
        "O3pl1*O3pl1": [
            0.318160232466457,
            0.0910775357275232
        ],
        "O3pl1*O3pl2": [
            0.5105750956827722,
            0.1265486078298367
        ],
        "O3pl1*Oll": [
            -0.5105750956827257,
            -0.1265486078297737
        ],
        "O3pl1*Oll1111": [
            0.0682214801308122,
            0.0179959244253351
        ],
        "O3pl1*OpD": [
            0.9740807515782376,
            0.2624860875247417
        ],
        "O3pl1*Ope": [
            -0.1144102361892873,
            -0.0410792433053974
        ],
        "O3pl1*Opl1": [
            0.1257453692501621,
            0.0556064636252376
        ],
        "O3pl1*OpWB": [
            2.1417030459083874,
            0.5764706333440112
        ],
        "O3pl2*O3pl2": [
            0.215397784398721,
            0.0505537558215592
        ],
        "O3pl2*Oll": [
            -0.4307955687974421,
            -0.1011075116431133
        ],
        "O3pl2*Oll1111": [
            0.1385224570892107,
            0.1577787598982626
        ],
        "O3pl2*OpD": [
            0.8079745123569059,
            0.1986714582156823
        ],
        "O3pl2*Ope": [
            -0.0652916101999615,
            -0.0123132747531571
        ],
        "O3pl2*Opl1": [
            0.0797795268853071,
            0.0254410961866986
        ],
        "O3pl2*OpWB": [
            1.757907597413454,
            0.4251231073151355
        ],
        "Oll*Oll": [
            0.215397784398721,
            0.0505537558215592
        ],
        "Oll*Oll1111": [
            -0.1385224570892109,
            -0.1577787598982628
        ],
        "Oll*OpD": [
            -0.8079745123569189,
            -0.1986714582156953
        ],
        "Oll*Ope": [
            0.0652916101999751,
            0.0123132747531724
        ],
        "Oll*Opl1": [
            -0.0797795268853056,
            -0.0254410961866997
        ],
        "Oll*OpWB": [
            -1.757907597413466,
            -0.4251231073151336
        ],
        "Oll1111*Oll1111": [
            0.5640124059684034,
            2.2560496238736136
        ],
        "Oll1111*OpD": [
            0.1626615924982588,
            0.1182925118364702
        ],
        "Oll1111*Ope": [
            0.0,
            0.0
        ],
        "Oll1111*Opl1": [
            -0.0703009769583994,
            -0.1397828354729277
        ],
        "Oll1111*OpWB": [
            0.38607187548055,
            0.3282401551954225
        ],
        "OpD*OpD": [
            0.7654837795715648,
            0.2027847180221836
        ],
        "OpD*Ope": [
            -0.1282659833414419,
            -0.0248314627413479
        ],
        "OpD*Opl1": [
            0.1661062392213617,
            0.0638146293090554
        ],
        "OpD*OpWB": [
            3.3277948906682804,
            0.8611616909788848
        ],
        "Ope*Ope": [
            0.0406755457344516,
            0.0289069738428085
        ],
        "Ope*Opl1": [
            -0.0491186259893263,
            -0.0287659685522391
        ],
        "Ope*OpWB": [
            -0.3355737043403046,
            -0.0997047355326576
        ],
        "Opl1*Opl1": [
            0.0229829211824274,
            0.0150826837192703
        ],
        "Opl1*OpWB": [
            0.383795448494931,
            0.1513475260288622
        ],
        "OpWB*OpWB": [
            3.641049926191921,
            0.9351838296335108
        ]
    },
    "NLO": {
        "SM": [
            58.607120991536,
            13.75506295146572
        ],
        "O3pl1": [
            -8.421979992264271,
            -2.087430139470647
        ],
        "O3pl2": [
            -7.106009854078277,
            -1.667777075941237
        ],
        "Oll": [
            7.1060098540780645,
            1.6677770759408692
        ],
        "Oll1111": [
            -2.284939809930832,
            -2.6025741762642847
        ],
        "OpD": [
            -13.32760887647796,
            -3.277102742133156
        ],
        "Ope": [
            1.0769907099201637,
            0.2031085230895454
        ],
        "Opl1": [
            -1.3159701381871596,
            -0.4196530635307604
        ],
        "OpWB": [
            -28.996836584576904,
            -7.012442115434889
        ],
        "O3pl1*O3pl1": [
            0.318160232466457,
            0.0910775357275232
        ],
        "O3pl1*O3pl2": [
            0.5105750956827722,
            0.1265486078298367
        ],
        "O3pl1*Oll": [
            -0.5105750956827257,
            -0.1265486078297737
        ],
        "O3pl1*Oll1111": [
            0.0682214801308122,
            0.0179959244253351
        ],
        "O3pl1*OpD": [
            0.9740807515782376,
            0.2624860875247417
        ],
        "O3pl1*Ope": [
            -0.1144102361892873,
            -0.0410792433053974
        ],
        "O3pl1*Opl1": [
            0.1257453692501621,
            0.0556064636252376
        ],
        "O3pl1*OpWB": [
            2.1417030459083874,
            0.5764706333440112
        ],
        "O3pl2*O3pl2": [
            0.215397784398721,
            0.0505537558215592
        ],
        "O3pl2*Oll": [
            -0.4307955687974421,
            -0.1011075116431133
        ],
        "O3pl2*Oll1111": [
            0.1385224570892107,
            0.1577787598982626
        ],
        "O3pl2*OpD": [
            0.8079745123569059,
            0.1986714582156823
        ],
        "O3pl2*Ope": [
            -0.0652916101999615,
            -0.0123132747531571
        ],
        "O3pl2*Opl1": [
            0.0797795268853071,
            0.0254410961866986
        ],
        "O3pl2*OpWB": [
            1.757907597413454,
            0.4251231073151355
        ],
        "Oll*Oll": [
            0.215397784398721,
            0.0505537558215592
        ],
        "Oll*Oll1111": [
            -0.1385224570892109,
            -0.1577787598982628
        ],
        "Oll*OpD": [
            -0.8079745123569189,
            -0.1986714582156953
        ],
        "Oll*Ope": [
            0.0652916101999751,
            0.0123132747531724
        ],
        "Oll*Opl1": [
            -0.0797795268853056,
            -0.0254410961866997
        ],
        "Oll*OpWB": [
            -1.757907597413466,
            -0.4251231073151336
        ],
        "Oll1111*Oll1111": [
            0.5640124059684034,
            2.2560496238736136
        ],
        "Oll1111*OpD": [
            0.1626615924982588,
            0.1182925118364702
        ],
        "Oll1111*Ope": [
            0.0,
            0.0
        ],
        "Oll1111*Opl1": [
            -0.0703009769583994,
            -0.1397828354729277
        ],
        "Oll1111*OpWB": [
            0.38607187548055,
            0.3282401551954225
        ],