{
    "best_sm": [
        58.465139144161085,
        15.181919915041163
    ],
    "scales": [
        250.0,
        500.0
    ],
    "theory_cov": [
        [
            0.0,
            0.0
        ],
        [
            0.0,
            0.0
        ]
    ],
    "LO": {
        "SM": [
            58.465139144161085,
            15.181919915041163
        ],
        "O3pl1": [
            -7.937898370905124,
            -2.114350687930429
        ],
        "O3pl2": [
            -7.088794805983623,
            -1.840780961339112
        ],
        "Oee1111": [
            -19.54236634544196,
            -21.39089269890602
        ],
        "Ole1111": [
            -4.464730697435915,
            -3.880876938320757
        ],
        "Oll": [
            7.088794805983632,
            1.8407809613390984
        ],
        "Oll1111": [
            -1.230352205347374,
            -1.4013860949115462
        ],
        "OpD": [
            -13.489436182558984,
            -3.7545045093777154
        ],
        "Ope": [
            -0.3541458036446989,
            -0.4761533257034332
        ],
        "Opl1": [
            -0.8491035649211796,
            -0.2735697265912781
        ],
        "OpWB": [
            -28.060719434293965,
            -7.385779308154334
        ],
        "O3pl1*O3pl1": [
            0.2811798365194548,
            0.081562676173053
        ],
        "O3pl1*O3pl2": [
            0.4812280751042989,
            0.1281806422941254
        ],
        "O3pl1*Oee1111": [
            1.184738692784238,
            1.2968039696738547
        ],
        "O3pl1*Ole1111": [
            0.3767345960507453,
            0.4051973769035988
        ],
        "O3pl1*Oll": [
            -0.4812280751042999,
            -0.1281806422941245
        ],
        "O3pl1*Oll1111": [
            0.03673464314736,
            0.0096901131521031
        ],
        "O3pl1*OpD": [
            0.9245309575071248,
            0.2680654248787195
        ],
        "O3pl1*Ope": [
            -0.0110779630085002,
            0.0107444857140401
        ],
        "O3pl1*Opl1": [
            0.0811315979346021,
            0.0349447100519732
        ],
        "O3pl1*OpWB": [
            1.9487869127953656,
            0.5439823445453791
        ],
        "O3pl2*O3pl2": [
            0.2148759608586467,
            0.0557978596677871
        ],
        "O3pl2*Oee1111": [
            1.184738692784238,
            1.2968039696738547
        ],
        "O3pl2*Ole1111": [
            0.2706703536620373,
            0.2352747353871515
        ],
        "O3pl2*Oll": [
            -0.4297519217172831,
            -0.1115957193355771
        ],
        "O3pl2*Oll1111": [
            0.0745890153557289,
            0.0849577937913724
        ],
        "O3pl2*OpD": [
            0.8177851498034183,
            0.227613518540501
        ],
        "O3pl2*Ope": [
            0.0214697764359015,
            0.0288663746594014
        ],
        "O3pl2*Opl1": [
            0.0514761533870121,
            0.0165849229585591
        ],
        "O3pl2*OpWB": [
            1.7011563222958417,
            0.4477563447568724
        ],
        "Oee1111*Oee1111": [
            5.076111653715632,
            20.304446614862528
        ],
        "Oee1111*Ole1111": [
            0.0,
            0.0
        ],
        "Oee1111*Oll": [
            -1.1847386927842416,
            -1.296803969673853
        ],
        "Oee1111*Oll1111": [
            0.0,
            0.0
        ],
        "Oee1111*OpD": [
            2.320072389894739,
            2.766893581296998
        ],
        "Oee1111*Ope": [
            0.5087819505882636,
            1.0116357804353089
        ],
        "Oee1111*Opl1": [
            0.0,
            0.0
        ],
        "Oee1111*OpWB": [
            4.424741980131802,
            4.843281475962105
        ],
        "Ole1111*Ole1111": [
            0.9853136171498398,
            3.941254468599359
        ],
        "Ole1111*Oll": [
            -0.2706703536620355,
            -0.2352747353871507
        ],
        "Ole1111*Oll1111": [
            0.0,
            0.0
        ],
        "Ole1111*OpD": [
            0.5249663312006694,
            0.4951805962612161
        ],
        "Ole1111*Ope": [
            -0.131898898270501,
            -0.2113116419112663
        ],
        "Ole1111*Opl1": [
            0.1060642423887096,
            0.1699226415164483
        ],
        "Ole1111*OpWB": [
            1.2089585140530927,
            1.1960121922314415
        ],
        "Oll*Oll": [
            0.2148759608586467,
            0.0557978596677871
        ],
        "Oll*Oll1111": [
            -0.0745890153557289,
            -0.084957793791372
        ],
        "Oll*OpD": [
            -0.8177851498034017,
            -0.2276135185404955
        ],
        "Oll*Ope": [
            -0.0214697764359017,
            -0.0288663746594014
        ],
        "Oll*Opl1": [
            -0.0514761533870125,
            -0.0165849229585591
        ],
        "Oll*OpWB": [
            -1.701156322295873,
            -0.4477563447568891
        ],
        "Oll1111*Oll1111": [
            0.3036989878291402,
            1.214795951316561
        ],
        "Oll1111*OpD": [
            0.0875870113452175,
            0.0636959679119461
        ],
        "Oll1111*Ope": [
            0.0,
            0.0
        ],
        "Oll1111*Opl1": [
            -0.0378543722083687,
            -0.0752676806392684
        ],
        "Oll1111*OpWB": [
            0.2078848560279895,
            0.1767446989513806
        ],
        "OpD*OpD": [
            0.782803400049744,
            0.2365540783182447
        ],
        "OpD*Ope": [
            0.0399809360883619,
            0.0617366750793281
        ],
        "OpD*Opl1": [
            0.1067458077037237,
            0.040451906338227
        ],
        "OpD*OpWB": [
            3.253586326517151,
            0.9256266563135572
        ],
        "Ope*Ope": [
            0.0390584150577561,
            0.0317348835396518
        ],
        "Ope*Opl1": [
            -0.0325477394444031,
            -0.0181218889453599
        ],
        "Ope*OpWB": [
            0.0194055842870411,
            0.0739689848196074
        ],
        "Opl1*Opl1": [
            0.014827722273795,
            0.0091798935467068
        ],
        "Opl1*OpWB": [
            0.2476305904995424,
            0.0962259997884638
        ],
        "OpWB*OpWB": [
            3.4079365255330387,
            0.9259822099596752
        ]
    }
}