{
    "best_sm": [
        0.4882487276798549
    ],
    "scales": [
        1000.0
    ],
    "theory_cov": [
        [
            0.0
        ]
    ],
    "LO": {
        "SM": [
            0.4882487276798549
        ],
        "O3pl1": [
            0.0359869556244664
        ],
        "O3pl2": [
            0.0146030235634321
        ],
        "Oll": [
            5.54793444735231
        ],
        "Oll1122": [
            5.547934447352308
        ],
        "OpD": [
            0.0406434688495555
        ],
        "Ope": [
            -0.0028114837635597
        ],
        "Opl1": [
            0.0359869556244667
        ],
        "Opl2": [
            0.0146030235634318
        ],
        "Opmu": [
            -0.0294040187783761
        ],
        "OpWB": [
            0.094471298206961
        ],
        "O3pl1*O3pl1": [
            0.0004556204017554
        ],
        "O3pl1*O3pl2": [
            0.0011354408186045
        ],
        "O3pl1*Oll": [
            -0.4935203677486828
        ],
        "O3pl1*Oll1122": [
            -0.4913386903606857
        ],
        "O3pl1*OpD": [
            0.0013094040739085
        ],
        "O3pl1*Ope": [
            -3.51044804984e-05
        ],
        "O3pl1*Opl1": [
            -0.0012704365844865
        ],
        "O3pl1*Opl2": [
            -0.0010462365693929
        ],
        "O3pl1*Opmu": [
            0.0002437051759614
        ],
        "O3pl1*OpWB": [
            0.0038219559082924
        ],
        "O3pl2*O3pl2": [
            0.0002933335741892
        ],
        "O3pl2*Oll": [
            -0.0994548163652715
        ],
        "O3pl2*Oll1122": [
            -0.0985695209644272
        ],
        "O3pl2*OpD": [
            0.0012697636048058
        ],
        "O3pl2*Ope": [
            0.0001217924016475
        ],
        "O3pl2*Opl1": [
            0.00025014541776
        ],
        "O3pl2*Opl2": [
            -0.000298628252466
        ],
        "O3pl2*Opmu": [
            -0.0005606491156114
        ],
        "O3pl2*OpWB": [
            0.0032158498166047
        ],
        "Oll*Oll": [
            -87.15233373861389
        ],
        "Oll*Oll1122": [
            -173.96832885330574
        ],
        "Oll*OpD": [
            -0.5177321827327673
        ],
        "Oll*Ope": [
            0.0706042989717877
        ],
        "Oll*Opl1": [
            -0.8298589916708577
        ],
        "Oll*Opl2": [
            -0.435793440287433
        ],
        "Oll*Opmu": [
            0.5606545826795025
        ],
        "Oll*OpWB": [
            -1.1073168312580992
        ],
        "Oll1122*Oll1122": [
            -86.81599511469179
        ],
        "Oll1122*OpD": [
            -0.5152682083448213
        ],
        "Oll1122*Ope": [
            0.0704338552527445
        ],
        "Oll1122*Opl1": [
            -0.8276773142828606
        ],
        "Oll1122*Opl2": [
            -0.4349081448865888
        ],
        "Oll1122*Opmu": [
            0.5588719900213612
        ],
        "Oll1122*OpWB": [
            -1.1015895922756296
        ],
        "OpD*OpD": [
            0.0008844886653336
        ],
        "OpD*Ope": [
            0.0001323337155791
        ],
        "OpD*Opl1": [
            -0.001154570314038
        ],
        "OpD*Opl2": [
            -0.0011942107831408
        ],
        "OpD*Opmu": [
            8.3037797522e-05
        ],
        "OpD*OpWB": [
            0.0048163158556876
        ],
        "Ope*Ope": [
            -7.38450785223e-05
        ],
        "Ope*Opl1": [
            0.0001353392385448
        ],
        "Ope*Opl2": [
            0.0002922361206908
        ],
        "Ope*Opmu": [
            4.74229690291e-05
        ],
        "Ope*OpWB": [
            0.0001618802889678
        ],
        "Opl1*Opl1": [
            -0.001726056986242
        ],
        "Opl1*Opl2": [
            -0.0019315319702374
        ],
        "Opl1*Opmu": [
            0.0020262978341029
        ],
        "Opl1*OpWB": [
            -0.0019052830741784
        ],
        "Opl2*Opl2": [
            -0.0005919618266552
        ],
        "Opl2*Opmu": [
            0.00122194354253
        ],
        "Opl2*OpWB": [
            -0.0025113891658663
        ],
        "Opmu*Opmu": [
            -0.0004764261796418
        ],
        "Opmu*OpWB": [
            -0.0005918584256846
        ],
        "OpWB*OpWB": [
            0.0065711693702224
        ]
    },
    "NLO": {
        "SM": [
            0.4882487276798549
        ],
        "O3pl1": [
            0.0359869556244664
        ],
        "O3pl2": [
            0.0146030235634321
        ],
        "Oll": [
            5.54793444735231
        ],
        "Oll1122": [
            5.547934447352308
        ],
        "OpD": [
            0.0406434688495555
        ],
        "Ope": [
            -0.0028114837635597
        ],
        "Opl1": [
            0.0359869556244667
        ],
        "Opl2": [
            0.0146030235634318
        ],
        "Opmu": [
            -0.0294040187783761
        ],
        "OpWB": [
            0.094471298206961
        ],
        "O3pl1*O3pl1": [
            0.0004556204017554
        ],
        "O3pl1*O3pl2": [
            0.0011354408186045
        ],
        "O3pl1*Oll": [
            -0.4935203677486828
        ],
        "O3pl1*Oll1122": [
            -0.4913386903606857
        ],
        "O3pl1*OpD": [
            0.0013094040739085
        ],
        "O3pl1*Ope": [
            -3.51044804984e-05
        ],
        "O3pl1*Opl1": [
            -0.0012704365844865
        ],
        "O3pl1*Opl2": [
            -0.0010462365693929
        ],
        "O3pl1*Opmu": [
            0.0002437051759614
        ],
        "O3pl1*OpWB": [
            0.0038219559082924
        ],
        "O3pl2*O3pl2": [
            0.0002933335741892
        ],
        "O3pl2*Oll": [
            -0.0994548163652715
        ],
        "O3pl2*Oll1122": [
            -0.0985695209644272
        ],
        "O3pl2*OpD": [
            0.0012697636048058
        ],
        "O3pl2*Ope": [
            0.0001217924016475
        ],
        "O3pl2*Opl1": [
            0.00025014541776
        ],
        "O3pl2*Opl2": [
            -0.000298628252466
        ],
        "O3pl2*Opmu": [
            -0.0005606491156114
        ],
        "O3pl2*OpWB": [
            0.0032158498166047
        ],
        "Oll*Oll": [
            -87.15233373861389
        ],
        "Oll*Oll1122": [
            -173.96832885330574
        ],
        "Oll*OpD": [
            -0.5177321827327673
        ],
        "Oll*Ope": [
            0.0706042989717877
        ],
        "Oll*Opl1": [
            -0.8298589916708577
        ],
        "Oll*Opl2": [
            -0.435793440287433
        ],
        "Oll*Opmu": [
            0.5606545826795025
        ],
        "Oll*OpWB": [
            -1.1073168312580992
        ],
        "Oll1122*Oll1122": [
            -86.81599511469179
        ],
        "Oll1122*OpD": [
            -0.5152682083448213
        ],
        "Oll1122*Ope": [
            0.0704338552527445
        ],
        "Oll1122*Opl1": [
            -0.8276773142828606
        ],
        "Oll1122*Opl2": [
            -0.4349081448865888
        ],
        "Oll1122*Opmu": [
            0.5588719900213612
        ],
        "Oll1122*OpWB": [
            -1.1015895922756296
        ],
        "OpD*OpD": [
            0.0008844886653336
        ],
        "OpD*Ope": [
            0.0001323337155791
        ],
        "OpD*Opl1": [
            -0.001154570314038
        ],
        "OpD*Opl2": [
            -0.0011942107831408
        ],
        "OpD*Opmu": [
            8.3037797522e-05
        ],
        "OpD*OpWB": [
            0.0048163158556876
        ],
        "Ope*Ope": [
            -7.38450785223e-05
        ],
        "Ope*Opl1": [
            0.0001353392385448
        ],
        "Ope*Opl2": [
            0.0002922361206908
        ],