{
    "best_sm": [
        0.6461105382874702,
        0.6144642511471254
    ],
    "scales": [
        250.0,
        500.0
    ],
    "theory_cov": [
        [
            0.0,
            0.0
        ],
        [
            0.0,
            0.0
        ]
    ],
    "LO": {
        "SM": [
            0.6461105382874702,
            0.6144642511471254
        ],
        "O3pl1": [
            0.0075109772060545,
            0.0080944513343185
        ],
        "O3pl2": [
            0.0,
            1.3877787807814457e-17
        ],
        "O3pq": [
            4.648295743032212e-18,
            6.161962448485183e-18
        ],
        "Oll": [
            1.3877787807814457e-17,
            -1.3877787807814457e-17
        ],
        "Olu": [
            0.1205791603285772,
            0.5279700070946705
        ],
        "OpD": [
            0.0062040288072001,
            0.0070209123941354
        ],
        "Ope": [
            -0.0260795075886876,
            -0.0330755369055165
        ],
        "Opl1": [
            0.0075109772060546,
            0.0080944513343185
        ],
        "OpqMi": [
            -0.0163618076877236,
            -0.0206754583646694
        ],
        "Opui": [
            0.0144283429995941,
            0.0158074271221547
        ],
        "OpWB": [
            0.0445798361045823,
            0.0537246854454246
        ],
        "Oqe": [
            0.2160048820775219,
            1.20957052502452
        ],
        "Oql31": [
            0.0,
            0.0
        ],
        "OqlM1": [
            -0.0186594349761751,
            -0.1115247679572885
        ],
        "O3pl1*O3pl1": [
            8.83222891901e-05,
            0.0001881868513322
        ],
        "O3pl1*O3pl2": [
            0.0004553463566969,
            0.0004907189601868
        ],
        "O3pl1*O3pq": [
            -1.748690823579577e-19,
            -2.242099844389264e-20
        ],
        "O3pl1*Oll": [
            -0.0004553463566969,
            -0.0004907189601868
        ],
        "O3pl1*Olu": [
            -0.0046274920924585,
            -0.0114769237026707
        ],
        "O3pl1*OpD": [
            0.0008987611989003,
            0.0011237247168195
        ],
        "O3pl1*Ope": [
            -0.0006429716500233,
            -0.0010433202347125
        ],
        "O3pl1*Opl1": [
            -0.0002787017783166,
            -0.0001143452575224
        ],
        "O3pl1*OpqMi": [
            -0.00050881246094,
            -0.0007849456267716
        ],
        "O3pl1*Opui": [
            -0.0007589489319923,
            -0.0005049966916549
        ],
        "O3pl1*OpWB": [
            0.0021303265893899,
            0.0030850022951901
        ],
        "O3pl1*Oqe": [
            0.0082192578228216,
            0.051033225126411
        ],
        "O3pl1*Oql31": [
            1.52212512945426e-18,
            8.985972592730436e-18
        ],
        "O3pl1*OqlM1": [
            0.0006275693379923,
            -0.0001235038649616
        ],
        "O3pl2*O3pl2": [
            1.3010426069826057e-18,
            0.0
        ],
        "O3pl2*O3pq": [
            7.757624345023837e-19,
            6.753852503235317e-19
        ],
        "O3pl2*Oll": [
            -5.204170427930422e-18,
            -8.673617379884034e-19
        ],
        "O3pl2*Olu": [
            0.0073100050556578,
            0.0320077151854497
        ],
        "O3pl2*OpD": [
            0.0003761137647873,
            0.0004256366104773
        ],
        "O3pl2*Ope": [
            -0.001581047104681,
            -0.0020051752005825
        ],
        "O3pl2*Opl1": [
            0.0004553463566969,
            0.0004907189601868
        ],
        "O3pl2*OpqMi": [
            -0.0009919201343834,
            -0.0012534313952919
        ],
        "O3pl2*Opui": [
            0.000874705546003,
            0.0009583113024258
        ],
        "O3pl2*OpWB": [
            0.0027026131747549,
            0.0032570115859946
        ],
        "O3pl2*Oqe": [
            0.0130951051220685,
            0.0733291443480758
        ],
        "O3pl2*Oql31": [
            8.48659159129012e-19,
            3.866224605491666e-18
        ],
        "O3pl2*OqlM1": [
            -0.0011312117586477,
            -0.0067610905182728
        ],
        "O3pq*O3pq": [
            -9.868807469542884e-19,
            -4.7007126815516485e-19
        ],
        "O3pq*Oll": [
            -3.5143285493787776e-19,
            -8.188688655106263e-19
        ],
        "O3pq*Olu": [
            1.2811930349571884e-18,
            7.75340463641726e-18
        ],
        "O3pq*OpD": [
            2.9014054438960008e-18,
            3.4641282055618128e-18
        ],
        "O3pq*Ope": [
            -6.087955971196731e-20,
            -2.1762782041351922e-19
        ],
        "O3pq*Opl1": [
            -4.825036400948941e-19,
            -5.647173020137924e-19
        ],
        "O3pq*OpqMi": [
            -1.0373383630507098e-18,
            -6.246667715790079e-19
        ],
        "O3pq*Opui": [
            -1.7102974773166558e-19,
            -1.7000816147954162e-19
        ],
        "O3pq*OpWB": [
            -3.4210599694155474e-19,
            -1.5826852022710844e-18
        ],
        "O3pq*Oqe": [
            2.295122554182205e-18,
            1.7762921360639242e-17
        ],
        "O3pq*Oql31": [
            0.0,
            0.0
        ],
        "O3pq*OqlM1": [
            1.2523832795651771e-18,
            6.177066369528848e-18
        ],
        "Oll*Oll": [
            3.0357660829594124e-18,
            0.0
        ],
        "Oll*Olu": [
            -0.0073100050556578,
            -0.0320077151854497
        ],
        "Oll*OpD": [
            -0.0003761137647873,
            -0.0004256366104773
        ],
        "Oll*Ope": [
            0.001581047104681,
            0.0020051752005825
        ],
        "Oll*Opl1": [
            -0.0004553463566969,
            -0.0004907189601868
        ],
        "Oll*OpqMi": [
            0.0009919201343834,
            0.0012534313952919
        ],
        "Oll*Opui": [
            -0.000874705546003,
            -0.0009583113024258
        ],
        "Oll*OpWB": [
            -0.0027026131747549,
            -0.0032570115859946
        ],
        "Oll*Oqe": [
            -0.0130951051220685,
            -0.0733291443480758
        ],
        "Oll*Oql31": [
            8.48659159129012e-19,
            3.866224605491666e-18
        ],
        "Oll*OqlM1": [
            0.0011312117586477,
            0.0067610905182728
        ],
        "Olu*Olu": [
            -0.0903178613300699,
            -1.440094938861772
        ],
        "Olu*OpD": [
            0.0072406841621394,
            0.0371457593179955
        ],
        "Olu*Ope": [
            0.0009666301428982,
            -0.0034253209489735
        ],
        "Olu*Opl1": [
            -0.0119374971481164,
            -0.0434846388881204
        ],
        "Olu*OpqMi": [
            0.0002883405153853,
            -0.003731143282646
        ],
        "Olu*Opui": [
            -0.0230356844581996,
            -0.0848021784445025
        ],
        "Olu*OpWB": [
            0.0044708573299913,
            0.0453065312754778
        ],
        "Olu*Oqe": [
            0.0384502900284022,
            0.9653156520154068
        ],
        "Olu*Oql31": [
            0.0,
            0.0
        ],
        "Olu*OqlM1": [
            0.0343089912437075,
            0.580588279730174
        ],
        "OpD*OpD": [
            0.0007028850688909,
            0.000886868509815
        ],
        "OpD*Ope": [
            -0.0009757721182403,
            -0.0019709258198399
        ],
        "OpD*Opl1": [
            0.0005226474341129,
            0.0006980881063421
        ],
        "OpD*OpqMi": [
            -0.000839903827527,
            -0.0015218664912297
        ],