{
  "best_sm": [
    1.3098428732682077,
    0.315415334636855
  ],
  "scales": [
    250.0,
    500.0
  ],
  "theory_cov": [
    [
      0.0,
      0.0
    ],
    [
      0.0,
      0.0
    ]
  ],
  "LO": {
    "SM": [
      1.3098428732682077,
      0.315415334636855
    ],
    "O3pl1": [
      -0.1092223550179908,
      -0.0280559212255824
    ],
    "O3pl2": [
      -0.0912760260078746,
      -0.0237422281345207
    ],
    "Oll": [
      1.856585939507584,
      1.676709929969108
    ],
    "Oll1122": [
      1.697769805780722,
      1.6384663780229096
    ],
    "OpD": [
      -0.1390956796217066,
      -0.0372120702284594
    ],
    "Ope": [
      -0.0047459219801165,
      -0.0009095171765651
    ],
    "Opl1": [
      0.0495937787088722,
      0.0101876307206155
    ],
    "Opl2": [
      0.0675401077189882,
      0.0145013238116771
    ],
    "Opmu": [
      0.01757169393948,
      0.0044548860697513
    ],
    "OpWB": [
      -0.3744089767966979,
      -0.096727424943032
    ],
    "O3pl1*O3pl1": [
      0.0040079155988324,
      0.0009840379690455
    ],
    "O3pl1*O3pl2": [
      0.0051996216163333,
      0.0013590916506651
    ],
    "O3pl1*Oll": [
      -0.0467052604566568,
      -0.0446756500950616
    ],
    "O3pl1*Oll1122": [
      -0.0400837516885024,
      -0.0429747846599294
    ],
    "O3pl1*OpD": [
      0.0100508116465879,
      0.0025584228952427
    ],
    "O3pl1*Ope": [
      0.0002877173267243,
      5.51386752137e-05
    ],
    "O3pl1*Opl1": [
      0.0013943224295105,
      0.0002672105029587
    ],
    "O3pl1*Opl2": [
      -0.001421887151821,
      -0.0003417737844671
    ],
    "O3pl1*Opmu": [
      -0.0032144520445057,
      -0.0007021792932788
    ],
    "O3pl1*OpWB": [
      0.0246784245372827,
      0.0062131245457618
    ],
    "O3pl2*O3pl2": [
      0.0022341300046197,
      0.0005846390355492
    ],
    "O3pl2*Oll": [
      -0.0456172801171274,
      -0.0444141362628348
    ],
    "O3pl2*Oll1122": [
      -0.0400837516885024,
      -0.0429747846599294
    ],
    "O3pl2*OpD": [
      0.0074680304760298,
      0.0019645686708391
    ],
    "O3pl2*Ope": [
      -0.0001557650086178,
      -3.40260057249e-05
    ],
    "O3pl2*Opl1": [
      -0.0003339068122916,
      -8.02599522403e-05
    ],
    "O3pl2*Opl2": [
      -0.0010652684193856,
      -0.000270073531807
    ],
    "O3pl2*Opmu": [
      -0.0010652684193856,
      -0.000270073531807
    ],
    "O3pl2*OpWB": [
      0.0180537201781961,
      0.0047214561815694
    ],
    "Oll*Oll": [
      0.8465364491751775,
      3.05567626083038
    ],
    "Oll*Oll1122": [
      1.5805190161780034,
      6.009703463634925
    ],
    "Oll*OpD": [
      -0.0469005806124249,
      -0.0490078366492257
    ],
    "Oll*Ope": [
      -0.0002877173267243,
      -5.51386752137e-05
    ],
    "Oll*Opl1": [
      0.0658486217156951,
      0.0569734079307731
    ],
    "Oll*Opl2": [
      0.0669366020552244,
      0.0572349217629999
    ],
    "Oll*Opmu": [
      0.0010652684193856,
      0.000270073531807
    ],
    "Oll*OpWB": [
      -0.1724023295083021,
      -0.1663655116945481
    ],
    "Oll1122*Oll1122": [
      0.7387966108944062,
      2.9551864435776247
    ],
    "Oll1122*OpD": [
      -0.0384680279351289,
      -0.0467518877708268
    ],
    "Oll1122*Ope": [
      0.0,
      0.0
    ],
    "Oll1122*Opl1": [
      0.0628420427006883,
      0.0563557918197474
    ],
    "Oll1122*Opl2": [
      0.0628420427006883,
      0.0563557918197474
    ],
    "Oll1122*Opmu": [
      0.0,
      0.0
    ],
    "Oll1122*OpWB": [
      -0.149704116103851,
      -0.1605014970221325
    ],
    "OpD*OpD": [
      0.0072333696344032,
      0.0018499336308796
    ],
    "OpD*Ope": [
      0.0006365344601564,
      0.0001232563580003
    ],
    "OpD*Opl1": [
      0.0016182589692919,
      0.0003024740168438
    ],
    "OpD*Opl2": [
      -0.0009645222012661,
      -0.0002913802075598
    ],
    "OpD*Opmu": [
      -0.0025753490474061,
      -0.0006152462340896
    ],
    "OpD*OpWB": [
      0.0327145372457948,
      0.0084461961021935
    ],
    "Ope*Ope": [
      0.0004540612601486,
      9.12916347761e-05
    ],
    "Ope*Opl1": [
      0.0,
      0.0
    ],
    "Ope*Opl2": [
      -0.0004434823353422,
      -8.91646809386e-05
    ],
    "Ope*Opmu": [
      0.0003566187324353,
      7.17002526601e-05
    ],
    "Ope*OpWB": [
      0.0002464066400708,
      3.9425619999e-05
    ],
    "Opl1*Opl1": [
      0.0022004507222586,
      0.0004424133069922
    ],
    "Opl1*Opl2": [
      0.002672672202715,
      0.0005373561587853
    ],
    "Opl1*Opmu": [
      -0.00214918362512,
      -0.0004321057614718
    ],
    "Opl1*OpWB": [
      0.0019802111328316,
      0.0003491098733462
    ],
    "Opl2*Opl2": [
      0.0015146454675752,
      0.0003045282057227
    ],
    "Opl2*Opmu": [
      0.0,
      0.0
    ],
    "Opl2*OpWB": [
      -0.0046444932262549,
      -0.0011425584908461
    ],
    "Opmu*Opmu": [
      0.0015146454675752,
      0.0003045282057227
    ],
    "Opmu*OpWB": [
      -0.0079919137085438,
      -0.0018155766822932
    ],
    "OpWB*OpWB": [
      0.0398988223680143,
      0.0102095716705385
    ]
  },
  "NLO": {
    "SM": [
      1.3098428732682077,
      0.315415334636855
    ],
    "O3pl1": [
      -0.1092223550179908,
      -0.0280559212255824
    ],
    "O3pl2": [
      -0.0912760260078746,
      -0.0237422281345207
    ],
    "Oll": [
      1.856585939507584,
      1.676709929969108
    ],
    "Oll1122": [
      1.697769805780722,
      1.6384663780229096
    ],
    "OpD": [
      -0.1390956796217066,
      -0.0372120702284594
    ],
    "Ope": [
      -0.0047459219801165,
      -0.0009095171765651
    ],
    "Opl1": [
      0.0495937787088722,
      0.0101876307206155
    ],
    "Opl2": [
      0.0675401077189882,
      0.0145013238116771
    ],
    "Opmu": [
      0.01757169393948,
      0.0044548860697513
    ],
    "OpWB": [
      -0.3744089767966979,
      -0.096727424943032
    ],
    "O3pl1*O3pl1": [
      0.0040079155988324,
      0.0009840379690455
    ],
    "O3pl1*O3pl2": [
      0.0051996216163333,
      0.0013590916506651
    ],
    "O3pl1*Oll": [
      -0.0467052604566568,
      -0.0446756500950616
    ],
    "O3pl1*Oll1122": [
      -0.0400837516885024,
      -0.0429747846599294
    ],
    "O3pl1*OpD": [
      0.0100508116465879,
      0.0025584228952427
    ],
    "O3pl1*Ope": [
      0.0002877173267243,
      5.51386752137e-05
    ],
    "O3pl1*Opl1": [
      0.0013943224295105,
      0.0002672105029587
    ],
    "O3pl1*Opl2": [
      -0.001421887151821,
      -0.0003417737844671
    ],
    "O3pl1*Opmu": [
      -0.0032144520445057,
      -0.0007021792932788
    ],
    "O3pl1*OpWB": [
      0.0246784245372827,
      0.0062131245457618
    ],
    "O3pl2*O3pl2": [
      0.0022341300046197,
      0.0005846390355492
    ],
    "O3pl2*Oll": [
      -0.0456172801171274,
      -0.0444141362628348
    ],
    "O3pl2*Oll1122": [
      -0.0400837516885024,
      -0.0429747846599294
    ],
    "O3pl2*OpD": [
      0.0074680304760298,
      0.0019645686708391
    ],
    "O3pl2*Ope": [
      -0.0001557650086178,
      -3.40260057249e-05
    ],
    "O3pl2*Opl1": [
      -0.0003339068122916,
      -8.02599522403e-05
    ],
    "O3pl2*Opl2": [
      -0.0010652684193856,
      -0.000270073531807
    ],
    "O3pl2*Opmu": [
      -0.0010652684193856,
      -0.000270073531807
    ],
    "O3pl2*OpWB": [
      0.0180537201781961,
      0.0047214561815694
    ],
    "Oll*Oll": [
      0.8465364491751775,
      3.05567626083038
    ],
    "Oll*Oll1122": [
      1.5805190161780034,
      6.009703463634925
    ],
    "Oll*OpD": [
      -0.0469005806124249,
      -0.0490078366492257
    ],
    "Oll*Ope": [
      -0.0002877173267243,
      -5.51386752137e-05
    ],
    "Oll*Opl1": [
      0.0658486217156951,
      0.0569734079307731
    ],
    "Oll*Opl2": [
      0.0669366020552244,
      0.0572349217629999
    ],