{
    "best_sm": [
        0.5182638212779933
    ],
    "scales": [
        1000.0
    ],
    "theory_cov": [
        [
            0.0
        ]
    ],
    "LO": {
        "SM": [
            0.5182638212779933
        ],
        "O3pl1": [
            0.0145252854398609
        ],
        "O3pl2": [
            0.0
        ],
        "Oeb": [
            4.162409074602804
        ],
        "Olb": [
            -2.220681285046296
        ],
        "Oll": [
            -4.163336342344337e-17
        ],
        "OpD": [
            0.0239410945689119
        ],
        "Opdi": [
            -0.0258769979223904
        ],
        "Ope": [
            0.0924280360546699
        ],
        "Opl1": [
            0.0145252854398609
        ],
        "OpQ3": [
            -0.0868899364020748
        ],
        "OpQM": [
            -0.0434449682010374
        ],
        "OpWB": [
            -0.0540043703919004
        ],
        "OQe": [
            13.67300186304326
        ],
        "OQl31": [
            3.2941912851154296
        ],
        "OQlM1": [
            1.6470956425577148
        ],
        "O3pl1*O3pl1": [
            0.0003642685435012
        ],
        "O3pl1*O3pl2": [
            0.0008805825957895
        ],
        "O3pl1*Oeb": [
            -0.3128871321352646
        ],
        "O3pl1*Olb": [
            0.107613359555054
        ],
        "O3pl1*Oll": [
            -0.0008805825957895
        ],
        "O3pl1*OpD": [
            0.0019390706915145
        ],
        "O3pl1*Opdi": [
            0.0016694956330795
        ],
        "O3pl1*Ope": [
            0.0016546851974106
        ],
        "O3pl1*Opl1": [
            -0.000152045508787
        ],
        "O3pl1*OpQ3": [
            -0.0013477523640486
        ],
        "O3pl1*OpQM": [
            -0.0006738761820243
        ],
        "O3pl1*OpWB": [
            0.0017464657838459
        ],
        "O3pl1*OQe": [
            0.1771785191146034
        ],
        "O3pl1*OQl31": [
            -0.0050383143642068
        ],
        "O3pl1*OQlM1": [
            -0.0025191571821034
        ],
        "O3pl2*O3pl2": [
            6.505213034913027e-19
        ],
        "O3pl2*Oeb": [
            0.2523423723979233
        ],
        "O3pl2*Olb": [
            -0.1346268407945283
        ],
        "O3pl2*Oll": [
            -6.5052130349130266e-18
        ],
        "O3pl2*OpD": [
            0.0014514077047794
        ],
        "O3pl2*Opdi": [
            -0.0015687701350918
        ],
        "O3pl2*Ope": [
            0.0056033680198388
        ],
        "O3pl2*Opl1": [
            0.0008805825957895
        ],
        "O3pl2*OpQ3": [
            -0.0052676256216591
        ],
        "O3pl2*OpQM": [
            -0.0026338128108295
        ],
        "O3pl2*OpWB": [
            -0.0032739672387555
        ],
        "O3pl2*OQe": [
            0.8289136569910072
        ],
        "O3pl2*OQl31": [
            0.1997074360352041
        ],
        "O3pl2*OQlM1": [
            0.099853718017602
        ],
        "Oeb*Oeb": [
            -40.027775054156
        ],
        "Oeb*Olb": [
            41.01401820239171
        ],
        "Oeb*Oll": [
            -0.2523423723979229
        ],
        "Oeb*OpD": [
            -0.4837842655928808
        ],
        "Oeb*Opdi": [
            0.4898081188824343
        ],
        "Oeb*Ope": [
            -1.7031030787446435
        ],
        "Oeb*Opl1": [
            -0.5652295045331879
        ],
        "Oeb*OpQ3": [
            1.2181354310215973
        ],
        "Oeb*OpQM": [
            0.6090677155107986
        ],
        "Oeb*OpWB": [
            1.0243071169444868
        ],
        "Oeb*OQe": [
            -252.52824485369644
        ],
        "Oeb*OQl31": [
            -144.03303385629505
        ],
        "Oeb*OQlM1": [
            -72.01651692814752
        ],
        "Olb*Olb": [
            -50.72197219026137
        ],
        "Olb*Oll": [
            0.1346268407945284
        ],
        "Olb*OpD": [
            -0.064020004938778
        ],
        "Olb*Opdi": [
            -0.6247529922849893
        ],
        "Olb*Ope": [
            -0.4044458830643153
        ],
        "Olb*Opl1": [
            0.2422402003495822
        ],
        "Olb*OpQ3": [
            0.5208123574361105
        ],
        "Olb*OpQM": [
            0.2604061787180552
        ],
        "Olb*OpWB": [
            0.4358355444451391
        ],
        "Olb*OQe": [
            -49.49507662307015
        ],
        "Olb*OQl31": [
            32.4590925371209
        ],
        "Olb*OQlM1": [
            16.22954626856045
        ],
        "Oll*Oll": [
            4.9873299934333204e-18
        ],
        "Oll*OpD": [
            -0.0014514077047794
        ],
        "Oll*Opdi": [
            0.0015687701350918
        ],
        "Oll*Ope": [
            -0.0056033680198388
        ],
        "Oll*Opl1": [
            -0.0008805825957895
        ],
        "Oll*OpQ3": [
            0.0052676256216591
        ],
        "Oll*OpQM": [
            0.0026338128108295
        ],
        "Oll*OpWB": [
            0.0032739672387555
        ],
        "Oll*OQe": [
            -0.8289136569910079
        ],
        "Oll*OQl31": [
            -0.1997074360352036
        ],
        "Oll*OQlM1": [
            -0.0998537180176018
        ],
        "OpD*OpD": [
            0.0020461801115456
        ],
        "OpD*Opdi": [
            0.0015105039850701
        ],
        "OpD*Ope": [
            0.0034932720929458
        ],
        "OpD*Opl1": [
            0.0004876629867351
        ],
        "OpD*OpQ3": [
            -0.00249531183182
        ],
        "OpD*OpQM": [
            -0.00124765591591
        ],
        "OpD*OpWB": [
            0.00400148853189
        ],
        "OpD*OQe": [
            0.4048936587506453
        ],
        "OpD*OQl31": [
            0.1142740932918559
        ],
        "OpD*OQlM1": [
            0.0571370466459279
        ],
        "Opdi*Opdi": [
            -0.0023670814875143
        ],
        "Opdi*Ope": [
            0.004485290639982
        ],
        "Opdi*Opl1": [
            0.0032382657681714
        ],
        "Opdi*OpQ3": [
            -0.0021319985763381
        ],
        "Opdi*OpQM": [
            -0.001065999288169
        ],
        "Opdi*OpWB": [
            -0.0018025440916844
        ],
        "Opdi*OQe": [
            0.7137385151609293
        ],
        "Opdi*OQl31": [
            0.6891508228923362
        ],
        "Opdi*OQlM1": [
            0.3445754114461681
        ],
        "Ope*Ope": [
            -0.0067902381007586
        ],
        "Ope*Opl1": [
            -0.0039486828224281
        ],
        "Ope*OpQ3": [
            0.010642721227482
        ],
        "Ope*OpQM": [
            0.005321360613741
        ],
        "Ope*OpWB": [
            0.0234906907330878
        ],
        "Ope*OQe": [
            -2.1994456938745595
        ],
        "Ope*OQl31": [
            -1.247357453934065
        ],
        "Ope*OQlM1": [
            -0.6236787269670325
        ],
        "Opl1*Opl1": [
            -0.0005163140522882
        ],
        "Opl1*OpQ3": [
            0.0039198732576104
        ],
        "Opl1*OpQM": [
            0.0019599366288052
        ],
        "Opl1*OpWB": [
            0.0050204330226014
        ],
        "Opl1*OQe": [
            -0.6517351378764035
        ],
        "Opl1*OQl31": [
            -0.2047457503994104
        ],
        "Opl1*OQlM1": [
            -0.1023728751997052
        ],
        "OpQ3*OpQ3": [
            -0.0033915745558488
        ],
        "OpQ3*OpQM": [
            -0.0033915745558488
        ],
        "OpQ3*OpWB": [
            -0.0186868983318823
        ],
        "OpQ3*OQe": [
            1.703319756716288
        ],
        "OpQ3*OQl31": [
            1.2798979913705812
        ],
        "OpQ3*OQlM1": [
            0.6399489956852906
        ],
        "OpQM*OpQM": [
            -0.0008478936389622
        ],