{
    "best_sm": [
        0.0035327656552443
    ],
    "scales": [
        1000.0
    ],
    "theory_cov": [
        [
            0.0
        ]
    ],
    "LO": {
        "SM": [
            0.0035327656552443
        ],
        "O3pl1": [
            -0.0003907414836603
        ],
        "O3pl2": [
            -0.0004283415928576
        ],
        "O3pq": [
            -3.252606517456513e-20
        ],
        "Oll": [
            0.0004283415928576
        ],
        "Olu": [
            -0.0025861444434142
        ],
        "OpD": [
            -0.0008533286274139
        ],
        "Ope": [
            -7.35817252913e-05
        ],
        "Opl1": [
            3.76001091972e-05
        ],
        "OpqMi": [
            2.96523024961e-05
        ],
        "Opui": [
            0.0002506489211966
        ],
        "OpWB": [
            -0.0015849212507448
        ],
        "Oqe": [
            -0.0172279110825213
        ],
        "Oql31": [
            0.0
        ],
        "OqlM1": [
            -0.0074734070950504
        ],
        "O3pl1*O3pl1": [
            1.20093944189e-05
        ],
        "O3pl1*O3pl2": [
            2.36883572022e-05
        ],
        "O3pl1*O3pq": [
            8.131516293641283e-22
        ],
        "O3pl1*Oll": [
            -2.36883572022e-05
        ],
        "O3pl1*Olu": [
            0.0003156182563329
        ],
        "O3pl1*OpD": [
            5.21073103948e-05
        ],
        "O3pl1*Ope": [
            4.460827081710521e-06
        ],
        "O3pl1*Opl1": [
            3.3043163568225945e-07
        ],
        "O3pl1*OpqMi": [
            -3.5437679388846376e-06
        ],
        "O3pl1*Opui": [
            -1.44571642695e-05
        ],
        "O3pl1*OpWB": [
            9.57055222322e-05
        ],
        "O3pl1*Oqe": [
            0.0010444268874362
        ],
        "O3pl1*Oql31": [
            1.4311468676808657e-19
        ],
        "O3pl1*OqlM1": [
            7.73649546249e-05
        ],
        "O3pl2*O3pl2": [
            1.29839153001e-05
        ],
        "O3pl2*O3pq": [
            1.829591166069289e-21
        ],
        "O3pl2*Oll": [
            -2.59678306002e-05
        ],
        "O3pl2*Olu": [
            0.0001567827218609
        ],
        "O3pl2*OpD": [
            5.17322940675e-05
        ],
        "O3pl2*Ope": [
            4.460827081710521e-06
        ],
        "O3pl2*Opl1": [
            -2.279473398026496e-06
        ],
        "O3pl2*OpqMi": [
            -1.7976446391544562e-06
        ],
        "O3pl2*Opui": [
            -1.51953693834e-05
        ],
        "O3pl2*OpWB": [
            9.60844504489e-05
        ],
        "O3pl2*Oqe": [
            0.0010444268874362
        ],
        "O3pl2*Oql31": [
            5.204170427930421e-20
        ],
        "O3pl2*OqlM1": [
            0.0004530687019128
        ],
        "O3pq*O3pq": [
            0.0
        ],
        "O3pq*Oll": [
            1.829591166069289e-21
        ],
        "O3pq*Olu": [
            0.0
        ],
        "O3pq*OpD": [
            -3.2526065174565128e-21
        ],
        "O3pq*Ope": [
            -3.2526065174565128e-21
        ],
        "O3pq*Opl1": [
            -6.098637220230962e-22
        ],
        "O3pq*OpqMi": [
            0.0
        ],
        "O3pq*Opui": [
            0.0
        ],
        "O3pq*OpWB": [
            6.5052130349130256e-21
        ],
        "O3pq*Oqe": [
            0.0
        ],
        "O3pq*Oql31": [
            0.0
        ],
        "O3pq*OqlM1": [
            0.0
        ],
        "Oll*Oll": [
            1.29839153001e-05
        ],
        "Oll*Olu": [
            -0.0001567827218609
        ],
        "Oll*OpD": [
            -5.17322940675e-05
        ],
        "Oll*Ope": [
            -4.4608270817105285e-06
        ],
        "Oll*Opl1": [
            2.279473398026496e-06
        ],
        "Oll*OpqMi": [
            1.797644639154458e-06
        ],
        "Oll*Opui": [
            1.51953693834e-05
        ],
        "Oll*OpWB": [
            -9.60844504489e-05
        ],
        "Oll*Oqe": [
            -0.0010444268874362
        ],
        "Oll*Oql31": [
            5.204170427930421e-20
        ],
        "Oll*OqlM1": [
            -0.0004530687019128
        ],
        "Olu*Olu": [
            0.0318751124252163
        ],
        "Olu*OpD": [
            0.0003527802873015
        ],
        "Olu*Ope": [
            0.0
        ],
        "Olu*Opl1": [
            0.000158835534472
        ],
        "Olu*OpqMi": [
            0.0
        ],
        "Olu*Opui": [
            0.0002962859800519
        ],
        "Olu*OpWB": [
            0.0008821575814146
        ],
        "Olu*Oqe": [
            0.0
        ],
        "Olu*Oql31": [
            0.0
        ],
        "Olu*OqlM1": [
            0.0
        ],
        "OpD*OpD": [
            5.75071560885e-05
        ],
        "OpD*Ope": [
            9.9610649834582e-06
        ],
        "OpD*Opl1": [
            3.7501632735006585e-07
        ],
        "OpD*OpqMi": [
            -8.41178124736551e-06
        ],
        "OpD*Opui": [
            -3.41389745989e-05
        ],
        "OpD*OpWB": [
            0.0002096172859479
        ],
        "OpD*Oqe": [
            0.0023571071106507
        ],
        "OpD*Oql31": [
            1.4311468676808657e-19
        ],
        "OpD*OqlM1": [
            8.55106464215e-05
        ],
        "Ope*Ope": [
            1.76168589775e-05
        ],
        "Ope*Opl1": [
            0.0
        ],
        "Ope*OpqMi": [
            1.89555548907e-05
        ],
        "Ope*Opui": [
            -8.013802667703805e-06
        ],
        "Ope*OpWB": [
            -1.87372211454e-05
        ],
        "Ope*Oqe": [
            -0.005072000588387
        ],
        "Ope*Oql31": [
            0.0
        ],
        "Ope*OqlM1": [
            0.0
        ],
        "Opl1*Opl1": [
            1.304952516854378e-06
        ],
        "Opl1*OpqMi": [
            -1.7461232997301816e-06
        ],
        "Opl1*Opui": [
            7.382051139196441e-07
        ],
        "Opl1*OpWB": [
            -3.7892821663575043e-07
        ],
        "Opl1*Oqe": [
            0.0
        ],
        "Opl1*Oql31": [
            0.0
        ],
        "Opl1*OqlM1": [
            -0.0003757037472879
        ],
        "OpqMi*OpqMi": [
            6.6988623721630325e-06
        ],
        "OpqMi*Opui": [
            0.0
        ],
        "OpqMi*OpWB": [
            -3.49933061554e-05
        ],
        "OpqMi*Oqe": [
            -0.0032164195730587
        ],
        "OpqMi*Oql31": [
            0.0
        ],
        "OpqMi*OqlM1": [
            0.0002962859800519
        ],
        "Opui*Opui": [
            6.6988623721630325e-06
        ],
        "Opui*OpWB": [
            -5.53728899338e-05
        ],
        "Opui*Oqe": [
            0.0
        ],
        "Opui*Oql31": [
            0.0
        ],
        "Opui*OqlM1": [
            0.0
        ],
        "OpWB*OpWB": [
            0.0002117465860557
        ],
        "OpWB*Oqe": [
            0.0099070224690219
        ],
        "OpWB*Oql31": [
            -1.0408340855860842e-19
        ],
        "OpWB*OqlM1": [
            0.0004372453858421
        ],
        "Oqe*Oqe": [
            0.4303140177404207
        ],
        "Oqe*Oql31": [
            0.0
        ],
        "Oqe*OqlM1": [
            0.0
        ],
        "Oql31*Oql31": [
            0.0
        ],
        "Oql31*OqlM1": [
            0.0
        ],
        "OqlM1*OqlM1": [
            0.0318751124252163
        ]
    }
}