{
    "best_sm": [
        0.492828285135183,
        0.4976885731320949,
        0.4538988495778117,
        0.4604612491972388
    ],
    "scales": [
        500.0,
        500.0,
        500.0,
        500.0
    ],
    "theory_cov": [
        [
            0.0,
            0.0,
            0.0,
            0.0
        ],
        [
            0.0,
            0.0,
            0.0,
            0.0
        ],
        [
            0.0,
            0.0,
            0.0,
            0.0
        ],
        [
            0.0,
            0.0,
            0.0,
            0.0
        ]
    ],
    "LO": {
        "SM": [
            0.492828285135183,
            0.4976885731320949,
            0.4538988495778117,
            0.4604612491972388
        ],
        "O3pl1": [
            0.0328393292771344,
            0.0364392681634158,
            0.0027026487953668,
            0.00794509962577
        ],
        "O3pl2": [
            0.0161115289723322,
            0.0142575625981963,
            0.0281202018444922,
            0.0264498708240894
        ],
        "Oll": [
            1.233583666278702,
            1.3472376982154426,
            0.113808149715701,
            0.3286667677390757
        ],
        "Oll1122": [
            1.2335836662787014,
            1.347237698215444,
            0.1138081497157009,
            0.3286667677390756
        ],
        "OpD": [
            0.037367884869149,
            0.0407740377761805,
            0.003796505318145,
            0.0102393086587761
        ],
        "Ope": [
            -0.007143447714129,
            -0.0023047338149006,
            -0.0465845153988812,
            -0.0398505891504906
        ],
        "Opl1": [
            0.0328393292771344,
            0.0364392681634158,
            0.0027026487953667,
            0.00794509962577
        ],
        "Opl2": [
            0.0161115289723321,
            0.0142575625981961,
            0.0281202018444928,
            0.0264498708240899
        ],
        "Opmu": [
            -0.0279457311321947,
            -0.0298893604517524,
            -0.0149758679564642,
            -0.0168385081810993
        ],
        "OpWB": [
            0.0914104176638647,
            0.0946708319297695,
            0.0575583299524922,
            0.0642288761993714
        ],
        "O3pl1*O3pl1": [
            0.0004587424849787,
            0.0003636234442284,
            0.0001238869186125,
            0.0003216002789162
        ],
        "O3pl1*O3pl2": [
            0.0013419853674176,
            0.0010313839052839,
            0.0018850308334025,
            0.0020559406440896
        ],
        "O3pl1*Oll": [
            -0.0952081155910859,
            -0.1337596121880668,
            0.0092459772513934,
            0.0185818309043079
        ],
        "O3pl1*Oll1122": [
            -0.0932172602692698,
            -0.1315505137520419,
            0.0094098229466524,
            0.0190634955491256
        ],
        "O3pl1*OpD": [
            0.001695523387422,
            0.0010346130201614,
            0.0006738122436737,
            0.0016775082479804
        ],
        "O3pl1*Ope": [
            -0.0001076443080239,
            -2.27569631182e-05,
            -0.0026548454942122,
            -0.0019879475421263
        ],
        "O3pl1*Opl1": [
            -0.0010733703518587,
            -0.0014818515475678,
            8.3928141966e-05,
            0.0001615359130147
        ],
        "O3pl1*Opl2": [
            -0.0006488699543984,
            -0.0011777145307409,
            0.0017211851381434,
            0.0015742759992719
        ],
        "O3pl2*O3pl2": [
            0.0002992782302513,
            0.000269170868898,
            0.0013908401341192,
            0.0011228356170037
        ],
        "O3pl2*Oll": [
            -0.0241700276205847,
            -0.0282793102071551,
            -0.0003178063445174,
            2.86289339064e-05
        ],
        "O3pl2*Oll1122": [
            -0.0231932804121849,
            -0.0274149580720915,
            0.0013869560463401,
            0.0016321289824944
        ],
        "O3pl2*OpD": [
            0.0015138292389297,
            0.0011325728248707,
            0.0039053432790589,
            0.0036819509595026
        ],
        "O3pl2*Ope": [
            0.0002875817512494,
            0.0001104174496837,
            -0.0010348606381376,
            -0.0004597667889905
        ],
        "O3pl2*Opl1": [
            0.0003652381590179,
            0.0001670317702203,
            0.0001802684425448,
            0.0004524405955015
        ],
        "O3pl2*Opl2": [
            -0.0003781907478971,
            -0.0003260103972674,
            0.0010769178773809,
            0.0006421711854194
        ],
        "Oll*Oll": [
            -4.257869272268194,
            -5.454645343822604,
            0.1515079168846669,
            0.1725496078856989
        ],
        "Oll*Oll1122": [
            -8.440953624716883,
            -10.827615592560038,
            0.3099153522891992,
            0.3650243481678461
        ],
        "Oll*OpD": [
            -0.0860410391429696,
            -0.1422804106567545,
            0.02473134493842,
            0.0555512940478047
        ],
        "Oll*Ope": [
            0.0410977476975409,
            0.0147440567497089,
            0.0241122349437131,
            0.0561730280847729
        ],
        "Oll*Opl1": [
            -0.1699930354105782,
            -0.2154347072732476,
            0.0023464587315279,
            -0.0013433014921395
        ],
        "Oll*Opl2": [
            -0.0989549474400764,
            -0.109954405292335,
            -0.0072173248643832,
            -0.0198965034625417
        ],
        "Oll1122*Oll1122": [
            -4.183084352448697,
            -5.372970248737433,
            0.1584074354045325,
            0.1924747402821467
        ],
        "Oll1122*OpD": [
            -0.0837756441396509,
            -0.1398085206429969,
            0.0249615047188817,
            0.0561720430881706
        ],
        "Oll1122*Ope": [
            0.0406646824915566,
            0.0146043342985577,
            0.0212880898580014,
            0.0537571213280231
        ],
        "Oll1122*Opl1": [
            -0.1680021800887619,
            -0.2132256088372228,
            0.002510304426787,
            -0.0008616368473218
        ],
        "Oll1122*Opl2": [
            -0.0979782002316765,
            -0.1090900531572716,
            -0.0055125624735255,
            -0.0182930034139536
        ],
        "OpD*OpD": [
            0.0013007348989406,
            0.0006901672418753,
            0.0006585376615549,
            0.0015637824716005
        ],
        "OpD*Ope": [
            0.0002469299621437,
            0.0001242466976423,
            -0.0057140119534184,
            -0.0038205743197101
        ],
        "OpD*Opl1": [
            -0.0005698716158966,
            -0.0014372769935959,
            0.0004436524632121,
            0.0010567592076145
        ],
        "OpD*Opl2": [
            -0.0007515657643889,
            -0.0013393171888867,
            0.0036751834985974,
            0.0030612019191368
        ],
        "Ope*Ope": [
            -0.0002086004980728,
            -6.33786058153e-05,
            -0.0019971520228581,
            -0.0016164578981537
        ],
        "Ope*Opl1": [
            0.0003254208979604,
            0.0001169654880329,
            0.0001692995914994,
            0.0004279592146235
        ],
        "Ope*Opl2": [
            0.0007206469572337,
            0.000250139900835,
            0.001789284447574,
            0.0019561399677592
        ],
        "Opl1*Opl1": [
            -0.0015321128368374,
            -0.0018454749917963,
            -3.99587766465e-05,
            -0.0001600643659015
        ],