{
  "best_sm": [
    3.793199836950852
  ],
  "scales": [
    1000.0
  ],
  "theory_cov": [
    [
      0.0
    ]
  ],
  "LO": {
    "SM": [
      3.793199836950852
    ],
    "O3pl1": [
      -0.3410840010054861
    ],
    "O3pl2": [
      -0.4599187771698038
    ],
    "Oll": [
      0.4599187771693938
    ],
    "Oll1111": [
      -15.299035305924235
    ],
    "OpD": [
      -0.5932600044532238
    ],
    "Ope": [
      0.1506714603065351
    ],
    "Opl1": [
      0.1188347761628189
    ],
    "OpWB": [
      -1.4957857966428785
    ],
    "O3pl1*O3pl1": [
      0.018966535372401
    ],
    "O3pl1*O3pl2": [
      0.0206779161919109
    ],
    "O3pl1*Oll": [
      -0.0206779161918488
    ],
    "O3pl1*Oll1111": [
      -0.0402347838633628
    ],
    "O3pl1*OpD": [
      0.0459345587659922
    ],
    "O3pl1*Ope": [
      -0.0189511433664662
    ],
    "O3pl1*Opl1": [
      0.0172551545529103
    ],
    "O3pl1*OpWB": [
      0.1094496600706877
    ],
    "O3pl2*O3pl2": [
      0.0139410847493915
    ],
    "O3pl2*Oll": [
      -0.0278821694987804
    ],
    "O3pl2*Oll1111": [
      0.9274904977629848
    ],
    "O3pl2*OpD": [
      0.0359658635874942
    ],
    "O3pl2*Ope": [
      -0.0091343241533727
    ],
    "O3pl2*Opl1": [
      -0.0072042533068938
    ],
    "O3pl2*OpWB": [
      0.0906806923007492
    ],
    "Oll*Oll": [
      0.0139410847493915
    ],
    "Oll*Oll1111": [
      -0.927490497762984
    ],
    "Oll*OpD": [
      -0.0359658635875081
    ],
    "Oll*Ope": [
      0.0091343241533903
    ],
    "Oll*Opl1": [
      0.0072042533068928
    ],
    "Oll*OpWB": [
      -0.0906806923007473
    ],
    "Oll1111*Oll1111": [
      49.98017628273853
    ],
    "Oll1111*OpD": [
      0.5315673630429255
    ],
    "Oll1111*Ope": [
      0.0
    ],
    "Oll1111*Opl1": [
      -0.9677252816263467
    ],
    "Oll1111*OpWB": [
      1.6568537975143325
    ],
    "OpD*OpD": [
      0.0319604416018419
    ],
    "OpD*Ope": [
      -0.0199421549056048
    ],
    "OpD*Opl1": [
      0.0099686951785091
    ],
    "OpD*OpWB": [
      0.1529401543079302
    ],
    "Ope*Ope": [
      0.0069966170977984
    ],
    "Ope*Opl1": [
      -0.009816819213093
    ],
    "Ope*OpWB": [
      -0.0524465639231804
    ],
    "Opl1*Opl1": [
      0.0122297039299032
    ],
    "Opl1*OpWB": [
      0.0187689677699468
    ],
    "OpWB*OpWB": [
      0.1868608616038571
    ]
  },
  "NLO": {
    "SM": [
      3.793199836950852
    ],
    "O3pl1": [
      -0.3410840010054861
    ],
    "O3pl2": [
      -0.4599187771698038
    ],
    "Oll": [
      0.4599187771693938
    ],
    "Oll1111": [
      -15.299035305924235
    ],
    "OpD": [
      -0.5932600044532238
    ],
    "Ope": [
      0.1506714603065351
    ],
    "Opl1": [
      0.1188347761628189
    ],
    "OpWB": [
      -1.4957857966428785
    ],
    "O3pl1*O3pl1": [
      0.018966535372401
    ],
    "O3pl1*O3pl2": [
      0.0206779161919109
    ],
    "O3pl1*Oll": [
      -0.0206779161918488
    ],
    "O3pl1*Oll1111": [
      -0.0402347838633628
    ],
    "O3pl1*OpD": [
      0.0459345587659922
    ],
    "O3pl1*Ope": [
      -0.0189511433664662
    ],
    "O3pl1*Opl1": [
      0.0172551545529103
    ],
    "O3pl1*OpWB": [
      0.1094496600706877
    ],
    "O3pl2*O3pl2": [
      0.0139410847493915
    ],
    "O3pl2*Oll": [
      -0.0278821694987804
    ],
    "O3pl2*Oll1111": [
      0.9274904977629848
    ],
    "O3pl2*OpD": [
      0.0359658635874942
    ],
    "O3pl2*Ope": [
      -0.0091343241533727
    ],
    "O3pl2*Opl1": [
      -0.0072042533068938
    ],
    "O3pl2*OpWB": [
      0.0906806923007492
    ],
    "Oll*Oll": [
      0.0139410847493915
    ],
    "Oll*Oll1111": [
      -0.927490497762984
    ],
    "Oll*OpD": [
      -0.0359658635875081
    ],
    "Oll*Ope": [
      0.0091343241533903
    ],
    "Oll*Opl1": [
      0.0072042533068928
    ],
    "Oll*OpWB": [
      -0.0906806923007473
    ],
    "Oll1111*Oll1111": [
      49.98017628273853
    ],
    "Oll1111*OpD": [
      0.5315673630429255
    ],
    "Oll1111*Ope": [
      0.0
    ],
    "Oll1111*Opl1": [
      -0.9677252816263467
    ],
    "Oll1111*OpWB": [
      1.6568537975143325
    ],
    "OpD*OpD": [
      0.0319604416018419
    ],
    "OpD*Ope": [
      -0.0199421549056048
    ],
    "OpD*Opl1": [
      0.0099686951785091
    ],
    "OpD*OpWB": [
      0.1529401543079302
    ],
    "Ope*Ope": [
      0.0069966170977984
    ],
    "Ope*Opl1": [
      -0.009816819213093
    ],
    "Ope*OpWB": [
      -0.0524465639231804
    ],
    "Opl1*Opl1": [
      0.0122297039299032
    ],
    "Opl1*OpWB": [
      0.0187689677699468
    ],
    "OpWB*OpWB": [
      0.1868608616038571
    ]
  }
}
