{
    "best_sm": [
        0.641195976100146
    ],
    "scales": [
        1000.0
    ],
    "theory_cov": [
        [
            0.0
        ]
    ],
    "LO": {
        "SM": [
            0.641195976100146
        ],
        "O3pl1": [
            0.0159058818378655
        ],
        "O3pl2": [
            0.0
        ],
        "Oeb": [
            0.0903793614176852
        ],
        "Olb": [
            -5.389681816812871
        ],
        "Oll": [
            0.0
        ],
        "OpD": [
            0.0188476870985138
        ],
        "Opdi": [
            -0.0253868961924986
        ],
        "Ope": [
            0.0064682876934916
        ],
        "Opl1": [
            0.0159058818378654
        ],
        "OpQ3": [
            0.0050774496041901
        ],
        "OpQM": [
            0.002538724802095
        ],
        "OpWB": [
            0.034443302056361
        ],
        "OQe": [
            0.921803317481519
        ],
        "OQl31": [
            2.574991640276128
        ],
        "OQlM1": [
            1.287495820138064
        ],
        "O3pl1*O3pl1": [
            -0.0009913998355045
        ],
        "O3pl1*O3pl2": [
            0.0009642800325748
        ],
        "O3pl1*Oeb": [
            -0.0276928634800261
        ],
        "O3pl1*Olb": [
            0.6482604130975962
        ],
        "O3pl1*Oll": [
            -0.0009642800325748
        ],
        "O3pl1*OpD": [
            -0.0022200345494534
        ],
        "O3pl1*Opdi": [
            0.0031163558787039
        ],
        "O3pl1*Ope": [
            -0.0003528528040197
        ],
        "O3pl1*Opl1": [
            -0.002947079703584
        ],
        "O3pl1*OpQ3": [
            -0.0023800941489652
        ],
        "O3pl1*OpQM": [
            -0.0011900470744826
        ],
        "O3pl1*OpWB": [
            -0.0041242587543077
        ],
        "O3pl1*OQe": [
            -0.0542574899082764
        ],
        "O3pl1*OQl31": [
            -0.5993722327215691
        ],
        "O3pl1*OQlM1": [
            -0.2996861163607845
        ],
        "O3pl2*O3pl2": [
            0.0
        ],
        "O3pl2*Oeb": [
            0.0054791689301042
        ],
        "O3pl2*Olb": [
            -0.3267446980218526
        ],
        "O3pl2*Oll": [
            0.0
        ],
        "O3pl2*OpD": [
            0.0011426243772319
        ],
        "O3pl2*Opdi": [
            -0.0015390581507528
        ],
        "O3pl2*Ope": [
            0.0003921342262794
        ],
        "O3pl2*Opl1": [
            0.0009642800325748
        ],
        "O3pl2*OpQ3": [
            0.0003078158960083
        ],
        "O3pl2*OpQM": [
            0.0001539079480041
        ],
        "O3pl2*OpWB": [
            0.002088094754346
        ],
        "O3pl2*OQe": [
            0.0558835116511847
        ],
        "O3pl2*OQl31": [
            0.1561065930248828
        ],
        "O3pl2*OQlM1": [
            0.0780532965124414
        ],
        "Oeb*Oeb": [
            0.9856354237908692
        ],
        "Oeb*Olb": [
            6.859365185789923
        ],
        "Oeb*Oll": [
            -0.0054791689301042
        ],
        "Oeb*OpD": [
            -0.0381725050536075
        ],
        "Oeb*Opdi": [
            0.0245124146977485
        ],
        "Oeb*Ope": [
            -0.0108311228959984
        ],
        "Oeb*Opl1": [
            -0.0331720324101304
        ],
        "Oeb*OpQ3": [
            -0.0232954757256781
        ],
        "Oeb*OpQM": [
            -0.011647737862839
        ],
        "Oeb*OpWB": [
            -0.0632325517925099
        ],
        "Oeb*OQe": [
            -1.173164910098054
        ],
        "Oeb*OQl31": [
            -6.899120375893077
        ],
        "Oeb*OQlM1": [
            -3.4495601879465383
        ],
        "Olb*Olb": [
            -111.3395271034128
        ],
        "Olb*Oll": [
            0.3267446980218523
        ],
        "Olb*OpD": [
            0.6964958276945958
        ],
        "Olb*Opdi": [
            -1.0605601529165174
        ],
        "Olb*Ope": [
            -0.0610971411052608
        ],
        "Olb*Opl1": [
            0.975005111119448
        ],
        "Olb*OpQ3": [
            0.9633015102002732
        ],
        "Olb*OpQM": [
            0.4816507551001365
        ],
        "Olb*OpWB": [
            1.4998262567375753
        ],
        "Olb*OQe": [
            -7.361113259985858
        ],
        "Olb*OQl31": [
            195.4296615283889
        ],
        "Olb*OQlM1": [
            97.71483076419446
        ],
        "Oll*Oll": [
            0.0
        ],
        "Oll*OpD": [
            -0.0011426243772319
        ],
        "Oll*Opdi": [
            0.0015390581507528
        ],
        "Oll*Ope": [
            -0.0003921342262794
        ],
        "Oll*Opl1": [
            -0.0009642800325748
        ],
        "Oll*OpQ3": [
            -0.0003078158960083
        ],
        "Oll*OpQM": [
            -0.0001539079480041
        ],
        "Oll*OpWB": [
            -0.002088094754346
        ],
        "Oll*OQe": [
            -0.0558835116511847
        ],
        "Oll*OQl31": [
            -0.156106593024881
        ],
        "Oll*OQlM1": [
            -0.0780532965124405
        ],
        "OpD*OpD": [
            -0.0012736361823697
        ],
        "OpD*Opdi": [
            0.0033797006172063
        ],
        "OpD*Ope": [
            -0.0007977204054156
        ],
        "OpD*Opl1": [
            -0.0033626589266854
        ],
        "OpD*OpQ3": [
            -0.0023635046076034
        ],
        "OpD*OpQM": [
            -0.0011817523038017
        ],
        "OpD*OpWB": [
            -0.004218740853355
        ],
        "OpD*OQe": [
            -0.118400094512243
        ],
        "OpD*OQl31": [
            -0.6989611084994574
        ],
        "OpD*OQlM1": [
            -0.3494805542497287
        ],
        "Opdi*Opdi": [
            -0.0025103383462284
        ],
        "Opdi*Ope": [
            -0.0002434764046084
        ],
        "Opdi*Opl1": [
            0.0046554140294567
        ],
        "Opdi*OpQ3": [
            0.0045641087027428
        ],
        "Opdi*OpQM": [
            0.0022820543513714
        ],
        "Opdi*OpWB": [
            0.0072069213513048
        ],
        "Opdi*OQe": [
            -0.0298270986132248
        ],
        "Opdi*OQl31": [
            0.9340642663660388
        ],
        "Opdi*OQlM1": [
            0.4670321331830193
        ],
        "Ope*Ope": [
            -0.0010845326184264
        ],
        "Ope*Opl1": [
            -0.0007449870302992
        ],
        "Ope*OpQ3": [
            0.0012160329962119
        ],
        "Ope*OpQM": [
            0.0006080164981059
        ],
        "Ope*OpWB": [
            0.0012087586483577
        ],
        "Ope*OQe": [
            -0.3057174308870578
        ],
        "Ope*OQl31": [
            -0.2300277510636669
        ],
        "Ope*OQlM1": [
            -0.1150138755318334
        ],
        "Opl1*Opl1": [
            -0.0019556798680794
        ],
        "Opl1*OpQ3": [
            -0.0026879100449736
        ],
        "Opl1*OpQM": [
            -0.0013439550224868
        ],
        "Opl1*OpWB": [
            -0.0062123535086538
        ],
        "Opl1*OQe": [
            -0.1101410015594611
        ],
        "Opl1*OQl31": [
            -0.7554788257464491
        ],
        "Opl1*OQlM1": [
            -0.3777394128732245
        ],
        "OpQ3*OpQ3": [
            -0.0015899986983968
        ],
        "OpQ3*OpQM": [
            -0.0015899986983968
        ],
        "OpQ3*OpWB": [
            -0.0068389049282428
        ],
        "OpQ3*OQe": [
            0.1662683477936123
        ],
        "OpQ3*OQl31": [
            -0.4168188565149587
        ],
        "OpQ3*OQlM1": [
            -0.2084094282574793
        ],
        "OpQM*OpQM": [
            -0.0003974996745992
        ],