{
    "best_sm": [
        14.569862755714952,
        16.974479484389505,
        15.181919915041153,
        13.755062951465709
    ],
    "scales": [
        500.0,
        500.0,
        500.0,
        500.0
    ],
    "theory_cov": [
        [
            0.0,
            0.0,
            0.0,
            0.0
        ],
        [
            0.0,
            0.0,
            0.0,
            0.0
        ],
        [
            0.0,
            0.0,
            0.0,
            0.0
        ],
        [
            0.0,
            0.0,
            0.0,
            0.0
        ]
    ],
    "LO": {
        "SM": [
            14.569862755714952,
            16.974479484389505,
            15.181919915041153,
            13.755062951465709
        ],
        "O3pl1": [
            -1.6599843079539711,
            -1.1739698585916238,
            -2.114350687930416,
            -2.087430139471594
        ],
        "O3pl2": [
            -1.7665701123526962,
            -2.0581256414444846,
            -1.8407809613390975,
            -1.6677770759410533
        ],
        "Oee1111": [
            -2.376765855433969,
            -1.2797969990798408,
            -21.3908926989059,
            -11.518172991718531
        ],
        "Ole1111": [
            -6.989246089630914,
            -3.880876938320768,
            -3.880876938320768,
            -6.989246089630914
        ],
        "Oll": [
            1.7665701123526891,
            2.058125641444329,
            1.8407809613390984,
            1.6677770759411028
        ],
        "Oll1111": [
            -12.612474854203848,
            -23.42316758637852,
            -1.4013860949115429,
            -2.602574176264281
        ],
        "OpD": [
            -2.6650154771038927,
            -2.407912526314328,
            -3.7545045093776297,
            -3.2771027421330707
        ],
        "Ope": [
            0.5911326421060007,
            0.3774997361326497,
            -0.4761533257034262,
            0.2031085230895772
        ],
        "Opl1": [
            0.1065858043986578,
            0.8841557828528538,
            -0.2735697265912816,
            -0.419653063530566
        ],
        "OpWB": [
            -6.39871867234543,
            -6.035587733357918,
            -7.38577930815422,
            -7.0124421154345775
        ],
        "O3pl1*O3pl1": [
            0.0756957472565127,
            0.0477227415368307,
            0.081562676173053,
            0.0910775357275213
        ],
        "O3pl1*O3pl2": [
            0.1006350819692931,
            0.0711708854010123,
            0.1281806422941236,
            0.126548607829808
        ],
        "O3pl1*Oee1111": [
            0.1440893299637609,
            0.0775865622881782,
            1.2968039696738471,
            0.6982790605936078
        ],
        "O3pl1*Ole1111": [
            0.7429789183266408,
            0.4051973769035986,
            0.4051973769035986,
            0.7429789183266408
        ],
        "O3pl1*Oll": [
            -0.1006350819692941,
            -0.0711708854010123,
            -0.1281806422941236,
            -0.1265486078298071
        ],
        "O3pl1*Oll1111": [
            0.0872110183689277,
            0.1619633198279997,
            0.0096901131521029,
            0.0179959244253342
        ],
        "O3pl1*OpD": [
            0.2001013598012478,
            0.1308190238870075,
            0.2680654248787176,
            0.2624860875247667
        ],
        "O3pl1*Ope": [
            -0.064602862677094,
            -0.0410074769036734,
            0.0107444857140392,
            -0.0410792433054025
        ],
        "O3pl1*Opl1": [
            0.05075641254373,
            0.024274597672658,
            0.0349447100519732,
            0.0556064636252374
        ],
        "O3pl1*OpWB": [
            0.4706322921089384,
            0.3111379938281732,
            0.5439823445453791,
            0.5764706333440112
        ],
        "O3pl2*O3pl2": [
            0.0535483760928568,
            0.062386024264646,
            0.0557978596677881,
            0.0505537558215592
        ],
        "O3pl2*Oee1111": [
            0.1440893299637609,
            0.0775865622881782,
            1.2968039696738471,
            0.6982790605936078
        ],
        "O3pl2*Ole1111": [
            0.4237168687459418,
            0.2352747353871517,
            0.2352747353871517,
            0.4237168687459418
        ],
        "O3pl2*Oll": [
            -0.1070967521857128,
            -0.1247720485292892,
            -0.1115957193355762,
            -0.1011075116431133
        ],
        "O3pl2*Oll1111": [
            0.7646201441223521,
            1.4200088390843728,
            0.0849577937913721,
            0.1577787598982626
        ],
        "O3pl2*OpD": [
            0.1615642085908768,
            0.1459775693658605,
            0.2276135185404991,
            0.1986714582156916
        ],
        "O3pl2*Ope": [
            -0.0358368941248547,
            -0.0228855879583112,
            0.0288663746594005,
            -0.0123132747531613
        ],
        "O3pl2*Opl1": [
            -0.0064616702164145,
            -0.0536011631282834,
            0.0165849229585591,
            0.0254410961866979
        ],
        "O3pl2*OpWB": [
            0.3879166658410629,
            0.3659021735139534,
            0.4477563447568724,
            0.4251231073151356
        ],
        "Oee1111*Oee1111": [
            2.2560496238736136,
            1.214795951316561,
            20.304446614862528,
            10.933163561849051
        ],
        "Oee1111*Ole1111": [
            0.0,
            0.0,
            0.0,
            0.0
        ],
        "Oee1111*Oll": [
            -0.1440893299637605,
            -0.0775865622881782,
            -1.2968039696738451,
            -0.698279060593606
        ],
        "Oee1111*Oll1111": [
            0.0,
            0.0,
            0.0,
            0.0
        ],
        "Oee1111*OpD": [
            0.3074326201441085,
            0.1655406416160584,
            2.7668935812970057,
            1.4898657745445345
        ],
        "Oee1111*Ope": [
            0.1124039756039226,
            0.0605252176328818,
            1.0116357804353089,
            0.5447269586959349
        ],
        "Oee1111*Opl1": [
            0.0,
            0.0,
            0.0,
            0.0
        ],
        "Oee1111*OpWB": [
            0.5381423862180088,
            0.2897689771943127,
            4.843281475962075,
            2.6079207947488285
        ],
        "Ole1111*Ole1111": [
            5.060397195402813,
            3.941254468599359,
            3.941254468599359,
            5.060397195402813
        ],
        "Ole1111*Oll": [
            -0.42371686874594,
            -0.2352747353871507,
            -0.2352747353871507,
            -0.42371686874594
        ],
        "Ole1111*Oll1111": [
            0.0,
            0.0,
            0.0,
            0.0
        ],
        "Ole1111*OpD": [
            0.8984133960863381,
            0.4951805962612167,
            0.4951805962612167,
            0.8984133960863381
        ],
        "Ole1111*Ope": [
            -0.3970264780183745,
            -0.2113116419112663,
            -0.2113116419112663,
            -0.3970264780183745
        ],
        "Ole1111*Opl1": [
            0.3192620495807014,
            0.1699226415164483,
            0.1699226415164483,
            0.3192620495807014
        ],
        "Ole1111*OpWB": [
            2.178677820917216,
            1.1960121922314453,
            1.1960121922314453,
            2.178677820917216
        ],
        "Oll*Oll": [
            0.0535483760928568,
            0.062386024264646,
            0.0557978596677881,
            0.0505537558215592
        ],
        "Oll*Oll1111": [
            -0.7646201441223502,
            -1.4200088390843677,
            -0.0849577937913721,
            -0.1577787598982626
        ],