{
    "best_sm": [
        0.4495874753469714
    ],
    "scales": [
        1000.0
    ],
    "theory_cov": [
        [
            0.0
        ]
    ],
    "LO": {
        "SM": [
            0.4495874753469714
        ],
        "O3pl1": [
            0.0066398061392666
        ],
        "O3pl2": [
            0.0265359711407672
        ],
        "Oll": [
            1.1449217800344127
        ],
        "Oll1122": [
            1.1449217800344127
        ],
        "OpD": [
            0.0084614899437025
        ],
        "Ope": [
            -0.0411258835290804
        ],
        "Opl1": [
            0.0066398061392666
        ],
        "Opl2": [
            0.0265359711407672
        ],
        "Opmu": [
            -0.0163834992494807
        ],
        "OpWB": [
            0.0619521652110014
        ],
        "O3pl1*O3pl1": [
            0.0002847565455609
        ],
        "O3pl1*O3pl2": [
            0.002010589112326
        ],
        "O3pl1*Oll": [
            0.0736316213849727
        ],
        "O3pl1*Oll1122": [
            0.07403415376548
        ],
        "O3pl1*OpD": [
            0.0014503628107532
        ],
        "O3pl1*Ope": [
            -0.0021387415563407
        ],
        "O3pl1*Opl1": [
            0.0001669807106146
        ],
        "O3pl1*Opl2": [
            0.0016080567318187
        ],
        "O3pl1*Opmu": [
            -0.0003466546546658
        ],
        "O3pl1*OpWB": [
            0.0048180609792516
        ],
        "O3pl2*O3pl2": [
            0.0012059502793086
        ],
        "O3pl2*Oll": [
            0.0105832349691898
        ],
        "O3pl2*Oll1122": [
            0.0121919547734017
        ],
        "O3pl2*OpD": [
            0.0037073901136091
        ],
        "O3pl2*Ope": [
            -0.0006988753768133
        ],
        "O3pl2*Opl1": [
            0.0004018693081143
        ],
        "O3pl2*Opl2": [
            0.0008031807544056
        ],
        "O3pl2*Opmu": [
            -0.0001998142753802
        ],
        "O3pl2*OpWB": [
            0.0082585197153201
        ],
        "Oll*Oll": [
            3.5868207228053706
        ],
        "Oll*Oll1122": [
            7.243051316915022
        ],
        "Oll*OpD": [
            0.2086213290837132
        ],
        "Oll*Ope": [
            0.1880577843404548
        ],
        "Oll*Opl1": [
            0.0042217500806946
        ],
        "Oll*Opl2": [
            -0.0588266363350871
        ],
        "Oll*Opmu": [
            0.1096523527012262
        ],
        "Oll*OpWB": [
            0.1572621087378011
        ],
        "Oll1122*Oll1122": [
            3.656230594109651
        ],
        "Oll1122*OpD": [
            0.2091342994352927
        ],
        "Oll1122*Ope": [
            0.1855645639888057
        ],
        "Oll1122*Opl1": [
            0.0046242824612018
        ],
        "Oll1122*Opl2": [
            -0.0572179165308754
        ],
        "Oll1122*Opmu": [
            0.1086591175350772
        ],
        "Oll1122*OpWB": [
            0.1610179040150889
        ],
        "OpD*OpD": [
            0.0013459412817717
        ],
        "OpD*Ope": [
            -0.0042409284121897
        ],
        "OpD*Opl1": [
            0.0009373924591741
        ],
        "OpD*Opl2": [
            0.00319441976203
        ],
        "OpD*Opmu": [
            -0.0014341444489185
        ],
        "OpD*OpWB": [
            0.0096315440808053
        ],
        "Ope*Ope": [
            -0.0015998128961341
        ],
        "Ope*Opl1": [
            0.0003544787953084
        ],
        "Ope*Opl2": [
            0.0017943449748358
        ],
        "Ope*Opmu": [
            -0.0014090434201188
        ],
        "Ope*OpWB": [
            -0.005298941802159
        ],
        "Opl1*Opl1": [
            -0.0001177758349463
        ],
        "Opl1*Opl2": [
            -6.630723929296808e-07
        ],
        "Opl1*Opmu": [
            0.0006465805114832
        ],
        "Opl1*OpWB": [
            0.001062265701964
        ],
        "Opl2*Opl2": [
            -0.000402769524903
        ],
        "Opl2*Opmu": [
            0.0007934208907687
        ],
        "Opl2*OpWB": [
            0.0045027244380325
        ],
        "Opmu*Opmu": [
            -0.0006132181575463
        ],
        "Opmu*OpWB": [
            -0.0010204714467164
        ],
        "OpWB*OpWB": [
            0.0122095479594483
        ]
    },
    "NLO": {
        "SM": [
            0.4495874753469714
        ],
        "O3pl1": [
            0.0066398061392666
        ],
        "O3pl2": [
            0.0265359711407672
        ],
        "Oll": [
            1.1449217800344127
        ],
        "Oll1122": [
            1.1449217800344127
        ],
        "OpD": [
            0.0084614899437025
        ],
        "Ope": [
            -0.0411258835290804
        ],
        "Opl1": [
            0.0066398061392666
        ],
        "Opl2": [
            0.0265359711407672
        ],
        "Opmu": [
            -0.0163834992494807
        ],
        "OpWB": [
            0.0619521652110014
        ],
        "O3pl1*O3pl1": [
            0.0002847565455609
        ],
        "O3pl1*O3pl2": [
            0.002010589112326
        ],
        "O3pl1*Oll": [
            0.0736316213849727
        ],
        "O3pl1*Oll1122": [
            0.07403415376548
        ],
        "O3pl1*OpD": [
            0.0014503628107532
        ],
        "O3pl1*Ope": [
            -0.0021387415563407
        ],
        "O3pl1*Opl1": [
            0.0001669807106146
        ],
        "O3pl1*Opl2": [
            0.0016080567318187
        ],
        "O3pl1*Opmu": [
            -0.0003466546546658
        ],
        "O3pl1*OpWB": [
            0.0048180609792516
        ],
        "O3pl2*O3pl2": [
            0.0012059502793086
        ],
        "O3pl2*Oll": [
            0.0105832349691898
        ],
        "O3pl2*Oll1122": [
            0.0121919547734017
        ],
        "O3pl2*OpD": [
            0.0037073901136091
        ],
        "O3pl2*Ope": [
            -0.0006988753768133
        ],
        "O3pl2*Opl1": [
            0.0004018693081143
        ],
        "O3pl2*Opl2": [
            0.0008031807544056
        ],
        "O3pl2*Opmu": [
            -0.0001998142753802
        ],
        "O3pl2*OpWB": [
            0.0082585197153201
        ],
        "Oll*Oll": [
            3.5868207228053706
        ],
        "Oll*Oll1122": [
            7.243051316915022
        ],
        "Oll*OpD": [
            0.2086213290837132
        ],
        "Oll*Ope": [
            0.1880577843404548
        ],
        "Oll*Opl1": [
            0.0042217500806946
        ],
        "Oll*Opl2": [
            -0.0588266363350871
        ],
        "Oll*Opmu": [
            0.1096523527012262
        ],
        "Oll*OpWB": [
            0.1572621087378011
        ],
        "Oll1122*Oll1122": [
            3.656230594109651
        ],
        "Oll1122*OpD": [
            0.2091342994352927
        ],
        "Oll1122*Ope": [
            0.1855645639888057
        ],
        "Oll1122*Opl1": [
            0.0046242824612018
        ],
        "Oll1122*Opl2": [
            -0.0572179165308754
        ],
        "Oll1122*Opmu": [
            0.1086591175350772
        ],
        "Oll1122*OpWB": [
            0.1610179040150889
        ],
        "OpD*OpD": [
            0.0013459412817717
        ],
        "OpD*Ope": [
            -0.0042409284121897
        ],
        "OpD*Opl1": [
            0.0009373924591741
        ],
        "OpD*Opl2": [
            0.00319441976203
        ],
        "OpD*Opmu": [
            -0.0014341444489185
        ],
        "OpD*OpWB": [
            0.0096315440808053
        ],
        "Ope*Ope": [
            -0.0015998128961341
        ],
        "Ope*Opl1": [
            0.0003544787953084
        ],
        "Ope*Opl2": [
            0.0017943449748358
        ],
        "Ope*Opmu": [
            -0.0014090434201188
        ],