{
    "best_sm": [
        0.0172045264171842,
        0.0300104053218805,
        0.0149944348028735,
        0.0103790852721811
    ],
    "scales": [
        500.0,
        500.0,
        500.0,
        500.0
    ],
    "theory_cov": [
        [
            0.0,
            0.0,
            0.0,
            0.0
        ],
        [
            0.0,
            0.0,
            0.0,
            0.0
        ],
        [
            0.0,
            0.0,
            0.0,
            0.0
        ],
        [
            0.0,
            0.0,
            0.0,
            0.0
        ]
    ],
    "LO": {
        "SM": [
            0.0172045264171842,
            0.0300104053218805,
            0.0149944348028735,
            0.0103790852721811
        ],
        "O3pl1": [
            -0.0008511567400371,
            -0.0013453940543603,
            -0.0016808418688554,
            -0.0010036330193531
        ],
        "O3pl2": [
            -0.002086018425524,
            -0.0036387086131217,
            -0.0018180487227984,
            -0.0012584457481043
        ],
        "O3pq": [
            0.0,
            0.0,
            0.0,
            0.0
        ],
        "Oll": [
            0.002086018425524,
            0.0036387086131217,
            0.0018180487227984,
            0.0012584457481043
        ],
        "Olu": [
            -0.0200707884884647,
            -0.0372743214785773,
            -0.0022300876098294,
            -0.0041415912753974
        ],
        "OpD": [
            -0.0011316067092124,
            -0.0015699371841248,
            -0.0037092340863238,
            -0.0021040143920302
        ],
        "Ope": [
            -3.96438326221e-05,
            -2.13466791042e-05,
            -0.0003567944935993,
            -0.0001921201119381
        ],
        "Opl1": [
            0.0012348616854869,
            0.0022933145587613,
            0.0001372068539429,
            0.0002548127287512
        ],
        "OpqMi": [
            -0.0011056228687926,
            -0.0020928921506937,
            0.0001440360432577,
            -8.88373260874e-05
        ],
        "Opui": [
            -0.0002522683371714,
            -0.0006405654480044,
            0.0011318299467161,
            0.000553365933156
        ],
        "OpWB": [
            -0.0034202252301194,
            -0.0053990220058431,
            -0.006802770311381,
            -0.0040582926417276
        ],
        "Oqe": [
            -0.0019579066589383,
            -0.001054257431736,
            -0.017621159930445,
            -0.0094883168856242
        ],
        "Oql31": [
            0.0,
            0.0,
            0.0,
            0.0
        ],
        "OqlM1": [
            -0.0595510972322372,
            -0.1105948948598692,
            -0.0066167885813596,
            -0.0122883216510965
        ],
        "O3pl1*O3pl1": [
            3.16238686751e-05,
            5.15968383647e-05,
            5.15968383647e-05,
            3.16238686751e-05
        ],
        "O3pl1*O3pl2": [
            5.16006253143e-05,
            8.15633258054e-05,
            0.0001018995531699,
            6.08443650254e-05
        ],
        "O3pl1*O3pq": [
            0.0,
            0.0,
            0.0,
            0.0
        ],
        "O3pl1*Oll": [
            -5.16006253143e-05,
            -8.15633258054e-05,
            -0.0001018995531699,
            -6.08443650254e-05
        ],
        "O3pl1*Olu": [
            0.0024998797995984,
            0.00464263391354,
            0.0002777644221776,
            0.0005158482126155
        ],
        "O3pl1*OpD": [
            8.22439561502e-05,
            0.0001205098961133,
            0.0002263847390587,
            0.0001303688847617
        ],
        "O3pl1*Ope": [
            2.4033723249014897e-06,
            1.2941235595623406e-06,
            2.16303509241e-05,
            1.1647112036e-05
        ],
        "O3pl1*Opl1": [
            1.1647112036e-05,
            2.16303509241e-05,
            1.2941235595623395e-06,
            2.4033723249014884e-06
        ],
        "O3pl1*OpqMi": [
            9.14933725587148e-06,
            1.93918889189e-05,
            -1.51629547773e-05,
            -6.557409878777498e-06
        ],
        "O3pl1*Opui": [
            3.97625438536e-05,
            8.42761406624e-05,
            -6.58974128315e-05,
            -2.84981622799e-05
        ],
        "O3pl1*OpWB": [
            0.0001973814638763,
            0.000308801411114,
            0.0004113045318175,
            0.0002439737914688
        ],
        "O3pl1*Oqe": [
            0.0001186963612646,
            6.39134252963e-05,
            0.0010682672513815,
            0.000575220827667
        ],
        "O3pl1*Oql31": [
            0.0,
            0.0,
            0.0,
            0.0
        ],
        "O3pl1*OqlM1": [
            0.000575220827667,
            0.0010682672513815,
            6.39134252963e-05,
            0.0001186963612646
        ],
        "O3pl2*O3pl2": [
            6.32315119595e-05,
            0.0001102967473214,
            5.51087987297e-05,
            3.81460807814e-05
        ],
        "O3pl2*O3pq": [
            0.0,
            0.0,
            0.0,
            0.0
        ],
        "O3pl2*Oll": [
            -0.000126463023919,
            -0.0002205934946428,
            -0.0001102175974594,
            -7.62921615629e-05
        ],
        "O3pl2*Olu": [
            0.0012167738183108,
            0.0022597228054344,
            0.0001351970909234,
            0.0002510803117149
        ],
        "O3pl2*OpD": [
            6.86026569003e-05,
            9.51760546494e-05,
            0.000224869039142,
            0.0001275540134879
        ],
        "O3pl2*Ope": [
            2.4033723249014897e-06,
            1.2941235595623406e-06,
            2.16303509241e-05,
            1.1647112036e-05
        ],
        "O3pl2*Opl1": [
            -7.48623986047e-05,
            -0.0001390301688374,
            -8.31804428941988e-06,
            -1.54477965374e-05
        ],
        "O3pl2*OpqMi": [
            6.70274095333e-05,
            0.0001268797374341,
            -8.732057857612109e-06,
            5.385684400692428e-06
        ],
        "O3pl2*Opui": [
            1.5293545046e-05,
            3.88337143054e-05,
            -6.86161904768e-05,
            -3.3547320764e-05
        ],
        "O3pl2*OpWB": [
            0.0002073481325921,
            0.0003273109387291,
            0.0004124119394526,
            0.0002460304056482
        ],
        "O3pl2*Oqe": [
            0.0001186963612646,
            6.39134252963e-05,
            0.0010682672513815,
            0.000575220827667
        ],
        "O3pl2*Oql31": [
            0.0,
            0.0,
            0.0,
            0.0
        ],
        "O3pl2*OqlM1": [
            0.0036102326525693,
            0.0067047177833431,
            0.0004011369613965,
            0.0007449686425936
        ],
        "O3pq*O3pq": [
            0.0,
            0.0,
            0.0,
            0.0
        ],
        "O3pq*Oll": [
            0.0,
            0.0,
            0.0,
            0.0
        ],
        "O3pq*Olu": [
            0.0,
            0.0,
            0.0,
            0.0
        ],
        "O3pq*OpD": [
            0.0,
            0.0,
            0.0,
            0.0
        ],
        "O3pq*Ope": [
            0.0,
            0.0,
            0.0,
            0.0
        ],
        "O3pq*Opl1": [
            0.0,
            0.0,
            0.0,
            0.0
        ],
        "O3pq*OpqMi": [
            0.0,
            0.0,
            0.0,
            0.0
        ],
        "O3pq*Opui": [
            0.0,
            0.0,
            0.0,
            0.0
        ],
        "O3pq*OpWB": [
            0.0,
            0.0,
            0.0,
            0.0
        ],
        "O3pq*Oqe": [
            0.0,
            0.0,
            0.0,
            0.0
        ],