{
    "best_sm": [
        0.9648775043818,
        0.9690944334064752
    ],
    "scales": [
        250.0,
        500.0
    ],
    "theory_cov": [
        [
            0.0,
            0.0
        ],
        [
            0.0,
            0.0
        ]
    ],
    "LO": {
        "SM": [
            0.9648775043818,
            0.9690944334064752
        ],
        "O3pl1": [
            0.0039738617032518,
            0.0045735279545182
        ],
        "O3pl2": [
            0.0,
            0.0
        ],
        "Oee1111": [
            8.63788539555e-05,
            0.00077645311126
        ],
        "Ole1111": [
            0.0128488021440233,
            0.0374456278127304
        ],
        "Oll": [
            0.0,
            0.0
        ],
        "Oll1111": [
            0.0013934135080436,
            0.0146305511095883
        ],
        "OpD": [
            0.0026101224729999,
            0.0034431683490587
        ],
        "Ope": [
            -0.0036954139995062,
            -0.0033747187852849
        ],
        "Opl1": [
            0.0039738617032521,
            0.0045735279545275
        ],
        "OpWB": [
            0.0074207556521615,
            0.0085405673254979
        ],
        "O3pl1*O3pl1": [
            9.63732509553e-05,
            4.820805145505386e-06
        ],
        "O3pl1*O3pl2": [
            0.0002409118546041,
            0.0002772660912433
        ],
        "O3pl1*Oee1111": [
            7.9306499774e-05,
            0.0003514511815978
        ],
        "O3pl1*Ole1111": [
            0.0006897492898302,
            -0.0003393726013751
        ],
        "O3pl1*Oll": [
            -0.0002409118546042,
            -0.0002772660912425
        ],
        "O3pl1*Oll1111": [
            0.0013582629659911,
            0.0074590022750901
        ],
        "O3pl1*OpD": [
            0.0003624060131667,
            0.0002207769506316
        ],
        "O3pl1*Ope": [
            -7.221403591293595e-06,
            7.51208890284e-05
        ],
        "O3pl1*Opl1": [
            -4.81653526924e-05,
            -0.0002676244809514
        ],
        "O3pl1*OpWB": [
            0.0008098099381702,
            0.0005357690092879
        ],
        "O3pl2*O3pl2": [
            0.0,
            0.0
        ],
        "O3pl2*Oee1111": [
            5.236641700057717e-06,
            4.70717838254e-05
        ],
        "O3pl2*Ole1111": [
            0.0007789472772583,
            0.0022701081005834
        ],
        "O3pl2*Oll": [
            0.0,
            0.0
        ],
        "O3pl2*Oll1111": [
            8.44744627593e-05,
            0.0008869642340141
        ],
        "O3pl2*OpD": [
            0.0001582363687201,
            0.0002087390389074
        ],
        "O3pl2*Ope": [
            -0.0002240312085898,
            -0.0002045893445822
        ],
        "O3pl2*Opl1": [
            0.0002409118546032,
            0.0002772660912439
        ],
        "O3pl2*OpWB": [
            0.0004498767547126,
            0.0005177643479815
        ],
        "Oee1111*Oee1111": [
            -0.001263893408354,
            -0.0185796136756884
        ],
        "Oee1111*Ole1111": [
            0.0002506022696684,
            0.0030007471583098
        ],
        "Oee1111*Oll": [
            -5.236641700080268e-06,
            -4.70717838245e-05
        ],
        "Oee1111*Oll1111": [
            5.53869689819e-05,
            0.0021745071350724
        ],
        "Oee1111*OpD": [
            5.70527901558e-05,
            0.0002630591213233
        ],
        "Oee1111*Ope": [
            -7.03367028856e-05,
            -0.0003209263537663
        ],
        "Oee1111*Opl1": [
            7.40698580741e-05,
            0.0003043793977735
        ],
        "Oee1111*OpWB": [
            0.0001578751455872,
            0.0007441984067438
        ],
        "Ole1111*Ole1111": [
            -0.0184045491715647,
            -0.2725999318880739
        ],
        "Ole1111*Oll": [
            -0.0007789472772583,
            -0.0022701081005805
        ],
        "Ole1111*Oll1111": [
            0.0043985702691001,
            0.0550163900395122
        ],
        "Ole1111*OpD": [
            0.0011040266881847,
            0.001288609971009
        ],
        "Ole1111*Ope": [
            -0.0003081310505977,
            0.0005155770883909
        ],
        "Ole1111*Opl1": [
            -8.91979874274e-05,
            -0.0026094807019555
        ],
        "Ole1111*OpWB": [
            0.0027426315169963,
            0.0036054391014298
        ],
        "Oll*Oll": [
            0.0,
            0.0
        ],
        "Oll*Oll1111": [
            -8.44744627595e-05,
            -0.0008869642339984
        ],
        "Oll*OpD": [
            -0.0001582363687201,
            -0.0002087390389062
        ],
        "Oll*Ope": [
            0.0002240312085898,
            0.0002045893445819
        ],
        "Oll*Opl1": [
            -0.0002409118546032,
            -0.0002772660912445
        ],
        "Oll*OpWB": [
            -0.000449876754712,
            -0.0005177643479757
        ],
        "Oll1111*Oll1111": [
            -0.020686491007339,
            -0.2913346724914252
        ],
        "Oll1111*OpD": [
            0.0009456043074603,
            0.0064278393004716
        ],
        "Oll1111*Ope": [
            -0.0012612073385397,
            -0.0049821635429674
        ],
        "Oll1111*Opl1": [
            0.0012737885032345,
            0.0065720380410946
        ],
        "Oll1111*OpWB": [
            0.0026941556421565,
            0.0155851870976009
        ],
        "OpD*OpD": [
            0.0001975518853727,
            0.0001652578609664
        ],
        "OpD*Ope": [
            -0.0002196566066422,
            -9.38810885068e-05
        ],
        "OpD*Opl1": [
            0.0002041696444484,
            1.20379117258e-05
        ],
        "OpD*OpWB": [
            0.0009722431696545,
            0.0008020745172044
        ],
        "Ope*Ope": [
            -7.22558579755e-05,
            -5.09396302879e-05
        ],
        "Ope*Opl1": [
            0.0002168098049984,
            0.0002797102336102
        ],
        "Ope*OpWB": [
            -0.0004318391673051,
            -0.0002417682961992
        ],
        "Opl1*Opl1": [
            -0.0001445386036478,
            -0.0002724452860979
        ],
        "Opl1*OpWB": [
            0.0003599331834615,
            1.80046613142e-05
        ],
        "OpWB*OpWB": [
            0.0011761641249989,
            0.0009836796294776
        ]
    }
}