{
    "best_sm": [
        3.793199836950668,
        4.394017998038254,
        3.827787643250629,
        3.453461624078085
    ],
    "scales": [
        1000.0,
        1000.0,
        1000.0,
        1000.0
    ],
    "theory_cov": [
        [
            0.0,
            0.0,
            0.0,
            0.0
        ],
        [
            0.0,
            0.0,
            0.0,
            0.0
        ],
        [
            0.0,
            0.0,
            0.0,
            0.0
        ],
        [
            0.0,
            0.0,
            0.0,
            0.0
        ]
    ],
    "LO": {
        "SM": [
            3.793199836950668,
            4.394017998038254,
            3.827787643250629,
            3.453461624078085
        ],
        "O3pl1": [
            -0.3410840010064264,
            -0.2416166706766636,
            -0.5420609927335525,
            -0.5213505942406317
        ],
        "O3pl2": [
            -0.4599187771696271,
            -0.5327669174801695,
            -0.4641124875623676,
            -0.4187261192189318
        ],
        "Oee1111": [
            -2.2892917046376637,
            -1.5261944697584322,
            -20.60362534173893,
            -13.735750227826005
        ],
        "Ole1111": [
            -6.07036776053854,
            -4.104470728373185,
            -4.104470728373185,
            -6.07036776053854
        ],
        "Oll": [
            0.45991877716962,
            0.5327669174802402,
            0.4641124875623393,
            0.4187261192189531
        ],
        "Oll1111": [
            -15.299035305924091,
            -22.9485529588861,
            -1.6998928117693368,
            -2.549839217654021
        ],
        "OpD": [
            -0.5932600044530825,
            -0.5461597641829883,
            -0.9739647515026324,
            -0.8499429968449426
        ],
        "Ope": [
            0.1506714603065457,
            0.1123016367218901,
            -0.1546157739000968,
            -0.0094789860666389
        ],
        "Opl1": [
            0.1188347761630133,
            0.2911502468037179,
            -0.0779485051709584,
            -0.1026244750217105
        ],
        "OpWB": [
            -1.4957857966425672,
            -1.4460773468924168,
            -1.878919826234903,
            -1.7554912842480537
        ],
        "O3pl1*O3pl1": [
            0.018966535372401,
            0.0138141865971805,
            0.0226056786778138,
            0.0242414306207727
        ],
        "O3pl1*O3pl2": [
            0.0206779161918821,
            0.0146477971762699,
            0.0328619687395492,
            0.0316064191298431
        ],
        "O3pl1*Oee1111": [
            0.1387862868606388,
            0.0925241912404267,
            1.2490765817457574,
            0.8327177211638362
        ],
        "O3pl1*Ole1111": [
            0.7062217522257038,
            0.4758495572201865,
            0.4758495572201865,
            0.7062217522257038
        ],
        "O3pl1*Oll": [
            -0.0206779161918789,
            -0.0146477971762717,
            -0.032861968739551,
            -0.0316064191298449
        ],
        "O3pl1*Oll1111": [
            -0.0402347838633703,
            -0.0603521757950577,
            -0.0044705315403746,
            -0.0067057973105617
        ],
        "O3pl1*OpD": [
            0.0459345587660098,
            0.0331009560518592,
            0.0722414979825552,
            0.0694188839244542
        ],
        "O3pl1*Ope": [
            -0.0189511433664761,
            -0.0140000727942911,
            0.0021815593863714,
            -0.0092421640580764
        ],
        "O3pl1*Opl1": [
            0.0172551545529098,
            0.012980576018099,
            0.0123493886160856,
            0.0168764421116995
        ],
        "O3pl1*OpWB": [
            0.1094496600706988,
            0.0789461621104704,
            0.1457934672032299,
            0.149558043126372
        ],
        "O3pl2*O3pl2": [
            0.0139410847493888,
            0.0161492618196089,
            0.0140682047429829,
            0.0126924505034122
        ],
        "O3pl2*Oee1111": [
            0.1387862868606388,
            0.0925241912404267,
            1.2490765817457574,
            0.8327177211638362
        ],
        "O3pl2*Ole1111": [
            0.3680106819314314,
            0.248829911349922,
            0.248829911349922,
            0.3680106819314314
        ],
        "O3pl2*Oll": [
            -0.0278821694987739,
            -0.0322985236392086,
            -0.0281364094859677,
            -0.0253849010068272
        ],
        "O3pl2*Oll1111": [
            0.927490497762983,
            1.391235746644467,
            0.103054499751442,
            0.1545817496271621
        ],
        "O3pl2*OpD": [
            0.0359658635875099,
            0.0331104531371409,
            0.0590457525007934,
            0.0515270432056988
        ],
        "O3pl2*Ope": [
            -0.0091343241533827,
            -0.0068081875007126,
            0.009373444679949,
            0.000574655155016
        ],
        "O3pl2*Opl1": [
            -0.0072042533068942,
            -0.0176507264629442,
            0.0047255592535879,
            0.0062215181230213
        ],
        "O3pl2*OpWB": [
            0.0906806923007491,
            0.0876671614551618,
            0.1139078543218486,
            0.1064251080207461
        ],
        "Oee1111*Oee1111": [
            8.330029380456418,
            5.55335292030428,
            74.9702644241078,
            49.98017628273853
        ],
        "Oee1111*Ole1111": [
            0.0,
            0.0,
            0.0,
            0.0
        ],
        "Oee1111*Oll": [
            -0.1387862868606391,
            -0.0925241912404264,
            -1.2490765817457592,
            -0.8327177211638362
        ],
        "Oee1111*Oll1111": [
            0.0,
            0.0,
            0.0,
            0.0
        ],
        "Oee1111*OpD": [
            0.3068326867639552,
            0.2045551245093048,
            2.7614941808756024,
            1.840996120583735
        ],
        "Oee1111*Ope": [
            0.1296966214046765,
            0.0864644142697845,
            1.1672695926420926,
            0.778179728428061
        ],
        "Oee1111*Opl1": [
            0.0,
            0.0,
            0.0,
            0.0
        ],
        "Oee1111*OpWB": [
            0.5183366707604653,
            0.3455577805069763,
            4.66503003684417,
            3.110020024562775
        ],
        "Ole1111*Ole1111": [
            19.49549363040895,
            16.51111302559974,
            16.51111302559974,
            19.49549363040895
        ],
        "Ole1111*Oll": [
            -0.3680106819314314,
            -0.2488299113499206,
            -0.2488299113499206,
            -0.3680106819314314
        ],
        "Ole1111*Oll1111": [
            0.0,
            0.0,
            0.0,
            0.0
        ],
        "Ole1111*OpD": [
            0.8107599612837042,
            0.5473635717852673,
            0.5473635717852673,
            0.8107599612837042
        ],
        "Ole1111*Ope": [
            -0.4205910168218018,
            -0.2823160803459895,
            -0.2823160803459895,
            -0.4205910168218018
        ],
        "Ole1111*Opl1": [
            0.3382110702942724,
            0.2270196458702663,
            0.2270196458702663,
            0.3382110702942724
        ],
        "Ole1111*OpWB": [
            2.0060125396359965,
            1.3532602953931412,
            1.3532602953931412,
            2.0060125396359965
        ],
        "Oll*Oll": [
            0.0139410847493888,
            0.0161492618196089,
            0.0140682047429829,
            0.0126924505034122
        ],
        "Oll*Oll1111": [
            -0.9274904977629812,
            -1.3912357466444691,
            -0.1030544997514422,
            -0.1545817496271623
        ],