{
  "best_sm": [
    0.0434026087290618,
    0.0103790852721811
  ],
  "scales": [
    250.0,
    500.0
  ],
  "theory_cov": [
    [
      0.0,
      0.0
    ],
    [
      0.0,
      0.0
    ]
  ],
  "LO": {
    "SM": [
      0.0434026087290618,
      0.0103790852721811
    ],
    "O3pl1": [
      -0.004042140778559,
      -0.0010036330193531
    ],
    "O3pl2": [
      -0.0052624896105366,
      -0.0012584457481043
    ],
    "Oll": [
      0.0052624896105366,
      0.0012584457481043
    ],
    "OpD": [
      -0.0086539068480632,
      -0.0021040143920302
    ],
    "Ope": [
      -0.0011834445836523,
      -0.0001921201119381
    ],
    "Opl1": [
      0.0012203488319776,
      0.0002548127287512
    ],
    "OpqMi": [
      -0.0006279690741488,
      -8.88373260874e-05
    ],
    "Opu": [
      0.0025661858106725,
      0.000553365933156
    ],
    "OpWB": [
      -0.0162027237742216,
      -0.0040582926417276
    ],
    "O3pl1*O3pl1": [
      0.0001299278976318,
      3.16238686751e-05
    ],
    "O3pl1*O3pl2": [
      0.0002450512132148,
      6.08443650254e-05
    ],
    "O3pl1*Oll": [
      -0.0002450512132148,
      -6.08443650254e-05
    ],
    "O3pl1*OpD": [
      0.000543606530822,
      0.0001303688847617
    ],
    "O3pl1*Ope": [
      7.17452822363e-05,
      1.1647112036e-05
    ],
    "O3pl1*Opl1": [
      1.48045820487e-05,
      2.4033723249014808e-06
    ],
    "O3pl1*OpqMi": [
      -2.13318284022e-05,
      -6.557409878777474e-06
    ],
    "O3pl1*Opu": [
      -0.0001304595234894,
      -2.84981622799e-05
    ],
    "O3pl1*OpWB": [
      0.0009826939422606,
      0.0002439737914688
    ],
    "O3pl2*O3pl2": [
      0.0001595168914493,
      3.81460807814e-05
    ],
    "O3pl2*Oll": [
      -0.0003190337828986,
      -7.62921615629e-05
    ],
    "O3pl2*OpD": [
      0.0005246354563935,
      0.0001275540134879
    ],
    "O3pl2*Ope": [
      7.17452822363e-05,
      1.1647112036e-05
    ],
    "O3pl2*Opl1": [
      -7.39825696837e-05,
      -1.54477965374e-05
    ],
    "O3pl2*OpqMi": [
      3.80700702701e-05,
      5.385684400692452e-06
    ],
    "O3pl2*Opu": [
      -0.0001555727473856,
      -3.3547320764e-05
    ],
    "O3pl2*OpWB": [
      0.0009822758126879,
      0.0002460304056482
    ],
    "Oll*Oll": [
      0.0001595168914493,
      3.81460807814e-05
    ],
    "Oll*OpD": [
      -0.0005246354563935,
      -0.0001275540134879
    ],
    "Oll*Ope": [
      -7.17452822363e-05,
      -1.1647112036e-05
    ],
    "Oll*Opl1": [
      7.39825696837e-05,
      1.54477965374e-05
    ],
    "Oll*OpqMi": [
      -3.80700702701e-05,
      -5.38568440069243e-06
    ],
    "Oll*Opu": [
      0.0001555727473856,
      3.3547320764e-05
    ],
    "Oll*OpWB": [
      -0.0009822758126879,
      -0.0002460304056482
    ],
    "OpD*OpD": [
      0.0005985522309494,
      0.0001403621928276
    ],
    "OpD*Ope": [
      0.0001517556117887,
      2.56682273118e-05
    ],
    "OpD*Opl1": [
      1.89710744285e-05,
      2.814871273771029e-06
    ],
    "OpD*OpqMi": [
      -6.94674573225e-05,
      -1.79221737119e-05
    ],
    "OpD*Opu": [
      -0.0003565612468306,
      -7.56440356688e-05
    ],
    "OpD*OpWB": [
      0.0021245489706299,
      0.0005151107486211
    ],
    "Ope*Ope": [
      0.0002151380984288,
      4.32547553204e-05
    ],
    "Ope*Opl1": [
      0.0,
      0.0
    ],
    "Ope*OpqMi": [
      0.0002314863301713,
      4.65416615871e-05
    ],
    "Ope*Opu": [
      -9.7865020621e-05,
      -1.96763267515e-05
    ],
    "Ope*OpWB": [
      -0.0001643225467912,
      -4.34120677115e-05
    ],
    "Opl1*Opl1": [
      4.43935758662e-05,
      8.925584431197766e-06
    ],
    "Opl1*OpqMi": [
      -5.94018986723e-05,
      -1.19430942794e-05
    ],
    "Opl1*Opu": [
      2.51132238961e-05,
      5.049158484106772e-06
    ],
    "Opl1*OpWB": [
      4.181295726974514e-07,
      -2.056614179457304e-06
    ],
    "OpqMi*OpqMi": [
      9.68214088279e-05,
      1.94665025823e-05
    ],
    "OpqMi*Opu": [
      0.0,
      0.0
    ],
    "OpqMi*OpWB": [
      -0.000330350104936,
      -7.48912339733e-05
    ],
    "Opu*Opu": [
      9.68214088279e-05,
      1.94665025823e-05
    ],
    "Opu*OpWB": [
      -0.0005341342374998,
      -0.0001158632089819
    ],
    "OpWB*OpWB": [
      0.0021431304227082,
      0.0005274404692684
    ]
  },
  "NLO": {
    "SM": [
      0.0434026087290618,
      0.0103790852721811
    ],
    "O3pl1": [
      -0.004042140778559,
      -0.0010036330193531
    ],
    "O3pl2": [
      -0.0052624896105366,
      -0.0012584457481043
    ],
    "Oll": [
      0.0052624896105366,
      0.0012584457481043
    ],
    "OpD": [
      -0.0086539068480632,
      -0.0021040143920302
    ],
    "Ope": [
      -0.0011834445836523,
      -0.0001921201119381
    ],
    "Opl1": [
      0.0012203488319776,
      0.0002548127287512
    ],
    "OpqMi": [
      -0.0006279690741488,
      -8.88373260874e-05
    ],
    "Opu": [
      0.0025661858106725,
      0.000553365933156
    ],
    "OpWB": [
      -0.0162027237742216,
      -0.0040582926417276
    ],
    "O3pl1*O3pl1": [
      0.0001299278976318,
      3.16238686751e-05
    ],
    "O3pl1*O3pl2": [
      0.0002450512132148,
      6.08443650254e-05
    ],
    "O3pl1*Oll": [
      -0.0002450512132148,
      -6.08443650254e-05
    ],
    "O3pl1*OpD": [
      0.000543606530822,
      0.0001303688847617
    ],
    "O3pl1*Ope": [
      7.17452822363e-05,
      1.1647112036e-05
    ],
    "O3pl1*Opl1": [
      1.48045820487e-05,
      2.4033723249014808e-06
    ],
    "O3pl1*OpqMi": [
      -2.13318284022e-05,
      -6.557409878777474e-06
    ],
    "O3pl1*Opu": [
      -0.0001304595234894,
      -2.84981622799e-05
    ],
    "O3pl1*OpWB": [
      0.0009826939422606,
      0.0002439737914688
    ],
    "O3pl2*O3pl2": [
      0.0001595168914493,
      3.81460807814e-05
    ],
    "O3pl2*Oll": [
      -0.0003190337828986,
      -7.62921615629e-05
    ],
    "O3pl2*OpD": [
      0.0005246354563935,
      0.0001275540134879
    ],
    "O3pl2*Ope": [
      7.17452822363e-05,
      1.1647112036e-05
    ],
    "O3pl2*Opl1": [
      -7.39825696837e-05,
      -1.54477965374e-05
    ],
    "O3pl2*OpqMi": [
      3.80700702701e-05,
      5.385684400692452e-06
    ],
    "O3pl2*Opu": [
      -0.0001555727473856,
      -3.3547320764e-05
    ],
    "O3pl2*OpWB": [
      0.0009822758126879,
      0.0002460304056482
    ],
    "Oll*Oll": [
      0.0001595168914493,
      3.81460807814e-05
    ],
    "Oll*OpD": [
      -0.0005246354563935,
      -0.0001275540134879
    ],
    "Oll*Ope": [
      -7.17452822363e-05,
      -1.1647112036e-05
    ],
    "Oll*Opl1": [
      7.39825696837e-05,
      1.54477965374e-05
    ],
    "Oll*OpqMi": [
      -3.80700702701e-05,
      -5.38568440069243e-06
    ],
    "Oll*Opu": [
      0.0001555727473856,
      3.3547320764e-05
    ],
    "Oll*OpWB": [
      -0.0009822758126879,
      -0.0002460304056482
    ],
    "OpD*OpD": [
      0.0005985522309494,
      0.0001403621928276
    ],
    "OpD*Ope": [
      0.0001517556117887,
      2.56682273118e-05
    ],
    "OpD*Opl1": [
      1.89710744285e-05,
      2.814871273771029e-06
    ],
    "OpD*OpqMi": [
      -6.94674573225e-05,
      -1.79221737119e-05
    ],
    "OpD*Opu": [
      -0.0003565612468306,
      -7.56440356688e-05
    ],
    "OpD*OpWB": [
      0.0021245489706299,
      0.0005151107486211
    ],
    "Ope*Ope": [
      0.0002151380984288,
      4.32547553204e-05
    ],
    "Ope*Opl1": [
      0.0,
      0.0
    ],
    "Ope*OpqMi": [
      0.0002314863301713,
      4.65416615871e-05
    ],
    "Ope*Opu": [
      -9.7865020621e-05,
      -1.96763267515e-05
    ],
    "Ope*OpWB": [
      -0.0001643225467912,
      -4.34120677115e-05
    ],
    "Opl1*Opl1": [
      4.43935758662e-05,
      8.925584431197766e-06
    ],
    "Opl1*OpqMi": [
      -5.94018986723e-05,
      -1.19430942794e-05
    ],
    "Opl1*Opu": [
      2.51132238961e-05,
      5.049158484106772e-06
    ],