{
    "best_sm": [
        0.9651429351911136
    ],
    "scales": [
        1000.0
    ],
    "theory_cov": [
        [
            0.0
        ]
    ],
    "LO": {
        "SM": [
            0.9651429351911136
        ],
        "O3pl1": [
            0.0031277172771823
        ],
        "O3pl2": [
            -9.213463325608019e-14
        ],
        "Oee1111": [
            0.031890894532605
        ],
        "Ole1111": [
            0.2156974977787894
        ],
        "Oll": [
            6.235290062051035e-14
        ],
        "Oll1111": [
            0.0026855795221664
        ],
        "OpD": [
            0.0005405183630593
        ],
        "Ope": [
            -0.0059362332757134
        ],
        "Opl1": [
            0.0031277172771796
        ],
        "OpWB": [
            0.0058406727247803
        ],
        "O3pl1*O3pl1": [
            0.0001711473730702
        ],
        "O3pl1*O3pl2": [
            0.0001896150963772
        ],
        "O3pl1*Oee1111": [
            0.0194181732726079
        ],
        "O3pl1*Ole1111": [
            0.0083618482570333
        ],
        "O3pl1*Oll": [
            -0.00018961509638
        ],
        "O3pl1*Oll1111": [
            0.0018066241260475
        ],
        "O3pl1*OpD": [
            0.0004360986785184
        ],
        "O3pl1*Ope": [
            -0.0001315674626234
        ],
        "O3pl1*Opl1": [
            0.0001526796497429
        ],
        "O3pl1*OpWB": [
            0.0009932839301109
        ],
        "O3pl2*O3pl2": [
            -1.5259928737298978e-14
        ],
        "O3pl2*Oee1111": [
            0.0019333573029324
        ],
        "O3pl2*Ole1111": [
            0.0130764702204445
        ],
        "O3pl2*Oll": [
            2.737653853612798e-14
        ],
        "O3pl2*Oll1111": [
            0.0001628108856121
        ],
        "O3pl2*OpD": [
            3.27684481596e-05
        ],
        "O3pl2*Ope": [
            -0.0003598788973083
        ],
        "O3pl2*Opl1": [
            0.0001896150963926
        ],
        "O3pl2*OpWB": [
            0.0003540856232737
        ],
        "Oee1111*Oee1111": [
            -4.8517370613453945
        ],
        "Oee1111*Ole1111": [
            1.1952193018237145
        ],
        "Oee1111*Oll": [
            -0.0019333573030937
        ],
        "Oee1111*Oll1111": [
            0.0286180391616515
        ],
        "Oee1111*OpD": [
            0.0065666973115698
        ],
        "Oee1111*Ope": [
            -0.0328370199703113
        ],
        "Oee1111*Opl1": [
            0.0174848159691631
        ],
        "Oee1111*OpWB": [
            0.0398716671671195
        ],
        "Ole1111*Ole1111": [
            -4.863581932376188
        ],
        "Ole1111*Oll": [
            -0.013076470220475
        ],
        "Ole1111*Oll1111": [
            0.0986693995927917
        ],
        "Ole1111*OpD": [
            0.0264326862436945
        ],
        "Ole1111*Ope": [
            0.017843355597723
        ],
        "Ole1111*Opl1": [
            -0.0047146219635261
        ],
        "Ole1111*OpWB": [
            0.0400337341594331
        ],
        "Oll*Oll": [
            -1.1648234460315264e-14
        ],
        "Oll*Oll1111": [
            -0.0001628108856252
        ],
        "Oll*OpD": [
            -3.27684481701e-05
        ],
        "Oll*Ope": [
            0.0003598788973073
        ],
        "Oll*Opl1": [
            -0.0001896150963934
        ],
        "Oll*OpWB": [
            -0.0003540856232845
        ],
        "Oll1111*Oll1111": [
            -0.3709106463719722
        ],
        "Oll1111*OpD": [
            0.0008640028277235
        ],
        "Oll1111*Ope": [
            -0.0025277596930545
        ],
        "Oll1111*Opl1": [
            0.001643813240393
        ],
        "Oll1111*OpWB": [
            0.0036777062428547
        ],
        "OpD*OpD": [
            8.36095944478e-05
        ],
        "OpD*Ope": [
            -0.0006847319944039
        ],
        "OpD*Opl1": [
            0.0004033302303345
        ],
        "OpD*OpWB": [
            0.0008755584970498
        ],
        "Ope*Ope": [
            -0.0003133729251042
        ],
        "Ope*Opl1": [
            0.0002283114346819
        ],
        "Ope*OpWB": [
            -0.0009177227657919
        ],
        "Opl1*Opl1": [
            -1.8467723326e-05
        ],
        "Opl1*OpWB": [
            0.0006391983067785
        ],
        "OpWB*OpWB": [
            0.0012580332401164
        ]
    }
}