{
    "best_sm": [
        1.857308771866504,
        0.4462611702359271
    ],
    "scales": [
        250.0,
        500.0
    ],
    "theory_cov": [
        [
            0.0,
            0.0
        ],
        [
            0.0,
            0.0
        ]
    ],
    "LO": {
        "SM": [
            1.857308771866504,
            0.4462611702359271
        ],
        "O3pl1": [
            -0.1469624191871018,
            -0.0380376370499943
        ],
        "O3pl2": [
            -0.2251954064908873,
            -0.0541083782915563
        ],
        "O3pl3": [
            0.111769330708613,
            0.0241317487469592
        ],
        "Oee1133": [
            0.141071620296798,
            0.1374524389804858
        ],
        "Ole1133": [
            0.5215016171673222,
            0.5591148221786607
        ],
        "Ole3311": [
            0.0312009514544551,
            0.0334513141474412
        ],
        "Oll": [
            0.2251954064908872,
            0.0541083782915562
        ],
        "Oll1133": [
            2.6781908359935604,
            2.5846411119831587
        ],
        "Oll1331": [
            2.6781908359935604,
            2.5846411119831587
        ],
        "OpD": [
            -0.1608211029023244,
            -0.0446471377413867
        ],
        "Ope": [
            -0.0021706644015308,
            -0.0004159900997155
        ],
        "Opl1": [
            0.0782329873037857,
            0.016070741241562
        ],
        "Opl3": [
            0.111769330708613,
            0.0241317487469592
        ],
        "Opta": [
            0.0395343122003552,
            0.0096084817200664
        ],
        "OpWB": [
            -0.4862472677948428,
            -0.127009264777922
        ],
        "O3pl1*O3pl1": [
            0.0055544883732491,
            0.0013637581239213
        ],
        "O3pl1*O3pl2": [
            0.0089094668126895,
            0.0023059981375143
        ],
        "O3pl1*O3pl3": [
            -0.0025598411138001,
            -0.0006152995925011
        ],
        "O3pl1*Oee1133": [
            -0.0085523423348557,
            -0.0083329326653283
        ],
        "O3pl1*Ole1133": [
            -0.0714731466555799,
            -0.0696395087031008
        ],
        "O3pl1*Ole3311": [
            -0.0018915301139259,
            -0.0020279563638513
        ],
        "O3pl1*Oll": [
            -0.0089094668126895,
            -0.0023059981375143
        ],
        "O3pl1*Oll1133": [
            -0.063231149522666,
            -0.0677916841630324
        ],
        "O3pl1*Oll1331": [
            -0.063231149522666,
            -0.0677916841630324
        ],
        "O3pl1*OpD": [
            0.0123024016810011,
            0.0031838387282352
        ],
        "O3pl1*Ope": [
            0.0001315946114244,
            2.52190322418e-05
        ],
        "O3pl1*Opl1": [
            0.0021995099338088,
            0.0004215181103284
        ],
        "O3pl1*Opl3": [
            -0.0025598411138001,
            -0.0006152995925011
        ],
        "O3pl1*Opta": [
            -0.0057870179720846,
            -0.0012641421099363
        ],
        "O3pl1*OpWB": [
            0.0326020461832792,
            0.0082505368442243
        ],
        "O3pl2*O3pl2": [
            0.0068261362721115,
            0.0016401363128873
        ],
        "O3pl2*O3pl3": [
            -0.0067759169189854,
            -0.0014629659458685
        ],
        "O3pl2*Oee1133": [
            -0.0085523423348557,
            -0.0083329326653283
        ],
        "O3pl2*Ole1133": [
            -0.031615574761333,
            -0.0338958420815162
        ],
        "O3pl2*Ole3311": [
            -0.0018915301139259,
            -0.0020279563638513
        ],
        "O3pl2*Oll": [
            -0.0136522725442231,
            -0.0032802726257746
        ],
        "O3pl2*Oll1133": [
            -0.1623629530822806,
            -0.1566915837212074
        ],
        "O3pl2*Oll1331": [
            -0.1623629530822806,
            -0.1566915837212074
        ],
        "O3pl2*OpD": [
            0.0097496372679073,
            0.0027066932770209
        ],
        "O3pl2*Ope": [
            0.0001315946114244,
            2.52190322418e-05
        ],
        "O3pl2*Opl1": [
            -0.0047428057315336,
            -0.0009742744882603
        ],
        "O3pl2*Opl3": [
            -0.0067759169189854,
            -0.0014629659458685
        ],
        "O3pl2*Opta": [
            -0.0023967327460984,
            -0.0005825057145818
        ],
        "O3pl2*OpWB": [
            0.0294783109800585,
            0.0076998244564982
        ],
        "O3pl3*O3pl3": [
            0.0021895920864434,
            0.0004402301156433
        ],
        "O3pl3*Oee1133": [
            0.0,
            0.0
        ],
        "O3pl3*Ole1133": [
            0.0,
            0.0
        ],
        "O3pl3*Ole3311": [
            -0.0023846410535019,
            -0.0021385099688127
        ],
        "O3pl3*Oll": [
            0.0067759169189854,
            0.0014629659458686
        ],
        "O3pl3*Oll1133": [
            0.0991318035596145,
            0.0888998995581749
        ],
        "O3pl3*Oll1331": [
            0.0991318035596145,
            0.0888998995581749
        ],
        "O3pl3*OpD": [
            -0.0022736842843827,
            -0.0006325912080646
        ],
        "O3pl3*Ope": [
            -0.0002028375776231,
            -4.07816646793e-05
        ],
        "O3pl3*Opl1": [
            0.0042160758051852,
            0.0008476663533674
        ],
        "O3pl3*Opl3": [
            0.0043791841728869,
            0.0008804602312867
        ],
        "O3pl3*Opta": [
            0.0,
            0.0
        ],
        "O3pl3*OpWB": [
            -0.0092558640015277,
            -0.0022367714748217
        ],
        "Oee1133*Oee1133": [
            0.0697268084301607,
            0.2789072337206429
        ],
        "Oee1133*Ole1133": [
            0.0,
            0.0
        ],
        "Oee1133*Ole3311": [
            0.0,
            0.0
        ],
        "Oee1133*Oll": [
            0.0085523423348557,
            0.0083329326653283
        ],
        "Oee1133*Oll1133": [
            0.0,
            0.0
        ],
        "Oee1133*Oll1331": [
            0.0,
            0.0
        ],
        "Oee1133*OpD": [
            -0.0196809370736326,
            -0.0188061175696395
        ],
        "Oee1133*Ope": [
            -0.0047692821070038,
            -0.0042770199376255
        ],
        "Oee1133*Opl1": [
            0.0,
            0.0
        ],
        "Oee1133*Opl3": [
            0.0,
            0.0
        ],
        "Oee1133*Opta": [
            -0.0047692821070038,
            -0.0042770199376255
        ],
        "Oee1133*OpWB": [
            -0.0319411431296827,
            -0.0311216956164735
        ],
        "Ole1133*Ole1133": [
            0.2913584495117432,
            1.165433798046973
        ],
        "Ole1133*Ole3311": [
            0.0,
            0.0
        ],
        "Ole1133*Oll": [
            0.031615574761333,
            0.0338958420815162
        ],
        "Ole1133*Oll1133": [
            0.0,
            0.0
        ],
        "Ole1133*Oll1331": [
            0.0,
            0.0
        ],
        "Ole1133*OpD": [
            -0.0750529290127327,
            -0.0769717947170298
        ],
        "Ole1133*Ope": [
            0.0,
            0.0
        ],
        "Ole1133*Opl1": [
            -0.0398575718942468,
            -0.0357436666215846
        ],
        "Ole1133*Opl3": [
            0.0,
            0.0
        ],
        "Ole1133*Opta": [
            0.0495659017798072,
            0.0444499497790874
        ],
        "Ole1133*OpWB": [
            -0.1925070043334019,
            -0.1933410362278933
        ],
        "Ole3311*Ole3311": [
            0.0174317021075401,
            0.0697268084301607
        ],