{
    "best_sm": [
        0.0053581629030785
    ],
    "scales": [
        1000.0
    ],
    "theory_cov": [
        [
            0.0
        ]
    ],
    "LO": {
        "SM": [
            0.0053581629030785
        ],
        "O3pl1": [
            -0.0003308323834048
        ],
        "O3pl2": [
            -0.0006496677834512
        ],
        "Oeb": [
            0.1171383796553896
        ],
        "Olb": [
            0.0096980416628033
        ],
        "Oll": [
            0.0006496677834512
        ],
        "OpD": [
            -0.0007808321201936
        ],
        "Opdi": [
            -0.0003927078216542
        ],
        "Ope": [
            -0.0005722189811863
        ],
        "Opl1": [
            0.0003188354000464
        ],
        "OpQ3": [
            0.0008771791084521
        ],
        "OpQM": [
            0.000438589554226
        ],
        "OpWB": [
            -0.0010119592834214
        ],
        "OQe": [
            -0.0597120093803183
        ],
        "OQl31": [
            0.0927050231001499
        ],
        "OQlM1": [
            0.0463525115500749
        ],
        "O3pl1*O3pl1": [
            1.29190663116e-05
        ],
        "O3pl1*O3pl2": [
            2.00564209327e-05
        ],
        "O3pl1*Oeb": [
            -0.0071014107674917
        ],
        "O3pl1*Olb": [
            -0.0011835684612486
        ],
        "O3pl1*Oll": [
            -2.00564209327e-05
        ],
        "O3pl1*OpD": [
            5.38513197839e-05
        ],
        "O3pl1*Opdi": [
            2.10392955285e-05
        ],
        "O3pl1*Ope": [
            3.4690270143e-05
        ],
        "O3pl1*Opl1": [
            5.781711690501553e-06
        ],
        "O3pl1*OpQ3": [
            -2.14498205567e-05
        ],
        "O3pl1*OpQM": [
            -1.07249102783e-05
        ],
        "O3pl1*OpWB": [
            6.56754936698e-05
        ],
        "O3pl1*OQe": [
            0.0036199878093708
        ],
        "O3pl1*OQl31": [
            0.0012066626031236
        ],
        "O3pl1*OQlM1": [
            0.0006033313015618
        ],
        "O3pl2*O3pl2": [
            1.96927676747e-05
        ],
        "O3pl2*Oeb": [
            -0.0071014107674917
        ],
        "O3pl2*Olb": [
            -0.0005879352069784
        ],
        "O3pl2*Oll": [
            -3.93855353494e-05
        ],
        "O3pl2*OpD": [
            4.73372573725e-05
        ],
        "O3pl2*Opdi": [
            2.38075647057e-05
        ],
        "O3pl2*Ope": [
            3.4690270143e-05
        ],
        "O3pl2*Opl1": [
            -1.93291144167e-05
        ],
        "O3pl2*OpQ3": [
            -5.3178208407e-05
        ],
        "O3pl2*OpQM": [
            -2.65891042035e-05
        ],
        "O3pl2*OpWB": [
            6.13491374278e-05
        ],
        "O3pl2*OQe": [
            0.0036199878093708
        ],
        "O3pl2*OQl31": [
            -0.0056201601147355
        ],
        "O3pl2*OQlM1": [
            -0.0028100800573677
        ],
        "Oeb*Oeb": [
            1.434380059134736
        ],
        "Oeb*Olb": [
            0.0
        ],
        "Oeb*Oll": [
            0.0071014107674917
        ],
        "Oeb*OpD": [
            -0.0159556456906838
        ],
        "Oeb*Opdi": [
            -0.0107213985768625
        ],
        "Oeb*Ope": [
            -0.0035737995256208
        ],
        "Oeb*Opl1": [
            0.0
        ],
        "Oeb*OpQ3": [
            0.0
        ],
        "Oeb*OpQM": [
            0.0
        ],
        "Oeb*OpWB": [
            -0.0265222285154177
        ],
        "Oeb*OQe": [
            0.0
        ],
        "Oeb*OQl31": [
            0.0
        ],
        "Oeb*OQlM1": [
            0.0
        ],
        "Olb*Olb": [
            0.2390633431891225
        ],
        "Olb*Oll": [
            0.0005879352069784
        ],
        "Olb*OpD": [
            -0.0013229260773807
        ],
        "Olb*Opdi": [
            0.0022221448503893
        ],
        "Olb*Ope": [
            0.0
        ],
        "Olb*Opl1": [
            -0.0005956332542701
        ],
        "Olb*OpQ3": [
            0.0
        ],
        "Olb*OpQM": [
            0.0
        ],
        "Olb*OpWB": [
            -0.003308090930305
        ],
        "Olb*OQe": [
            0.0
        ],
        "Olb*OQl31": [
            0.0
        ],
        "Olb*OQlM1": [
            0.0
        ],
        "Oll*Oll": [
            1.96927676747e-05
        ],
        "Oll*OpD": [
            -4.73372573725e-05
        ],
        "Oll*Opdi": [
            -2.38075647057e-05
        ],
        "Oll*Ope": [
            -3.4690270143e-05
        ],
        "Oll*Opl1": [
            1.93291144167e-05
        ],
        "Oll*OpQ3": [
            5.3178208407e-05
        ],
        "Oll*OpQM": [
            2.65891042035e-05
        ],
        "Oll*OpWB": [
            -6.13491374278e-05
        ],
        "Oll*OQe": [
            -0.0036199878093708
        ],
        "Oll*OQl31": [
            0.0056201601147355
        ],
        "Oll*OQlM1": [
            0.0028100800573677
        ],
        "OpD*OpD": [
            5.81189319998e-05
        ],
        "OpD*Opdi": [
            5.3482490851e-05
        ],
        "OpD*Ope": [
            7.76941394662e-05
        ],
        "OpD*Opl1": [
            6.5140624114535024e-06
        ],
        "OpD*OpQ3": [
            -5.41982722516e-05
        ],
        "OpD*OpQM": [
            -2.70991361258e-05
        ],
        "OpD*OpWB": [
            0.0001383539940112
        ],
        "OpD*OQe": [
            0.0080986219885146
        ],
        "OpD*OQl31": [
            0.0013631924584382
        ],
        "OpD*OQlM1": [
            0.0006815962292191
        ],
        "Opdi*Opdi": [
            2.51983344546e-05
        ],
        "Opdi*Ope": [
            1.33563377795e-05
        ],
        "Opdi*Opl1": [
            -2.768269177198665e-06
        ],
        "Opdi*OpQ3": [
            0.0
        ],
        "Opdi*OpQM": [
            0.0
        ],
        "Opdi*OpWB": [
            8.37466465662e-05
        ],
        "Opdi*OQe": [
            0.0
        ],
        "Opdi*OQl31": [
            0.0
        ],
        "Opdi*OQlM1": [
            0.0
        ],
        "Ope*Ope": [
            7.53324783216e-05
        ],
        "Ope*Opl1": [
            0.0
        ],
        "Ope*OpQ3": [
            -0.0001530830414971
        ],
        "Ope*OpQM": [
            -7.65415207485e-05
        ],
        "Ope*OpWB": [
            -1.33723542012e-05
        ],
        "Ope*OQe": [
            0.0204804681535776
        ],
        "Ope*OQl31": [
            0.0
        ],
        "Ope*OQlM1": [
            0.0
        ],
        "Opl1*Opl1": [
            1.25554130536e-05
        ],
        "Opl1*OpQ3": [
            3.17283878503e-05
        ],
        "Opl1*OpQM": [
            1.58641939251e-05
        ],
        "Opl1*OpWB": [
            4.326356241969967e-06
        ],
        "Opl1*OQe": [
            0.0
        ],
        "Opl1*OQl31": [
            0.0068268227178592
        ],
        "Opl1*OQlM1": [
            0.0034134113589296
        ],
        "OpQ3*OpQ3": [
            0.0001007933378185
        ],
        "OpQ3*OpQM": [
            0.0001007933378185
        ],
        "OpQ3*OpWB": [
            4.88608759121e-05
        ],
        "OpQ3*OQe": [
            -0.0214427971537251
        ],
        "OpQ3*OQl31": [
            0.0088885794015572
        ],
        "OpQ3*OQlM1": [
            0.0044442897007786
        ],
        "OpQM*OpQM": [
            2.51983344546e-05
        ],
        "OpQM*OpWB": [
            2.4430437956e-05
        ],
        "OpQM*OQe": [
            -0.0107213985768625
        ],
        "OpQM*OQl31": [
            0.0044442897007786
        ],
        "OpQM*OQlM1": [
            0.0022221448503893
        ],
        "OpWB*OpWB": [
            0.0001414129559174
        ],