{
  "best_sm": [
    0.2123
  ],
  "theory_cov": [
    [
      0.0
    ]
  ],
  "LO": {
    "SM": [
      0.2123
    ],
    "OpD": [
      -0.006433
    ],
    "Opd": [
      0.02574
    ],
    "OpW": [
      -0.01038
    ],
    "O3pl1": [
      -0.131
    ],
    "O3pl2": [
      -0.03864
    ],
    "Oll": [
      0.0386
    ],
    "OpD^2": [
      4.875e-05
    ],
    "Opd^2": [
      0.0007801
    ],
    "OpW^2": [
      0.008565
    ],
    "O3pl1^2": [
      0.04028
    ],
    "O3pl2^2": [
      0.001755
    ],
    "Oll^2": [
      0.001756
    ],
    "Opd*OpD": [
      -0.00038975000000000007
    ],
    "OpD*OpW": [
      0.00016624999999999973
    ],
    "O3pl1*OpD": [
      0.001971249999999994
    ],
    "O3pl2*OpD": [
      0.00058525
    ],
    "Oll*OpD": [
      -0.00058475
    ],
    "Opd*OpW": [
      -0.0006251
    ],
    "O3pl1*Opd": [
      -0.007940100000000007
    ],
    "O3pl2*Opd": [
      -0.0023401
    ],
    "Oll*Opd": [
      0.002341900000000001
    ],
    "O3pl1*OpW": [
      0.009774999999999995
    ],
    "O3pl2*OpW": [
      0.0009500000000000012
    ],
    "Oll*OpW": [
      -0.000941
    ],
    "O3pl1*O3pl2": [
      0.011885
    ],
    "Oll*O3pl1": [
      -0.011916000000000003
    ],
    "Oll*O3pl2": [
      -0.0035110000000000002
    ]
  }
}
