{
    "best_sm": [
        0.9503580840570246,
        0.95140485938062
    ],
    "scales": [
        250.0,
        500.0
    ],
    "theory_cov": [
        [
            0.0,
            0.0
        ],
        [
            0.0,
            0.0
        ]
    ],
    "LO": {
        "SM": [
            0.9503580840570246,
            0.95140485938062
        ],
        "O3pl1": [
            0.0036186430610554,
            0.003821233246151
        ],
        "O3pl2": [
            5.412337245047638e-16,
            8.659739592076221e-15
        ],
        "Oee1111": [
            -0.0017913426842653,
            -0.006189181933297
        ],
        "Ole1111": [
            0.0375433746297555,
            0.1465786038179121
        ],
        "Oll": [
            1.8041124150158796e-16,
            -1.1587952819525071e-14
        ],
        "Oll1111": [
            -0.0004036460329658,
            -0.0013409193228233
        ],
        "OpD": [
            0.0015898422963955,
            0.001396686300358
        ],
        "Ope": [
            -0.0049390144931584,
            -0.0057798528706591
        ],
        "Opl1": [
            0.0036186430610585,
            0.0038212332461433
        ],
        "OpWB": [
            0.006757423371464,
            0.0071357385654059
        ],
        "O3pl1*O3pl1": [
            0.0001990833096992,
            0.0002471046513322
        ],
        "O3pl1*O3pl2": [
            0.000219377038278,
            0.0002316588892519
        ],
        "O3pl1*Oee1111": [
            0.0005008998840107,
            0.0026357733633175
        ],
        "O3pl1*Ole1111": [
            0.0020575119908114,
            0.0071527802382637
        ],
        "O3pl1*Oll": [
            -0.0002193770382779,
            -0.0002316588892527
        ],
        "O3pl1*Oll1111": [
            8.64977893763e-05,
            0.0005613215031041
        ],
        "O3pl1*OpD": [
            0.0004740587984153,
            0.0005465183517626
        ],
        "O3pl1*Ope": [
            -0.000218011214603,
            -0.0003038445331177
        ],
        "O3pl1*Opl1": [
            0.000178789581121,
            0.0002625504134132
        ],
        "O3pl1*OpWB": [
            0.0011531957904849,
            0.001355480107276
        ],
        "O3pl2*O3pl2": [
            8.673617379884035e-18,
            1.5170156797417178e-15
        ],
        "O3pl2*Oee1111": [
            -0.0001085985674697,
            -0.0003752136861677
        ],
        "O3pl2*Ole1111": [
            0.0022760339149993,
            0.0088861983450623
        ],
        "O3pl2*Oll": [
            -9.020562075079396e-17,
            -3.772156198511567e-15
        ],
        "O3pl2*Oll1111": [
            -2.44706841019e-05,
            -8.12920491581e-05
        ],
        "O3pl2*OpD": [
            9.63827844933e-05,
            8.4672872902e-05
        ],
        "O3pl2*Ope": [
            -0.0002994233897182,
            -0.0003503984734212
        ],
        "O3pl2*Opl1": [
            0.0002193770382782,
            0.0002316588892483
        ],
        "O3pl2*OpWB": [
            0.0004096628212871,
            0.0004325978456581
        ],
        "Oee1111*Oee1111": [
            -0.0115937662420215,
            -0.1981264523023199
        ],
        "Oee1111*Ole1111": [
            0.0064994581843496,
            0.1195966900215953
        ],
        "Oee1111*Oll": [
            0.0001085985674698,
            0.0003752136861651
        ],
        "Oee1111*Oll1111": [
            -0.0001423137948464,
            -0.0022939005013172
        ],
        "Oee1111*OpD": [
            0.0001084558907596,
            0.0004261496984778
        ],
        "Oee1111*Ope": [
            -0.0007718444268885,
            -0.0045946507039448
        ],
        "Oee1111*Opl1": [
            0.0006094984514811,
            0.003010987049486
        ],
        "Oee1111*OpWB": [
            0.000732580152373,
            0.0042213499748554
        ],
        "Ole1111*Ole1111": [
            -0.0179472314995498,
            -0.3180051207927244
        ],
        "Ole1111*Oll": [
            -0.0022760339149992,
            -0.0088861983450643
        ],
        "Ole1111*Oll1111": [
            0.0014093253872824,
            0.0270525605930553
        ],
        "Ole1111*OpD": [
            0.0040088119051218,
            0.0160643265340546
        ],
        "Ole1111*Ope": [
            0.0005710200981509,
            0.0050301912609974
        ],
        "Ole1111*Opl1": [
            -0.0002185219241873,
            -0.0017334181067981
        ],
        "Ole1111*OpWB": [
            0.0080924268824257,
            0.0299510526195646
        ],
        "Oll*Oll": [
            -7.806255641895632e-17,
            1.8708992688409865e-15
        ],
        "Oll*Oll1111": [
            2.44706841019e-05,
            8.12920491575e-05
        ],
        "Oll*OpD": [
            -9.63827844934e-05,
            -8.46728729038e-05
        ],
        "Oll*Ope": [
            0.0002994233897182,
            0.0003503984734212
        ],
        "Oll*Opl1": [
            -0.0002193770382782,
            -0.0002316588892484
        ],
        "Oll*OpWB": [
            -0.0004096628212868,
            -0.0004325978456591
        ],
        "Oll1111*Oll1111": [
            -0.0023417329342787,
            -0.040067507876841
        ],
        "Oll1111*OpD": [
            -1.07543090773e-05,
            4.2238757028e-05
        ],
        "Oll1111*Ope": [
            -0.0001851417989156,
            -0.0010737968799313
        ],
        "Oll1111*Opl1": [
            0.0001109684734783,
            0.0006426135522624
        ],
        "Oll1111*OpWB": [
            0.0001158288904913,
            0.0008964029323477
        ],
        "OpD*OpD": [
            0.0001726035300959,
            0.0001798488150636
        ],
        "OpD*Ope": [
            -0.0004930318816613,
            -0.0006120570641363
        ],
        "OpD*Opl1": [
            0.0003776760139229,
            0.0004618454788615
        ],
        "OpD*OpWB": [
            0.0010652377754185,
            0.0011786811413561
        ],
        "Ope*Ope": [
            -6.22917637464e-05,
            -5.33344951381e-05
        ],
        "Ope*Opl1": [
            8.1412175115e-05,
            4.65539403034e-05
        ],
        "Ope*OpWB": [
            -0.0009662529930265,
            -0.0012217278433918
        ],
        "Opl1*Opl1": [
            -2.02937285785e-05,
            1.54457620824e-05
        ],
        "Opl1*OpWB": [
            0.0007435329692,
            0.0009228822616222
        ],
        "OpWB*OpWB": [
            0.0014592344604447,
            0.0016695208045125
        ]
    }
}