{
    "best_sm": [
        0.4859644926351024,
        0.4468172461646668
    ],
    "scales": [
        250.0,
        500.0
    ],
    "theory_cov": [
        [
            0.0,
            0.0
        ],
        [
            0.0,
            0.0
        ]
    ],
    "LO": {
        "SM": [
            0.4859644926351024,
            0.4468172461646668
        ],
        "cll1133": [
            0.068692168197453,
            0.3189279886701374
        ],
        "O3pl1": [
            0.0078293395666328,
            0.0077096770715875
        ],
        "O3pl2": [
            -4.85722573273506e-16,
            1.457167719820518e-16
        ],
        "O3pl3": [
            0.0267057300079811,
            0.0256661303500237
        ],
        "Oll": [
            -5.551115123125783e-17,
            -1.6653345369377348e-16
        ],
        "Oll1331": [
            0.068692168197453,
            0.3189279886701374
        ],
        "OpD": [
            0.0108772470137958,
            0.0099359060192813
        ],
        "Ope": [
            -0.0396008805824703,
            -0.0386697697869348
        ],
        "Opl1": [
            0.0078293395666333,
            0.0077096770715874
        ],
        "Opl3": [
            0.0267057300079811,
            0.0256661303500237
        ],
        "Opta": [
            -0.0161266630095686,
            -0.0163395635748215
        ],
        "OpWB": [
            0.0644904961171038,
            0.0623256998014218
        ],
        "cll1133*cll1133": [
            0.0087033849257054,
            0.1867714895858427
        ],
        "cll1133*O3pl1": [
            0.0036730602649965,
            0.0184986219760784
        ],
        "cll1133*O3pl2": [
            0.0041644020031254,
            0.019334727520216
        ],
        "cll1133*O3pl3": [
            -0.0052284636419435,
            -0.0177509604201299
        ],
        "cll1133*Oll": [
            -0.0041644020031252,
            -0.0193347275202159
        ],
        "cll1133*Oll1331": [
            0.0174067698514109,
            0.3735429791716855
        ],
        "cll1133*OpD": [
            0.0115052101118243,
            0.0545076000376914
        ],
        "cll1133*Ope": [
            0.013606152835082,
            0.052164235221536
        ],
        "cll1133*Opl1": [
            -0.0004913417381288,
            -0.0008361055441377
        ],
        "cll1133*Opl3": [
            -0.0052284636419435,
            -0.0177509604201299
        ],
        "cll1133*Opta": [
            0.0077151838712315,
            0.0311293353127403
        ],
        "cll1133*OpWB": [
            0.0048720219140589,
            0.0375016830917455
        ],
        "O3pl1*O3pl1": [
            0.0002706200423817,
            0.0003120708881402
        ],
        "O3pl1*O3pl2": [
            0.0004746467935137,
            0.000467392360481
        ],
        "O3pl1*O3pl3": [
            0.0015396874510666,
            0.001527628368129
        ],
        "O3pl1*Oll": [
            -0.0004746467935138,
            -0.000467392360481
        ],
        "O3pl1*Oll1331": [
            0.0036730602649965,
            0.0184986219760784
        ],
        "O3pl1*OpD": [
            0.0016600354072326,
            0.0016278017250917
        ],
        "O3pl1*Ope": [
            -0.0018854051711987,
            -0.0019290423414375
        ],
        "O3pl1*Opl1": [
            6.65932912496e-05,
            0.0001567494157993
        ],
        "O3pl1*Opl3": [
            0.0015396874510666,
            0.001527628368129
        ],
        "O3pl1*Opta": [
            -5.35012952771e-05,
            -0.0002242507981025
        ],
        "O3pl1*OpWB": [
            0.0047722578351099,
            0.0048910018549916
        ],
        "O3pl2*O3pl2": [
            -4.618701254788249e-17,
            2.255140518769849e-17
        ],
        "O3pl2*O3pl3": [
            0.0016190112855439,
            0.0015559864748318
        ],
        "O3pl2*Oll": [
            3.122502256758253e-17,
            -4.7271214720367993e-17
        ],
        "O3pl2*Oll1331": [
            0.0041644020031254,
            0.019334727520216
        ],
        "O3pl2*OpD": [
            0.0006594234894803,
            0.0006023555234219
        ],
        "O3pl2*Ope": [
            -0.0024007683954468,
            -0.0023443206261623
        ],
        "O3pl2*Opl1": [
            0.0004746467935138,
            0.000467392360481
        ],
        "O3pl2*Opl3": [
            0.0016190112855439,
            0.0015559864748318
        ],
        "O3pl2*Opta": [
            -0.0009776646960353,
            -0.0009905716046927
        ],
        "O3pl2*OpWB": [
            0.003909679345695,
            0.0037784404817906
        ],
        "O3pl3*O3pl3": [
            -0.0006734767557457,
            -0.0004664217847305
        ],
        "O3pl3*Oll": [
            -0.0016190112855439,
            -0.0015559864748318
        ],
        "O3pl3*Oll1331": [
            -0.0052284636419435,
            -0.0177509604201299
        ],
        "O3pl3*OpD": [
            0.0029671323350919,
            0.0029704949414252
        ],
        "O3pl3*Ope": [
            0.0025324409700578,
            0.0018981772625397
        ],
        "O3pl3*Opl1": [
            -7.93238344773e-05,
            -2.83581067027e-05
        ],
        "O3pl3*Opl3": [
            -0.0013469535114914,
            -0.000932843569461
        ],
        "O3pl3*Opta": [
            0.0009560477007748,
            0.0007733812582249
        ],
        "O3pl3*OpWB": [
            0.003383237672456,
            0.0040163320407606
        ],
        "Oll*Oll": [
            1.8865117801247777e-17,
            2.6020852139652106e-17
        ],
        "Oll*Oll1331": [
            -0.0041644020031252,
            -0.0193347275202159
        ],
        "Oll*OpD": [
            -0.0006594234894804,
            -0.0006023555234219
        ],
        "Oll*Ope": [
            0.0024007683954468,
            0.0023443206261623
        ],
        "Oll*Opl1": [
            -0.0004746467935138,
            -0.000467392360481
        ],
        "Oll*Opl3": [
            -0.0016190112855439,
            -0.0015559864748318
        ],
        "Oll*Opta": [
            0.0009776646960353,
            0.0009905716046927
        ],
        "Oll*OpWB": [
            -0.0039096793456953,
            -0.0037784404817906
        ],
        "Oll1331*Oll1331": [
            0.0087033849257054,
            0.1867714895858427
        ],
        "Oll1331*OpD": [
            0.0115052101118243,
            0.0545076000376914
        ],
        "Oll1331*Ope": [
            0.013606152835082,
            0.052164235221536
        ],
        "Oll1331*Opl1": [
            -0.0004913417381288,
            -0.0008361055441377
        ],
        "Oll1331*Opl3": [
            -0.0052284636419435,
            -0.0177509604201299
        ],
        "Oll1331*Opta": [
            0.0077151838712315,
            0.0311293353127403
        ],
        "Oll1331*OpWB": [
            0.0048720219140589,
            0.0375016830917455
        ],
        "OpD*OpD": [
            0.0016172872446258,
            0.0015174457759025
        ],
        "OpD*Ope": [
            -0.0035889055260279,
            -0.0037073662534609
        ],
        "OpD*Opl1": [
            0.0010006119177523,
            0.0010254462016698
        ],
        "OpD*Opl3": [
            0.0029671323350919,
            0.0029704949414252
        ],
        "OpD*Opta": [
            -0.0011433888218879,
            -0.0012885512025228
        ],
        "OpD*OpWB": [
            0.0098721356437645,
            0.0097116538056201
        ],
        "Ope*Ope": [
            -0.0020380841097424,
            -0.001568560368225
        ],
        "Ope*Opl1": [
            0.0005153632242481,
            0.0004152782847248
        ],