{
  "best_sm": [
    0.5155608179893302,
    0.478225209135531
  ],
  "scales": [
    250.0,
    500.0
  ],
  "theory_cov": [
    [
      0.0,
      0.0
    ],
    [
      0.0,
      0.0
    ]
  ],
  "LO": {
    "SM": [
      0.5155608179893302,
      0.478225209135531
    ],
    "cll1133": [
      0.2502898429401593,
      1.1970311457072356
    ],
    "O3pl1": [
      0.0317790965928634,
      0.0318662617084168
    ],
    "O3pl2": [
      0.0,
      2.42861286636753e-16
    ],
    "O3pl3": [
      0.0150058671736788,
      0.0156341256065958
    ],
    "Oll": [
      -2.914335439641036e-16,
      -2.42861286636753e-16
    ],
    "Oll1331": [
      0.2502898429401593,
      1.1970311457072356
    ],
    "OpD": [
      0.0350750402216815,
      0.0362606309246221
    ],
    "Ope": [
      -0.0069783711438188,
      -0.0069317790396324
    ],
    "Opl1": [
      0.0317790965928635,
      0.0318662617084169
    ],
    "Opl3": [
      0.0150058671736788,
      0.0156341256065958
    ],
    "Opta": [
      -0.0278371490976634,
      -0.0271176665752319
    ],
    "OpWB": [
      0.0873658446700487,
      0.0887018205387239
    ],
    "cll1133*cll1133": [
      -0.215501015769799,
      -4.059134691777283
    ],
    "cll1133*O3pl1": [
      -0.0262295132821599,
      -0.0904551242936162
    ],
    "cll1133*O3pl2": [
      0.0151736005814495,
      0.0725689555562938
    ],
    "cll1133*O3pl3": [
      -0.023091529265539,
      -0.0950749920607006
    ],
    "cll1133*Oll": [
      -0.0151736005814491,
      -0.0725689555562935
    ],
    "cll1133*Oll1331": [
      -0.4310020315395981,
      -8.118269383554566
    ],
    "cll1133*OpD": [
      -0.0245550884954194,
      -0.081293274244923
    ],
    "cll1133*Ope": [
      0.0099519752747073,
      0.0394597405942726
    ],
    "cll1133*Opl1": [
      -0.0414031138636094,
      -0.1630240798499115
    ],
    "cll1133*Opl3": [
      -0.023091529265539,
      -0.0950749920607006
    ],
    "cll1133*Opta": [
      0.0327238141119751,
      0.1239595646257937
    ],
    "cll1133*OpWB": [
      -0.0637666436077559,
      -0.2109427139299419
    ],
    "O3pl1*O3pl1": [
      0.0001127235300066,
      0.0004451494109314
    ],
    "O3pl1*O3pl2": [
      0.0019265796521143,
      0.0019318639602289
    ],
    "O3pl1*O3pl3": [
      -0.0009030699629271,
      -0.000629643182024
    ],
    "O3pl1*Oll": [
      -0.0019265796521143,
      -0.0019318639602289
    ],
    "O3pl1*Oll1331": [
      -0.0262295132821599,
      -0.0904551242936162
    ],
    "O3pl1*OpD": [
      0.0008903048109748,
      0.0016452830549725
    ],
    "O3pl1*Ope": [
      -4.36953593984e-05,
      -0.0001044546818226
    ],
    "O3pl1*Opl1": [
      -0.0017011325921011,
      -0.001041565138366
    ],
    "O3pl1*Opl3": [
      -0.0009030699629271,
      -0.000629643182024
    ],
    "O3pl1*Opta": [
      0.0009487558114034,
      0.000407801390453
    ],
    "O3pl1*OpWB": [
      0.002332291244143,
      0.0040942925118293
    ],
    "O3pl2*O3pl2": [
      -9.974659986866641e-18,
      2.580401170515501e-17
    ],
    "O3pl2*O3pl3": [
      0.000909717438778,
      0.0009478050511678
    ],
    "O3pl2*Oll": [
      -2.2117724318704287e-17,
      -5.247538514829842e-17
    ],
    "O3pl2*Oll1331": [
      0.0151736005814495,
      0.0725689555562938
    ],
    "O3pl2*OpD": [
      0.0021263933224382,
      0.0021982687112601
    ],
    "O3pl2*Ope": [
      -0.0004230575847647,
      -0.0004202329796155
    ],
    "O3pl2*Opl1": [
      0.0019265796521143,
      0.0019318639602289
    ],
    "O3pl2*Opl3": [
      0.000909717438778,
      0.0009478050511678
    ],
    "O3pl2*Opta": [
      -0.001687602568176,
      -0.0016439845759616
    ],
    "O3pl2*OpWB": [
      0.0052964771399102,
      0.0053774694965301
    ],
    "O3pl3*O3pl3": [
      -0.0007434028111345,
      -0.000657394783396
    ],
    "O3pl3*Oll": [
      -0.000909717438778,
      -0.0009478050511678
    ],
    "O3pl3*Oll1331": [
      -0.023091529265539,
      -0.0950749920607006
    ],
    "O3pl3*OpD": [
      -0.0010838976001429,
      -0.0007292959955726
    ],
    "O3pl3*Ope": [
      0.0008286929460421,
      0.0006992933486792
    ],
    "O3pl3*Opl1": [
      -0.0018127874017052,
      -0.0015774482331918
    ],
    "O3pl3*Opl3": [
      -0.001486805622269,
      -0.001314789566792
    ],
    "O3pl3*Opta": [
      0.0012340759157929,
      0.0010259292434831
    ],
    "O3pl3*OpWB": [
      -0.0027640347730599,
      -0.0018610941126531
    ],
    "Oll*Oll": [
      2.6454533008646308e-17,
      2.4936649967166602e-17
    ],
    "Oll*Oll1331": [
      -0.0151736005814491,
      -0.0725689555562935
    ],
    "Oll*OpD": [
      -0.0021263933224382,
      -0.0021982687112601
    ],
    "Oll*Ope": [
      0.0004230575847647,
      0.0004202329796155
    ],
    "Oll*Opl1": [
      -0.0019265796521143,
      -0.0019318639602289
    ],
    "Oll*Opl3": [
      -0.000909717438778,
      -0.0009478050511678
    ],
    "Oll*Opta": [
      0.0016876025681761,
      0.0016439845759616
    ],
    "Oll*OpWB": [
      -0.0052964771399103,
      -0.0053774694965301
    ],
    "Oll1331*Oll1331": [
      -0.215501015769799,
      -4.059134691777283
    ],
    "Oll1331*OpD": [
      -0.0245550884954194,
      -0.081293274244923
    ],
    "Oll1331*Ope": [
      0.0099519752747073,
      0.0394597405942726
    ],
    "Oll1331*Opl1": [
      -0.0414031138636094,
      -0.1630240798499115
    ],
    "Oll1331*Opl3": [
      -0.023091529265539,
      -0.0950749920607006
    ],
    "Oll1331*Opta": [
      0.0327238141119751,
      0.1239595646257937
    ],
    "Oll1331*OpWB": [
      -0.0637666436077559,
      -0.2109427139299419
    ],
    "OpD*OpD": [
      0.0007915568996108,
      0.001262192609146
    ],
    "OpD*Ope": [
      0.000383488005463,
      0.0002396131398091
    ],
    "OpD*Opl1": [
      -0.0012360885114633,
      -0.0005529856562876
    ],
    "OpD*Opl3": [
      -0.0010838976001429,
      -0.0007292959955726
    ],
    "OpD*Opta": [
      0.0005727489012923,
      2.03579131498e-05
    ],
    "OpD*OpWB": [
      0.0036092953285267,
      0.0058155348218281
    ],
    "Ope*Ope": [
      -0.0002567245021184,
      -0.0002024194223943
    ],
    "Ope*Opl1": [
      0.0003793622253663,
      0.0003157782977929
    ],
    "Ope*Opl3": [
      0.0008286929460421,
      0.0006992933486792
    ],
    "Ope*Opta": [
      4.53276926167e-05,
      7.20910944896e-05
    ],
    "Ope*OpWB": [
      0.0006758836907905,
      0.0003260571799548
    ],
    "Opl1*Opl1": [
      -0.0018138561221077,
      -0.0014867145492974
    ],
    "Opl1*Opl3": [
      -0.0018127874017052,
      -0.0015774482331918
    ],
    "Opl1*Opta": [
      0.0026363583795795,
      0.0020517859664147
    ],
    "Opl1*OpWB": [
      -0.0029641858957671,
      -0.0012831769847006
    ],
    "Opl3*Opl3": [
      -0.0007434028111345,
      -0.000657394783396
    ],
    "Opl3*Opta": [
      0.0012340759157929,
      0.0010259292434831
    ],
    "Opl3*OpWB": [
      -0.0027640347730599,
      -0.0018610941126531
    ],
    "Opta*Opta": [
      -0.0008492582448316,
      -0.0006018196205568
    ],
    "Opta*OpWB": [
      0.0009247867327405,
      -0.0003926264286945
    ],
    "OpWB*OpWB": [
      0.0045421811496962,
      0.0071060483505932
    ]
  },
  "NLO": {
    "SM": [
      0.5155608179893302,
      0.478225209135531
    ],
    "cll1133": [
      0.2502898429401593,
      1.1970311457072356
    ],
    "O3pl1": [
      0.0317790965928634,
      0.0318662617084168
    ],
    "O3pl2": [
      0.0,
      2.42861286636753e-16
    ],
    "O3pl3": [
      0.0150058671736788,
      0.0156341256065958
    ],
    "Oll": [
      -2.914335439641036e-16,
      -2.42861286636753e-16
    ],
    "Oll1331": [
      0.2502898429401593,
      1.1970311457072356
    ],
    "OpD": [
      0.0350750402216815,
      0.0362606309246221
    ],
    "Ope": [
      -0.0069783711438188,
      -0.0069317790396324
    ],