{
    "best_sm": [
        0.35428113197223243,
        0.19037540941273692,
        0.0843928572930472
    ],
    "scales": [
        250,
        350,
        500
    ],
    "theory_cov": [
        [
            0.0,
            0.0,
            0.0
        ],
        [
            0.0,
            0.0,
            0.0
        ],
        [
            0.0,
            0.0,
            0.0
        ]
    ],
    "LO": {
        "SM": [
            0.35428113197223243,
            0.19037540941273692,
            0.0843928572930472
        ],
        "OpB": [
            -0.06754553303829582,
            -0.05675000326356101,
            -0.03262886543705864
        ],
        "OpW": [
            0.314376832616468,
            0.2392434170855441,
            0.1312662442306946
        ],
        "OpD": [
            0.055194241200917836,
            0.02965900613265975,
            0.013147749910181966
        ],
        "O3pl1": [
            0.5178538621974349,
            0.5675731689512077,
            0.5241266906848953
        ],
        "Opl1": [
            0.5608098233898009,
            0.5906558509252375,
            0.5343591754988966
        ],
        "Ope": [
            -0.02698084933476006,
            -0.02841675708563945,
            -0.025708295046681488
        ],
        "Opd": [
            0.04295596119236603,
            0.02308268197402979,
            0.01023248481400119
        ],
        "OpWB": [
            0.08022214798397945,
            0.04283611759638499,
            0.01876292658651188
        ],
        "O3pl2": [
            -0.04295596119236603,
            -0.02308268197402979,
            -0.01023248481400119
        ],
        "Oll": [
            0.04295596119236603,
            0.02308268197402979,
            0.01023248481400119
        ],
        "OpB*OpB": [
            0.005677784210884382,
            0.009308123349669328,
            0.01091858438998564
        ],
        "OpB*OpW": [
            -0.035657848699650975,
            -0.05526798903373172,
            -0.0630430828076881
        ],
        "OpB*OpD": [
            -0.00731326019606615,
            -0.00605155569745346,
            -0.003455927274450903
        ],
        "O3pl1*OpB": [
            -0.05821054161558841,
            -0.09837592352942971,
            -0.11708694447269698
        ],
        "OpB*Opl1": [
            -0.0623054298753139,
            -0.10181634233509056,
            -0.11906504061016647
        ],
        "OpB*Ope": [
            -0.008427133930611539,
            -0.01290163494431085,
            -0.014635437641776931
        ],
        "OpB*Opd": [
            -0.004094888259725504,
            -0.003440418805660861,
            -0.0019780961374695474
        ],
        "OpB*OpWB": [
            -0.006777450347872407,
            -0.0038975615460597316,
            -0.00019205530444036512
        ],
        "O3pl2*OpB": [
            0.004094888259725504,
            0.003440418805660861,
            0.0019780961374695474
        ],
        "Oll*OpB": [
            -0.004094888259725504,
            -0.003440418805660861,
            -0.0019780961374695474
        ],
        "OpW*OpW": [
            0.07438391440954292,
            0.10489115375873541,
            0.11440743863102751
        ],
        "OpD*OpW": [
            0.026540457265541238,
            0.020267081999964704,
            0.011139394985891072
        ],
        "O3pl1*OpW": [
            0.23860759110873914,
            0.3704130671793945,
            0.4233834995556834
        ],
        "Opl1*OpW": [
            0.2576664088144339,
            0.3849169879536191,
            0.4313413996301973
        ],
        "Ope*OpW": [
            -0.000971783347240646,
            -0.0007184828700265131,
            -0.0003883387653467577
        ],
        "Opd*OpW": [
            0.019058817705694786,
            0.01450392077422451,
            0.007957900074513849
        ],
        "OpW*OpWB": [
            0.03496464192439514,
            0.026272692668091947,
            0.014333282918606702
        ],
        "O3pl2*OpW": [
            -0.019058817705694786,
            -0.01450392077422451,
            -0.007957900074513849
        ],
        "Oll*OpW": [
            0.019058817705694786,
            0.01450392077422451,
            0.007957900074513849
        ],
        "OpD*OpD": [
            0.002611722817143893,
            0.0014034272664154323,
            0.0006221351664121218
        ],
        "O3pl1*OpD": [
            0.04432219419439129,
            0.0484071289301902,
            0.044622945914743466
        ],
        "OpD*Opl1": [
            0.04766829629961791,
            0.05020517997138781,
            0.045420016636185355
        ],
        "OpD*Ope": [
            0.0028519493512591905,
            0.0030037287162368764,
            0.0027174368927632255
        ],
        "Opd*OpD": [
            0.003346102105226624,
            0.0017980510411976073,
            0.0007970707214418858
        ],
        "OpD*OpWB": [
            0.005872308044044976,
            0.002782440355486826,
            0.0010884529818574844
        ],
        "O3pl2*OpD": [
            -0.003346102105226624,
            -0.0017980510411976073,
            -0.0007970707214418858
        ],
        "Oll*OpD": [
            0.003346102105226624,
            0.0017980510411976073,
            0.0007970707214418858
        ],
        "O3pl1*O3pl1": [
            0.1978231641948783,
            0.44075583451939976,
            0.8465039079392828
        ],
        "O3pl1*Opl1": [
            0.4270407612290608,
            0.9159202909199207,
            1.7247825334024842
        ],
        "O3pl1*Ope": [
            0.0016356901516446924,
            0.001722740790327064,
            0.0015585426723115756
        ],
        "O3pl1*Opd": [
            0.031394432839304265,
            0.034408621881121204,
            0.03177471752391856
        ],
        "O3pl1*OpWB": [
            0.05700663506655083,
            0.0591707392247668,
            0.051830431493047266
        ],
        "O3pl1*O3pl2": [
            -0.031394432839304265,
            -0.034408621881121204,
            -0.03177471752391856
        ],
        "O3pl1*Oll": [
            0.031394432839304265,
            0.034408621881121204,
            0.03177471752391856
        ],
        "Opl1*Opl1": [
            0.23051968063068118,
            0.475864140000359,
            0.8785887931386043
        ],
        "Ope*Opl1": [
            0.0,
            0.0,
            0.0
        ],
        "Opd*Opl1": [
            0.03399860003230154,
            0.03580798908079734,
            0.03239505287472432
        ],
        "Opl1*OpWB": [
            0.06187003190677283,
            0.061767641005647064,
            0.05296791733913035
        ],
        "O3pl2*Opl1": [
            -0.03399860003230154,
            -0.03580798908079734,
            -0.03239505287472432
        ],
        "Oll*Opl1": [
            0.03399860003230154,
            0.03580798908079734,
            0.03239505287472432
        ],
        "Ope*Ope": [
            0.013791775764228784,
            0.028470504102585573,
            0.05256514146983101
        ],
        "Opd*Ope": [
            -0.0016356901516446924,
            -0.001722740790327064,
            -0.0015585426723115756
        ],
        "Ope*OpWB": [
            -0.00507410337726596,
            -0.009021546374749534,
            -0.01085861564607848
        ],
        "O3pl2*Ope": [
            0.0016356901516446924,
            0.001722740790327064,
            0.0015585426723115756
        ],
        "Oll*Ope": [
            -0.0016356901516446924,
            -0.001722740790327064,
            -0.0015585426723115756
        ],
        "Opd*Opd": [
            0.0013020835964986412,
            0.0006996835998380693,
            0.0003101676754028777
        ],