{
    "best_sm": [
        0.4362656748963662
    ],
    "scales": [
        1000.0
    ],
    "theory_cov": [
        [
            0.0
        ]
    ],
    "LO": {
        "SM": [
            0.4362656748963662
        ],
        "O3pl1": [
            0.0064430609511366
        ],
        "O3pl2": [
            6.938893903907228e-18
        ],
        "O3pl3": [
            0.0257496794140514
        ],
        "Oee1133": [
            5.938088260228174
        ],
        "Ole1133": [
            -1.0331871661703067
        ],
        "Ole3311": [
            -6.199122997021844
        ],
        "Oll": [
            -2.0816681711721685e-17
        ],
        "Oll1133": [
            1.1109964144014022
        ],
        "Oll1331": [
            1.1109964144014022
        ],
        "OpD": [
            0.0082107661430497
        ],
        "Ope": [
            -0.0399072757079739
        ],
        "Opl1": [
            0.0064430609511366
        ],
        "Opl3": [
            0.0257496794140514
        ],
        "Opta": [
            -0.0158980370877163
        ],
        "OpWB": [
            0.0601164504109235
        ],
        "O3pl1*O3pl1": [
            0.0002763188775097
        ],
        "O3pl1*O3pl2": [
            0.0003906048773136
        ],
        "O3pl1*O3pl3": [
            0.0015604081382319
        ],
        "O3pl1*Oee1133": [
            0.1832818545408103
        ],
        "O3pl1*Ole1133": [
            0.0013138308751968
        ],
        "O3pl1*Ole3311": [
            -0.3728540679313326
        ],
        "O3pl1*Oll": [
            -0.0003906048773136
        ],
        "O3pl1*Oll1133": [
            0.0718404355747495
        ],
        "O3pl1*Oll1331": [
            0.0718404355747495
        ],
        "O3pl1*OpD": [
            0.0014073868716861
        ],
        "O3pl1*Ope": [
            -0.0020753681534072
        ],
        "O3pl1*Opl1": [
            0.0001620328777058
        ],
        "O3pl1*Opl3": [
            0.0015604081382319
        ],
        "O3pl1*Opta": [
            -0.0003363828735599
        ],
        "O3pl1*OpWB": [
            0.0046752962216815
        ],
        "O3pl2*O3pl2": [
            8.673617379884035e-19
        ],
        "O3pl2*O3pl3": [
            0.0015610515630176
        ],
        "O3pl2*Oee1133": [
            0.3599913541023651
        ],
        "O3pl2*Ole1133": [
            -0.0626360590633158
        ],
        "O3pl2*Ole3311": [
            -0.3758163543798952
        ],
        "O3pl2*Oll": [
            -3.469446951953614e-18
        ],
        "O3pl2*Oll1133": [
            0.0673531759879677
        ],
        "O3pl2*Oll1331": [
            0.0673531759879677
        ],
        "O3pl2*OpD": [
            0.0004977704426947
        ],
        "O3pl2*Ope": [
            -0.0024193433292111
        ],
        "O3pl2*Opl1": [
            0.0003906048773136
        ],
        "O3pl2*Opl3": [
            0.0015610515630176
        ],
        "O3pl2*Opta": [
            -0.0009638044515284
        ],
        "O3pl2*OpWB": [
            0.0036445066895021
        ],
        "O3pl3*O3pl3": [
            -0.0003908349948447
        ],
        "O3pl3*Oee1133": [
            -0.4974514421338305
        ],
        "O3pl3*Ole1133": [
            -0.0343510378099125
        ],
        "O3pl3*Ole3311": [
            0.1746308263230381
        ],
        "O3pl3*Oll": [
            -0.0015610515630176
        ],
        "O3pl3*Oll1133": [
            -0.055522483032343
        ],
        "O3pl3*Oll1331": [
            -0.055522483032343
        ],
        "O3pl3*OpD": [
            0.0030997653844978
        ],
        "O3pl3*Ope": [
            0.001741176443671
        ],
        "O3pl3*Opl1": [
            -6.43424785761647e-07
        ],
        "O3pl3*Opl3": [
            -0.0007816699896895
        ],
        "O3pl3*Opta": [
            0.0007699109058164
        ],
        "O3pl3*OpWB": [
            0.0043693034693962
        ],
        "Oee1133*Oee1133": [
            -80.97200556347661
        ],
        "Oee1133*Ole1133": [
            17.164396725131027
        ],
        "Oee1133*Ole3311": [
            102.9863803507862
        ],
        "Oee1133*Oll": [
            -0.359991354102365
        ],
        "Oee1133*Oll1133": [
            -48.438310428390274
        ],
        "Oee1133*Oll1331": [
            -48.438310428390274
        ],
        "Oee1133*OpD": [
            0.4532295571414093
        ],
        "Oee1133*Ope": [
            0.7812563551344838
        ],
        "Oee1133*Opl1": [
            -0.1767094995615545
        ],
        "Oee1133*Opl3": [
            -0.4974514421338305
        ],
        "Oee1133*Opta": [
            0.3823895183792636
        ],
        "Oee1133*OpWB": [
            0.0855671782784535
        ],
        "Ole1133*Ole1133": [
            -7.55723692944702
        ],
        "Ole1133*Ole3311": [
            11.18823087611581
        ],
        "Ole1133*Oll": [
            0.0626360590633158
        ],
        "Ole1133*Oll1133": [
            3.2114011077785785
        ],
        "Ole1133*Oll1331": [
            3.2114011077785785
        ],
        "Ole1133*OpD": [
            -0.11720508162406
        ],
        "Ole1133*Ope": [
            0.0199243039120616
        ],
        "Ole1133*Opl1": [
            0.0639498899385127
        ],
        "Ole1133*Opl3": [
            -0.0343510378099125
        ],
        "Ole1133*Opta": [
            -0.102320326106298
        ],
        "Ole1133*OpWB": [
            -0.1786594457563242
        ],
        "Ole3311*Ole3311": [
            -17.372844386392593
        ],
        "Ole3311*Oll": [
            0.3758163543798953
        ],
        "Ole3311*Oll1133": [
            19.268406646671487
        ],
        "Ole3311*Oll1331": [
            19.268406646671487
        ],
        "Ole3311*OpD": [
            -0.7032304897443606
        ],
        "Ole3311*Ope": [
            -0.353929465791342
        ],
        "Ole3311*Opl1": [
            0.0029622864485627
        ],
        "Ole3311*Opl3": [
            0.1746308263230381
        ],
        "Ole3311*Opta": [
            -0.1404466673740762
        ],
        "Ole3311*OpWB": [
            -1.0719566745379467
        ],
        "Oll*Oll": [
            1.734723475976807e-18
        ],
        "Oll*Oll1133": [
            -0.0673531759879675
        ],
        "Oll*Oll1331": [
            -0.0673531759879675
        ],
        "Oll*OpD": [
            -0.0004977704426947
        ],
        "Oll*Ope": [
            0.0024193433292111
        ],
        "Oll*Opl1": [
            -0.0003906048773136
        ],
        "Oll*Opl3": [
            -0.0015610515630176
        ],
        "Oll*Opta": [
            0.0009638044515284
        ],
        "Oll*OpWB": [
            -0.0036445066895021
        ],
        "Oll1133*Oll1133": [
            3.5478922238324886
        ],
        "Oll1133*Oll1331": [
            7.095784447664977
        ],
        "Oll1133*OpD": [
            0.2029374066008042
        ],
        "Oll1133*Ope": [
            0.1800660698631522
        ],
        "Oll1133*Opl1": [
            0.0044872595867817
        ],
        "Oll1133*Opl3": [
            -0.055522483032343
        ],
        "Oll1133*Opta": [
            0.1054394213462016
        ],
        "Oll1133*OpWB": [
            0.1562467560096716
        ],
        "Oll1331*Oll1331": [
            3.5478922238324886
        ],
        "Oll1331*OpD": [
            0.2029374066008042
        ],
        "Oll1331*Ope": [
            0.1800660698631522
        ],
        "Oll1331*Opl1": [
            0.0044872595867817
        ],
        "Oll1331*Opl3": [
            -0.055522483032343
        ],
        "Oll1331*Opta": [
            0.1054394213462016
        ],
        "Oll1331*OpWB": [
            0.1562467560096716
        ],
        "OpD*OpD": [
            0.0013060594742098
        ],
        "OpD*Ope": [
            -0.0041152647646672
        ],