{
    "best_sm": [
        0.9647304918504722,
        0.2357805710765823
    ],
    "scales": [
        250.0,
        500.0
    ],
    "theory_cov": [
        [
            0.0,
            0.0
        ],
        [
            0.0,
            0.0
        ]
    ],
    "LO": {
        "SM": [
            0.9647304918504722,
            0.2357805710765823
        ],
        "O3pl1": [
            -0.1082793131920302,
            -0.0268023396734172
        ],
        "O3pl2": [
            -0.1169718673368953,
            -0.0285879775891463
        ],
        "O3pl3": [
            -0.0065512383118745,
            -0.001878456404906
        ],
        "Oee1133": [
            2.5392891653423653,
            2.4741439016487448
        ],
        "Ole1133": [
            0.0579446241297024,
            0.0621238691309622
        ],
        "Ole3311": [
            0.2808085630900965,
            0.3010618273269709
        ],
        "Oll": [
            0.1169718673368953,
            0.0285879775891463
        ],
        "Oll1133": [
            0.2975767595548399,
            0.2871823457759063
        ],
        "Oll1331": [
            0.2975767595548399,
            0.2871823457759063
        ],
        "OpD": [
            -0.2305615690689442,
            -0.0559716212630242
        ],
        "Ope": [
            -0.0195359796137772,
            -0.0037439108974399
        ],
        "Opl1": [
            0.008692554144865,
            0.0017856379157291
        ],
        "Opl3": [
            -0.0065512383118745,
            -0.001878456404906
        ],
        "Opta": [
            -0.038492787160089,
            -0.0083004889973408
        ],
        "OpWB": [
            -0.4328658716001683,
            -0.1069432223917702
        ],
        "O3pl1*O3pl1": [
            0.0034043638416688,
            0.0008358517533711
        ],
        "O3pl1*O3pl2": [
            0.0065643376906922,
            0.0016248681611502
        ],
        "O3pl1*O3pl3": [
            0.0008656159014696,
            0.0002080649101873
        ],
        "O3pl1*Oee1133": [
            -0.1539421620274028,
            -0.1499927879759095
        ],
        "O3pl1*Ole1133": [
            -0.0079414607395088,
            -0.0077377231892334
        ],
        "O3pl1*Ole3311": [
            -0.0170237710253331,
            -0.0182516072746625
        ],
        "O3pl1*Oll": [
            -0.0065643376906922,
            -0.0016248681611502
        ],
        "O3pl1*Oll1133": [
            -0.0070256832802962,
            -0.007532409351448
        ],
        "O3pl1*Oll1331": [
            -0.0070256832802962,
            -0.007532409351448
        ],
        "O3pl1*OpD": [
            0.0142612318995199,
            0.0034462462458737
        ],
        "O3pl1*Ope": [
            0.0011843515028201,
            0.0002269712901768
        ],
        "O3pl1*Opl1": [
            0.0002443899926454,
            4.6835345592e-05
        ],
        "O3pl1*Opl3": [
            0.0008656159014696,
            0.0002080649101873
        ],
        "O3pl1*Opta": [
            0.0019568928523421,
            0.0004274724341987
        ],
        "O3pl1*OpWB": [
            0.0265891926908197,
            0.0065445286317495
        ],
        "O3pl2*O3pl2": [
            0.0035456580526535,
            0.000866560441034
        ],
        "O3pl2*O3pl3": [
            0.0003971630342268,
            0.0001138797598132
        ],
        "O3pl2*Oee1133": [
            -0.1539421620274028,
            -0.1499927879759095
        ],
        "O3pl2*Ole1133": [
            -0.0035128416401481,
            -0.003766204675724
        ],
        "O3pl2*Ole3311": [
            -0.0170237710253331,
            -0.0182516072746625
        ],
        "O3pl2*Oll": [
            -0.0070913161053071,
            -0.001733120882068
        ],
        "O3pl2*Oll1133": [
            -0.0180403281202534,
            -0.017410175969023
        ],
        "O3pl2*Oll1331": [
            -0.0180403281202534,
            -0.017410175969023
        ],
        "O3pl2*OpD": [
            0.0139775914091762,
            0.0033932300846277
        ],
        "O3pl2*Ope": [
            0.0011843515028201,
            0.0002269712901768
        ],
        "O3pl2*Opl1": [
            -0.0005269784146148,
            -0.0001082527209178
        ],
        "O3pl2*Opl3": [
            0.0003971630342268,
            0.0001138797598132
        ],
        "O3pl2*Opta": [
            0.002333591210785,
            0.0005032098114603
        ],
        "O3pl2*OpWB": [
            0.026242111001573,
            0.0064833383664466
        ],
        "O3pl3*O3pl3": [
            0.0009682140882791,
            0.0001946650258235
        ],
        "O3pl3*Oee1133": [
            0.0,
            0.0
        ],
        "O3pl3*Ole1133": [
            0.0,
            0.0
        ],
        "O3pl3*Ole3311": [
            -0.0214617694815175,
            -0.0192465897193148
        ],
        "O3pl3*Oll": [
            -0.0003971630342268,
            -0.0001138797598132
        ],
        "O3pl3*Oll1133": [
            0.0110146448399571,
            0.0098777666175749
        ],
        "O3pl3*Oll1331": [
            0.0110146448399571,
            0.0098777666175749
        ],
        "O3pl3*OpD": [
            0.0024774808073785,
            0.0005574419154637
        ],
        "O3pl3*Ope": [
            -0.0018255381986079,
            -0.0003670349821139
        ],
        "O3pl3*Opl1": [
            0.0004684528672428,
            9.41851503741e-05
        ],
        "O3pl3*Opl3": [
            0.0019364281765582,
            0.0003893300516471
        ],
        "O3pl3*Opta": [
            0.0,
            0.0
        ],
        "O3pl3*OpWB": [
            0.0059741722368595,
            0.0013282283846428
        ],
        "Oee1133*Oee1133": [
            2.510165103485788,
            10.04066041394315
        ],
        "Oee1133*Ole1133": [
            0.0,
            0.0
        ],
        "Oee1133*Ole3311": [
            0.0,
            0.0
        ],
        "Oee1133*Oll": [
            0.1539421620274028,
            0.1499927879759095
        ],
        "Oee1133*Oll1133": [
            0.0,
            0.0
        ],
        "Oee1133*Oll1331": [
            0.0,
            0.0
        ],
        "Oee1133*OpD": [
            -0.3542568673253871,
            -0.3385101162535119
        ],
        "Oee1133*Ope": [
            -0.0858470779260701,
            -0.0769863588772592
        ],
        "Oee1133*Opl1": [
            0.0,
            0.0
        ],
        "Oee1133*Opl3": [
            0.0,
            0.0
        ],
        "Oee1133*Opta": [
            -0.0858470779260701,
            -0.0769863588772592
        ],
        "Oee1133*OpWB": [
            -0.5749405763342903,
            -0.5601905210965248
        ],
        "Ole1133*Ole1133": [
            0.0323731610568603,
            0.1294926442274414
        ],
        "Ole1133*Ole3311": [
            0.0,
            0.0
        ],
        "Ole1133*Oll": [
            0.0035128416401481,
            0.003766204675724
        ],
        "Ole1133*Oll1133": [
            0.0,
            0.0
        ],
        "Ole1133*Oll1331": [
            0.0,
            0.0
        ],
        "Ole1133*OpD": [
            -0.008339214334748,
            -0.0085524216352255
        ],
        "Ole1133*Ope": [
            0.0,
            0.0
        ],
        "Ole1133*Opl1": [
            -0.0044286190993607,
            -0.0039715185135094
        ],
        "Ole1133*Opl3": [
            0.0,
            0.0
        ],
        "Ole1133*Opta": [
            0.0055073224199785,
            0.0049388833087874
        ],
        "Ole1133*OpWB": [
            -0.0213896671481557,
            -0.0214823373586548
        ],
        "Ole3311*Ole3311": [
            0.1568853189678616,
            0.6275412758714467
        ],