{
    "best_sm": [
        0.0068472068501168
    ],
    "scales": [
        1000.0
    ],
    "theory_cov": [
        [
            0.0
        ]
    ],
    "LO": {
        "SM": [
            0.0068472068501168
        ],
        "O3pl1": [
            -0.0003226102565387
        ],
        "O3pl2": [
            -0.0008302117307019
        ],
        "O3pq": [
            0.0
        ],
        "Oll": [
            0.0008302117307019
        ],
        "Olu": [
            -0.0349129499860921
        ],
        "OpD": [
            -0.000389936791626
        ],
        "Ope": [
            -5.450498169727956e-06
        ],
        "Opl1": [
            0.0005076014741632
        ],
        "OpqMi": [
            -0.0004641323649122
        ],
        "Opui": [
            -0.0001428047532147
        ],
        "OpWB": [
            -0.0012860531616624
        ],
        "Oqe": [
            -0.0012761415616682
        ],
        "Oql31": [
            0.0
        ],
        "OqlM1": [
            -0.1008909957831811
        ],
        "O3pl1*O3pl1": [
            1.20093944189e-05
        ],
        "O3pl1*O3pl2": [
            1.95579617562e-05
        ],
        "O3pl1*O3pq": [
            0.0
        ],
        "O3pl1*Oll": [
            -1.95579617562e-05
        ],
        "O3pl1*Olu": [
            0.004260846460495
        ],
        "O3pl1*OpD": [
            2.87022938779e-05
        ],
        "O3pl1*Ope": [
            3.3043163568226066e-07
        ],
        "O3pl1*Opl1": [
            4.460827081710517e-06
        ],
        "O3pl1*OpqMi": [
            4.564949986349244e-06
        ],
        "O3pl1*Opui": [
            1.86231810245e-05
        ],
        "O3pl1*OpWB": [
            7.28503056924e-05
        ],
        "O3pl1*Oqe": [
            7.73649546249e-05
        ],
        "O3pl1*Oql31": [
            0.0
        ],
        "O3pl1*OqlM1": [
            0.0010444268874362
        ],
        "O3pl2*O3pl2": [
            2.51654263147e-05
        ],
        "O3pl2*O3pq": [
            0.0
        ],
        "O3pl2*Oll": [
            -5.03308526295e-05
        ],
        "O3pl2*Olu": [
            0.0021165667451225
        ],
        "O3pl2*OpD": [
            2.36395734586e-05
        ],
        "O3pl2*Ope": [
            3.3043163568226066e-07
        ],
        "O3pl2*Opl1": [
            -3.07728908733e-05
        ],
        "O3pl2*OpqMi": [
            2.81376145327e-05
        ],
        "O3pl2*Opui": [
            8.657411986673096e-06
        ],
        "O3pl2*OpWB": [
            7.7965836617e-05
        ],
        "O3pl2*Oqe": [
            7.73649546249e-05
        ],
        "O3pl2*Oql31": [
            0.0
        ],
        "O3pl2*OqlM1": [
            0.0061164274758233
        ],
        "O3pq*O3pq": [
            0.0
        ],
        "O3pq*Oll": [
            0.0
        ],
        "O3pq*Olu": [
            0.0
        ],
        "O3pq*OpD": [
            0.0
        ],
        "O3pq*Ope": [
            0.0
        ],
        "O3pq*Opl1": [
            0.0
        ],
        "O3pq*OpqMi": [
            0.0
        ],
        "O3pq*Opui": [
            0.0
        ],
        "O3pq*OpWB": [
            0.0
        ],
        "O3pq*Oqe": [
            0.0
        ],
        "O3pq*Oql31": [
            0.0
        ],
        "O3pq*OqlM1": [
            0.0
        ],
        "Oll*Oll": [
            2.51654263147e-05
        ],
        "Oll*Olu": [
            -0.0021165667451225
        ],
        "Oll*OpD": [
            -2.36395734586e-05
        ],
        "Oll*Ope": [
            -3.304316356822612e-07
        ],
        "Oll*Opl1": [
            3.07728908733e-05
        ],
        "Oll*OpqMi": [
            -2.81376145327e-05
        ],
        "Oll*Opui": [
            -8.657411986673101e-06
        ],
        "Oll*OpWB": [
            -7.7965836617e-05
        ],
        "Oll*Oqe": [
            -7.73649546249e-05
        ],
        "Oll*Oql31": [
            0.0
        ],
        "Oll*OqlM1": [
            -0.0061164274758233
        ],
        "Olu*Olu": [
            0.4303140177404207
        ],
        "Olu*OpD": [
            0.0047625338785706
        ],
        "Olu*Ope": [
            0.0
        ],
        "Olu*Opl1": [
            0.0021442797153725
        ],
        "Olu*OpqMi": [
            0.0
        ],
        "Olu*Opui": [
            0.0039998607307007
        ],
        "Olu*OpWB": [
            0.0119091273490981
        ],
        "Olu*Oqe": [
            0.0
        ],
        "Olu*Oql31": [
            0.0
        ],
        "Olu*OqlM1": [
            0.0
        ],
        "OpD*OpD": [
            1.8134882199e-05
        ],
        "OpD*Ope": [
            7.378566654413477e-07
        ],
        "OpD*Opl1": [
            5.062720419225892e-06
        ],
        "OpD*OpqMi": [
            4.712634746205884e-06
        ],
        "OpD*Opui": [
            1.94841213488e-05
        ],
        "OpD*OpWB": [
            8.89424251135e-05
        ],
        "OpD*Oqe": [
            0.0001746005267148
        ],
        "OpD*Oql31": [
            0.0
        ],
        "OpD*OqlM1": [
            0.0011543937266908
        ],
        "Ope*Ope": [
            1.304952516854378e-06
        ],
        "Ope*Opl1": [
            0.0
        ],
        "Ope*OpqMi": [
            1.4041151770907182e-06
        ],
        "Ope*Opui": [
            -5.936150124225039e-07
        ],
        "Ope*OpWB": [
            -1.3879423070715026e-06
        ],
        "Ope*Oqe": [
            -0.0003757037472879
        ],
        "Ope*Oql31": [
            0.0
        ],
        "Ope*OqlM1": [
            0.0
        ],
        "Opl1*Opl1": [
            1.76168589775e-05
        ],
        "Opl1*OpqMi": [
            -2.35726645463e-05
        ],
        "Opl1*Opui": [
            9.9657690379152e-06
        ],
        "Opl1*OpWB": [
            -5.115530924582628e-06
        ],
        "Opl1*Oqe": [
            0.0
        ],
        "Opl1*Oql31": [
            0.0
        ],
        "Opl1*OqlM1": [
            -0.005072000588387
        ],
        "OpqMi*OpqMi": [
            9.740101273016804e-06
        ],
        "OpqMi*Opui": [
            0.0
        ],
        "OpqMi*OpWB": [
            2.46913266422e-05
        ],
        "OpqMi*Oqe": [
            -0.000238253301708
        ],
        "OpqMi*Oql31": [
            0.0
        ],
        "OpqMi*OqlM1": [
            0.0039998607307007
        ],
        "Opui*Opui": [
            9.740101273016804e-06
        ],
        "Opui*OpWB": [
            5.09435480899e-05
        ],
        "Opui*Oqe": [
            0.0
        ],
        "Opui*Oql31": [
            0.0
        ],
        "Opui*OqlM1": [
            0.0
        ],
        "OpWB*OpWB": [
            0.0001177622057121
        ],
        "OpWB*Oqe": [
            0.0007338535162238
        ],
        "OpWB*Oql31": [
            0.0
        ],
        "OpWB*OqlM1": [
            0.0059028127088694
        ],
        "Oqe*Oqe": [
            0.0318751124252163
        ],
        "Oqe*Oql31": [
            0.0
        ],
        "Oqe*OqlM1": [
            0.0
        ],
        "Oql31*Oql31": [
            0.0
        ],
        "Oql31*OqlM1": [
            0.0
        ],
        "OqlM1*OqlM1": [
            0.4303140177404207
        ]
    }
}