{
    "best_sm": [
        0.4882487276798555
    ],
    "scales": [
        1000.0
    ],
    "theory_cov": [
        [
            0.0
        ]
    ],
    "LO": {
        "SM": [
            0.4882487276798555
        ],
        "O3pl1": [
            0.0359869556244667
        ],
        "O3pl2": [
            0.0146030235634319
        ],
        "Oee1122": [
            0.7321672330183955
        ],
        "Ole1122": [
            -6.179511069473455
        ],
        "Ole1221": [
            0.0
        ],
        "Ole2211": [
            -0.4577415607017372
        ],
        "Oll": [
            5.547934447352297
        ],
        "Oll1122": [
            5.547934447352297
        ],
        "OpD": [
            0.0406434688495557
        ],
        "Ope": [
            -0.0028114837635597
        ],
        "Opl1": [
            0.0359869556244668
        ],
        "Opl2": [
            0.0146030235634318
        ],
        "Opmu": [
            -0.0294040187783763
        ],
        "OpWB": [
            0.094471298206961
        ],
        "O3pl1*O3pl1": [
            0.0004556204017554
        ],
        "O3pl1*O3pl2": [
            0.0011354408186045
        ],
        "O3pl1*Oee1122": [
            -0.0895880238720987
        ],
        "O3pl1*Ole1122": [
            0.0344265332524701
        ],
        "O3pl1*Ole1221": [
            0.0
        ],
        "O3pl1*Ole2211": [
            -0.0255634071648008
        ],
        "O3pl1*Oll": [
            -0.4935203677486905
        ],
        "O3pl1*Oll1122": [
            -0.4913386903606931
        ],
        "O3pl1*OpD": [
            0.0013094040739086
        ],
        "O3pl1*Ope": [
            -3.51044804984e-05
        ],
        "O3pl1*Opl1": [
            -0.0012704365844865
        ],
        "O3pl1*Opl2": [
            -0.0010462365693929
        ],
        "O3pl1*Opmu": [
            0.0002437051759614
        ],
        "O3pl1*OpWB": [
            0.0038219559082925
        ],
        "O3pl2*O3pl2": [
            0.0002933335741892
        ],
        "O3pl2*Oee1122": [
            -0.0377538288756091
        ],
        "O3pl2*Ole1122": [
            -0.128221560707014
        ],
        "O3pl2*Ole1221": [
            0.0
        ],
        "O3pl2*Ole2211": [
            0.0186156273533531
        ],
        "O3pl2*Oll": [
            -0.0994548163652666
        ],
        "O3pl2*Oll1122": [
            -0.0985695209644221
        ],
        "O3pl2*OpD": [
            0.0012697636048058
        ],
        "O3pl2*Ope": [
            0.0001217924016475
        ],
        "O3pl2*Opl1": [
            0.00025014541776
        ],
        "O3pl2*Opl2": [
            -0.0002986282524659
        ],
        "O3pl2*Opmu": [
            -0.0005606491156115
        ],
        "O3pl2*OpWB": [
            0.0032158498166046
        ],
        "Oee1122*Oee1122": [
            9.739340661272948
        ],
        "Oee1122*Ole1122": [
            14.979002965582389
        ],
        "Oee1122*Ole1221": [
            0.0
        ],
        "Oee1122*Ole2211": [
            1.1095557752283245
        ],
        "Oee1122*Oll": [
            -33.60750358642525
        ],
        "Oee1122*Oll1122": [
            -33.56311659483926
        ],
        "Oee1122*OpD": [
            -0.1458567689095605
        ],
        "Oee1122*Ope": [
            -0.0130426083385411
        ],
        "Oee1122*Opl1": [
            -0.1339750154580991
        ],
        "Oee1122*Opl2": [
            -0.0821408204616092
        ],
        "Oee1122*Opmu": [
            0.0514171290696534
        ],
        "Oee1122*OpWB": [
            -0.2377970961496919
        ],
        "Ole1122*Ole1122": [
            -19.438845065295013
        ],
        "Ole1122*Ole1221": [
            0.0
        ],
        "Ole1122*Ole2211": [
            4.642598936030223
        ],
        "Ole1122*Oll": [
            113.87673838102263
        ],
        "Ole1122*Oll1122": [
            113.50211098242202
        ],
        "Ole1122*OpD": [
            -0.0114552701028382
        ],
        "Ole1122*Ope": [
            0.0075817418475377
        ],
        "Ole1122*Opl1": [
            0.4090539318531127
        ],
        "Ole1122*Opl2": [
            0.2464058378936305
        ],
        "Ole1122*Opmu": [
            -0.1946834506046959
        ],
        "Ole1122*OpWB": [
            -0.1751520390249127
        ],
        "Ole1221*Ole1221": [
            -48.65791544185518
        ],
        "Ole1221*Ole2211": [
            0.0
        ],
        "Ole1221*Oll": [
            0.0
        ],
        "Ole1221*Oll1122": [
            0.0
        ],
        "Ole1221*OpD": [
            0.0
        ],
        "Ole1221*Ope": [
            0.0
        ],
        "Ole1221*Opl1": [
            0.0
        ],
        "Ole1221*Opl2": [
            0.0
        ],
        "Ole1221*Opmu": [
            0.0
        ],
        "Ole1221*OpWB": [
            0.0
        ],
        "Ole2211*Ole2211": [
            -3.5892658085543623
        ],
        "Ole2211*Oll": [
            8.435313954149825
        ],
        "Ole2211*Oll1122": [
            8.407563776475703
        ],
        "Ole2211*OpD": [
            -0.0008485385261361
        ],
        "Ole2211*Ope": [
            -0.0343996764305238
        ],
        "Ole2211*Opl1": [
            0.0021867705093208
        ],
        "Ole2211*Opl2": [
            0.0463658050274749
        ],
        "Ole2211*Opmu": [
            0.0205402905966602
        ],
        "Ole2211*OpWB": [
            -0.0129742251129564
        ],
        "Oll*Oll": [
            -87.15233373861366
        ],
        "Oll*Oll1122": [
            -173.9683288533052
        ],
        "Oll*OpD": [
            -0.5177321827327703
        ],
        "Oll*Ope": [
            0.0706042989717874
        ],
        "Oll*Opl1": [
            -0.8298589916708579
        ],
        "Oll*Opl2": [
            -0.4357934402874318
        ],
        "Oll*Opmu": [
            0.5606545826795054
        ],
        "Oll*OpWB": [
            -1.1073168312581023
        ],
        "Oll1122*Oll1122": [
            -86.81599511469145
        ],
        "Oll1122*OpD": [
            -0.5152682083448235
        ],
        "Oll1122*Ope": [
            0.0704338552527441
        ],
        "Oll1122*Opl1": [
            -0.8276773142828604
        ],
        "Oll1122*Opl2": [
            -0.4349081448865873
        ],
        "Oll1122*Opmu": [
            0.5588719900213639
        ],
        "Oll1122*OpWB": [
            -1.1015895922756327
        ],
        "OpD*OpD": [
            0.0008844886653336
        ],
        "OpD*Ope": [
            0.0001323337155791
        ],
        "OpD*Opl1": [
            -0.001154570314038
        ],
        "OpD*Opl2": [
            -0.0011942107831408
        ],
        "OpD*Opmu": [
            8.3037797522e-05
        ],
        "OpD*OpWB": [
            0.0048163158556876
        ],
        "Ope*Ope": [
            -7.38450785223e-05
        ],
        "Ope*Opl1": [
            0.0001353392385448
        ],
        "Ope*Opl2": [
            0.0002922361206908
        ],
        "Ope*Opmu": [
            4.74229690291e-05
        ],
        "Ope*OpWB": [
            0.0001618802889679
        ],
        "Opl1*Opl1": [
            -0.001726056986242
        ],
        "Opl1*Opl2": [
            -0.0019315319702374
        ],
        "Opl1*Opmu": [
            0.0020262978341029
        ],
        "Opl1*OpWB": [
            -0.0019052830741784
        ],
        "Opl2*Opl2": [
            -0.0005919618266552
        ],
        "Opl2*Opmu": [
            0.00122194354253
        ],
        "Opl2*OpWB": [
            -0.0025113891658663
        ],
        "Opmu*Opmu": [
            -0.0004764261796418
        ],
        "Opmu*OpWB": [
            -0.0005918584256847
        ],
        "OpWB*OpWB": [
            0.0065711693702224
        ]
    }
}