{
  "best_sm": [
    0.007989
  ],
  "theory_cov": [
    [
      0.0
    ]
  ],
  "LO": {
    "SM": [
      0.007989
    ],
    "OpD": [
      -0.0002422
    ],
    "Opd": [
      0.0009701
    ],
    "OpW": [
      -0.0002094
    ],
    "O3pl1": [
      -0.002603
    ],
    "O3pl2": [
      -0.001454
    ],
    "Oll": [
      0.001453
    ],
    "OpD^2": [
      1.835e-06
    ],
    "Opd^2": [
      2.936e-05
    ],
    "OpW^2": [
      3.694e-05
    ],
    "O3pl1^2": [
      0.0002369
    ],
    "O3pl2^2": [
      6.604e-05
    ],
    "Oll^2": [
      6.614e-05
    ],
    "Opd*OpD": [
      -1.4675e-05
    ],
    "OpD*OpW": [
      3.165000000000001e-06
    ],
    "O3pl1*OpD": [
      3.966499999999998e-05
    ],
    "O3pl2*OpD": [
      2.2085000000000003e-05
    ],
    "Oll*OpD": [
      -2.2065e-05
    ],
    "Opd*OpW": [
      -1.27e-05
    ],
    "O3pl1*Opd": [
      -0.00015756000000000003
    ],
    "O3pl2*Opd": [
      -8.8059e-05
    ],
    "Oll*Opd": [
      8.799999999999998e-05
    ],
    "O3pl1*OpW": [
      5.0959999999999966e-05
    ],
    "O3pl2*OpW": [
      1.8919999999999995e-05
    ],
    "Oll*OpW": [
      -1.925e-05
    ],
    "O3pl1*O3pl2": [
      0.00023656000000000003
    ],
    "Oll*O3pl1": [
      -0.00023627
    ],
    "Oll*O3pl2": [
      -0.00013218
    ]
  }
}