{
  "best_sm": [
    0.0015211,
    0.0031068
  ],
  "scales": [
    1000,
    1000
  ],
  "theory_cov": [
    [
      0.0,
      0.0
    ],
    [
      0.0,
      0.0
    ]
  ],
  "LO": {
    "SM": [
      0.0015211,
      0.0031068
    ],
    "O3pl1": [
      2.6843e-05,
      0.0035302
    ],
    "O3pl2": [
      -0.00027646,
      -0.00056504
    ],
    "OQe": [
      -0.015765,
      -0.0011673
    ],
    "OQl1M": [
      -0.0029349,
      -0.039542
    ],
    "Oll1221": [
      0.00027663,
      0.00056561
    ],
    "OpB": [
      0.00096556,
      0.00061641
    ],
    "OpBox": [
      0.0001844,
      0.00037697
    ],
    "OpD": [
      -0.0004112,
      -0.00028899
    ],
    "OpQM": [
      0.00012354,
      -0.00052667
    ],
    "OpW": [
      0.00011866,
      0.0016322
    ],
    "OpWB": [
      -0.0011298,
      -0.001631
    ],
    "Ope": [
      -0.0023264,
      -0.00017218
    ],
    "Opl1": [
      0.00030394,
      0.0041017
    ],
    "Opt": [
      0.00026085,
      -0.00032663
    ],
    "OtW": [
      0.017122,
      0.025408
    ],
    "OtZ": [
      -0.018475,
      -0.014901
    ],
    "Ote": [
      -0.026138,
      -0.0019382
    ],
    "Otl1": [
      -0.001977,
      -0.026686
    ],
    "Otp": [
      -0.00017634,
      -0.00036225
    ],
    "O3pl1*O3pl1": [
      0.001302,
      0.01742
    ],
    "O3pl1*O3pl2": [
      0.1767958,
      0.03260869
    ],
    "O3pl1*OQe": [
      -0.02690472,
      -0.02705072
    ],
    "O3pl1*OQl1M": [
      -0.007319228,
      -0.09932924
    ],
    "O3pl1*Oll1221": [
      -6.716717e-05,
      -0.001063551
    ],
    "O3pl1*OpQM": [
      -1.453282e-05,
      -0.0009979236
    ],
    "O3pl1*Opt": [
      -4.38941e-05,
      -0.001019761
    ],
    "O3pl1*OtW": [
      -0.01163011,
      -0.03630784
    ],
    "O3pl1*OtZ": [
      -0.01622988,
      0.0281111
    ],
    "O3pl1*Ote": [
      -0.02691394,
      -0.02703785
    ],
    "O3pl1*Otl1": [
      -0.007322686,
      -0.09936427
    ],
    "O3pl1*Otp": [
      7.094341e-05,
      -0.0006091526
    ],
    "O3pl2*O3pl2": [
      1.256e-05,
      2.57e-05
    ],
    "O3pl2*OQe": [
      1.849317,
      0.02526344
    ],
    "O3pl2*OQl1M": [
      0.5038833,
      0.09285188
    ],
    "O3pl2*Oll1221": [
      0.01777175,
      0.001263566
    ],
    "O3pl2*OpQM": [
      0.02280671,
      0.00138484
    ],
    "O3pl2*Opt": [
      0.02298393,
      0.001384417
    ],
    "O3pl2*OtW": [
      1.294106,
      0.06490792
    ],
    "O3pl2*OtZ": [
      1.433119,
      0.0442943
    ],
    "O3pl2*Ote": [
      1.847251,
      0.02527548
    ],
    "O3pl2*Otl1": [
      0.5032971,
      0.09293088
    ],
    "O3pl2*Otp": [
      0.01137077,
      0.0008373166
    ],
    "OQe*OQe": [
      0.1418,
      0.01051
    ],
    "OQe*Ote": [
      -0.2836999,
      -0.02100997
    ],
    "OQe*Otl1": [
      -0.07720893,
      -0.07720927
    ],
    "OQl1M*OQe": [
      -0.07717251,
      -0.07718193
    ],
    "OQl1M*OQl1M": [
      0.0105,
      0.1417
    ],
    "OQl1M*Ote": [
      -0.07719972,
      -0.0771452
    ],
    "OQl1M*Otl1": [
      -0.02100991,
      -0.2835
    ],
    "Oll1221*OQe": [
      5.498577e-05,
      -0.0007856606
    ],
    "Oll1221*OQl1M": [
      1.401293e-05,
      -0.002881152
    ],
    "Oll1221*Oll1221": [
      1.257e-05,
      2.566e-05
    ],
    "Oll1221*OpQM": [
      -2.359617e-05,
      -1.397505e-05
    ],
    "Oll1221*Opt": [
      -6.463368e-06,
      -1.782821e-06
    ],
    "Oll1221*OtW": [
      0.003282512,
      0.0008739288
    ],
    "Oll1221*OtZ": [
      -0.0009897834,
      -0.0002654656
    ],
    "Oll1221*Ote": [
      5.60944e-05,
      -0.0007852635
    ],
    "Oll1221*Otl1": [
      1.345291e-05,
      -0.002880445
    ],
    "Oll1221*Otp": [
      -1.552175e-05,
      -3.30821e-05
    ],
    "OpB*O3pl1": [
      -0.0009671215,
      0.001222297
    ],
    "OpB*O3pl2": [
      0.07439208,
      0.002144341
    ],
    "OpB*OQe": [
      -0.009603034,
      0.001020588
    ],
    "OpB*OQl1M": [
      -0.002615628,
      0.003748752
    ],
    "OpB*Oll1221": [
      6.125646e-05,
      0.0001533986
    ],
    "OpB*OpB": [
      0.000229,
      7.223e-05
    ],
    "OpB*OpQM": [
      -4.474184e-05,
      0.0001454497
    ],
    "OpB*Ope": [
      -0.003399626,
      0.0003554752
    ],
    "OpB*Opl1": [
      -0.0009281052,
      0.001325151
    ],
    "OpB*Opt": [
      -8.135411e-05,
      0.000201431
    ],
    "OpB*OtW": [
      0.0007090415,
      0.01108095
    ],
    "OpB*OtZ": [
      -0.008263673,
      -0.0009354561
    ],
    "OpB*Ote": [
      -0.009607845,
      0.001015517
    ],
    "OpB*Otl1": [
      -0.002616229,
      0.003742012
    ],
    "OpB*Otp": [
      -1.552583e-05,
      -1.466292e-05
    ],
    "OpBox*O3pl1": [
      -3.031157e-05,
      -0.0006910691
    ],
    "OpBox*O3pl2": [
      0.01183409,
      0.0008435822
    ],
    "OpBox*OQe": [
      3.970106e-05,
      -0.0005243419
    ],
    "OpBox*OQl1M": [
      1.02105e-05,
      -0.001923334
    ],
    "OpBox*Oll1221": [
      4.82554e-05,
      -2.264918e-06
    ],
    "OpBox*OpB": [
      4.803703e-05,
      0.0001036728
    ],
    "OpBox*OpBox": [
      5.578e-06,
      1.142e-05
    ],
    "OpBox*OpQM": [
      -1.571147e-05,
      -9.338581e-06
    ],
    "OpBox*OpW": [
      0.0002497217,
      -8.144909e-05
    ],
    "OpBox*Ope": [
      1.286991e-05,
      -0.0001860367
    ],
    "OpBox*Opl1": [
      2.31679e-06,
      -0.0006814461
    ],
    "OpBox*Opt": [
      -4.299432e-06,
      -1.270733e-06
    ],
    "OpBox*OtW": [
      0.002188439,
      0.00058032
    ],
    "OpBox*OtZ": [
      -0.0006571114,
      -0.0001777209
    ],
    "OpBox*Ote": [
      3.981258e-05,
      -0.0005238956
    ],
    "OpBox*Otl1": [
      9.330277e-06,
      -0.001923078
    ],
    "OpBox*Otp": [
      -1.034149e-05,
      -2.206951e-05
    ],
    "OpD*O3pl1": [
      -0.0002894559,
      0.0003175925
    ],
    "OpD*O3pl2": [
      0.02729346,
      0.0009380768
    ],
    "OpD*OQe": [
      -0.003355908,
      0.0002173177
    ],
    "OpD*OQl1M": [
      -0.0009120757,
      0.0007978731
    ],
    "OpD*Oll1221": [
      -2.036957e-05,
      -1.722847e-05
    ],
    "OpD*OpB": [
      -0.0001568337,
      -3.48585e-05
    ],
    "OpD*OpBox": [
      -1.427467e-05,
      -1.116443e-05
    ],
    "OpD*OpD": [
      3.035e-05,
      1.158e-05
    ],
    "OpD*OpQM": [
      1.999136e-05,
      2.561183e-06
    ],
    "OpD*OpW": [
      0.0002504926,
      4.015178e-05
    ],
    "OpD*OpWB": [
      3.735858e-05,
      0.000267878
    ],
    "OpD*Ope": [
      -0.001186328,
      7.823197e-05
    ],
    "OpD*Opl1": [
      -0.0003219103,
      0.0002828974
    ],
    "OpD*Opt": [
      2.490552e-05,
      -1.544028e-05
    ],
    "OpD*OtW": [
      -0.002435077,
      -0.001002649
    ],
    "OpD*OtZ": [
      -0.001137934,
      0.004866049
    ],
    "OpD*Ote": [
      -0.003357109,
      0.0002182516
    ],
    "OpD*Otl1": [
      -0.0009125284,
      0.0007939748
    ],
    "OpD*Otp": [
      3.015455e-05,
      3.931937e-05
    ],
    "OpQM*OQe": [
      -0.0009538992,
      -0.0007567146
    ],
    "OpQM*OQl1M": [
      -0.0002589437,
      -0.002775233
    ],
    "OpQM*OpQM": [
      2.17e-05,
      3.157e-05
    ],
    "OpQM*Ote": [
      -0.0009534394,
      -0.0007564937
    ],
    "OpQM*Otl1": [
      -0.0002573664,
      -0.00277979
    ],
    "OpQM*Otp": [
      5.454499e-05,
      -2.26255e-05
    ],
    "OpW*O3pl1": [
      0.001883542,
      -0.004601543
    ],
    "OpW*O3pl2": [
      0.02470405,
      0.004496438
    ],
    "OpW*OQe": [
      0.02125966,
      -0.003567439
    ],
    "OpW*OQl1M": [
      0.005792148,
      -0.01309828
    ],
    "OpW*Oll1221": [
      0.0003718716,
      -0.0001254878
    ],
    "OpW*OpB": [
      0.001005594,
      0.0001918909
    ],
    "OpW*OpQM": [
      0.0001017272,
      -0.0001429541
    ],
    "OpW*OpW": [
      2.422e-05,
      0.0003264
    ],