{
  "best_sm": [
    0.0869014203742,
    0.121576483513,
    0.103262615224,
    0.075913099401
  ],
  "scales": [
    1000.0,
    1000.0,
    1000.0,
    1000.0
  ],
  "theory_cov_current": [
    [
      0.0,
      0.0,
      0.0,
      0.0
    ],
    [
      0.0,
      0.0,
      0.0,
      0.0
    ],
    [
      0.0,
      0.0,
      0.0,
      0.0
    ],
    [
      0.0,
      0.0,
      0.0,
      0.0
    ]
  ],
  "theory_cov_conservative": [
    [
      0.0,
      0.0,
      0.0,
      0.0
    ],
    [
      0.0,
      0.0,
      0.0,
      0.0
    ],
    [
      0.0,
      0.0,
      0.0,
      0.0
    ],
    [
      0.0,
      0.0,
      0.0,
      0.0
    ]
  ],
  "theory_cov_aggressive": [
    [
      0.0,
      0.0,
      0.0,
      0.0
    ],
    [
      0.0,
      0.0,
      0.0,
      0.0
    ],
    [
      0.0,
      0.0,
      0.0,
      0.0
    ],
    [
      0.0,
      0.0,
      0.0,
      0.0
    ]
  ],
  "LO": {
    "SM": [
      0.0869014203742,
      0.121576483513,
      0.103262615224,
      0.075913099401
    ],
    "O3pl1": [
      -0.00775579126466,
      -0.0105696552,
      -0.012211426019,
      -0.00874085375606
    ],
    "O3pl2": [
      -0.00647568770485,
      -0.00843614926703,
      -0.0143449319521,
      -0.0100209573159
    ],
    "Oee1122": [
      0.55162228349,
      0.367748188993,
      4.96460055141,
      3.30973370094
    ],
    "Ole1122": [
      0.411025857865,
      0.616538786797,
      0.0456695397627,
      0.0685043096441
    ],
    "Ole1221": [
      0.0,
      0.0,
      0.0,
      0.0
    ],
    "Ole2211": [
      0.0685043096441,
      0.0456695397627,
      0.616538786797,
      0.411025857865
    ],
    "Oll1122": [
      1.85772025266,
      2.78658037899,
      0.206413361406,
      0.30962004211
    ],
    "Oll1221": [
      1.86825689631,
      2.80132131277,
      0.218933771024,
      0.318824371264
    ],
    "OpD": [
      -0.010097437037,
      -0.0127547659479,
      -0.0266300932634,
      -0.0184226334263
    ],
    "OpWB": [
      -0.0265757431657,
      -0.0354912781206,
      -0.0495911177164,
      -0.0350356469232
    ],
    "Ope": [
      -0.000197012498279,
      -0.000131341665519,
      -0.00177311248451,
      -0.00118207498967
    ],
    "Opl1": [
      0.00278085238998,
      0.00417127858497,
      0.000308983598886,
      0.00046347539833
    ],
    "Opl2": [
      0.00406095594979,
      0.00630478451798,
      -0.00182452233413,
      -0.00081662816148
    ],
    "Opmu": [
      0.00139489298663,
      0.00252183414266,
      -0.00442628829268,
      -0.00277398047458
    ],
    "O3pl1*O3pl1": [
      0.000270925122251,
      0.000374134692633,
      0.000374134692633,
      0.000270925122251
    ],
    "O3pl1*O3pl2": [
      0.000369899585975,
      0.000477409206264,
      0.000867128462783,
      0.000603731139887
    ],
    "O3pl1*Oee1122": [
      -0.0334416135436,
      -0.0222944090291,
      -0.300974521893,
      -0.200649681262
    ],
    "O3pl1*Ole1122": [
      -0.0501624203154,
      -0.0752436304732,
      -0.00557360225727,
      -0.00836040338591
    ],
    "O3pl1*Ole1221": [
      0.0,
      0.0,
      0.0,
      0.0
    ],
    "O3pl1*Ole2211": [
      -0.00415301324431,
      -0.00276867549621,
      -0.0373771191988,
      -0.0249180794659
    ],
    "O3pl1*Oll1122": [
      -0.0498361589318,
      -0.0747542383976,
      -0.00553735099242,
      -0.00830602648863
    ],
    "O3pl1*Oll1221": [
      -0.0503063469244,
      -0.0753950144052,
      -0.00627765790526,
      -0.00883593302449
    ],
    "O3pl1*OpD": [
      0.000692722707579,
      0.000894108179348,
      0.00162337859795,
      0.00113028495874
    ],
    "O3pl1*OpWB": [
      0.00170259390314,
      0.00228882180987,
      0.00301658024525,
      0.00213924896437
    ],
    "O3pl1*Ope": [
      1.19437086352e-05,
      7.96247242348e-06,
      0.000107493377717,
      7.16622518113e-05
    ],
    "O3pl1*Opl1": [
      7.16622518113e-05,
      0.000107493377717,
      7.96247242348e-06,
      1.19437086352e-05
    ],
    "O3pl1*Opl2": [
      -0.000100288406716,
      -0.000163366801285,
      0.000126821549941,
      7.3824604019e-05
    ],
    "O3pl1*Opmu": [
      -0.000201889925641,
      -0.000328872622903,
      0.000255303620084,
      0.000148615820152
    ],
    "O3pl2*O3pl2": [
      0.000154009345295,
      0.000179275064373,
      0.000568994320893,
      0.000387840899207
    ],
    "O3pl2*Oee1122": [
      -0.0334416135436,
      -0.0222944090291,
      -0.300974521893,
      -0.200649681262
    ],
    "O3pl2*Ole1122": [
      -0.0249180794659,
      -0.0373771191988,
      -0.00276867549621,
      -0.00415301324431
    ],
    "O3pl2*Ole1221": [
      0.0,
      0.0,
      0.0,
      0.0
    ],
    "O3pl2*Ole2211": [
      -0.00836040338591,
      -0.00557360225727,
      -0.0752436304732,
      -0.0501624203154
    ],
    "O3pl2*Oll1122": [
      -0.0498361589318,
      -0.0747542383976,
      -0.00553735099242,
      -0.00830602648863
    ],
    "O3pl2*Oll1221": [
      -0.0502287417772,
      -0.0752656724931,
      -0.00640699981736,
      -0.00891353817176
    ],
    "O3pl2*OpD": [
      0.00051810164078,
      0.000603073068016,
      0.00191441370928,
      0.00130490602554
    ],
    "O3pl2*OpWB": [
      0.00126593884191,
      0.00156106337449,
      0.00374433868063,
      0.00257590402559
    ],
    "O3pl2*Ope": [
      -7.61058649844e-06,
      -5.07372433229e-06,
      -6.84952784859e-05,
      -4.56635189906e-05
    ],
    "O3pl2*Opl1": [
      -2.26832594548e-05,
      -3.40248891823e-05,
      -2.52036216165e-06,
      -3.78054324248e-06
    ],
    "O3pl2*Opl2": [
      -8.45641548387e-05,
      -0.0001528839667,
      0.00026833981684,
      0.000168170115285
    ],
    "O3pl2*Opmu": [
      -8.45641548387e-05,
      -0.0001528839667,
      0.00026833981684,
      0.000168170115285
    ],
    "Oee1122*Oee1122": [
      9.00628249471,
      6.00418832981,
      81.0565424524,
      54.0376949683
    ],
    "Oee1122*Ole1122": [
      0.0,
      0.0,
      0.0,
      0.0
    ],
    "Oee1122*Ole1221": [
      0.0,
      0.0,
      0.0,
      0.0
    ],
    "Oee1122*Ole2211": [
      0.0,
      0.0,
      0.0,
      0.0
    ],
    "Oee1122*Oll1122": [
      0.0,
      0.0,
      0.0,
      0.0
    ],
    "Oee1122*Oll1221": [
      0.0334416135436,
      0.0222944090291,
      0.300974521893,
      0.200649681262
    ],
    "Oee1122*OpD": [
      -0.0751375402011,
      -0.0500916934674,
      -0.67623786181,
      -0.450825241207
    ],
    "Oee1122*OpWB": [
      -0.124897171191,
      -0.0832647807943,
      -1.12407454072,
      -0.749383027149
    ],
    "Oee1122*Ope": [
      -0.0168295605664,
      -0.0112197070443,
      -0.151466045097,
      -0.100977363398
    ],
    "Oee1122*Opl1": [
      0.0,
      0.0,
      0.0,
      0.0
    ],
    "Oee1122*Opl2": [
      0.0,
      0.0,
      0.0,
      0.0
    ],
    "Oee1122*Opmu": [
      -0.0168295605664,
      -0.0112197070443,
      -0.151466045097,
      -0.100977363398
    ],
    "Ole1122*Ole1122": [
      3.37735593552,
      5.06603390328,
      0.375261770613,
      0.56289265592
    ],
    "Ole1122*Ole1221": [
      0.0,
      0.0,
      0.0,
      0.0
    ],
    "Ole1122*Ole2211": [
      0.0,
      0.0,
      0.0,
      0.0
    ],
    "Ole1122*Oll1122": [
      0.0,
      0.0,
      0.0,
      0.0
    ],
    "Ole1122*Oll1221": [
      0.0249180794659,
      0.0373771191988,
      0.00276867549621,
      0.00415301324431
    ],
    "Ole1122*OpD": [
      -0.0560687244655,
      -0.0841030866983,
      -0.00622985827395,
      -0.00934478741092
    ],
    "Ole1122*OpWB": [
      -0.14020468872,
      -0.210307033079,
      -0.0155782987466,
      -0.0233674481199
    ],
    "Ole1122*Ope": [
      0.0,
      0.0,
      0.0,
      0.0
    ],
    "Ole1122*Opl1": [
      -0.0252443408496,
      -0.0378665112743,
      -0.00280492676106,
      -0.00420739014159
    ],