{
  "best_sm": [
    0.570358125733,
    0.566022754557,
    0.628847324295,
    0.614464251147
  ],
  "scales": [
    500.0,
    500.0,
    500.0,
    500.0
  ],
  "theory_cov_current": [
    [
      0.0,
      0.0,
      0.0,
      0.0
    ],
    [
      0.0,
      0.0,
      0.0,
      0.0
    ],
    [
      0.0,
      0.0,
      0.0,
      0.0
    ],
    [
      0.0,
      0.0,
      0.0,
      0.0
    ]
  ],
  "theory_cov_conservative": [
    [
      0.0,
      0.0,
      0.0,
      0.0
    ],
    [
      0.0,
      0.0,
      0.0,
      0.0
    ],
    [
      0.0,
      0.0,
      0.0,
      0.0
    ],
    [
      0.0,
      0.0,
      0.0,
      0.0
    ]
  ],
  "theory_cov_aggressive": [
    [
      0.0,
      0.0,
      0.0,
      0.0
    ],
    [
      0.0,
      0.0,
      0.0,
      0.0
    ],
    [
      0.0,
      0.0,
      0.0,
      0.0
    ],
    [
      0.0,
      0.0,
      0.0,
      0.0
    ]
  ],
  "LO": {
    "SM": [
      0.570358125733,
      0.566022754557,
      0.628847324295,
      0.614464251147
    ],
    "O3pl1": [
      0.0268304328354,
      0.0288969304397,
      0.00288535806266,
      0.00809445133432
    ],
    "O3pl2": [
      0.0,
      0.0,
      0.0,
      0.0
    ],
    "O3pq": [
      0.0,
      0.0,
      0.0,
      0.0
    ],
    "Oeu": [
      -0.0684016065175,
      -0.0217769269023,
      -0.407632216255,
      -0.374241946078
    ],
    "Ol1u": [
      1.49210330461,
      1.58321712408,
      0.198924581816,
      0.527970007095
    ],
    "Oll1221": [
      0.0,
      0.0,
      0.0,
      0.0
    ],
    "OpD": [
      0.0290054080402,
      0.031818409545,
      0.00246370565059,
      0.00702091239414
    ],
    "OpWB": [
      0.0713188833253,
      0.0739634934194,
      0.0516532692075,
      0.0537246854454
    ],
    "Ope": [
      -0.00421906078524,
      -0.00130547462504,
      -0.0421765721049,
      -0.0330755369055
    ],
    "Opl1": [
      0.0268304328354,
      0.0288969304397,
      0.00288535806266,
      0.00809445133432
    ],
    "OpqMi": [
      -0.0113612813848,
      -0.0107109892541,
      -0.0247752951071,
      -0.0206754583647
    ],
    "Opui": [
      0.0295035382061,
      0.0305261049531,
      0.0100445249455,
      0.0158074271222
    ],
    "Oqe": [
      0.145554769689,
      0.044779310606,
      1.57181352644,
      1.20957052502
    ],
    "Oql13": [
      0.0,
      0.0,
      0.0,
      0.0
    ],
    "Oql1M": [
      -0.478717784221,
      -0.525654610205,
      -0.0352205992635,
      -0.111524767957
    ],
    "O3pl1*O3pl1": [
      -0.000491795707894,
      -0.000649828422106,
      0.000105218040795,
      0.000188186851332
    ],
    "O3pl1*O3pl2": [
      0.00162657128427,
      0.00175185087565,
      0.000174922283154,
      0.000490718960187
    ],
    "O3pl1*O3pq": [
      0.0,
      0.0,
      0.0,
      0.0
    ],
    "O3pl1*Oeu": [
      0.0140324763909,
      0.00475567885545,
      -0.00624599073407,
      0.0186587388913
    ],
    "O3pl1*Ol1u": [
      -0.0807272085414,
      -0.0903262570395,
      -0.0020485584186,
      -0.0114769237027
    ],
    "O3pl1*Oll1221": [
      -0.00162657128427,
      -0.00175185087565,
      -0.000174922283154,
      -0.000490718960187
    ],
    "O3pl1*OpD": [
      -0.000776129279384,
      -0.00134799449218,
      0.000551971105431,
      0.00112372471682
    ],
    "O3pl1*OpWB": [
      -0.00138683963796,
      -0.00228068166055,
      0.00321673074568,
      0.00308500229519
    ],
    "O3pl1*Ope": [
      0.000108872420392,
      4.11722724323e-05,
      -0.00210232244834,
      -0.00104332023471
    ],
    "O3pl1*Opl1": [
      -0.00261016270006,
      -0.00305150771986,
      3.55137984364e-05,
      -0.000114345257522
    ],
    "O3pl1*OpqMi": [
      0.00138564128791,
      0.0016735135214,
      -0.00133722134534,
      -0.000784945626772
    ],
    "O3pl1*Opui": [
      -0.00175466531446,
      -0.00179546148212,
      5.6715487364e-05,
      -0.000504996691655
    ],
    "O3pl1*Oqe": [
      0.0014302306284,
      0.000307932872718,
      0.0842977124951,
      0.0510332251264
    ],
    "O3pl1*Oql13": [
      0.0,
      0.0,
      0.0,
      0.0
    ],
    "O3pl1*Oql1M": [
      0.0738103885578,
      0.088003363514,
      -0.0023346836339,
      -0.000123503864962
    ],
    "O3pl2*O3pl2": [
      0.0,
      0.0,
      0.0,
      0.0
    ],
    "O3pl2*O3pq": [
      0.0,
      0.0,
      0.0,
      0.0
    ],
    "O3pl2*Oeu": [
      -0.00414678695801,
      -0.00132020695217,
      -0.0247123429418,
      -0.0226880873147
    ],
    "O3pl2*Ol1u": [
      0.0904574444748,
      0.0959811392758,
      0.0120596270102,
      0.0320077151854
    ],
    "O3pl2*Oll1221": [
      0.0,
      0.0,
      0.0,
      0.0
    ],
    "O3pl2*OpD": [
      0.00175842723434,
      0.0019289629651,
      0.000149359978228,
      0.000425636610477
    ],
    "O3pl2*OpWB": [
      0.00432364428688,
      0.00448397143716,
      0.0031314338068,
      0.00325701158599
    ],
    "O3pl2*Ope": [
      -0.0002557768323,
      -7.91432456739e-05,
      -0.00255691741821,
      -0.00200517520058
    ],
    "O3pl2*Opl1": [
      0.00162657128427,
      0.00175185087565,
      0.000174922283154,
      0.000490718960187
    ],
    "O3pl2*OpqMi": [
      -0.000688767645547,
      -0.000649344259701,
      -0.00150198037534,
      -0.00125343139529
    ],
    "O3pl2*Opui": [
      0.00178862593552,
      0.00185061814105,
      0.000608940449851,
      0.000958311302426
    ],
    "O3pl2*Oqe": [
      0.00882412930561,
      0.00271470614015,
      0.0952898062442,
      0.0733291443481
    ],
    "O3pl2*Oql13": [
      0.0,
      0.0,
      0.0,
      0.0
    ],
    "O3pl2*Oql1M": [
      -0.0290218426912,
      -0.0318673462948,
      -0.00213521771074,
      -0.00676109051827
    ],
    "O3pq*O3pq": [
      0.0,
      0.0,
      0.0,
      0.0
    ],
    "O3pq*Oeu": [
      0.0,
      0.0,
      0.0,
      0.0
    ],
    "O3pq*Ol1u": [
      0.0,
      0.0,
      0.0,
      0.0
    ],
    "O3pq*Oll1221": [
      0.0,
      0.0,
      0.0,
      0.0
    ],
    "O3pq*OpD": [
      0.0,
      0.0,
      0.0,
      0.0
    ],
    "O3pq*OpWB": [
      0.0,
      0.0,
      0.0,
      0.0
    ],
    "O3pq*Ope": [
      0.0,
      0.0,
      0.0,
      0.0
    ],
    "O3pq*Opl1": [
      0.0,
      0.0,
      0.0,
      0.0
    ],
    "O3pq*OpqMi": [
      0.0,
      0.0,
      0.0,
      0.0
    ],
    "O3pq*Opui": [
      0.0,
      0.0,
      0.0,
      0.0
    ],
    "O3pq*Oqe": [
      0.0,
      0.0,
      0.0,
      0.0
    ],
    "O3pq*Oql13": [
      0.0,
      0.0,
      0.0,
      0.0
    ],
    "O3pq*Oql1M": [
      0.0,
      0.0,
      0.0,
      0.0
    ],
    "Oeu*Oeu": [
      0.0702663529036,
      0.0298162411072,
      -1.4615378306,
      -0.91731392921
    ],
    "Oeu*Ol1u": [
      0.658162488288,
      0.214664933538,
      0.955335584882,
      1.9482711478
    ],
    "Oeu*Oll1221": [
      0.00414678695801,
      0.00132020695217,
      0.0247123429418,
      0.0226880873147
    ],
    "Oeu*OpD": [
      0.0192050168068,
      0.00669806041684,
      -0.0324829512603,
      0.00323216475746
    ],
    "Oeu*OpWB": [
      0.0371619166593,
      0.012305061379,
      0.171165321981,
      0.151850186905
    ],
    "Oeu*Ope": [
      -0.000115856210942,
      0.000462819230758,
      -0.212422819595,
      -0.126690203253
    ],
    "Oeu*Opl1": [
      0.0181792633489,
      0.00607588580762,
      0.0184663522077,
      0.041346826206
    ],
    "Oeu*OpqMi": [
      -0.0100147525644,
      -0.00315396648576,
      -0.122618448876,
      -0.0853460863216
    ],
    "Oeu*Opui": [
      0.0103961869845,
      0.00317922904047,
      0.0630435040411,
      0.0652876557539
    ],
    "Oeu*Oqe": [
      0.0642037914566,
      0.00607152840181,
      7.54863667878,
      4.46345686965
    ],
    "Oeu*Oql13": [
      0.0,
      0.0,
      0.0,
      0.0
    ],