{
  "best_sm": [
    0.0172045264172,
    0.0300104053219,
    0.0149944348029,
    0.0103790852722
  ],
  "scales": [
    500.0,
    500.0,
    500.0,
    500.0
  ],
  "theory_cov_current": [
    [
      0.0,
      0.0,
      0.0,
      0.0
    ],
    [
      0.0,
      0.0,
      0.0,
      0.0
    ],
    [
      0.0,
      0.0,
      0.0,
      0.0
    ],
    [
      0.0,
      0.0,
      0.0,
      0.0
    ]
  ],
  "theory_cov_conservative": [
    [
      0.0,
      0.0,
      0.0,
      0.0
    ],
    [
      0.0,
      0.0,
      0.0,
      0.0
    ],
    [
      0.0,
      0.0,
      0.0,
      0.0
    ],
    [
      0.0,
      0.0,
      0.0,
      0.0
    ]
  ],
  "theory_cov_aggressive": [
    [
      0.0,
      0.0,
      0.0,
      0.0
    ],
    [
      0.0,
      0.0,
      0.0,
      0.0
    ],
    [
      0.0,
      0.0,
      0.0,
      0.0
    ],
    [
      0.0,
      0.0,
      0.0,
      0.0
    ]
  ],
  "LO": {
    "SM": [
      0.0172045264172,
      0.0300104053219,
      0.0149944348029,
      0.0103790852722
    ],
    "O3pl1": [
      -0.000851156740037,
      -0.00134539405436,
      -0.00168084186886,
      -0.00100363301935
    ],
    "O3pl2": [
      -0.00208601842552,
      -0.00363870861312,
      -0.0018180487228,
      -0.0012584457481
    ],
    "O3pq": [
      0.0,
      0.0,
      0.0,
      0.0
    ],
    "Oeu": [
      -0.00850896050832,
      -0.00458174796602,
      -0.0765806445748,
      -0.0412357316941
    ],
    "Ol1u": [
      -0.0200707884885,
      -0.0372743214786,
      -0.00223008760983,
      -0.0041415912754
    ],
    "Oll1221": [
      0.00208601842552,
      0.00363870861312,
      0.0018180487228,
      0.0012584457481
    ],
    "OpD": [
      -0.00113160670921,
      -0.00156993718412,
      -0.00370923408632,
      -0.00210401439203
    ],
    "OpWB": [
      -0.00342022523012,
      -0.00539902200584,
      -0.00680277031138,
      -0.00405829264173
    ],
    "Ope": [
      -3.96438326221e-05,
      -2.13466791042e-05,
      -0.000356794493599,
      -0.000192120111938
    ],
    "Opl1": [
      0.00123486168549,
      0.00229331455876,
      0.000137206853943,
      0.000254812728751
    ],
    "OpqMi": [
      -0.00110562286879,
      -0.00209289215069,
      0.000144036043258,
      -8.88373260874e-05
    ],
    "Opui": [
      -0.000252268337171,
      -0.000640565448004,
      0.00113182994672,
      0.000553365933156
    ],
    "Oqe": [
      -0.00195790665894,
      -0.00105425743174,
      -0.0176211599304,
      -0.00948831688562
    ],
    "Oql13": [
      0.0,
      0.0,
      0.0,
      0.0
    ],
    "Oql1M": [
      -0.0595510972322,
      -0.11059489486,
      -0.00661678858136,
      -0.0122883216511
    ],
    "O3pl1*O3pl1": [
      3.16238686751e-05,
      5.15968383647e-05,
      5.15968383647e-05,
      3.16238686751e-05
    ],
    "O3pl1*O3pl2": [
      5.16006253143e-05,
      8.15633258054e-05,
      0.00010189955317,
      6.08443650254e-05
    ],
    "O3pl1*O3pq": [
      0.0,
      0.0,
      0.0,
      0.0
    ],
    "O3pl1*Oeu": [
      0.000515848212616,
      0.000277764422178,
      0.00464263391354,
      0.0024998797996
    ],
    "O3pl1*Ol1u": [
      0.0024998797996,
      0.00464263391354,
      0.000277764422178,
      0.000515848212616
    ],
    "O3pl1*Oll1221": [
      -5.16006253143e-05,
      -8.15633258054e-05,
      -0.00010189955317,
      -6.08443650254e-05
    ],
    "O3pl1*OpD": [
      8.22439561502e-05,
      0.000120509896113,
      0.000226384739059,
      0.000130368884762
    ],
    "O3pl1*OpWB": [
      0.000197381463876,
      0.000308801411114,
      0.000411304531818,
      0.000243973791469
    ],
    "O3pl1*Ope": [
      2.4033723249e-06,
      1.29412355956e-06,
      2.16303509241e-05,
      1.1647112036e-05
    ],
    "O3pl1*Opl1": [
      1.1647112036e-05,
      2.16303509241e-05,
      1.29412355956e-06,
      2.4033723249e-06
    ],
    "O3pl1*OpqMi": [
      9.14933725587e-06,
      1.93918889189e-05,
      -1.51629547773e-05,
      -6.55740987878e-06
    ],
    "O3pl1*Opui": [
      3.97625438536e-05,
      8.42761406624e-05,
      -6.58974128315e-05,
      -2.84981622799e-05
    ],
    "O3pl1*Oqe": [
      0.000118696361265,
      6.39134252963e-05,
      0.00106826725138,
      0.000575220827667
    ],
    "O3pl1*Oql13": [
      0.0,
      0.0,
      0.0,
      0.0
    ],
    "O3pl1*Oql1M": [
      0.000575220827667,
      0.00106826725138,
      6.39134252963e-05,
      0.000118696361265
    ],
    "O3pl2*O3pl2": [
      6.32315119595e-05,
      0.000110296747321,
      5.51087987297e-05,
      3.81460807814e-05
    ],
    "O3pl2*O3pq": [
      0.0,
      0.0,
      0.0,
      0.0
    ],
    "O3pl2*Oeu": [
      0.000515848212616,
      0.000277764422178,
      0.00464263391354,
      0.0024998797996
    ],
    "O3pl2*Ol1u": [
      0.00121677381831,
      0.00225972280543,
      0.000135197090923,
      0.000251080311715
    ],
    "O3pl2*Oll1221": [
      -0.000126463023919,
      -0.000220593494643,
      -0.000110217597459,
      -7.62921615629e-05
    ],
    "O3pl2*OpD": [
      6.86026569003e-05,
      9.51760546494e-05,
      0.000224869039142,
      0.000127554013488
    ],
    "O3pl2*OpWB": [
      0.000207348132592,
      0.000327310938729,
      0.000412411939453,
      0.000246030405648
    ],
    "O3pl2*Ope": [
      2.4033723249e-06,
      1.29412355956e-06,
      2.16303509241e-05,
      1.1647112036e-05
    ],
    "O3pl2*Opl1": [
      -7.48623986047e-05,
      -0.000139030168837,
      -8.31804428942e-06,
      -1.54477965374e-05
    ],
    "O3pl2*OpqMi": [
      6.70274095333e-05,
      0.000126879737434,
      -8.73205785761e-06,
      5.38568440069e-06
    ],
    "O3pl2*Opui": [
      1.5293545046e-05,
      3.88337143054e-05,
      -6.86161904768e-05,
      -3.3547320764e-05
    ],
    "O3pl2*Oqe": [
      0.000118696361265,
      6.39134252963e-05,
      0.00106826725138,
      0.000575220827667
    ],
    "O3pl2*Oql13": [
      0.0,
      0.0,
      0.0,
      0.0
    ],
    "O3pl2*Oql1M": [
      0.00361023265257,
      0.00670471778334,
      0.000401136961397,
      0.000744968642594
    ],
    "O3pq*O3pq": [
      0.0,
      0.0,
      0.0,
      0.0
    ],
    "O3pq*Oeu": [
      0.0,
      0.0,
      0.0,
      0.0
    ],
    "O3pq*Ol1u": [
      0.0,
      0.0,
      0.0,
      0.0
    ],
    "O3pq*Oll1221": [
      0.0,
      0.0,
      0.0,
      0.0
    ],
    "O3pq*OpD": [
      0.0,
      0.0,
      0.0,
      0.0
    ],
    "O3pq*OpWB": [
      0.0,
      0.0,
      0.0,
      0.0
    ],
    "O3pq*Ope": [
      0.0,
      0.0,
      0.0,
      0.0
    ],
    "O3pq*Opl1": [
      0.0,
      0.0,
      0.0,
      0.0
    ],
    "O3pq*OpqMi": [
      0.0,
      0.0,
      0.0,
      0.0
    ],
    "O3pq*Opui": [
      0.0,
      0.0,
      0.0,
      0.0
    ],
    "O3pq*Oqe": [
      0.0,
      0.0,
      0.0,
      0.0
    ],
    "O3pq*Oql13": [
      0.0,
      0.0,
      0.0,
      0.0
    ],
    "O3pq*Oql1M": [
      0.0,
      0.0,
      0.0,
      0.0
    ],
    "Oeu*Oeu": [
      0.0129492644227,
      0.00697268084302,
      0.116543379805,
      0.0627541275871
    ],
    "Oeu*Ol1u": [
      0.0,
      0.0,
      0.0,
      0.0
    ],
    "Oeu*Oll1221": [
      -0.000515848212616,
      -0.000277764422178,
      -0.00464263391354,
      -0.0024998797996
    ],
    "Oeu*OpD": [
      0.0011641882305,
      0.000626870585655,
      0.0104776940745,
      0.00564183527089
    ],
    "Oeu*OpWB": [
      0.00192658115721,
      0.00103738985388,
      0.0173392304149,
      0.00933650868494
    ],
    "Oeu*Ope": [
      0.000264767900901,
      0.000142567331254,
      0.00238291110811,
      0.00128310598129
    ],
    "Oeu*Opl1": [
      0.0,
      0.0,
      0.0,
      0.0
    ],
    "Oeu*OpqMi": [
      0.0,
      0.0,
      0.0,
      0.0
    ],
    "Oeu*Opui": [
      -0.000397151851351,
      -0.000213850996881,
      -0.00357436666216,
      -0.00192465897193
    ],