{
  "best_sm": [
    0.163801,
    0.136466
  ],
  "scales": [
    350,
    350
  ],
  "theory_cov_current": [
    [
      2.41476908409e-07,
      0.0
    ],
    [
      0.0,
      1.67606722404e-07
    ]
  ],
  "theory_cov_conservative": [
    [
      2.6830767601e-08,
      0.0
    ],
    [
      0.0,
      1.8622969156e-08
    ]
  ],
  "theory_cov_aggressive": [
    [
      0.0,
      0.0
    ],
    [
      0.0,
      0.0
    ]
  ],
  "LO": {
    "SM": [
      0.190375409413,
      0.129483034663
    ],
    "O3pl1": [
      0.567573168951,
      0.0196387951033
    ],
    "O3pl2": [
      -0.023082681974,
      -0.0156995891401
    ],
    "Oll1221": [
      0.023082681974,
      0.0156995891401
    ],
    "Omup": [
      0.0,
      0.0
    ],
    "OpB": [
      -0.0567500032636,
      0.1038367436
    ],
    "OpBox": [
      0.023082681974,
      0.0156995891401
    ],
    "OpD": [
      0.0296590061327,
      -0.0231910450091
    ],
    "OpW": [
      0.239243417086,
      0.020285384886
    ],
    "OpWB": [
      0.0428361175964,
      0.0775455001293
    ],
    "Ope": [
      -0.0284167570856,
      -0.474965797003
    ],
    "Opl1": [
      0.590655850925,
      0.0353383842434
    ],
    "O3pl1*O3pl1": [
      0.440755834519,
      0.0268040326415
    ],
    "O3pl1*O3pl2": [
      -0.0344086218811,
      -0.00119058460103
    ],
    "O3pl1*Oll1221": [
      0.0344086218811,
      0.00119058460103
    ],
    "O3pl1*Omup": [
      0.0,
      0.0
    ],
    "O3pl1*OpB": [
      -0.0983759235294,
      -0.0123865868716
    ],
    "O3pl1*OpBox": [
      0.0344086218811,
      0.00119058460103
    ],
    "O3pl1*OpD": [
      0.0484071289302,
      0.00440966532917
    ],
    "O3pl1*OpW": [
      0.370413067179,
      0.0217994379662
    ],
    "O3pl1*OpWB": [
      0.0591707392248,
      -0.00100562753979
    ],
    "O3pl1*Ope": [
      0.00172274079033,
      0.0287943817812
    ],
    "O3pl1*Opl1": [
      0.91592029092,
      0.0547986498841
    ],
    "O3pl2*O3pl2": [
      0.000699683599838,
      0.000475886860023
    ],
    "O3pl2*Oll1221": [
      -0.00139936719968,
      -0.000951773720045
    ],
    "O3pl2*Omup": [
      0.0,
      0.0
    ],
    "O3pl2*OpB": [
      0.00344041880566,
      -0.00629501083445
    ],
    "O3pl2*OpBox": [
      -0.00139936719968,
      -0.000951773720045
    ],
    "O3pl2*OpD": [
      -0.0017980510412,
      0.00140593661293
    ],
    "O3pl2*OpW": [
      -0.0145039207742,
      -0.0012297835353
    ],
    "O3pl2*OpWB": [
      -0.00259690178088,
      -0.00470112742902
    ],
    "O3pl2*Ope": [
      0.00172274079033,
      0.0287943817812
    ],
    "O3pl2*Opl1": [
      -0.0358079890808,
      -0.00214235832107
    ],
    "Oll1221*Oll1221": [
      0.000699683599838,
      0.000475886860023
    ],
    "Oll1221*Omup": [
      0.0,
      0.0
    ],
    "Oll1221*OpB": [
      -0.00344041880566,
      0.00629501083445
    ],
    "Oll1221*OpBox": [
      0.00139936719968,
      0.000951773720045
    ],
    "Oll1221*OpD": [
      0.0017980510412,
      -0.00140593661293
    ],
    "Oll1221*OpW": [
      0.0145039207742,
      0.0012297835353
    ],
    "Oll1221*OpWB": [
      0.00259690178088,
      0.00470112742902
    ],
    "Oll1221*Ope": [
      -0.00172274079033,
      -0.0287943817812
    ],
    "Oll1221*Opl1": [
      0.0358079890808,
      0.00214235832107
    ],
    "Omup*Omup": [
      0.0,
      0.0
    ],
    "Omup*OpB": [
      0.0,
      0.0
    ],
    "Omup*OpBox": [
      0.0,
      0.0
    ],
    "Omup*OpD": [
      0.0,
      0.0
    ],
    "Omup*OpW": [
      0.0,
      0.0
    ],
    "Omup*OpWB": [
      0.0,
      0.0
    ],
    "Omup*Ope": [
      0.0,
      0.0
    ],
    "Omup*Opl1": [
      0.0,
      0.0
    ],
    "OpB*OpB": [
      0.00930812334967,
      0.0333579052656
    ],
    "OpB*OpBox": [
      -0.00344041880566,
      0.00629501083445
    ],
    "OpB*OpD": [
      -0.00605155569745,
      -0.0116967782477
    ],
    "OpB*OpW": [
      -0.0552679890337,
      0.000346697881113
    ],
    "OpB*OpWB": [
      -0.00389756154606,
      0.0498577010931
    ],
    "OpB*Ope": [
      -0.0129016349443,
      -0.215641612641
    ],
    "OpB*Opl1": [
      -0.101816342335,
      -0.00609157603714
    ],
    "OpBox*OpBox": [
      0.000699683599838,
      0.000475886860023
    ],
    "OpBox*OpD": [
      0.0017980510412,
      -0.00140593661293
    ],
    "OpBox*OpW": [
      0.0145039207742,
      0.0012297835353
    ],
    "OpBox*OpWB": [
      0.00259690178088,
      0.00470112742902
    ],
    "OpBox*Ope": [
      -0.00172274079033,
      -0.0287943817812
    ],
    "OpBox*Opl1": [
      0.0358079890808,
      0.00214235832107
    ],
    "OpD*OpD": [
      0.00140342726642,
      0.00140342726642
    ],
    "OpD*OpW": [
      0.020267082,
      0.00058133800549
    ],
    "OpD*OpWB": [
      0.00278244035549,
      -0.0077594003716
    ],
    "OpD*Ope": [
      0.00300372871624,
      0.0502051799714
    ],
    "OpD*Opl1": [
      0.0502051799714,
      0.00300372871624
    ],
    "OpW*OpW": [
      0.104891153759,
      0.00637726477962
    ],
    "OpW*OpWB": [
      0.0262726926681,
      0.00436139644244
    ],
    "OpWB*OpWB": [
      0.00318774448276,
      0.0197046428398
    ],
    "Ope*OpW": [
      -0.000718482870027,
      -0.0120089279704
    ],
    "Ope*OpWB": [
      -0.00902154637475,
      -0.150788703692
    ],
    "Ope*Ope": [
      0.0284705041026,
      0.47586414
    ],
    "Ope*Opl1": [
      0.0,
      0.0
    ],
    "Opl1*OpW": [
      0.384916987954,
      0.0230292215015
    ],
    "Opl1*OpWB": [
      0.0617676410056,
      0.00369549988923
    ],
    "Opl1*Opl1": [
      0.47586414,
      0.0284705041026
    ]
  },
  "NLO_EW": {
    "SM": [
      0.163801,
      0.136466
    ],
    "O3pl1": [
      0.52828006,
      0.03829826
    ],
    "O3pl2": [
      0.016919901,
      0.007465071
    ],
    "O3pl3": [
      -0.0008014644925,
      -3.95503175e-05
    ],
    "O3pq": [
      -0.004808786955,
      -0.000237301905
    ],
    "OQe": [
      0.0007749,
      0.0129519
    ],
    "OQl13": [
      -0.00364016585,
      -0.00070294035
    ],
    "OQl1M": [
      -0.0160973865,
      -0.0009630915
    ],
    "OWWW": [
      0.00654758155,
      0.00026865505
    ],
    "Oll1111": [
      0.00025233741,
      1.509711e-05
    ],
    "Oll1221": [
      -0.0176944071,
      -0.0073680141
    ],
    "Op": [
      -0.00016719459,
      -0.00011360589
    ],
    "OpB": [
      -0.04991158672,
      0.10790587088
    ],
    "OpBox": [
      0.018207054285,
      0.015719172735
    ],
    "OpD": [
      0.02541524145,
      -0.02274901205
    ],
    "OpW": [
      0.20334991825,
      0.01870026075
    ],
    "OpWB": [
      0.03816085005,
      0.07580167855
    ],
    "Opdi": [
      -0.000349909098,
      0.000846604242
    ],
    "Ope": [
      -0.028804413085,
      -0.478571037535
    ],
    "Opl1": [
      0.52331660335,
      0.03165966285
    ],
    "Opl2": [
      -0.000138598755,
      0.000267742895
    ],
    "Opl3": [
      -0.000116636366,
      0.000282201414
    ],
    "Opmu": [
      -0.000116636366,
      0.000282201414
    ],
    "OpqMi": [
      0.000233272732,
      -0.000564402828
    ],
    "Opt": [
      0.00473357065,
      -0.00324191885
    ],
    "Opta": [
      -0.000116636366,
      0.000282201414
    ],
    "Opui": [
      0.000466545464,
      -0.001128805656
    ],
    "Ote": [
      -0.0172891566265,
      -0.288975903614
    ],
    "Otl1": [
      0.01225431675,
      0.00073316425
    ],
    "Otp": [
      -0.0002762404125,
      -2.81780375e-05
    ]
  }
}
