{
  "best_sm": [
    0.515560817989,
    0.519929997086,
    0.479855732859,
    0.485964492635
  ],
  "scales": [
    250.0,
    250.0,
    250.0,
    250.0
  ],
  "theory_cov_current": [
    [
      0.0,
      0.0,
      0.0,
      0.0
    ],
    [
      0.0,
      0.0,
      0.0,
      0.0
    ],
    [
      0.0,
      0.0,
      0.0,
      0.0
    ],
    [
      0.0,
      0.0,
      0.0,
      0.0
    ]
  ],
  "theory_cov_conservative": [
    [
      0.0,
      0.0,
      0.0,
      0.0
    ],
    [
      0.0,
      0.0,
      0.0,
      0.0
    ],
    [
      0.0,
      0.0,
      0.0,
      0.0
    ],
    [
      0.0,
      0.0,
      0.0,
      0.0
    ]
  ],
  "theory_cov_aggressive": [
    [
      0.0,
      0.0,
      0.0,
      0.0
    ],
    [
      0.0,
      0.0,
      0.0,
      0.0
    ],
    [
      0.0,
      0.0,
      0.0,
      0.0
    ],
    [
      0.0,
      0.0,
      0.0,
      0.0
    ]
  ],
  "LO": {
    "SM": [
      0.515560817989,
      0.519929997086,
      0.479855732859,
      0.485964492635
    ],
    "O3pl1": [
      0.0317790965929,
      0.0351700275204,
      0.00267341770926,
      0.00782933956663
    ],
    "O3pl2": [
      0.0,
      0.0,
      0.0,
      0.0
    ],
    "O3pl3": [
      0.0150058671737,
      0.0129860674799,
      0.0286905636432,
      0.026705730008
    ],
    "Oee1133": [
      0.0909414722831,
      0.0286701356899,
      0.704308247087,
      0.58616566263
    ],
    "Ole1133": [
      -0.308982588483,
      -0.344968170698,
      -0.0242053731818,
      -0.0717528365827
    ],
    "Ole3311": [
      -0.0637583119092,
      -0.0206391213238,
      -0.404575523182,
      -0.347725284978
    ],
    "Oll1133": [
      0.25028984294,
      0.272145788465,
      0.0239308982272,
      0.0686921681975
    ],
    "Oll1221": [
      0.0,
      0.0,
      0.0,
      0.0
    ],
    "Oll1331": [
      0.25028984294,
      0.272145788465,
      0.0239308982272,
      0.0686921681975
    ],
    "OpD": [
      0.0350750402217,
      0.0379813836569,
      0.00490408717283,
      0.0108772470138
    ],
    "OpWB": [
      0.08736584467,
      0.0899262835108,
      0.0585688328572,
      0.0644904961171
    ],
    "Ope": [
      -0.00697837114382,
      -0.00224581981605,
      -0.0464567868864,
      -0.0396008805825
    ],
    "Opl1": [
      0.0317790965929,
      0.0351700275204,
      0.00267341770926,
      0.00782933956663
    ],
    "Opl3": [
      0.0150058671737,
      0.0129860674799,
      0.0286905636432,
      0.026705730008
    ],
    "Opta": [
      -0.0278371490977,
      -0.0298332500632,
      -0.0141025003942,
      -0.0161266630096
    ],
    "O3pl1*O3pl1": [
      0.000112723530007,
      -3.67501899908e-05,
      0.000109473169469,
      0.000270620042382
    ],
    "O3pl1*O3pl2": [
      0.00192657965211,
      0.00213215184349,
      0.000162073586492,
      0.000474646793514
    ],
    "O3pl1*O3pl3": [
      -0.000903069962927,
      -0.00144777324212,
      0.00173971150446,
      0.00153968745107
    ],
    "O3pl1*Oee1133": [
      -0.0128965030295,
      -0.00481220172044,
      0.0323169600627,
      0.0096464372675
    ],
    "O3pl1*Ole1133": [
      0.00856133359715,
      0.0101074799679,
      0.000402055848134,
      0.00131027138655
    ],
    "O3pl1*Ole3311": [
      -0.00310632598163,
      -0.000972695488364,
      -0.0242010128419,
      -0.0202263355863
    ],
    "O3pl1*Oll1133": [
      -0.0262295132822,
      -0.0356055749139,
      0.0019838510771,
      0.003673060265
    ],
    "O3pl1*Oll1221": [
      -0.00192657965211,
      -0.00213215184349,
      -0.000162073586492,
      -0.000474646793514
    ],
    "O3pl1*Oll1331": [
      -0.0262295132822,
      -0.0356055749139,
      0.0019838510771,
      0.003673060265
    ],
    "O3pl1*OpD": [
      0.000890304810975,
      8.99903048798e-05,
      0.000733187750237,
      0.00166003540723
    ],
    "O3pl1*OpWB": [
      0.00233229124414,
      0.00114074881127,
      0.0039602358915,
      0.00477225783511
    ],
    "O3pl1*Ope": [
      -4.36953593984e-05,
      -4.49377781551e-07,
      -0.00261115460667,
      -0.0018854051712
    ],
    "O3pl1*Opl1": [
      -0.0017011325921,
      -0.00220565222348,
      5.68727524456e-05,
      6.65932912496e-05
    ],
    "O3pl1*Opl3": [
      -0.000903069962927,
      -0.00144777324212,
      0.00173971150446,
      0.00153968745107
    ],
    "O3pl1*Opta": [
      0.000948755811403,
      0.00094203039119,
      -0.000518417484722,
      -5.35012952771e-05
    ],
    "O3pl2*O3pl2": [
      0.0,
      0.0,
      0.0,
      0.0
    ],
    "O3pl2*O3pl3": [
      0.000909717438778,
      0.000787268866964,
      0.00173934007095,
      0.00161901128554
    ],
    "O3pl2*Oee1133": [
      0.00551324640466,
      0.00173810164433,
      0.0426980651791,
      0.0355357753827
    ],
    "O3pl2*Ole1133": [
      -0.0187317964213,
      -0.0209133905475,
      -0.00146742936218,
      -0.00434995231969
    ],
    "O3pl2*Ole3311": [
      -0.00386529132502,
      -0.0012512284943,
      -0.024527033625,
      -0.0210805381646
    ],
    "O3pl2*Oll1133": [
      0.0151736005814,
      0.0164985979678,
      0.00145078956057,
      0.00416440200313
    ],
    "O3pl2*Oll1221": [
      0.0,
      0.0,
      0.0,
      0.0
    ],
    "O3pl2*Oll1331": [
      0.0151736005814,
      0.0164985979678,
      0.00145078956057,
      0.00416440200313
    ],
    "O3pl2*OpD": [
      0.00212639332244,
      0.00230258782526,
      0.000297305951784,
      0.00065942348948
    ],
    "O3pl2*OpWB": [
      0.00529647713991,
      0.00545170148232,
      0.00355068374272,
      0.0039096793457
    ],
    "O3pl2*Ope": [
      -0.000423057584765,
      -0.000136150842025,
      -0.0028164016575,
      -0.00240076839545
    ],
    "O3pl2*Opl1": [
      0.00192657965211,
      0.00213215184349,
      0.000162073586492,
      0.000474646793514
    ],
    "O3pl2*Opl3": [
      0.000909717438778,
      0.000787268866964,
      0.00173934007095,
      0.00161901128554
    ],
    "O3pl2*Opta": [
      -0.00168760256818,
      -0.00180861442553,
      -0.000854951625952,
      -0.000977664696035
    ],
    "O3pl3*O3pl3": [
      -0.000743402811134,
      -0.000621214884172,
      -0.000498264890374,
      -0.000673476755746
    ],
    "O3pl3*Oee1133": [
      -0.0117563333642,
      -0.00369802433649,
      -0.0750493162121,
      -0.0663122607361
    ],
    "O3pl3*Ole1133": [
      0.012144884762,
      0.0171132591655,
      -0.00104022631168,
      -0.00209128190357
    ],
    "O3pl3*Ole3311": [
      0.00737903770654,
      0.00260128671857,
      0.0135344493797,
      0.0164414384653
    ],
    "O3pl3*Oll1133": [
      -0.0230915292655,
      -0.0250294588492,
      -0.00166422693589,
      -0.00522846364194
    ],
    "O3pl3*Oll1221": [
      -0.000909717438778,
      -0.000787268866964,
      -0.00173934007095,
      -0.00161901128554
    ],
    "O3pl3*Oll1331": [
      -0.0230915292655,
      -0.0250294588492,
      -0.00166422693589,
      -0.00522846364194
    ],
    "O3pl3*OpD": [
      -0.00108389760014,
      -0.00162662721617,
      0.00372990670077,
      0.00296713233509
    ],
    "O3pl3*OpWB": [
      -0.00276403477306,
      -0.0035535230855,
      0.00463584015123,
      0.00338323767246
    ],
    "O3pl3*Ope": [
      0.000828692946042,
      0.000284501256075,
      0.00243457512578,
      0.00253244097006
    ],
    "O3pl3*Opl1": [
      -0.00181278740171,
      -0.00223504210909,
      3.71433508826e-07,
      -7.93238344773e-05
    ],
    "O3pl3*Opl3": [
      -0.00148680562227,
      -0.00124242976834,
      -0.000996529780747,
      -0.00134695351149
    ],
    "O3pl3*Opta": [
      0.00123407591579,
      0.00151888969091,
      0.00119485315272,
      0.000956047700775
    ],
    "Oee1133*Oee1133": [
      0.0470691931111,
      0.0239860350726,
      -1.4717670323,
      -0.963417322307
    ],