{
  "best_sm": [
    0.95830387028,
    0.969154678217,
    0.965142935191,
    0.9545684605
  ],
  "scales": [
    1000.0,
    1000.0,
    1000.0,
    1000.0
  ],
  "theory_cov_current": [
    [
      0.0,
      0.0,
      0.0,
      0.0
    ],
    [
      0.0,
      0.0,
      0.0,
      0.0
    ],
    [
      0.0,
      0.0,
      0.0,
      0.0
    ],
    [
      0.0,
      0.0,
      0.0,
      0.0
    ]
  ],
  "theory_cov_conservative": [
    [
      0.0,
      0.0,
      0.0,
      0.0
    ],
    [
      0.0,
      0.0,
      0.0,
      0.0
    ],
    [
      0.0,
      0.0,
      0.0,
      0.0
    ],
    [
      0.0,
      0.0,
      0.0,
      0.0
    ]
  ],
  "theory_cov_aggressive": [
    [
      0.0,
      0.0,
      0.0,
      0.0
    ],
    [
      0.0,
      0.0,
      0.0,
      0.0
    ],
    [
      0.0,
      0.0,
      0.0,
      0.0
    ],
    [
      0.0,
      0.0,
      0.0,
      0.0
    ]
  ],
  "LO": {
    "SM": [
      0.95830387028,
      0.969154678217,
      0.965142935191,
      0.9545684605
    ],
    "O3pl1": [
      0.00575534458578,
      0.00507318834116,
      0.00312771727721,
      0.00377614605831
    ],
    "O3pl2": [
      0.0,
      0.0,
      0.0,
      0.0
    ],
    "Oee1111": [
      -0.000551804981432,
      0.00345129189162,
      0.0318908945326,
      -0.0184937034438
    ],
    "Ole1111": [
      0.467155196159,
      0.19164926017,
      0.215697497779,
      0.50654615375
    ],
    "Oll1111": [
      -0.0031932518888,
      0.0525353735165,
      0.00268557952217,
      -0.00334257894395
    ],
    "Oll1221": [
      0.0,
      0.0,
      0.0,
      0.0
    ],
    "OpD": [
      0.00437103599604,
      0.00399998757685,
      0.000540518363089,
      0.00105988461307
    ],
    "OpWB": [
      0.0107474816826,
      0.00947362889536,
      0.0058406727249,
      0.00705154313296
    ],
    "Ope": [
      -0.00417047838661,
      -0.00338210615517,
      -0.00593623327571,
      -0.00635229973351
    ],
    "Opl1": [
      0.00575534458586,
      0.0050731883412,
      0.00312771727718,
      0.00377614605838
    ],
    "O3pl1*O3pl1": [
      0.000153767492641,
      -3.30948450838e-05,
      0.000171147373074,
      0.00025505411623
    ],
    "O3pl1*O3pl2": [
      0.000348912680308,
      0.000307557560696,
      0.000189615096384,
      0.000228925518319
    ],
    "O3pl1*Oee1111": [
      0.00345732997643,
      0.00174264069444,
      0.0194181732728,
      0.0133484599382
    ],
    "O3pl1*Ole1111": [
      -0.00476151032865,
      -0.00740370687723,
      0.00836184825707,
      0.0223865754977
    ],
    "O3pl1*Oll1111": [
      0.0231921495708,
      0.0298784007972,
      0.00180662412606,
      0.0023249894202
    ],
    "O3pl1*Oll1221": [
      -0.000348912680306,
      -0.000307557560695,
      -0.000189615096382,
      -0.00022892551832
    ],
    "O3pl1*OpD": [
      0.000507640623753,
      0.000162039445057,
      0.000436098678529,
      0.000560523373221
    ],
    "O3pl1*OpWB": [
      0.00122584480499,
      0.000450728314996,
      0.000993283930142,
      0.00138006536027
    ],
    "O3pl1*Ope": [
      -0.000108596002757,
      9.01093985991e-05,
      -0.000131567462623,
      -0.000308105787139
    ],
    "O3pl1*Opl1": [
      -4.13776950095e-05,
      -0.000373747250863,
      0.000152679649743,
      0.000281182714158
    ],
    "O3pl2*O3pl2": [
      0.0,
      0.0,
      0.0,
      0.0
    ],
    "O3pl2*Oee1111": [
      -3.34526894105e-05,
      0.000209231521496,
      0.0019333573031,
      -0.00112116443091
    ],
    "O3pl2*Ole1111": [
      0.0283208710062,
      0.0116185670636,
      0.0130764702205,
      0.0307089130057
    ],
    "O3pl2*Oll1111": [
      -0.000193588074097,
      0.00318491060113,
      0.000162810885626,
      -0.000202640895095
    ],
    "O3pl2*Oll1221": [
      0.0,
      0.0,
      0.0,
      0.0
    ],
    "O3pl2*OpD": [
      0.000264990195183,
      0.000242495712609,
      3.27684481699e-05,
      6.42545681994e-05
    ],
    "O3pl2*OpWB": [
      0.000651556580935,
      0.000574330381234,
      0.000354085623303,
      0.000427493571934
    ],
    "O3pl2*Ope": [
      -0.000252831567311,
      -0.000205037197354,
      -0.000359878897308,
      -0.000385102558689
    ],
    "O3pl2*Opl1": [
      0.000348912680308,
      0.000307557560704,
      0.000189615096393,
      0.000228925518328
    ],
    "Oee1111*Oee1111": [
      -0.548558552081,
      -0.328024070259,
      -4.85173706135,
      -3.63244292944
    ],
    "Oee1111*Ole1111": [
      0.281056865444,
      0.0697902848112,
      1.19521930182,
      1.98222207477
    ],
    "Oee1111*Oll1111": [
      -0.00415279174045,
      0.0362723483041,
      0.0286180391617,
      -0.0269494234894
    ],
    "Oee1111*Oll1221": [
      3.3452689415e-05,
      -0.000209231521485,
      -0.00193335730309,
      0.00112116443089
    ],
    "Oee1111*OpD": [
      0.00260517748656,
      0.00134393883906,
      0.00656669731172,
      0.00200757079
    ],
    "Oee1111*OpWB": [
      0.00639371941624,
      0.00364490962713,
      0.0398716671677,
      0.0228331479601
    ],
    "Oee1111*Ope": [
      -0.00250482507421,
      -0.00148206357544,
      -0.0328370199703,
      -0.0245388840616
    ],
    "Oee1111*Opl1": [
      0.00349078266592,
      0.00153340917296,
      0.0174848159692,
      0.0144696243694
    ],
    "Ole1111*Ole1111": [
      -4.85854713992,
      -4.27437995496,
      -4.86358193238,
      -5.24618511353
    ],
    "Ole1111*Oll1111": [
      1.87905724255,
      1.04999640452,
      0.0986693995928,
      0.368129344789
    ],
    "Ole1111*Oll1221": [
      -0.0283208710062,
      -0.0116185670636,
      -0.0130764702205,
      -0.0307089130057
    ],
    "Ole1111*OpD": [
      0.0168502202324,
      0.00176864838364,
      0.0264326862437,
      0.0579811651967
    ],
    "Ole1111*OpWB": [
      0.0439945503805,
      0.00787079417655,
      0.0400337341596,
      0.0991500650595
    ],
    "Ole1111*Ope": [
      0.00916410594624,
      0.00569950658156,
      0.0178433555977,
      0.0275475037236
    ],
    "Ole1111*Opl1": [
      -0.0330823813347,
      -0.0190222739408,
      -0.00471462196353,
      -0.00832233750786
    ],
    "Oll1111*Oll1111": [
      -3.30223242072,
      -4.17013263413,
      -0.370910646372,
      -0.595615691533
    ],
    "Oll1111*OpD": [
      0.0175493668778,
      0.0259943874229,
      0.000864002827737,
      0.000132469732998
    ],
    "Oll1111*OpWB": [
      0.0429473187444,
      0.0617421473784,
      0.00367770624291,
      0.00396325564126
    ],
    "Oll1111*Ope": [
      -0.0166938645144,
      -0.0190063515178,
      -0.00252775969305,
      -0.00469935068306
    ],
    "Oll1111*Opl1": [
      0.0233857376455,
      0.0266934901963,
      0.00164381324039,
      0.00252763031536
    ],
    "Oll1221*Oll1111": [
      0.000193588074126,
      -0.00318491060097,
      -0.000162810885626,
      0.000202640895092
    ],
    "Oll1221*Oll1221": [
      0.0,
      0.0,
      0.0,
      0.0
    ],
    "Oll1221*OpD": [
      -0.000264990195185,
      -0.000242495712607,
      -3.27684481717e-05,
      -6.42545682028e-05
    ],
    "Oll1221*OpWB": [
      -0.00065155658093,
      -0.000574330381221,
      -0.000354085623299,
      -0.000427493571933
    ],
    "Oll1221*Ope": [
      0.000252831567311,
      0.000205037197353,
      0.000359878897308,
      0.00038510255869
    ],
    "Oll1221*Opl1": [
      -0.000348912680309,
      -0.000307557560707,
      -0.000189615096393,
      -0.000228925518328
    ],
    "OpD*OpD": [
      0.000303349221698,
      0.000150999005093,
      8.36095944591e-05,
      0.000160143856227
    ],
    "OpD*OpWB": [
      0.00144280424051,
      0.000755425523594,
      0.00087555849709,
      0.00116670503057
    ],
    "OpD*Ope": [
      -0.00025506853044,
      -6.11134547791e-05,
      -0.000684731994402,
      -0.000696906518839
    ],