{
  "best_sm": [
    0.648927512543252,
    0.6611635161783881,
    0.3518317352250327,
    0.4595616283071779
  ],
  "scales": [
    250.0,
    250.0,
    250.0,
    250.0
  ],
  "theory_cov_current": [
    [
      0.0,
      0.0,
      0.0,
      0.0
    ],
    [
      0.0,
      0.0,
      0.0,
      0.0
    ],
    [
      0.0,
      0.0,
      0.0,
      0.0
    ],
    [
      0.0,
      0.0,
      0.0,
      0.0
    ]
  ],
  "theory_cov_conservative": [
    [
      0.0,
      0.0,
      0.0,
      0.0
    ],
    [
      0.0,
      0.0,
      0.0,
      0.0
    ],
    [
      0.0,
      0.0,
      0.0,
      0.0
    ],
    [
      0.0,
      0.0,
      0.0,
      0.0
    ]
  ],
  "theory_cov_aggressive": [
    [
      0.0,
      0.0,
      0.0,
      0.0
    ],
    [
      0.0,
      0.0,
      0.0,
      0.0
    ],
    [
      0.0,
      0.0,
      0.0,
      0.0
    ],
    [
      0.0,
      0.0,
      0.0,
      0.0
    ]
  ],
  "LO": {
    "SM": [
      0.648927512543252,
      0.6611635161783881,
      0.3518317352250327,
      0.4595616283071779
    ],
    "O3pQ3": [
      -6.63293560594e-05,
      0.0057285687209965,
      -0.142172106002238,
      -0.0903316945164213
    ],
    "O3pl1": [
      0.0144309223173202,
      0.0131486805640133,
      0.0123373150808577,
      0.0204722655783476
    ],
    "O3pl2": [
      0.0,
      0.0,
      0.0,
      0.0
    ],
    "OQe": [
      0.0814992468179902,
      0.0246065163849967,
      1.1469117846092054,
      0.8307218760482475
    ],
    "OQl13": [
      0.1302926550345506,
      0.1069212019232344,
      0.1731058808068247,
      0.2740454303773206
    ],
    "OQl1M": [
      0.0651463275172753,
      0.0534606009616172,
      0.0865529404034123,
      0.1370227151886603
    ],
    "Oeb": [
      0.005328536316795,
      0.0012678305241726,
      0.5734358452908516,
      0.2632115575472136
    ],
    "Ol1b": [
      -0.2596035869271137,
      -0.2703322455364719,
      -0.0451026531522516,
      -0.1126726079007168
    ],
    "Oll1221": [
      0.0,
      0.0,
      0.0,
      0.0
    ],
    "OpD": [
      0.0176848135160387,
      0.014754610206896,
      0.0190056550994795,
      0.0340267549449693
    ],
    "OpQM": [
      -3.31646780297e-05,
      0.0028642843604982,
      -0.071086053001119,
      -0.0451658472582106
    ],
    "OpWB": [
      0.0268862505438296,
      0.0299024749336725,
      -0.1097068950895163,
      -0.0461125850637693
    ],
    "Opdi": [
      -0.0224463516204385,
      -0.0230811809284774,
      -0.0430591838826356,
      -0.0275874837708602
    ],
    "Ope": [
      0.010527177479023,
      0.0031861737535996,
      0.1367809013211833,
      0.1025406890053183
    ],
    "Opl1": [
      0.0144309223173201,
      0.0131486805640133,
      0.0123373150808576,
      0.0204722655783476
    ],
    "O3pQ3*O3pQ3": [
      -0.0011133225595249,
      -0.0011635817660898,
      0.0039911343139876,
      0.0012789582266296
    ],
    "O3pQ3*OQe": [
      0.0087709811055911,
      0.0027476725085444,
      -0.025068553092837,
      0.0276100087812425
    ],
    "O3pQ3*OQl13": [
      -0.0120712767752745,
      -0.0229400932306502,
      0.0535259001134939,
      0.0744761384550592
    ],
    "O3pQ3*OQl1M": [
      -0.0060356383876372,
      -0.0114700466153251,
      0.0267629500567469,
      0.0372380692275296
    ],
    "O3pQ3*OpQM": [
      -0.0011133225595249,
      -0.0011635817660898,
      0.0039911343139876,
      0.0012789582266296
    ],
    "O3pQ3*OpWB": [
      -0.0057086922007681,
      -0.0058584110410228,
      -0.0188281173192126,
      -0.0102650833980494
    ],
    "O3pl1*O3pQ3": [
      -0.0019396971515138,
      -0.002320923908967,
      -0.0054546522102631,
      -0.0012996963060192
    ],
    "O3pl1*O3pl1": [
      -0.0010179513245402,
      -0.001044703628051,
      0.0007638411568561,
      0.0004040278075121
    ],
    "O3pl1*O3pl2": [
      0.0008748619148612,
      0.0007971271415081,
      0.0007479388259841,
      0.0012411130121547
    ],
    "O3pl1*OQe": [
      -0.0054510624789129,
      -0.0017800300352504,
      0.0476363116216133,
      0.0070405357487035
    ],
    "O3pl1*OQl13": [
      -0.0315706258191985,
      -0.0301484867550491,
      0.0124847402555755,
      -0.0039567056084473
    ],
    "O3pl1*OQl1M": [
      -0.0157853129095992,
      -0.0150742433775245,
      0.0062423701277877,
      -0.0019783528042236
    ],
    "O3pl1*Oeb": [
      -0.0017003435465275,
      -0.0004548534024183,
      -0.0026802094670176,
      -0.0240138626529397
    ],
    "O3pl1*Ol1b": [
      0.0372046448122836,
      0.0402168562913265,
      0.0015738145002224,
      0.0076564721725082
    ],
    "O3pl1*Oll1221": [
      -0.0008748619148612,
      -0.0007971271415081,
      -0.0007479388259841,
      -0.0012411130121547
    ],
    "O3pl1*OpD": [
      -0.0022944653242111,
      -0.0022989764992373,
      0.0032239151373234,
      0.0022818129966216
    ],
    "O3pl1*OpQM": [
      -0.0009698485757569,
      -0.0011604619544835,
      -0.0027273261051315,
      -0.0006498481530096
    ],
    "O3pl1*OpWB": [
      -0.0039792046306463,
      -0.0045802297441546,
      -0.0008435100226604,
      0.0026130791892872
    ],
    "O3pl1*Opdi": [
      0.0032809299659453,
      0.0034519577249048,
      0.0003171937810121,
      0.0022937968798749
    ],
    "O3pl1*Ope": [
      -0.0006734666229891,
      -0.0002222076050694,
      0.0062852546518867,
      0.0014674267448426
    ],
    "O3pl1*Opl1": [
      -0.0029107645639417,
      -0.0028865343976102,
      0.0007797434877281,
      -0.0004330573971303
    ],
    "O3pl2*O3pQ3": [
      -4.021158604955444e-06,
      0.0003472894171601,
      -0.0086190583083997,
      -0.0054762791663319
    ],
    "O3pl2*O3pl2": [
      0.0,
      0.0,
      0.0,
      0.0
    ],
    "O3pl2*OQe": [
      0.0049408198286368,
      0.0014917483144375,
      0.0695305135733302,
      0.0503617797404672
    ],
    "O3pl2*OQl13": [
      0.0078988770897247,
      0.006482003394998,
      0.0104943910739946,
      0.0166137620802735
    ],
    "O3pl2*OQl1M": [
      0.0039494385448623,
      0.003241001697499,
      0.0052471955369973,
      0.0083068810401367
    ],
    "O3pl2*Oeb": [
      0.0003230378061091,
      7.686110532e-05,
      0.0347640414541691,
      0.0159569681123555
    ],
    "O3pl2*Ol1b": [
      -0.0157382380813806,
      -0.0163886535301292,
      -0.0027343084963281,
      -0.0068306773006545
    ],
    "O3pl2*Oll1221": [
      0.0,
      0.0,
      0.0,
      0.0
    ],
    "O3pl2*OpD": [
      0.0010721261937662,
      0.0008944852071681,
      0.0011522010477158,
      0.0020628419537634
    ],
    "O3pl2*OpQM": [
      -2.010579302477722e-06,
      0.00017364470858,
      -0.0043095291541998,
      -0.0027381395831659
    ],
    "O3pl2*OpWB": [
      0.0016299551835285,
      0.001812811122139,
      -0.006650883581869,
      -0.0027955347261256
    ],
    "O3pl2*Opdi": [
      -0.0013607902342275,
      -0.0013992762001157,
      -0.0026104249773911,
      -0.0016724668283336
    ],
    "O3pl2*Ope": [
      0.0006382008332432,
      0.0001931589686273,
      0.0082922212880787,
      0.0062164386698077
    ],
    "O3pl2*Opl1": [
      0.0008748619148612,
      0.0007971271415081,
      0.0007479388259841,
      0.0012411130121547
    ],
    "OQe*OQe": [
      -0.0848930122051514,
      -0.0266663467318302,
      -0.0231503263522367,
      -0.3244594741346842
    ],
    "OQe*OQl13": [
      -0.1699458324257097,
      -0.053470390514552,
      -0.3691798605903054,
      -0.7190396480161161
    ],
    "OQe*OQl1M": [
      -0.0849729162128548,
      -0.026735195257276,
      -0.1845899302951527,
      -0.359519824008058
    ],
    "OQl13*OQl13": [
      -0.2076164530330162,
      -0.1778438324121323,
      0.0177664563496489,
      -0.1404175449212482
    ],
    "OQl13*OQl1M": [
      -0.2076164530330162,
      -0.1778438324121323,
      0.0177664563496489,
      -0.1404175449212482
    ],