{
  "best_sm": [
    0.014573372253,
    0.0214415915898,
    0.00608290933998,
    0.00535816290308
  ],
  "scales": [
    1000.0,
    1000.0,
    1000.0,
    1000.0
  ],
  "theory_cov_current": [
    [
      0.0,
      0.0,
      0.0,
      0.0
    ],
    [
      0.0,
      0.0,
      0.0,
      0.0
    ],
    [
      0.0,
      0.0,
      0.0,
      0.0
    ],
    [
      0.0,
      0.0,
      0.0,
      0.0
    ]
  ],
  "theory_cov_conservative": [
    [
      0.0,
      0.0,
      0.0,
      0.0
    ],
    [
      0.0,
      0.0,
      0.0,
      0.0
    ],
    [
      0.0,
      0.0,
      0.0,
      0.0
    ],
    [
      0.0,
      0.0,
      0.0,
      0.0
    ]
  ],
  "theory_cov_aggressive": [
    [
      0.0,
      0.0,
      0.0,
      0.0
    ],
    [
      0.0,
      0.0,
      0.0,
      0.0
    ],
    [
      0.0,
      0.0,
      0.0,
      0.0
    ],
    [
      0.0,
      0.0,
      0.0,
      0.0
    ]
  ],
  "LO": {
    "SM": [
      0.014573372253,
      0.0214415915898,
      0.00608290933998,
      0.00535816290308
    ],
    "O3pQ3": [
      0.00265952608967,
      0.00392729988305,
      0.000956721581022,
      0.000877179108452
    ],
    "O3pl1": [
      0.000146016767584,
      0.000269763510138,
      -0.000524985074843,
      -0.000330832383405
    ],
    "O3pl2": [
      -0.00176699563269,
      -0.00259975509028,
      -0.000737542008207,
      -0.000649667783451
    ],
    "OQe": [
      -0.00995200156339,
      -0.00663466770892,
      -0.0895680140705,
      -0.0597120093803
    ],
    "OQl13": [
      0.556230138601,
      0.834345207901,
      0.0618033487334,
      0.0927050231001
    ],
    "OQl1M": [
      0.2781150693,
      0.417172603951,
      0.0309016743667,
      0.0463525115501
    ],
    "Oeb": [
      0.0195230632759,
      0.0130153755173,
      0.175707569483,
      0.117138379655
    ],
    "Ol1b": [
      0.0581882499768,
      0.0872823749652,
      0.00646536110854,
      0.0096980416628
    ],
    "Oll1221": [
      0.00176699563269,
      0.00259975509028,
      0.000737542008207,
      0.000649667783451
    ],
    "OpD": [
      9.87883212937e-05,
      0.00026208203057,
      -0.00120395203858,
      -0.000780832120194
    ],
    "OpQM": [
      0.00132976304483,
      0.00196364994152,
      0.000478360790511,
      0.000438589554226
    ],
    "OpWB": [
      -0.000543813953704,
      -0.000684103269917,
      -0.00146434548611,
      -0.00101195928342
    ],
    "Opdi": [
      0.000197472689963,
      0.000357011883037,
      -0.000626622302992,
      -0.000392707821654
    ],
    "Ope": [
      -9.53698301977e-05,
      -6.35798867984e-05,
      -0.00085832847178,
      -0.000572218981186
    ],
    "Opl1": [
      0.00191301240028,
      0.00286951860042,
      0.000212556933364,
      0.000318835400046
    ],
    "O3pQ3*O3pQ3": [
      0.000137288204629,
      0.00019480202546,
      0.000133977247443,
      0.000100793337819
    ],
    "O3pQ3*OQe": [
      -0.00357379952562,
      -0.00238253301708,
      -0.0321641957306,
      -0.0214427971537
    ],
    "O3pQ3*OQl13": [
      0.0533314764093,
      0.079997214614,
      0.00592571960104,
      0.00888857940156
    ],
    "O3pQ3*OQl1M": [
      0.0266657382047,
      0.039998607307,
      0.00296285980052,
      0.00444428970078
    ],
    "O3pQ3*OpQM": [
      0.000137288204629,
      0.00019480202546,
      0.000133977247443,
      0.000100793337819
    ],
    "O3pQ3*OpWB": [
      9.70239319714e-06,
      7.80447402723e-06,
      7.30686118856e-05,
      4.88608759121e-05
    ],
    "O3pl1*O3pQ3": [
      2.91389077743e-05,
      4.74664052594e-05,
      -3.68481419589e-05,
      -2.14498205567e-05
    ],
    "O3pl1*O3pl1": [
      1.29190663116e-05,
      1.78406153827e-05,
      1.78406153827e-05,
      1.29190663116e-05
    ],
    "O3pl1*O3pl2": [
      -8.85213751978e-06,
      -1.63541744491e-05,
      3.1826756305e-05,
      2.00564209327e-05
    ],
    "O3pl1*OQe": [
      0.000603331301562,
      0.000402220867708,
      0.00542998171406,
      0.00361998780937
    ],
    "O3pl1*OQl13": [
      0.00723997561874,
      0.0108599634281,
      0.000804441735416,
      0.00120666260312
    ],
    "O3pl1*OQl1M": [
      0.00361998780937,
      0.00542998171406,
      0.000402220867708,
      0.000603331301562
    ],
    "O3pl1*Oeb": [
      -0.00118356846125,
      -0.000789045640832,
      -0.0106521161512,
      -0.00710141076749
    ],
    "O3pl1*Ol1b": [
      -0.00710141076749,
      -0.0106521161512,
      -0.000789045640832,
      -0.00118356846125
    ],
    "O3pl1*Oll1221": [
      8.85213751978e-06,
      1.63541744491e-05,
      -3.1826756305e-05,
      -2.00564209327e-05
    ],
    "O3pl1*OpD": [
      3.30954197759e-05,
      4.27380701656e-05,
      7.73312368456e-05,
      5.38513197839e-05
    ],
    "O3pl1*OpQM": [
      1.45694538871e-05,
      2.37332026297e-05,
      -1.84240709794e-05,
      -1.07249102783e-05
    ],
    "O3pl1*OpWB": [
      5.89263779013e-05,
      8.04103624682e-05,
      9.1658888749e-05,
      6.56754936698e-05
    ],
    "O3pl1*Opdi": [
      -2.85812224126e-05,
      -4.65579525614e-05,
      3.61429106739e-05,
      2.10392955285e-05
    ],
    "O3pl1*Ope": [
      5.7817116905e-06,
      3.85447446033e-06,
      5.20354052145e-05,
      3.4690270143e-05
    ],
    "O3pl1*Opl1": [
      3.4690270143e-05,
      5.20354052145e-05,
      3.85447446033e-06,
      5.7817116905e-06
    ],
    "O3pl2*O3pQ3": [
      -0.000161231419328,
      -0.000238089085394,
      -5.80004005258e-05,
      -5.3178208407e-05
    ],
    "O3pl2*O3pl2": [
      5.35612744902e-05,
      7.88039276506e-05,
      2.23564162914e-05,
      1.96927676747e-05
    ],
    "O3pl2*OQe": [
      0.000603331301562,
      0.000402220867708,
      0.00542998171406,
      0.00361998780937
    ],
    "O3pl2*OQl13": [
      -0.0337209606884,
      -0.0505814410326,
      -0.00374677340982,
      -0.00562016011474
    ],
    "O3pl2*OQl1M": [
      -0.0168604803442,
      -0.0252907205163,
      -0.00187338670491,
      -0.00281008005737
    ],
    "O3pl2*Oeb": [
      -0.00118356846125,
      -0.000789045640832,
      -0.0106521161512,
      -0.00710141076749
    ],
    "O3pl2*Ol1b": [
      -0.00352761124187,
      -0.00529141686281,
      -0.000391956804652,
      -0.000587935206978
    ],
    "O3pl2*Oll1221": [
      -0.00010712254898,
      -0.000157607855301,
      -4.47128325828e-05,
      -3.93855353494e-05
    ],
    "O3pl2*OpD": [
      -5.98895469275e-06,
      -1.58884915374e-05,
      7.29885285713e-05,
      4.73372573725e-05
    ],
    "O3pl2*OpQM": [
      -8.06157096638e-05,
      -0.000119044542697,
      -2.90002002629e-05,
      -2.65891042035e-05
    ],
    "O3pl2*OpWB": [
      3.29682404495e-05,
      4.14731562905e-05,
      8.87746512543e-05,
      6.13491374278e-05
    ],
    "O3pl2*Opdi": [
      -1.19716073494e-05,
      -2.16435299666e-05,
      3.79884234587e-05,
      2.38075647057e-05
    ],
    "O3pl2*Ope": [
      5.7817116905e-06,
      3.85447446033e-06,
      5.20354052145e-05,
      3.4690270143e-05
    ],
    "O3pl2*Opl1": [
      -0.0001159746865,
      -0.00017396202975,
      -1.28860762778e-05,
      -1.93291144167e-05
    ],
    "OQe*OQe": [
      0.239063343189,
      0.159375562126,
      2.1515700887,
      1.43438005913
    ],
    "OQe*OQl13": [
      0.0,
      0.0,
      0.0,
      0.0
    ],
    "OQe*OQl1M": [
      0.0,
      0.0,
      0.0,
      0.0
    ],
    "OQl13*OQl13": [
      5.73752023654,
      8.60628035481,
      0.637502248504,
      0.956253372756
    ],
    "OQl13*OQl1M": [
      5.73752023654,
      8.60628035481,
      0.637502248504,
      0.956253372756
    ],
    "OQl1M*OQl1M": [
      1.43438005913,
      2.1515700887,
      0.159375562126,
      0.239063343189
    ],
    "Oeb*O3pQ3": [
      0.0,
      0.0,
      0.0,
      0.0
    ],
    "Oeb*OQe": [
      0.0,
      0.0,
      0.0,
      0.0
    ],