{
  "best_sm": [
    0.9538821116802816,
    0.9690944334064752,
    0.9659528358807812,
    0.95140485938062
  ],
  "scales": [
    500.0,
    500.0,
    500.0,
    500.0
  ],
  "theory_cov": [
    [
      0.0,
      0.0,
      0.0,
      0.0
    ],
    [
      0.0,
      0.0,
      0.0,
      0.0
    ],
    [
      0.0,
      0.0,
      0.0,
      0.0
    ],
    [
      0.0,
      0.0,
      0.0,
      0.0
    ]
  ],
  "LO": {
    "SM": [
      0.9538821116802816,
      0.9690944334064752,
      0.9659528358807812,
      0.95140485938062
    ],
    "O3pl1": [
      0.0051884196895857,
      0.0045735279545182,
      0.0030298818791398,
      0.0038212332461521
    ],
    "O3pl2": [
      0.0,
      0.0,
      0.0,
      0.0
    ],
    "Oee1111": [
      -0.0008015993904277,
      0.00077645311126,
      0.010083759438572,
      -0.0061891819332973
    ],
    "Ole1111": [
      0.1395697463247653,
      0.0374456278127304,
      0.041063837195102,
      0.1465786038179129
    ],
    "Oll1111": [
      -0.003990446757124,
      0.0146305511095883,
      0.0006886952403633,
      -0.0013409193228229
    ],
    "Oll1221": [
      0.0,
      0.0,
      0.0,
      0.0
    ],
    "OpD": [
      0.003631972796152,
      0.0034431683490587,
      0.0007141955576454,
      0.0013966863003479
    ],
    "OpWB": [
      0.0096888109382264,
      0.0085405673254979,
      0.0056579757322231,
      0.0071357385654141
    ],
    "Ope": [
      -0.004376665951979,
      -0.0033747187852849,
      -0.0053693777796432,
      -0.0057798528706591
    ],
    "Opl1": [
      0.0051884196895728,
      0.0045735279545275,
      0.0030298818791298,
      0.0038212332461423
    ],
    "O3pl1*O3pl1": [
      0.0002167925411213,
      4.820805145505386e-06,
      0.000150977795764,
      0.0002471046513327
    ],
    "O3pl1*O3pl2": [
      0.0003145433593904,
      0.0002772660912433,
      0.0001836839118348,
      0.0002316588892514
    ],
    "O3pl1*Oee1111": [
      0.0008036491016707,
      0.0003514511815978,
      0.0050620399861386,
      0.0026357733633184
    ],
    "O3pl1*Ole1111": [
      0.0021834791865441,
      -0.0003393726013751,
      0.002133123318908,
      0.007152780238264
    ],
    "O3pl1*Oll1111": [
      0.0042131794921472,
      0.0074590022750901,
      0.0003866998197788,
      0.0005613215031044
    ],
    "O3pl1*Oll1221": [
      -0.0003145433593904,
      -0.0002772660912425,
      -0.0001836839118355,
      -0.000231658889252
    ],
    "O3pl1*OpD": [
      0.0005943529634985,
      0.0002207769506316,
      0.0004024086204081,
      0.0005465183517613
    ],
    "O3pl1*OpWB": [
      0.0013970487088706,
      0.0005357690092879,
      0.000906879091072,
      0.0013554801072789
    ],
    "O3pl1*Ope": [
      -0.0001752333914366,
      7.51208890284e-05,
      -0.0001010677618482,
      -0.0003038445331176
    ],
    "O3pl1*Opl1": [
      0.0001190417228534,
      -0.0002676244809514,
      0.0001182716796947,
      0.0002625504134131
    ],
    "O3pl2*O3pl2": [
      0.0,
      0.0,
      0.0,
      0.0
    ],
    "O3pl2*Oee1111": [
      -4.85962547786e-05,
      4.70717838254e-05,
      0.0006113190063462,
      -0.0003752136861745
    ],
    "O3pl2*Ole1111": [
      0.0084612925523101,
      0.0022701081005834,
      0.0024894588474768,
      0.0088861983450579
    ],
    "O3pl2*Oll1111": [
      -0.0002419173088259,
      0.0008869642340141,
      4.17515404426e-05,
      -8.12920491596e-05
    ],
    "O3pl2*Oll1221": [
      0.0,
      0.0,
      0.0,
      0.0
    ],
    "O3pl2*OpD": [
      0.000220185141689,
      0.0002087390389074,
      4.3297474645e-05,
      8.46728728987e-05
    ],
    "O3pl2*OpWB": [
      0.0005873756024668,
      0.0005177643479815,
      0.0003430097795957,
      0.0004325978456557
    ],
    "O3pl2*Ope": [
      -0.0002653315062802,
      -0.0002045893445822,
      -0.0003255137837083,
      -0.000350398473421
    ],
    "O3pl2*Opl1": [
      0.0003145433593853,
      0.0002772660912439,
      0.0001836839118314,
      0.0002316588892479
    ],
    "Oee1111*Oee1111": [
      -0.0381016128044384,
      -0.0185796136756884,
      -0.3298963032638617,
      -0.1981264523023199
    ],
    "Oee1111*Ole1111": [
      0.0223833290387973,
      0.0030007471583098,
      0.0604354370090888,
      0.1195966900215959
    ],
    "Oee1111*Oll1111": [
      -0.0013448657742153,
      0.0021745071350724,
      0.0019011459955017,
      -0.002293900501317
    ],
    "Oee1111*Oll1221": [
      4.85962547788e-05,
      -4.70717838245e-05,
      -0.0006113190063515,
      0.0003752136861711
    ],
    "Oee1111*OpD": [
      0.0005360205218801,
      0.0002630591213233,
      0.002078882861966,
      0.0004261496984699
    ],
    "Oee1111*OpWB": [
      0.0014099792845539,
      0.0007441984067438,
      0.010594382480881,
      0.0042213499748623
    ],
    "Oee1111*Ope": [
      -0.0006705733151621,
      -0.0003209263537663,
      -0.0079595247757618,
      -0.0045946507039446
    ],
    "Oee1111*Opl1": [
      0.00085224535645,
      0.0003043793977735,
      0.0044507209797954,
      0.0030109870494852
    ],
    "Ole1111*Ole1111": [
      -0.3044437027430999,
      -0.2725999318880739,
      -0.3030458806521028,
      -0.3180051207927237
    ],
    "Ole1111*Oll1111": [
      0.1189050117068582,
      0.0550163900395122,
      0.0039664964814578,
      0.0270525605930557
    ],
    "Ole1111*Oll1221": [
      -0.0084612925523094,
      -0.0022701081005805,
      -0.0024894588474778,
      -0.0088861983450605
    ],
    "Ole1111*OpD": [
      0.0086456259190969,
      0.001288609971009,
      0.0050617379202486,
      0.0160643265340488
    ],
    "Ole1111*OpWB": [
      0.0198779564931616,
      0.0036054391014298,
      0.0086321707448264,
      0.0299510526195681
    ],
    "Ole1111*Ope": [
      0.0018701948113624,
      0.0005155770883909,
      0.0022418223744293,
      0.0050301912609974
    ],
    "Ole1111*Opl1": [
      -0.0062778133657632,
      -0.0026094807019555,
      -0.0003563355285685,
      -0.0017334181067986
    ],
    "Oll1111*Oll1111": [
      -0.1874669250724485,
      -0.2913346724914252,
      -0.0205238499071855,
      -0.0400675078768408
    ],
    "Oll1111*OpD": [
      0.0027624813625179,
      0.0064278393004716,
      0.0002227420007374,
      4.22387570261e-05
    ],
    "Oll1111*OpWB": [
      0.0074159013306963,
      0.0155851870976009,
      0.0008000864374439,
      0.0008964029323493
    ],
    "Oll1111*Ope": [
      -0.0036267813098744,
      -0.0049821635429674,
      -0.0004740274530426,
      -0.0010737968799313
    ],
    "Oll1111*Opl1": [
      0.0044550968009758,
      0.0065720380410946,
      0.0003449482793362,
      0.0006426135522622
    ],
    "Oll1221*Oll1111": [
      0.0002419173088267,
      -0.0008869642339984,
      -4.1751540443e-05,
      8.12920491588e-05
    ],
    "Oll1221*Oll1221": [
      0.0,
      0.0,
      0.0,
      0.0
    ],
    "Oll1221*OpD": [
      -0.0002201851416906,
      -0.0002087390389062,
      -4.32974746461e-05,
      -8.46728729003e-05
    ],
    "Oll1221*OpWB": [
      -0.0005873756024641,
      -0.0005177643479757,
      -0.0003430097795966,
      -0.0004325978456564
    ],
    "Oll1221*Ope": [
      0.0002653315062802,
      0.0002045893445819,
      0.0003255137837081,
      0.0003503984734211
    ],
    "Oll1221*Opl1": [
      -0.0003145433593851,
      -0.0002772660912445,
      -0.0001836839118315,
      -0.000231658889248
    ],
    "OpD*OpD": [
      0.0003156840510636,
      0.0001652578609664,
      9.27847572767e-05,
      0.0001798488150616
    ],
    "OpD*OpWB": [
      0.0015210615515579,
      0.0008020745172044,
      0.0008323077829759,
      0.0011786811413529
    ],
    "OpD*Ope": [
      -0.0003445564291358,
      -9.38810885068e-05,
      -0.0005855387923276,
      -0.0006120570641361
    ],
    "OpD*Opl1": [
      0.0003741678218074,
      1.20379117258e-05,
      0.0003591111457625,
      0.000461845478861
    ],