{
  "best_sm": [
    0.648927512543,
    0.661163516178,
    0.351831735225,
    0.459561628307
  ],
  "scales": [
    250.0,
    250.0,
    250.0,
    250.0
  ],
  "theory_cov_current": [
    [
      0.0,
      0.0,
      0.0,
      0.0
    ],
    [
      0.0,
      0.0,
      0.0,
      0.0
    ],
    [
      0.0,
      0.0,
      0.0,
      0.0
    ],
    [
      0.0,
      0.0,
      0.0,
      0.0
    ]
  ],
  "theory_cov_conservative": [
    [
      0.0,
      0.0,
      0.0,
      0.0
    ],
    [
      0.0,
      0.0,
      0.0,
      0.0
    ],
    [
      0.0,
      0.0,
      0.0,
      0.0
    ],
    [
      0.0,
      0.0,
      0.0,
      0.0
    ]
  ],
  "theory_cov_aggressive": [
    [
      0.0,
      0.0,
      0.0,
      0.0
    ],
    [
      0.0,
      0.0,
      0.0,
      0.0
    ],
    [
      0.0,
      0.0,
      0.0,
      0.0
    ],
    [
      0.0,
      0.0,
      0.0,
      0.0
    ]
  ],
  "LO": {
    "SM": [
      0.648927512543,
      0.661163516178,
      0.351831735225,
      0.459561628307
    ],
    "O3pQ3": [
      -6.63293560594e-05,
      0.005728568721,
      -0.142172106002,
      -0.0903316945164
    ],
    "O3pl1": [
      0.0144309223173,
      0.013148680564,
      0.0123373150809,
      0.0204722655783
    ],
    "O3pl2": [
      0.0,
      0.0,
      0.0,
      0.0
    ],
    "OQe": [
      0.081499246818,
      0.024606516385,
      1.14691178461,
      0.830721876048
    ],
    "OQl13": [
      0.130292655035,
      0.106921201923,
      0.173105880807,
      0.274045430377
    ],
    "OQl1M": [
      0.0651463275173,
      0.0534606009616,
      0.0865529404034,
      0.137022715189
    ],
    "Oeb": [
      0.00532853631679,
      0.00126783052417,
      0.573435845291,
      0.263211557547
    ],
    "Ol1b": [
      -0.259603586927,
      -0.270332245536,
      -0.0451026531523,
      -0.112672607901
    ],
    "Oll1221": [
      0.0,
      0.0,
      0.0,
      0.0
    ],
    "OpD": [
      0.017684813516,
      0.0147546102069,
      0.0190056550995,
      0.034026754945
    ],
    "OpQM": [
      -3.31646780297e-05,
      0.0028642843605,
      -0.0710860530011,
      -0.0451658472582
    ],
    "OpWB": [
      0.0268862505438,
      0.0299024749337,
      -0.10970689509,
      -0.0461125850638
    ],
    "Opdi": [
      -0.0224463516204,
      -0.0230811809285,
      -0.0430591838826,
      -0.0275874837709
    ],
    "Ope": [
      0.010527177479,
      0.0031861737536,
      0.136780901321,
      0.102540689005
    ],
    "Opl1": [
      0.0144309223173,
      0.013148680564,
      0.0123373150809,
      0.0204722655783
    ],
    "O3pQ3*O3pQ3": [
      -0.00111332255952,
      -0.00116358176609,
      0.00399113431399,
      0.00127895822663
    ],
    "O3pQ3*OQe": [
      0.00877098110559,
      0.00274767250854,
      -0.0250685530928,
      0.0276100087812
    ],
    "O3pQ3*OQl13": [
      -0.0120712767753,
      -0.0229400932307,
      0.0535259001135,
      0.0744761384551
    ],
    "O3pQ3*OQl1M": [
      -0.00603563838764,
      -0.0114700466153,
      0.0267629500567,
      0.0372380692275
    ],
    "O3pQ3*OpQM": [
      -0.00111332255952,
      -0.00116358176609,
      0.00399113431399,
      0.00127895822663
    ],
    "O3pQ3*OpWB": [
      -0.00570869220077,
      -0.00585841104102,
      -0.0188281173192,
      -0.010265083398
    ],
    "O3pl1*O3pQ3": [
      -0.00193969715151,
      -0.00232092390897,
      -0.00545465221026,
      -0.00129969630602
    ],
    "O3pl1*O3pl1": [
      -0.00101795132454,
      -0.00104470362805,
      0.000763841156856,
      0.000404027807512
    ],
    "O3pl1*O3pl2": [
      0.000874861914861,
      0.000797127141508,
      0.000747938825984,
      0.00124111301215
    ],
    "O3pl1*OQe": [
      -0.00545106247891,
      -0.00178003003525,
      0.0476363116216,
      0.0070405357487
    ],
    "O3pl1*OQl13": [
      -0.0315706258192,
      -0.030148486755,
      0.0124847402556,
      -0.00395670560845
    ],
    "O3pl1*OQl1M": [
      -0.0157853129096,
      -0.0150742433775,
      0.00624237012779,
      -0.00197835280422
    ],
    "O3pl1*Oeb": [
      -0.00170034354653,
      -0.000454853402418,
      -0.00268020946702,
      -0.0240138626529
    ],
    "O3pl1*Ol1b": [
      0.0372046448123,
      0.0402168562913,
      0.00157381450022,
      0.00765647217251
    ],
    "O3pl1*Oll1221": [
      -0.000874861914861,
      -0.000797127141508,
      -0.000747938825984,
      -0.00124111301215
    ],
    "O3pl1*OpD": [
      -0.00229446532421,
      -0.00229897649924,
      0.00322391513732,
      0.00228181299662
    ],
    "O3pl1*OpQM": [
      -0.000969848575757,
      -0.00116046195448,
      -0.00272732610513,
      -0.00064984815301
    ],
    "O3pl1*OpWB": [
      -0.00397920463065,
      -0.00458022974415,
      -0.00084351002266,
      0.00261307918929
    ],
    "O3pl1*Opdi": [
      0.00328092996595,
      0.0034519577249,
      0.000317193781012,
      0.00229379687987
    ],
    "O3pl1*Ope": [
      -0.000673466622989,
      -0.000222207605069,
      0.00628525465189,
      0.00146742674484
    ],
    "O3pl1*Opl1": [
      -0.00291076456394,
      -0.00288653439761,
      0.000779743487728,
      -0.00043305739713
    ],
    "O3pl2*O3pQ3": [
      -4.02115860496e-06,
      0.00034728941716,
      -0.0086190583084,
      -0.00547627916633
    ],
    "O3pl2*O3pl2": [
      0.0,
      0.0,
      0.0,
      0.0
    ],
    "O3pl2*OQe": [
      0.00494081982864,
      0.00149174831444,
      0.0695305135733,
      0.0503617797405
    ],
    "O3pl2*OQl13": [
      0.00789887708972,
      0.006482003395,
      0.010494391074,
      0.0166137620803
    ],
    "O3pl2*OQl1M": [
      0.00394943854486,
      0.0032410016975,
      0.005247195537,
      0.00830688104014
    ],
    "O3pl2*Oeb": [
      0.000323037806109,
      7.686110532e-05,
      0.0347640414542,
      0.0159569681124
    ],
    "O3pl2*Ol1b": [
      -0.0157382380814,
      -0.0163886535301,
      -0.00273430849633,
      -0.00683067730065
    ],
    "O3pl2*Oll1221": [
      0.0,
      0.0,
      0.0,
      0.0
    ],
    "O3pl2*OpD": [
      0.00107212619377,
      0.000894485207168,
      0.00115220104772,
      0.00206284195376
    ],
    "O3pl2*OpQM": [
      -2.01057930248e-06,
      0.00017364470858,
      -0.0043095291542,
      -0.00273813958317
    ],
    "O3pl2*OpWB": [
      0.00162995518353,
      0.00181281112214,
      -0.00665088358187,
      -0.00279553472613
    ],
    "O3pl2*Opdi": [
      -0.00136079023423,
      -0.00139927620012,
      -0.00261042497739,
      -0.00167246682833
    ],
    "O3pl2*Ope": [
      0.000638200833243,
      0.000193158968627,
      0.00829222128808,
      0.00621643866981
    ],
    "O3pl2*Opl1": [
      0.000874861914861,
      0.000797127141508,
      0.000747938825984,
      0.00124111301215
    ],
    "OQe*OQe": [
      -0.0848930122052,
      -0.0266663467318,
      -0.0231503263522,
      -0.324459474135
    ],
    "OQe*OQl13": [
      -0.169945832426,
      -0.0534703905146,
      -0.36917986059,
      -0.719039648016
    ],
    "OQe*OQl1M": [
      -0.0849729162129,
      -0.0267351952573,
      -0.184589930295,
      -0.359519824008
    ],
    "OQl13*OQl13": [
      -0.207616453033,
      -0.177843832412,
      0.0177664563496,
      -0.140417544921
    ],
    "OQl13*OQl1M": [
      -0.207616453033,
      -0.177843832412,
      0.0177664563496,
      -0.140417544921
    ],
    "OQl1M*OQl1M": [
      -0.0519041132583,
      -0.044460958103,
      0.00444161408741,
      -0.0351043862303
    ],
    "Oeb*O3pQ3": [
      -0.00102646978413,
      -0.000398783842029,
      0.11997429377,
      0.0452136187937
    ],
    "Oeb*OQe": [
      -0.00695021940975,
      -0.000634031342843,
      -1.22295651907,
      -0.690613762222
    ],
    "Oeb*OQl13": [
      -0.0232453962862,
      -0.00570795593966,
      -0.556372533258,
      -0.579140792157
    ],