{
  "best_sm": [
    0.0145733722529844,
    0.0214415915898222,
    0.006082909339979,
    0.0053581629030785
  ],
  "scales": [
    1000.0,
    1000.0,
    1000.0,
    1000.0
  ],
  "theory_cov_current": [
    [
      0.0,
      0.0,
      0.0,
      0.0
    ],
    [
      0.0,
      0.0,
      0.0,
      0.0
    ],
    [
      0.0,
      0.0,
      0.0,
      0.0
    ],
    [
      0.0,
      0.0,
      0.0,
      0.0
    ]
  ],
  "theory_cov_conservative": [
    [
      0.0,
      0.0,
      0.0,
      0.0
    ],
    [
      0.0,
      0.0,
      0.0,
      0.0
    ],
    [
      0.0,
      0.0,
      0.0,
      0.0
    ],
    [
      0.0,
      0.0,
      0.0,
      0.0
    ]
  ],
  "theory_cov_aggressive": [
    [
      0.0,
      0.0,
      0.0,
      0.0
    ],
    [
      0.0,
      0.0,
      0.0,
      0.0
    ],
    [
      0.0,
      0.0,
      0.0,
      0.0
    ],
    [
      0.0,
      0.0,
      0.0,
      0.0
    ]
  ],
  "LO": {
    "SM": [
      0.0145733722529844,
      0.0214415915898222,
      0.006082909339979,
      0.0053581629030785
    ],
    "O3pQ3": [
      0.0026595260896681,
      0.0039272998830488,
      0.0009567215810221,
      0.0008771791084521
    ],
    "O3pl1": [
      0.0001460167675837,
      0.0002697635101378,
      -0.0005249850748431,
      -0.0003308323834048
    ],
    "O3pl2": [
      -0.0017669956326947,
      -0.0025997550902799,
      -0.0007375420082074,
      -0.0006496677834512
    ],
    "OQe": [
      -0.0099520015633863,
      -0.0066346677089242,
      -0.0895680140704775,
      -0.0597120093803183
    ],
    "OQl13": [
      0.5562301386009002,
      0.8343452079013501,
      0.0618033487334333,
      0.0927050231001499
    ],
    "OQl1M": [
      0.2781150693004501,
      0.417172603950675,
      0.0309016743667166,
      0.0463525115500749
    ],
    "Oeb": [
      0.0195230632758982,
      0.0130153755172655,
      0.1757075694830845,
      0.1171383796553896
    ],
    "Ol1b": [
      0.0581882499768203,
      0.0872823749652304,
      0.0064653611085355,
      0.0096980416628033
    ],
    "Oll1221": [
      0.0017669956326947,
      0.0025997550902799,
      0.0007375420082074,
      0.0006496677834512
    ],
    "OpD": [
      9.87883212937e-05,
      0.0002620820305705,
      -0.0012039520385751,
      -0.0007808321201936
    ],
    "OpQM": [
      0.001329763044834,
      0.0019636499415244,
      0.000478360790511,
      0.000438589554226
    ],
    "OpWB": [
      -0.0005438139537039,
      -0.0006841032699171,
      -0.001464345486113,
      -0.0010119592834214
    ],
    "Opdi": [
      0.0001974726899628,
      0.0003570118830368,
      -0.0006266223029916,
      -0.0003927078216542
    ],
    "Ope": [
      -9.53698301977e-05,
      -6.35798867984e-05,
      -0.0008583284717795,
      -0.0005722189811863
    ],
    "Opl1": [
      0.0019130124002785,
      0.0028695186004178,
      0.0002125569333642,
      0.0003188354000464
    ],
    "O3pQ3*O3pQ3": [
      0.0001372882046288,
      0.0001948020254603,
      0.0001339772474432,
      0.0001007933378185
    ],
    "O3pQ3*OQe": [
      -0.0035737995256208,
      -0.0023825330170805,
      -0.0321641957305877,
      -0.0214427971537251
    ],
    "O3pQ3*OQl13": [
      0.0533314764093436,
      0.0799972146140154,
      0.0059257196010381,
      0.0088885794015572
    ],
    "O3pQ3*OQl1M": [
      0.0266657382046718,
      0.0399986073070077,
      0.002962859800519,
      0.0044442897007786
    ],
    "O3pQ3*OpQM": [
      0.0001372882046288,
      0.0001948020254603,
      0.0001339772474432,
      0.0001007933378185
    ],
    "O3pQ3*OpWB": [
      9.702393197137889e-06,
      7.804474027234842e-06,
      7.30686118856e-05,
      4.88608759121e-05
    ],
    "O3pl1*O3pQ3": [
      2.91389077743e-05,
      4.74664052594e-05,
      -3.68481419589e-05,
      -2.14498205567e-05
    ],
    "O3pl1*O3pl1": [
      1.29190663116e-05,
      1.78406153827e-05,
      1.78406153827e-05,
      1.29190663116e-05
    ],
    "O3pl1*O3pl2": [
      -8.852137519778635e-06,
      -1.63541744491e-05,
      3.1826756305e-05,
      2.00564209327e-05
    ],
    "O3pl1*OQe": [
      0.0006033313015618,
      0.0004022208677078,
      0.0054299817140562,
      0.0036199878093708
    ],
    "O3pl1*OQl13": [
      0.0072399756187416,
      0.0108599634281124,
      0.0008044417354157,
      0.0012066626031236
    ],
    "O3pl1*OQl1M": [
      0.0036199878093708,
      0.0054299817140562,
      0.0004022208677078,
      0.0006033313015618
    ],
    "O3pl1*Oeb": [
      -0.0011835684612486,
      -0.0007890456408324,
      -0.0106521161512376,
      -0.0071014107674917
    ],
    "O3pl1*Ol1b": [
      -0.0071014107674917,
      -0.0106521161512376,
      -0.0007890456408324,
      -0.0011835684612486
    ],
    "O3pl1*Oll1221": [
      8.852137519778633e-06,
      1.63541744491e-05,
      -3.1826756305e-05,
      -2.00564209327e-05
    ],
    "O3pl1*OpD": [
      3.30954197759e-05,
      4.27380701656e-05,
      7.73312368456e-05,
      5.38513197839e-05
    ],
    "O3pl1*OpQM": [
      1.45694538871e-05,
      2.37332026297e-05,
      -1.84240709794e-05,
      -1.07249102783e-05
    ],
    "O3pl1*OpWB": [
      5.89263779013e-05,
      8.04103624682e-05,
      9.1658888749e-05,
      6.56754936698e-05
    ],
    "O3pl1*Opdi": [
      -2.85812224126e-05,
      -4.65579525614e-05,
      3.61429106739e-05,
      2.10392955285e-05
    ],
    "O3pl1*Ope": [
      5.781711690501543e-06,
      3.854474460334362e-06,
      5.20354052145e-05,
      3.4690270143e-05
    ],
    "O3pl1*Opl1": [
      3.4690270143e-05,
      5.20354052145e-05,
      3.85447446033437e-06,
      5.781711690501553e-06
    ],
    "O3pl2*O3pQ3": [
      -0.0001612314193277,
      -0.0002380890853937,
      -5.80004005258e-05,
      -5.3178208407e-05
    ],
    "O3pl2*O3pl2": [
      5.35612744902e-05,
      7.88039276506e-05,
      2.23564162914e-05,
      1.96927676747e-05
    ],
    "O3pl2*OQe": [
      0.0006033313015618,
      0.0004022208677078,
      0.0054299817140562,
      0.0036199878093708
    ],
    "O3pl2*OQl13": [
      -0.0337209606884136,
      -0.0505814410326204,
      -0.0037467734098237,
      -0.0056201601147355
    ],
    "O3pl2*OQl1M": [
      -0.0168604803442068,
      -0.0252907205163102,
      -0.0018733867049118,
      -0.0028100800573677
    ],
    "O3pl2*Oeb": [
      -0.0011835684612486,
      -0.0007890456408324,
      -0.0106521161512376,
      -0.0071014107674917
    ],
    "O3pl2*Ol1b": [
      -0.0035276112418708,
      -0.0052914168628063,
      -0.0003919568046523,
      -0.0005879352069784
    ],
    "O3pl2*Oll1221": [
      -0.0001071225489804,
      -0.0001576078553013,
      -4.47128325828e-05,
      -3.93855353494e-05
    ],
    "O3pl2*OpD": [
      -5.988954692747426e-06,
      -1.58884915374e-05,
      7.29885285713e-05,
      4.73372573725e-05
    ],
    "O3pl2*OpQM": [
      -8.06157096638e-05,
      -0.0001190445426968,
      -2.90002002629e-05,
      -2.65891042035e-05
    ],
    "O3pl2*OpWB": [
      3.29682404495e-05,
      4.14731562905e-05,
      8.87746512543e-05,
      6.13491374278e-05
    ],
    "O3pl2*Opdi": [
      -1.19716073494e-05,
      -2.16435299666e-05,
      3.79884234587e-05,
      2.38075647057e-05
    ],
    "O3pl2*Ope": [
      5.781711690501543e-06,
      3.854474460334362e-06,
      5.20354052145e-05,
      3.4690270143e-05
    ],
    "O3pl2*Opl1": [
      -0.0001159746865002,
      -0.0001739620297504,
      -1.28860762778e-05,
      -1.93291144167e-05
    ],
    "OQe*OQe": [
      0.2390633431891225,
      0.1593755621260817,
      2.151570088702104,
      1.4343800591347355
    ],
    "OQe*OQl13": [
      0.0,
      0.0,
      0.0,
      0.0
    ],
    "OQe*OQl1M": [
      0.0,
      0.0,
      0.0,
      0.0
    ],
    "OQl13*OQl13": [
      5.737520236538944,
      8.606280354808415,
      0.637502248504327,
      0.95625337275649
    ],