{
  "best_sm": [
    11.43,
    11.19
  ],
  "scales": [
    350.0,
    350.0
  ],
  "theory_cov": [
    [
      0.0020903183999999996,
      0.0
    ],
    [
      0.0,
      0.0020034576
    ]
  ],
  "LO": {
    "SM": [
      11.43,
      11.19
    ],
    "OpD": [
      -0.04255,
      -0.04222
    ],
    "OpWB": [
      0.0959,
      0.09619
    ],
    "OWWW": [
      0.1135,
      0.1111
    ],
    "Opl1": [
      -0.5424,
      -0.5311
    ],
    "O3pl1": [
      1.878,
      1.837
    ],
    "O3pl2": [
      -1.386,
      -1.354
    ],
    "Ope": [
      -0.2629,
      -0.2687
    ],
    "Oll1221": [
      1.385,
      1.356
    ],
    "OpD*OpD": [
      0.001484,
      0.001484
    ],
    "OpWB*OpWB": [
      0.02865,
      0.02909
    ],
    "OWWW*OWWW": [
      0.2574,
      0.2519
    ],
    "Opl1*Opl1": [
      0.2693,
      0.2634
    ],
    "O3pl1*O3pl1": [
      0.3105,
      0.3038
    ],
    "O3pl2*O3pl2": [
      0.04202,
      0.04111
    ],
    "Ope*Ope": [
      0.2636,
      0.2693
    ],
    "Oll1221*Oll1221": [
      0.04195,
      0.04107
    ],
    "OpD*OpWB": [
      -0.008063999999999998,
      -0.008133999999999999
    ],
    "OWWW*OpD": [
      -0.007784000000000041,
      -0.007784000000000013
    ],
    "OpD*Opl1": [
      0.028416000000000052,
      0.027915999999999996
    ],
    "O3pl1*OpD": [
      -0.02758400000000001,
      -0.026884000000000033
    ],
    "O3pl2*OpD": [
      0.0025359999999999957,
      0.0025060000000000004
    ],
    "OpD*Ope": [
      0.02771600000000002,
      0.028416000000000052
    ],
    "Oll1221*OpD": [
      -0.0025640000000000046,
      -0.0025640000000000046
    ],
    "OWWW*OpWB": [
      0.037949999999999984,
      0.03691
    ],
    "Opl1*OpWB": [
      -0.03884999999999998,
      -0.037990000000000024
    ],
    "O3pl1*OpWB": [
      0.035449999999999995,
      0.034509999999999985
    ],
    "O3pl2*OpWB": [
      -0.0058400000000000014,
      -0.005889999999999996
    ],
    "Ope*OpWB": [
      -0.11384999999999999,
      -0.11639
    ],
    "Oll1221*OpWB": [
      0.005799999999999996,
      0.005860000000000001
    ],
    "OWWW*Opl1": [
      -0.15500000000000003,
      -0.15180000000000005
    ],
    "OWWW*O3pl1": [
      0.15319999999999995,
      0.14989999999999998
    ],
    "OWWW*O3pl2": [
      -0.007020000000000026,
      -0.0068100000000000105
    ],
    "OWWW*Ope": [
      0.0050000000000000044,
      0.0049000000000000155
    ],
    "OWWW*Oll1221": [
      0.006850000000000023,
      0.00652999999999998
    ],
    "O3pl1*Opl1": [
      -0.53878,
      -0.5270900000000001
    ],
    "O3pl2*Opl1": [
      0.03288000000000002,
      0.03209000000000001
    ],
    "Ope*Opl1": [
      -0.0,
      -5.551115123125783e-17
    ],
    "Oll1221*Opl1": [
      -0.03264999999999996,
      -0.03217000000000003
    ],
    "O3pl1*O3pl2": [
      -0.11382,
      -0.11131000000000002
    ],
    "O3pl1*Ope": [
      0.01589999999999997,
      0.016500000000000015
    ],
    "O3pl1*Oll1221": [
      0.11384999999999999,
      0.11113
    ],
    "O3pl2*Ope": [
      0.015579999999999983,
      0.01649000000000006
    ],
    "O3pl2*Oll1221": [
      -0.08397,
      -0.08218
    ],
    "Oll1221*Ope": [
      -0.01605000000000001,
      -0.016569999999999974
    ]
  }
}