{
  "best_sm": [
    0.6411959761,
    0.645584579629,
    0.476189592039,
    0.518263821278
  ],
  "scales": [
    1000.0,
    1000.0,
    1000.0,
    1000.0
  ],
  "theory_cov_current": [
    [
      0.0,
      0.0,
      0.0,
      0.0
    ],
    [
      0.0,
      0.0,
      0.0,
      0.0
    ],
    [
      0.0,
      0.0,
      0.0,
      0.0
    ],
    [
      0.0,
      0.0,
      0.0,
      0.0
    ]
  ],
  "theory_cov_conservative": [
    [
      0.0,
      0.0,
      0.0,
      0.0
    ],
    [
      0.0,
      0.0,
      0.0,
      0.0
    ],
    [
      0.0,
      0.0,
      0.0,
      0.0
    ],
    [
      0.0,
      0.0,
      0.0,
      0.0
    ]
  ],
  "theory_cov_aggressive": [
    [
      0.0,
      0.0,
      0.0,
      0.0
    ],
    [
      0.0,
      0.0,
      0.0,
      0.0
    ],
    [
      0.0,
      0.0,
      0.0,
      0.0
    ],
    [
      0.0,
      0.0,
      0.0,
      0.0
    ]
  ],
  "LO": {
    "SM": [
      0.6411959761,
      0.645584579629,
      0.476189592039,
      0.518263821278
    ],
    "O3pQ3": [
      0.00507744960419,
      0.00827525472099,
      -0.119427068252,
      -0.0868899364021
    ],
    "O3pl1": [
      0.0159058818379,
      0.0156289855953,
      0.00999999552977,
      0.0145252854399
    ],
    "O3pl2": [
      0.0,
      0.0,
      0.0,
      0.0
    ],
    "OQe": [
      0.921803317482,
      0.419044087668,
      17.446380662,
      13.673001863
    ],
    "OQl13": [
      2.57499164028,
      2.45447531445,
      2.36195157378,
      3.29419128512
    ],
    "OQl1M": [
      1.28749582014,
      1.22723765722,
      1.18097578689,
      1.64709564256
    ],
    "Oeb": [
      0.0903793614177,
      0.0382886095741,
      6.71505312853,
      4.1624090746
    ],
    "Ol1b": [
      -5.38968181681,
      -5.51273474294,
      -1.25934634353,
      -2.22068128505
    ],
    "Oll1221": [
      0.0,
      0.0,
      0.0,
      0.0
    ],
    "OpD": [
      0.0188476870985,
      0.0179726727577,
      0.0170716463163,
      0.0239410945689
    ],
    "OpQM": [
      0.00253872480209,
      0.00413762736049,
      -0.059713534126,
      -0.043444968201
    ],
    "OpWB": [
      0.0344433020564,
      0.0369120054419,
      -0.0928346404771,
      -0.0540043703919
    ],
    "Opdi": [
      -0.0253868961925,
      -0.0257641193828,
      -0.0309490711486,
      -0.0258769979224
    ],
    "Ope": [
      0.00646828769349,
      0.00294391407072,
      0.116186706492,
      0.0924280360547
    ],
    "Opl1": [
      0.0159058818379,
      0.0156289855953,
      0.00999999552977,
      0.0145252854399
    ],
    "O3pQ3*O3pQ3": [
      -0.0015899986984,
      -0.00153123301036,
      -0.00410458096432,
      -0.00339157455585
    ],
    "O3pQ3*OQe": [
      0.166268347794,
      0.0762876003361,
      1.76257855538,
      1.70331975672
    ],
    "O3pQ3*OQl13": [
      -0.416818856515,
      -0.536243233887,
      1.06837455434,
      1.27989799137
    ],
    "O3pQ3*OQl1M": [
      -0.208409428257,
      -0.268121616943,
      0.534187277171,
      0.639948995685
    ],
    "O3pQ3*OpQM": [
      -0.0015899986984,
      -0.00153123301036,
      -0.00410458096432,
      -0.00339157455585
    ],
    "O3pQ3*OpWB": [
      -0.00683890492824,
      -0.00683081964321,
      -0.0283398092475,
      -0.0186868983319
    ],
    "O3pl1*O3pQ3": [
      -0.00238009414897,
      -0.00262839422535,
      -0.00383140608565,
      -0.00134775236405
    ],
    "O3pl1*O3pl1": [
      -0.000991399835505,
      -0.00103242598472,
      0.000519066285404,
      0.000364268543501
    ],
    "O3pl1*O3pl2": [
      0.000964280032575,
      0.000947493442525,
      0.000606240893368,
      0.000880582595789
    ],
    "O3pl1*OQe": [
      -0.0542574899083,
      -0.0258402309177,
      0.59528256642,
      0.177178519115
    ],
    "O3pl1*OQl13": [
      -0.599372232722,
      -0.607095089332,
      0.132990006267,
      -0.00503831436421
    ],
    "O3pl1*OQl1M": [
      -0.299686116361,
      -0.303547544666,
      0.0664950031335,
      -0.0025191571821
    ],
    "O3pl1*Oeb": [
      -0.02769286348,
      -0.0122899687232,
      -0.116406325553,
      -0.312887132135
    ],
    "O3pl1*Ol1b": [
      0.648260413098,
      0.678521708129,
      0.0343766273159,
      0.107613359555
    ],
    "O3pl1*Oll1221": [
      -0.000964280032575,
      -0.000947493442525,
      -0.000606240893368,
      -0.000880582595789
    ],
    "O3pl1*OpD": [
      -0.00222003454945,
      -0.00231471476999,
      0.00232761762336,
      0.00193907069151
    ],
    "O3pl1*OpQM": [
      -0.00119004707448,
      -0.00131419711267,
      -0.00191570304283,
      -0.000673876182024
    ],
    "O3pl1*OpWB": [
      -0.00412425875431,
      -0.00454066638534,
      -0.000506678554694,
      0.00174646578385
    ],
    "O3pl1*Opdi": [
      0.0031163558787,
      0.00319943334136,
      0.000594813652921,
      0.00166949563308
    ],
    "O3pl1*Ope": [
      -0.00035285280402,
      -0.00016916651166,
      0.00439481796846,
      0.00165468519741
    ],
    "O3pl1*Opl1": [
      -0.00294707970358,
      -0.00301234541196,
      0.000431891677441,
      -0.000152045508787
    ],
    "O3pl2*O3pQ3": [
      0.000307815896008,
      0.000501680005753,
      -0.00724016049147,
      -0.00526762562166
    ],
    "O3pl2*O3pl2": [
      0.0,
      0.0,
      0.0,
      0.0
    ],
    "O3pl2*OQe": [
      0.0558835116512,
      0.0254041775631,
      1.05767141266,
      0.828913656991
    ],
    "O3pl2*OQl13": [
      0.156106593025,
      0.148800397255,
      0.143191227228,
      0.199707436035
    ],
    "O3pl2*OQl1M": [
      0.0780532965124,
      0.0744001986276,
      0.071595613614,
      0.0998537180176
    ],
    "O3pl2*Oeb": [
      0.0054791689301,
      0.00232121312504,
      0.407094162746,
      0.252342372398
    ],
    "O3pl2*Ol1b": [
      -0.326744698022,
      -0.334204672943,
      -0.076346759365,
      -0.134626840795
    ],
    "O3pl2*Oll1221": [
      0.0,
      0.0,
      0.0,
      0.0
    ],
    "O3pl2*OpD": [
      0.00114262437723,
      0.00108957740595,
      0.00103495347405,
      0.00145140770478
    ],
    "O3pl2*OpQM": [
      0.000153907948004,
      0.000250840002876,
      -0.00362008024573,
      -0.00263381281083
    ],
    "O3pl2*OpWB": [
      0.00208809475435,
      0.00223775771584,
      -0.00562801805369,
      -0.00327396723876
    ],
    "O3pl2*Opdi": [
      -0.00153905815075,
      -0.00156192697336,
      -0.00187626009293,
      -0.00156877013509
    ],
    "O3pl2*Ope": [
      0.000392134226279,
      0.000178472189405,
      0.00704371642285,
      0.00560336801984
    ],
    "O3pl2*Opl1": [
      0.000964280032575,
      0.000947493442525,
      0.000606240893368,
      0.000880582595789
    ],
    "OQe*OQe": [
      -21.5137325666,
      -9.93645914071,
      -162.2007279,
      -176.074281029
    ],
    "OQe*OQl13": [
      -33.4245538891,
      -15.5465510542,
      -142.479426859,
      -199.854538209
    ],
    "OQe*OQl1M": [
      -16.7122769445,
      -7.7732755271,
      -71.2397134297,
      -99.9272691046
    ],
    "OQl13*OQl13": [
      -71.7200936434,
      -70.1917467799,
      0.365745139751,
      -23.0153017053
    ],
    "OQl13*OQl1M": [
      -71.7200936434,
      -70.1917467799,
      0.365745139751,
      -23.0153017053
    ],
    "OQl1M*OQl1M": [
      -17.9300234109,
      -17.547936695,
      0.0914362849379,
      -5.75382542632
    ],
    "Oeb*O3pQ3": [
      -0.0232954757257,
      -0.0120362519973,
      2.39355920556,
      1.21813543102
    ],
    "Oeb*OQe": [
      -1.1731649101,
      -0.242518561924,
      -405.070506823,
      -252.528244854
    ],
    "Oeb*OQl13": [
      -6.89912037589,
      -2.9798084514,
      -136.452064981,
      -144.033033856
    ],
    "Oeb*OQl1M": [
      -3.44956018795,
      -1.4899042257,
      -68.2260324905,
      -72.0165169281
    ],