{
  "best_sm": [
    0.00015836,
    0.00023274
  ],
  "scales": [
    500,
    500
  ],
  "theory_cov": [
    [
      0.0,
      0.0
    ],
    [
      0.0,
      0.0
    ]
  ],
  "LO": {
    "SM": [
      0.00015836,
      0.00023274
    ],
    "OpD": [
      -1.9198e-05,
      4.969e-05
    ],
    "OpWB": [
      0.00026442,
      8.0168e-05
    ],
    "OpBox": [
      6.8659e-05,
      0.00010103
    ],
    "Op": [
      -4.1996e-05,
      -6.1817e-05
    ],
    "OpW": [
      7.0032e-05,
      0.00069169
    ],
    "OpBB": [
      0.00029529,
      -0.00015395
    ],
    "Ope": [
      -0.0011847,
      -7.0842e-05
    ],
    "Opl1": [
      8.8138e-05,
      0.0014743
    ],
    "O3pl1": [
      5.936e-05,
      0.0014296
    ],
    "O3pl2": [
      -2.8789e-05,
      -4.238e-05
    ],
    "Oll": [
      2.8771e-05,
      4.235e-05
    ],
    "OpD*OpD": [
      1.0327e-06,
      2.964e-06
    ],
    "OpWB*OpWB": [
      0.00012783,
      1.2338e-05
    ],
    "OpBox*OpBox": [
      7.5984e-06,
      1.1173e-05
    ],
    "Op*Op": [
      3.3823e-06,
      4.9704e-06
    ],
    "OpW*OpW": [
      3.5536e-05,
      0.00056898
    ],
    "OpBB*OpBB": [
      0.00017516,
      4.5915e-05
    ],
    "Ope*Ope": [
      0.0024213,
      0.00014493
    ],
    "Opl1*Opl1": [
      0.00014491,
      0.0024238
    ],
    "O3pl1*O3pl1": [
      0.0001382,
      0.0022903
    ],
    "O3pl2*O3pl2": [
      1.309e-06,
      1.9234e-06
    ],
    "Oll*Oll": [
      1.3072e-06,
      1.9237e-06
    ],
    "OpD*OpWB": [
      -1.95763e-05,
      6.160027e-06
    ],
    "OpD*OpBox": [
      -4.165233e-06,
      1.079915e-05
    ],
    "OpD*Op": [
      2.580139e-06,
      -6.549851e-06
    ],
    "OpD*OpW": [
      2.499287e-06,
      7.841451e-05
    ],
    "OpD*OpBB": [
      -2.468576e-05,
      -2.100842e-05
    ],
    "OpD*Ope": [
      9.119316e-05,
      5.461484e-06
    ],
    "OpD*Opl1": [
      1.00382e-05,
      0.0001675569
    ],
    "OpD*O3pl1": [
      1.17961e-05,
      0.0001626328
    ],
    "OpD*O3pl2": [
      1.747278e-06,
      -4.518347e-06
    ],
    "OpD*Oll": [
      -1.744335e-06,
      4.519121e-06
    ],
    "OpWB*OpBox": [
      5.764309e-05,
      1.736086e-05
    ],
    "OpWB*Op": [
      -3.592648e-05,
      -1.062067e-05
    ],
    "OpWB*OpW": [
      3.388755e-05,
      0.0001035566
    ],
    "OpWB*OpBB": [
      0.0002956568,
      -7.655365e-06
    ],
    "OpWB*Ope": [
      -0.001063915,
      -6.36935e-05
    ],
    "OpWB*Opl1": [
      1.29434e-05,
      0.0002122423
    ],
    "OpWB*O3pl1": [
      -1.108878e-05,
      0.0002056354
    ],
    "OpWB*O3pl2": [
      -2.401783e-05,
      -7.287718e-06
    ],
    "OpWB*Oll": [
      2.409222e-05,
      7.297341e-06
    ],
    "OpBox*Op": [
      -9.669129e-06,
      -1.421391e-05
    ],
    "OpBox*OpW": [
      1.519374e-05,
      0.0001510537
    ],
    "OpBox*OpBB": [
      6.451006e-05,
      -3.368126e-05
    ],
    "OpBox*Ope": [
      -0.0002570732,
      -1.537932e-05
    ],
    "OpBox*Opl1": [
      1.913648e-05,
      0.0003192073
    ],
    "OpBox*O3pl1": [
      1.287071e-05,
      0.000310575
    ],
    "OpBox*O3pl2": [
      -6.247689e-06,
      -9.183648e-06
    ],
    "OpBox*Oll": [
      6.248079e-06,
      9.170932e-06
    ],
    "Op*OpW": [
      -9.323238e-06,
      -9.37693e-05
    ],
    "Op*OpBB": [
      -4.015447e-05,
      2.107677e-05
    ],
    "Op*Ope": [
      0.0001571396,
      9.366913e-06
    ],
    "Op*Opl1": [
      -1.173169e-05,
      -0.0001956448
    ],
    "Op*O3pl1": [
      -7.834565e-06,
      -0.0001899863
    ],
    "Op*O3pl2": [
      3.819388e-06,
      5.637949e-06
    ],
    "Op*Oll": [
      -3.819251e-06,
      -5.617116e-06
    ],
    "OpW*OpBB": [
      1.537315e-05,
      -0.0002824771
    ],
    "OpW*Ope": [
      -0.0001171365,
      -7.235536e-06
    ],
    "OpW*Opl1": [
      0.0001353835,
      0.002268663
    ],
    "OpW*O3pl1": [
      0.0001292911,
      0.002197116
    ],
    "OpW*O3pl2": [
      -6.362445e-06,
      -6.285862e-05
    ],
    "OpW*Oll": [
      6.354163e-06,
      6.280547e-05
    ],
    "OpBB*Ope": [
      -0.001250174,
      -7.480934e-05
    ],
    "OpBB*Opl1": [
      -3.381829e-05,
      -0.0005666557
    ],
    "OpBB*O3pl1": [
      -6.084903e-05,
      -0.0005523988
    ],
    "OpBB*O3pl2": [
      -2.686971e-05,
      1.402663e-05
    ],
    "OpBB*Oll": [
      2.685774e-05,
      -1.399969e-05
    ],
    "Ope*Opl1": [
      2.790673e-07,
      2.203327e-07
    ],
    "Ope*O3pl1": [
      0.0001082293,
      5.560457e-06
    ],
    "Ope*O3pl2": [
      0.000107765,
      6.472467e-06
    ],
    "Ope*Oll": [
      -0.0001076424,
      -6.450879e-06
    ],
    "Opl1*O3pl1": [
      0.0002819879,
      0.004728366
    ],
    "Opl1*O3pl2": [
      -8.007305e-06,
      -0.0001339875
    ],
    "Opl1*Oll": [
      8.032616e-06,
      0.0001340503
    ],
    "O3pl1*O3pl2": [
      -5.402974e-06,
      -0.0001301039
    ],
    "O3pl1*Oll": [
      5.408144e-06,
      0.0001302144
    ],
    "O3pl2*Oll": [
      -2.616199e-06,
      -3.8471e-06
    ]
  }
}
