{
  "best_sm": [
    0.478225209136,
    0.482941481139,
    0.440449298088,
    0.446817246165
  ],
  "scales": [
    500.0,
    500.0,
    500.0,
    500.0
  ],
  "theory_cov_current": [
    [
      0.0,
      0.0,
      0.0,
      0.0
    ],
    [
      0.0,
      0.0,
      0.0,
      0.0
    ],
    [
      0.0,
      0.0,
      0.0,
      0.0
    ],
    [
      0.0,
      0.0,
      0.0,
      0.0
    ]
  ],
  "theory_cov_conservative": [
    [
      0.0,
      0.0,
      0.0,
      0.0
    ],
    [
      0.0,
      0.0,
      0.0,
      0.0
    ],
    [
      0.0,
      0.0,
      0.0,
      0.0
    ],
    [
      0.0,
      0.0,
      0.0,
      0.0
    ]
  ],
  "theory_cov_aggressive": [
    [
      0.0,
      0.0,
      0.0,
      0.0
    ],
    [
      0.0,
      0.0,
      0.0,
      0.0
    ],
    [
      0.0,
      0.0,
      0.0,
      0.0
    ],
    [
      0.0,
      0.0,
      0.0,
      0.0
    ]
  ],
  "LO": {
    "SM": [
      0.478225209136,
      0.482941481139,
      0.440449298088,
      0.446817246165
    ],
    "O3pl1": [
      0.0318662617084,
      0.0353595302133,
      0.00262256616426,
      0.00770967707159
    ],
    "O3pl2": [
      0.0,
      0.0,
      0.0,
      0.0
    ],
    "O3pl3": [
      0.0156341256066,
      0.0138350944151,
      0.0272869675171,
      0.02566613035
    ],
    "Oee1133": [
      0.439115000481,
      0.139047525639,
      3.28146702469,
      2.74764013123
    ],
    "Ole1133": [
      -1.33372018529,
      -1.49294378968,
      -0.102351553123,
      -0.304447499412
    ],
    "Ole3311": [
      -0.275212101726,
      -0.0893214233145,
      -1.7107331022,
      -1.47539942023
    ],
    "Oll1133": [
      1.19703114571,
      1.30731747632,
      0.110435881707,
      0.31892798867
    ],
    "Oll1221": [
      0.0,
      0.0,
      0.0,
      0.0
    ],
    "Oll1331": [
      1.19703114571,
      1.30731747632,
      0.110435881707,
      0.31892798867
    ],
    "OpD": [
      0.0362606309246,
      0.0395658555545,
      0.00368401044444,
      0.00993590601928
    ],
    "OpWB": [
      0.0887018205387,
      0.0918656249331,
      0.0558528096079,
      0.0623256998014
    ],
    "Ope": [
      -0.00693177903963,
      -0.00223644186804,
      -0.0452041619588,
      -0.0386697697869
    ],
    "Opl1": [
      0.0318662617084,
      0.0353595302133,
      0.00262256616426,
      0.00770967707159
    ],
    "Opl3": [
      0.0156341256066,
      0.0138350944151,
      0.0272869675171,
      0.02566613035
    ],
    "Opta": [
      -0.0271176665752,
      -0.0290037038946,
      -0.0145321155491,
      -0.0163395635748
    ],
    "O3pl1*O3pl1": [
      0.000445149410931,
      0.000352848858127,
      0.000120216004945,
      0.00031207088814
    ],
    "O3pl1*O3pl2": [
      0.00193186396023,
      0.00214364027681,
      0.000158990756506,
      0.000467392360481
    ],
    "O3pl1*O3pl3": [
      -0.000629643182024,
      -0.00114281747772,
      0.00167018441814,
      0.00152762836813
    ],
    "O3pl1*Oee1133": [
      -0.0482858216736,
      -0.0183598453785,
      0.158448912935,
      0.0648636835087
    ],
    "O3pl1*Ole1133": [
      0.0116772453314,
      0.0143963880144,
      0.000366706742325,
      0.00128048628588
    ],
    "O3pl1*Ole3311": [
      -0.0151844516043,
      -0.00484890933224,
      -0.103236261595,
      -0.0881154159863
    ],
    "O3pl1*Oll1133": [
      -0.0904551242936,
      -0.127652518836,
      0.00913099893476,
      0.0184986219761
    ],
    "O3pl1*Oll1221": [
      -0.00193186396023,
      -0.00214364027681,
      -0.000158990756506,
      -0.000467392360481
    ],
    "O3pl1*Oll1331": [
      -0.0904551242936,
      -0.127652518836,
      0.00913099893476,
      0.0184986219761
    ],
    "O3pl1*OpD": [
      0.00164528305497,
      0.00100395623154,
      0.000653846402222,
      0.00162780172509
    ],
    "O3pl1*OpWB": [
      0.00409429251183,
      0.00318674194159,
      0.00386476690917,
      0.00489100185499
    ],
    "O3pl1*Ope": [
      -0.000104454681823,
      -2.20826478e-05,
      -0.00257617933058,
      -0.00192904234144
    ],
    "O3pl1*Opl1": [
      -0.00104156513837,
      -0.00143794256056,
      8.14412533831e-05,
      0.000156749415799
    ],
    "O3pl1*Opl3": [
      -0.000629643182024,
      -0.00114281747772,
      0.00167018441814,
      0.00152762836813
    ],
    "O3pl1*Opta": [
      0.000407801390453,
      0.000344927688599,
      -0.000600457180061,
      -0.000224250798102
    ],
    "O3pl2*O3pl2": [
      0.0,
      0.0,
      0.0,
      0.0
    ],
    "O3pl2*O3pl3": [
      0.000947805051168,
      0.000838740374742,
      0.00165424829598,
      0.00155598647483
    ],
    "O3pl2*Oee1133": [
      0.0266209589185,
      0.00842963338462,
      0.198936038989,
      0.166573255243
    ],
    "O3pl2*Ole1133": [
      -0.0808556078076,
      -0.09050839814,
      -0.00620497247406,
      -0.0184568606533
    ],
    "O3pl2*Ole3311": [
      -0.0166844905,
      -0.00541503236735,
      -0.103711682781,
      -0.0894447862431
    ],
    "O3pl2*Oll1133": [
      0.0725689555563,
      0.0792549669051,
      0.00669507775146,
      0.0193347275202
    ],
    "O3pl2*Oll1221": [
      0.0,
      0.0,
      0.0,
      0.0
    ],
    "O3pl2*Oll1331": [
      0.0725689555563,
      0.0792549669051,
      0.00669507775146,
      0.0193347275202
    ],
    "O3pl2*OpD": [
      0.00219826871126,
      0.00239864503407,
      0.00022333987814,
      0.000602355523422
    ],
    "O3pl2*OpWB": [
      0.00537746949653,
      0.00556927234252,
      0.00338602723301,
      0.00377844048179
    ],
    "O3pl2*Ope": [
      -0.000420232979615,
      -0.000135582312213,
      -0.00274046237803,
      -0.00234432062616
    ],
    "O3pl2*Opl1": [
      0.00193186396023,
      0.00214364027681,
      0.000158990756506,
      0.000467392360481
    ],
    "O3pl2*Opl3": [
      0.000947805051168,
      0.000838740374742,
      0.00165424829598,
      0.00155598647483
    ],
    "O3pl2*Opta": [
      -0.00164398457596,
      -0.00175832392202,
      -0.000880996665129,
      -0.000990571604693
    ],
    "O3pl3*O3pl3": [
      -0.000657394783396,
      -0.000577545352145,
      -0.000304620374701,
      -0.00046642178473
    ],
    "O3pl3*Oee1133": [
      -0.0499805588941,
      -0.0160417158647,
      -0.271813030593,
      -0.247435051222
    ],
    "O3pl3*Ole1133": [
      0.0437499509115,
      0.0633977140725,
      -0.00436528368868,
      -0.00918807969757
    ],
    "O3pl3*Ole3311": [
      0.0266218095591,
      0.00950325732035,
      0.0364029040626,
      0.0497940017604
    ],
    "O3pl3*Oll1133": [
      -0.0950749920607,
      -0.105857587844,
      -0.00534921882792,
      -0.0177509604201
    ],
    "O3pl3*Oll1221": [
      -0.000947805051168,
      -0.000838740374741,
      -0.00165424829598,
      -0.00155598647483
    ],
    "O3pl3*Oll1331": [
      -0.0950749920607,
      -0.105857587844,
      -0.00534921882792,
      -0.0177509604201
    ],
    "O3pl3*OpD": [
      -0.000729295995573,
      -0.00129963166091,
      0.00356628353169,
      0.00297049494143
    ],
    "O3pl3*OpWB": [
      -0.00186109411265,
      -0.00272483759169,
      0.00507032645407,
      0.00401633204076
    ],
    "O3pl3*Ope": [
      0.000699293348679,
      0.000242727964279,
      0.00173626586573,
      0.00189817726254
    ],
    "O3pl3*Opl1": [
      -0.00157744823319,
      -0.00198155785246,
      1.59361221589e-05,
      -2.83581067027e-05
    ],
    "O3pl3*Opl3": [
      -0.00131478956679,
      -0.00115509070429,
      -0.000609240749401,
      -0.000932843569461
    ],
    "O3pl3*Opta": [
      0.00102592924348,
      0.00127050230033,
      0.000958811195556,
      0.000773381258225
    ],
    "Oee1133*Oee1133": [
      0.945262933665,
      0.478631938349,
      -26.830456242,
      -17.6815615112
    ],