{
  "best_sm": [
    0.0743672465774,
    0.130136509909,
    0.0620143066432,
    0.0434026087291
  ],
  "scales": [
    250.0,
    250.0,
    250.0,
    250.0
  ],
  "theory_cov_current": [
    [
      0.0,
      0.0,
      0.0,
      0.0
    ],
    [
      0.0,
      0.0,
      0.0,
      0.0
    ],
    [
      0.0,
      0.0,
      0.0,
      0.0
    ],
    [
      0.0,
      0.0,
      0.0,
      0.0
    ]
  ],
  "theory_cov_conservative": [
    [
      0.0,
      0.0,
      0.0,
      0.0
    ],
    [
      0.0,
      0.0,
      0.0,
      0.0
    ],
    [
      0.0,
      0.0,
      0.0,
      0.0
    ],
    [
      0.0,
      0.0,
      0.0,
      0.0
    ]
  ],
  "theory_cov_aggressive": [
    [
      0.0,
      0.0,
      0.0,
      0.0
    ],
    [
      0.0,
      0.0,
      0.0,
      0.0
    ],
    [
      0.0,
      0.0,
      0.0,
      0.0
    ],
    [
      0.0,
      0.0,
      0.0,
      0.0
    ]
  ],
  "LO": {
    "SM": [
      0.0743672465774,
      0.130136509909,
      0.0620143066432,
      0.0434026087291
    ],
    "O3pl1": [
      -0.0031028990455,
      -0.00479568237116,
      -0.00686201418389,
      -0.00404214077856
    ],
    "O3pl2": [
      -0.00901689723124,
      -0.015778821859,
      -0.00751912509341,
      -0.00526248961054
    ],
    "O3pq": [
      0.0,
      0.0,
      0.0,
      0.0
    ],
    "Oeu": [
      -0.00873300506599,
      -0.00470238734323,
      -0.0785970455939,
      -0.042321486089
    ],
    "Ol1u": [
      -0.0187205708727,
      -0.0347667744778,
      -0.0020800634303,
      -0.00386297494198
    ],
    "Oll1221": [
      0.00901689723124,
      0.015778821859,
      0.00751912509341,
      0.00526248961054
    ],
    "OpD": [
      -0.00387354580638,
      -0.00496136686172,
      -0.0154781611534,
      -0.00865390684806
    ],
    "OpWB": [
      -0.0128483832255,
      -0.0200098126856,
      -0.0273893618929,
      -0.0162027237742
    ],
    "Ope": [
      -0.000244202850595,
      -0.000131493842628,
      -0.00219782565535,
      -0.00118344458365
    ],
    "Opl1": [
      0.00591399818574,
      0.0109831394878,
      0.000657110909526,
      0.00122034883198
    ],
    "OpqMi": [
      -0.00523940559395,
      -0.00985912266418,
      0.000286037679386,
      -0.000627969074149
    ],
    "Opui": [
      -0.00099503824385,
      -0.00263562081336,
      0.00519907210659,
      0.00256618581067
    ],
    "Oqe": [
      -0.00142795987997,
      -0.000768901473832,
      -0.0128516389198,
      -0.00692011326449
    ],
    "Oql13": [
      0.0,
      0.0,
      0.0,
      0.0
    ],
    "Oql1M": [
      -0.0627448524558,
      -0.116526154561,
      -0.00697165027287,
      -0.0129473505068
    ],
    "O3pl1*O3pl1": [
      0.000129927897632,
      0.000211987622452,
      0.000211987622452,
      0.000129927897632
    ],
    "O3pl1*O3pl2": [
      0.000188110513027,
      0.000290734006465,
      0.000416003546878,
      0.000245051213215
    ],
    "O3pl1*O3pq": [
      0.0,
      0.0,
      0.0,
      0.0
    ],
    "O3pl1*Oeu": [
      0.000529430715967,
      0.000285078077829,
      0.00476487644371,
      0.00256570270046
    ],
    "O3pl1*Ol1u": [
      0.00256570270046,
      0.00476487644371,
      0.000285078077829,
      0.000529430715967
    ],
    "O3pl1*Oll1221": [
      -0.000188110513027,
      -0.000290734006465,
      -0.000416003546878,
      -0.000245051213215
    ],
    "O3pl1*OpD": [
      0.000326767037298,
      0.000471518152169,
      0.000948565037922,
      0.000543606530822
    ],
    "O3pl1*OpWB": [
      0.000780948200927,
      0.00121684038029,
      0.00166068101123,
      0.000982693942261
    ],
    "O3pl1*Ope": [
      1.48045820487e-05,
      7.97169802626e-06,
      0.000133241238439,
      7.17452822363e-05
    ],
    "O3pl1*Opl1": [
      7.17452822363e-05,
      0.000133241238439,
      7.97169802626e-06,
      1.48045820487e-05
    ],
    "O3pl1*OpqMi": [
      2.97635950694e-05,
      6.30835123105e-05,
      -4.93264193271e-05,
      -2.13318284022e-05
    ],
    "O3pl1*Opui": [
      0.000182025860929,
      0.000385801198139,
      -0.00030166664758,
      -0.000130459523489
    ],
    "O3pl1*Oqe": [
      8.65688060311e-05,
      4.66139724783e-05,
      0.000779119254281,
      0.000419525752305
    ],
    "O3pl1*Oql13": [
      0.0,
      0.0,
      0.0,
      0.0
    ],
    "O3pl1*Oql1M": [
      0.000419525752305,
      0.000779119254281,
      4.66139724783e-05,
      8.65688060311e-05
    ],
    "O3pl2*O3pl2": [
      0.000273320713824,
      0.000478288566809,
      0.000227920157584,
      0.000159516891449
    ],
    "O3pl2*O3pq": [
      0.0,
      0.0,
      0.0,
      0.0
    ],
    "O3pl2*Oeu": [
      0.000529430715967,
      0.000285078077829,
      0.00476487644371,
      0.00256570270046
    ],
    "O3pl2*Ol1u": [
      0.00113491806836,
      0.00210770498409,
      0.000126102007595,
      0.000234189442676
    ],
    "O3pl2*Oll1221": [
      -0.000546641427649,
      -0.000956577133619,
      -0.000455840315169,
      -0.000319033782899
    ],
    "O3pl2*OpD": [
      0.000234830291991,
      0.000300778482313,
      0.000938349843999,
      0.000524635456393
    ],
    "O3pl2*OpWB": [
      0.00077892188069,
      0.00121307721414,
      0.00166045586453,
      0.000982275812688
    ],
    "O3pl2*Ope": [
      1.48045820487e-05,
      7.97169802626e-06,
      0.000133241238439,
      7.17452822363e-05
    ],
    "O3pl2*Opl1": [
      -0.000358530914621,
      -0.000665843127154,
      -3.98367682912e-05,
      -7.39825696837e-05
    ],
    "O3pl2*OpqMi": [
      0.000317634334789,
      0.000597700600362,
      -1.73407815804e-05,
      3.80700702701e-05
    ],
    "O3pl2*Opui": [
      6.03233143546e-05,
      0.000159782183073,
      -0.000315189152755,
      -0.000155572747386
    ],
    "O3pl2*Oqe": [
      8.65688060311e-05,
      4.66139724783e-05,
      0.000779119254281,
      0.000419525752305
    ],
    "O3pl2*Oql13": [
      0.0,
      0.0,
      0.0,
      0.0
    ],
    "O3pl2*Oql1M": [
      0.00380385124111,
      0.00706429516207,
      0.000422650137902,
      0.000784921684674
    ],
    "O3pq*O3pq": [
      0.0,
      0.0,
      0.0,
      0.0
    ],
    "O3pq*Oeu": [
      0.0,
      0.0,
      0.0,
      0.0
    ],
    "O3pq*Ol1u": [
      0.0,
      0.0,
      0.0,
      0.0
    ],
    "O3pq*Oll1221": [
      0.0,
      0.0,
      0.0,
      0.0
    ],
    "O3pq*OpD": [
      0.0,
      0.0,
      0.0,
      0.0
    ],
    "O3pq*OpWB": [
      0.0,
      0.0,
      0.0,
      0.0
    ],
    "O3pq*Ope": [
      0.0,
      0.0,
      0.0,
      0.0
    ],
    "O3pq*Opl1": [
      0.0,
      0.0,
      0.0,
      0.0
    ],
    "O3pq*OpqMi": [
      0.0,
      0.0,
      0.0,
      0.0
    ],
    "O3pq*Opui": [
      0.0,
      0.0,
      0.0,
      0.0
    ],
    "O3pq*Oqe": [
      0.0,
      0.0,
      0.0,
      0.0
    ],
    "O3pq*Oql13": [
      0.0,
      0.0,
      0.0,
      0.0
    ],
    "O3pq*Oql1M": [
      0.0,
      0.0,
      0.0,
      0.0
    ],
    "Oeu*Oeu": [
      0.00323731610569,
      0.00174317021075,
      0.0291358449512,
      0.0156885318968
    ],
    "Oeu*Ol1u": [
      0.0,
      0.0,
      0.0,
      0.0
    ],
    "Oeu*Oll1221": [
      -0.000529430715967,
      -0.000285078077829,
      -0.00476487644371,
      -0.00256570270046
    ],
    "Oeu*OpD": [
      0.00121834372361,
      0.000656031235788,
      0.0109650935125,
      0.00590428112209
    ],
    "Oeu*OpWB": [
      0.00197730886041,
      0.00106470477099,
      0.0177957797437,
      0.0095823429389
    ],
    "Oeu*Ope": [
      0.000295241273291,
      0.000158976070233,
      0.00265717145962,
      0.0014307846321
    ],
    "Oeu*Opl1": [
      0.0,
      0.0,
      0.0,
      0.0
    ],
    "Oeu*OpqMi": [
      0.0,
      0.0,
      0.0,
      0.0
    ],
    "Oeu*Opui": [
      -0.000442861909936,
      -0.00023846410535,
      -0.00398575718942,
      -0.00214617694815
    ],