{
  "best_sm": [
    0.531303973439,
    0.535806569707,
    0.4945085985,
    0.50080389525
  ],
  "scales": [
    250.0,
    250.0,
    250.0,
    250.0
  ],
  "theory_cov_current": [
    [
      0.0,
      0.0,
      0.0,
      0.0
    ],
    [
      0.0,
      0.0,
      0.0,
      0.0
    ],
    [
      0.0,
      0.0,
      0.0,
      0.0
    ],
    [
      0.0,
      0.0,
      0.0,
      0.0
    ]
  ],
  "theory_cov_conservative": [
    [
      0.0,
      0.0,
      0.0,
      0.0
    ],
    [
      0.0,
      0.0,
      0.0,
      0.0
    ],
    [
      0.0,
      0.0,
      0.0,
      0.0
    ],
    [
      0.0,
      0.0,
      0.0,
      0.0
    ]
  ],
  "theory_cov_aggressive": [
    [
      0.0,
      0.0,
      0.0,
      0.0
    ],
    [
      0.0,
      0.0,
      0.0,
      0.0
    ],
    [
      0.0,
      0.0,
      0.0,
      0.0
    ],
    [
      0.0,
      0.0,
      0.0,
      0.0
    ]
  ],
  "LO": {
    "SM": [
      0.531303973439,
      0.535806569707,
      0.4945085985,
      0.50080389525
    ],
    "O3pl1": [
      0.0327495024893,
      0.0362439788198,
      0.0027550531422,
      0.00806841613252
    ],
    "O3pl2": [
      0.0154640860517,
      0.0133826097925,
      0.0295666581555,
      0.0275212156777
    ],
    "Oee1122": [
      0.0937184593718,
      0.0295456064145,
      0.725814990485,
      0.604064806289
    ],
    "Ole1122": [
      -0.318417674999,
      -0.355502112276,
      -0.0249445080024,
      -0.0739438798523
    ],
    "Ole1221": [
      0.0,
      0.0,
      0.0,
      0.0
    ],
    "Ole2211": [
      -0.0657052345236,
      -0.0212693571447,
      -0.416929633755,
      -0.358343417746
    ],
    "Oll1122": [
      0.257932688881,
      0.280456027147,
      0.0246616516858,
      0.0707897509547
    ],
    "Oll1221": [
      0.257932688881,
      0.280456027147,
      0.0246616516858,
      0.0707897509547
    ],
    "OpD": [
      0.0361460909908,
      0.0391411824745,
      0.00505383828659,
      0.0112093944242
    ],
    "OpWB": [
      0.0900336464612,
      0.0926722708142,
      0.0603572896367,
      0.0664597766947
    ],
    "Ope": [
      -0.00719146255393,
      -0.00231439812776,
      -0.0478753904578,
      -0.0408101323278
    ],
    "Opl1": [
      0.0327495024893,
      0.0362439788198,
      0.0027550531422,
      0.00806841613252
    ],
    "Opl2": [
      0.0154640860517,
      0.0133826097925,
      0.0295666581555,
      0.0275212156777
    ],
    "Opmu": [
      -0.0286871837594,
      -0.0307442376265,
      -0.0145331340812,
      -0.0166191064882
    ],
    "O3pl1*O3pl1": [
      0.000116165653601,
      -3.78723931018e-05,
      0.000112816040114,
      0.000278883690911
    ],
    "O3pl1*O3pl2": [
      0.00105476356182,
      0.000705276773481,
      0.00195985796475,
      0.00207584391722
    ],
    "O3pl1*Oee1122": [
      -0.0132903104037,
      -0.00495914702175,
      0.0333037901478,
      0.00994100069463
    ],
    "O3pl1*Ole1122": [
      0.00882276231899,
      0.0104161217863,
      0.000414333017957,
      0.00135028180899
    ],
    "O3pl1*Ole1221": [
      0.0,
      0.0,
      0.0,
      0.0
    ],
    "O3pl1*Ole2211": [
      -0.00320118069343,
      -0.00100239769952,
      -0.0249400145152,
      -0.0208439665897
    ],
    "O3pl1*Oll1122": [
      -0.0270304572069,
      -0.0366928260804,
      0.00204442991631,
      0.00378522076423
    ],
    "O3pl1*Oll1221": [
      -0.029015866859,
      -0.0388900852725,
      0.00187740725382,
      0.00329608016514
    ],
    "O3pl1*OpD": [
      0.000917491141953,
      9.27382471385e-05,
      0.0007555763576,
      0.00171072621723
    ],
    "O3pl1*OpWB": [
      0.00240351004575,
      0.00117558269554,
      0.00408116558026,
      0.00491798341069
    ],
    "O3pl1*Ope": [
      -4.50296400719e-05,
      -4.63099973044e-07,
      -0.00269088877467,
      -0.00194297786808
    ],
    "O3pl1*Opl1": [
      -0.00175307834497,
      -0.00227300397832,
      5.86094177456e-05,
      6.86267827398e-05
    ],
    "O3pl1*Opl2": [
      -0.000930646090345,
      -0.00149198241864,
      0.00179283530227,
      0.00158670331814
    ],
    "O3pl1*Opmu": [
      0.000977727001032,
      0.000970796213513,
      -0.000534247871293,
      -5.51350098243e-05
    ],
    "O3pl2*O3pl2": [
      0.000171393207988,
      0.00017112460409,
      0.00127897262897,
      0.000974407354432
    ],
    "O3pl2*Oee1122": [
      -0.00643372574557,
      -0.00201977085465,
      -0.0333391282266,
      -0.0317162755318
    ],
    "O3pl2*Ole1122": [
      -0.00678804946988,
      -0.00391617212251,
      -0.0025842294004,
      -0.00663792363046
    ],
    "O3pl2*Ole1221": [
      0.0,
      0.0,
      0.0,
      0.0
    ],
    "O3pl2*Ole2211": [
      0.00362104207499,
      0.00139128357684,
      -0.0113282535913,
      -0.00478075916055
    ],
    "O3pl2*Oll1122": [
      -0.0081597104056,
      -0.00879135908904,
      -0.000219954894998,
      -0.00109655380503
    ],
    "O3pl2*Oll1221": [
      -0.00909720695899,
      -0.00960266798333,
      -0.00201240742167,
      -0.00276500318876
    ],
    "O3pl2*OpD": [
      0.00107432935208,
      0.000696601729542,
      0.00415018754243,
      0.00373729626508
    ],
    "O3pl2*OpWB": [
      0.00260977297938,
      0.00195614113668,
      0.00843650743374,
      0.00751561339517
    ],
    "O3pl2*Ope": [
      0.000418021835047,
      0.000152880439505,
      -0.000393485979521,
      0.000135693325875
    ],
    "O3pl2*Opl1": [
      0.000117267008429,
      -0.000106032120811,
      0.000167405438079,
      0.000407394533485
    ],
    "O3pl2*Opl2": [
      -0.000594710137418,
      -0.000469059686112,
      0.000765492731268,
      0.000280365325128
    ],
    "O3pl2*Opmu": [
      -0.000467375533718,
      -0.000298571763676,
      0.000350280753401,
      -2.22770914215e-05
    ],
    "Oee1122*Oee1122": [
      0.0485064971074,
      0.0247184721888,
      -1.51670888274,
      -0.992836215557
    ],
    "Oee1122*Ole1122": [
      0.126306343452,
      0.045708305348,
      0.0620020625351,
      0.158347420437
    ],
    "Oee1122*Ole1221": [
      0.0,
      0.0,
      0.0,
      0.0
    ],
    "Oee1122*Ole2211": [
      0.0260632137282,
      0.00273468493535,
      1.03632018809,
      0.767375960581
    ],
    "Oee1122*Oll1122": [
      -0.242948789985,
      -0.0852079886144,
      -0.151826688308,
      -0.372654641136
    ],
    "Oee1122*Oll1221": [
      -0.248630388779,
      -0.0869991648979,
      -0.195828580803,
      -0.409275536288
    ],
    "Oee1122*OpD": [
      -0.0201456156345,
      -0.00750953856371,
      0.0765421596787,
      0.0305881062756
    ],
    "Oee1122*OpWB": [
      -0.0368324978744,
      -0.0130323720715,
      -6.59900286676e-05,
      -0.0406629636087
    ],
    "Oee1122*Ope": [
      0.000558025851602,
      -0.000612753837901,
      0.140020499594,
      0.0992277759709
    ],
    "Oee1122*Opl1": [
      -0.018971909197,
      -0.00675032330523,
      -0.0106981023472,
      -0.0266798944574
    ],
    "Oee1122*Opl2": [
      -0.0121153245388,
      -0.00381094713814,
      -0.0773410207216,
      -0.0683371706839
    ],
    "Oee1122*Opmu": [
      0.00908470686999,
      0.00304258248762,
      0.0571449959075,
      0.0474238058913
    ],
    "Ole1122*Ole1122": [
      -0.0975314718587,
      -0.0987968401863,
      -0.0134282606448,
      -0.0368705145222
    ],
    "Ole1122*Ole1221": [
      0.0,
      0.0,
      0.0,
      0.0
    ],
    "Ole1122*Ole2211": [
      0.033166810493,
      0.0119441681589,
      0.0169824009255,
      0.0430463737303
    ],
    "Ole1122*Oll1122": [
      0.347621322498,
      0.433877360501,
      0.00210669838745,
      0.0185565759508
    ],
    "Ole1122*Oll1221": [
      0.366925112703,
      0.455429361949,
      0.00361893714505,
      0.0230393583328
    ],