{
  "best_sm": [
    0.2679169592938505,
    0.4462611702359271,
    0.3755611161579371,
    0.2357805710765823
  ],
  "scales": [
    500.0,
    500.0,
    500.0,
    500.0
  ],
  "theory_cov": [
    [
      0.0,
      0.0,
      0.0,
      0.0
    ],
    [
      0.0,
      0.0,
      0.0,
      0.0
    ],
    [
      0.0,
      0.0,
      0.0,
      0.0
    ],
    [
      0.0,
      0.0,
      0.0,
      0.0
    ]
  ],
  "LO": {
    "SM": [
      0.2679169592938505,
      0.4462611702359271,
      0.3755611161579371,
      0.2357805710765823
    ],
    "O3pl1": [
      -0.0238309818183061,
      -0.0380376370499943,
      -0.0445746243312385,
      -0.0268023396734172
    ],
    "O3pl2": [
      -0.0324844578714549,
      -0.0541083782915562,
      -0.0455361216704773,
      -0.0285879775891463
    ],
    "O3pl3": [
      0.0123175703737838,
      0.0241317487469592,
      -0.0070995101661585,
      -0.001878456404906
    ],
    "Oee1133": [
      0.5105376304989472,
      0.2749048779609715,
      4.594838674490528,
      2.4741439016487448
    ],
    "Ole1133": [
      0.3010618273269709,
      0.5591148221786605,
      0.0334513141474412,
      0.0621238691309622
    ],
    "Ole3311": [
      0.0621238691309622,
      0.0334513141474412,
      0.5591148221786605,
      0.3010618273269709
    ],
    "Oll1133": [
      1.3917298295293925,
      2.5846411119831583,
      0.154636647725488,
      0.2871823457759063
    ],
    "Oll1221": [
      0.0324844578714549,
      0.0541083782915562,
      0.0455361216704773,
      0.0285879775891463
    ],
    "Oll1331": [
      1.3917298295293925,
      2.5846411119831583,
      0.154636647725488,
      0.2871823457759063
    ],
    "OpD": [
      -0.0316083069205131,
      -0.0446471377413867,
      -0.0982464292949111,
      -0.0559716212630242
    ],
    "OpWB": [
      -0.0821612481235186,
      -0.127009264777922,
      -0.1815296081680757,
      -0.1069432223917702
    ],
    "Ope": [
      -0.0007725530423288,
      -0.0004159900997155,
      -0.0069529773809598,
      -0.0037439108974399
    ],
    "Opl1": [
      0.0086534760531487,
      0.016070741241562,
      0.0009614973392387,
      0.0017856379157291
    ],
    "Opl3": [
      0.0123175703737838,
      0.0241317487469592,
      -0.0070995101661585,
      -0.001878456404906
    ],
    "Opta": [
      0.003784025057572,
      0.0096084817200664,
      -0.0169774492007417,
      -0.0083004889973408
    ],
    "O3pl1*O3pl1": [
      0.0008358517533711,
      0.0013637581239213,
      0.0013637581239213,
      0.0008358517533711
    ],
    "O3pl1*O3pl2": [
      0.0014447322165654,
      0.0023059981375143,
      0.0027022972156008,
      0.0016248681611502
    ],
    "O3pl1*O3pl3": [
      -0.0002903060918271,
      -0.0006152995925011,
      0.0004811166119308,
      0.0002080649101873
    ],
    "O3pl1*Oee1133": [
      -0.0309508927569337,
      -0.0166658653306566,
      -0.2785580348124034,
      -0.1499927879759095
    ],
    "O3pl1*Ole1133": [
      -0.0374981969939773,
      -0.0696395087031008,
      -0.0041664663326641,
      -0.0077377231892334
    ],
    "O3pl1*Ole3311": [
      -0.003766204675724,
      -0.0020279563638513,
      -0.0338958420815162,
      -0.0182516072746625
    ],
    "O3pl1*Oll1133": [
      -0.0365032145493251,
      -0.0677916841630324,
      -0.0040559127277027,
      -0.007532409351448
    ],
    "O3pl1*Oll1221": [
      -0.0014447322165654,
      -0.0023059981375143,
      -0.0027022972156008,
      -0.0016248681611502
    ],
    "O3pl1*Oll1331": [
      -0.0365032145493251,
      -0.0677916841630324,
      -0.0040559127277027,
      -0.007532409351448
    ],
    "O3pl1*OpD": [
      0.0021731501528623,
      0.0031838387282352,
      0.0059846501328604,
      0.0034462462458737
    ],
    "O3pl1*OpWB": [
      0.0052774905124096,
      0.0082505368442243,
      0.0110380207067722,
      0.0065445286317495
    ],
    "O3pl1*Ope": [
      4.6835345592e-05,
      2.52190322418e-05,
      0.0004215181103284,
      0.0002269712901768
    ],
    "O3pl1*Opl1": [
      0.0002269712901768,
      0.0004215181103284,
      2.52190322418e-05,
      4.6835345592e-05
    ],
    "O3pl1*Opl3": [
      -0.0002903060918271,
      -0.0006152995925011,
      0.0004811166119308,
      0.0002080649101873
    ],
    "O3pl1*Opta": [
      -0.0005964381578053,
      -0.0012641421099363,
      0.0009884611924728,
      0.0004274724341987
    ],
    "O3pl2*O3pl2": [
      0.0009846707781989,
      0.0016401363128873,
      0.0013802935711244,
      0.000866560441034
    ],
    "O3pl2*O3pl3": [
      -0.0007467418205635,
      -0.0014629659458685,
      0.0004304015309601,
      0.0001138797598132
    ],
    "O3pl2*Oee1133": [
      -0.0309508927569337,
      -0.0166658653306566,
      -0.2785580348124034,
      -0.1499927879759095
    ],
    "O3pl2*Ole1133": [
      -0.0182516072746625,
      -0.0338958420815162,
      -0.0020279563638513,
      -0.003766204675724
    ],
    "O3pl2*Ole3311": [
      -0.003766204675724,
      -0.0020279563638513,
      -0.0338958420815162,
      -0.0182516072746625
    ],
    "O3pl2*Oll1133": [
      -0.0843723912344962,
      -0.1566915837212074,
      -0.0093747101371662,
      -0.017410175969023
    ],
    "O3pl2*Oll1221": [
      -0.0019693415563979,
      -0.0032802726257746,
      -0.0027605871422489,
      -0.001733120882068
    ],
    "O3pl2*Oll1331": [
      -0.0843723912344962,
      -0.1566915837212074,
      -0.0093747101371662,
      -0.017410175969023
    ],
    "O3pl2*OpD": [
      0.0019162256791315,
      0.0027066932770209,
      0.0059561029691125,
      0.0033932300846277
    ],
    "O3pl2*OpWB": [
      0.0049809530728648,
      0.0076998244564982,
      0.0110050721023783,
      0.0064833383664466
    ],
    "O3pl2*Ope": [
      4.6835345592e-05,
      2.52190322418e-05,
      0.0004215181103284,
      0.0002269712901768
    ],
    "O3pl2*Opl1": [
      -0.0005246093398325,
      -0.0009742744882603,
      -5.8289926648e-05,
      -0.0001082527209178
    ],
    "O3pl2*Opl3": [
      -0.0007467418205635,
      -0.0014629659458685,
      0.0004304015309601,
      0.0001138797598132
    ],
    "O3pl2*Opta": [
      -0.0002294031756914,
      -0.0005825057145818,
      0.0010292428571521,
      0.0005032098114603
    ],
    "O3pl3*O3pl3": [
      0.000258669322436,
      0.0004402301156433,
      0.000299420663096,
      0.0001946650258235
    ],
    "O3pl3*Oee1133": [
      0.0,
      0.0,
      0.0,
      0.0
    ],
    "O3pl3*Ole1133": [
      0.0,
      0.0,
      0.0,
      0.0
    ],
    "O3pl3*Ole3311": [
      -0.0039715185135094,
      -0.0021385099688127,
      -0.0357436666215846,
      -0.0192465897193148
    ],
    "O3pl3*Oll1133": [
      0.0478691766851711,
      0.0888998995581749,
      0.0053187974094634,
      0.0098777666175749
    ],
    "O3pl3*Oll1221": [
      0.0007467418205635,
      0.0014629659458686,
      -0.0004304015309601,
      -0.0001138797598132
    ],
    "O3pl3*Oll1331": [
      0.0478691766851711,
      0.0888998995581749,
      0.0053187974094634,
      0.0098777666175749
    ],
    "O3pl3*OpD": [
      -0.0002475012804869,
      -0.0006325912080646,
      0.0011382838230267,
      0.0005574419154637
    ],
    "O3pl3*OpWB": [
      -0.0009705006797951,
      -0.0022367714748217,
      0.0028204324669417,
      0.0013282283846428
    ],
    "O3pl3*Ope": [
      -7.57373772616e-05,
      -4.07816646793e-05,
      -0.0006816363953544,
      -0.0003670349821139
    ],
    "O3pl3*Opl1": [
      0.0004564357287363,
      0.0008476663533674,
      5.07150809707e-05,
      9.41851503741e-05
    ],
    "O3pl3*Opl3": [
      0.000517338644872,
      0.0008804602312867,
      0.000598841326192,
      0.0003893300516471
    ],
    "O3pl3*Opta": [
      0.0,
      0.0,
      0.0,
      0.0
    ],
    "Oee1133*Oee1133": [
      2.0718823076390627,
      1.1156289348825716,
      18.64694076875157,
      10.04066041394315
    ],