{
  "best_sm": [
    14.5698627557,
    16.9744794844,
    15.181919915,
    13.7550629515
  ],
  "scales": [
    500.0,
    500.0,
    500.0,
    500.0
  ],
  "theory_cov_current": [
    [
      0.0,
      0.0,
      0.0,
      0.0
    ],
    [
      0.0,
      0.0,
      0.0,
      0.0
    ],
    [
      0.0,
      0.0,
      0.0,
      0.0
    ],
    [
      0.0,
      0.0,
      0.0,
      0.0
    ]
  ],
  "theory_cov_conservative": [
    [
      0.0,
      0.0,
      0.0,
      0.0
    ],
    [
      0.0,
      0.0,
      0.0,
      0.0
    ],
    [
      0.0,
      0.0,
      0.0,
      0.0
    ],
    [
      0.0,
      0.0,
      0.0,
      0.0
    ]
  ],
  "theory_cov_aggressive": [
    [
      0.0,
      0.0,
      0.0,
      0.0
    ],
    [
      0.0,
      0.0,
      0.0,
      0.0
    ],
    [
      0.0,
      0.0,
      0.0,
      0.0
    ],
    [
      0.0,
      0.0,
      0.0,
      0.0
    ]
  ],
  "LO": {
    "SM": [
      14.5698627557,
      16.9744794844,
      15.181919915,
      13.7550629515
    ],
    "O3pl1": [
      -1.65998430795,
      -1.17396985859,
      -2.11435068793,
      -2.08743013947
    ],
    "O3pl2": [
      -1.76657011235,
      -2.05812564144,
      -1.84078096134,
      -1.66777707594
    ],
    "Oee1111": [
      -2.37676585543,
      -1.27979699908,
      -21.3908926989,
      -11.5181729917
    ],
    "Ole1111": [
      -6.98924608963,
      -3.88087693832,
      -3.88087693832,
      -6.98924608963
    ],
    "Oll1111": [
      -12.6124748542,
      -23.4231675864,
      -1.40138609491,
      -2.60257417626
    ],
    "Oll1221": [
      1.76657011235,
      2.05812564144,
      1.84078096134,
      1.66777707594
    ],
    "OpD": [
      -2.6650154771,
      -2.40791252631,
      -3.75450450938,
      -3.27710274213
    ],
    "OpWB": [
      -6.39871867235,
      -6.03558773336,
      -7.38577930815,
      -7.01244211543
    ],
    "Ope": [
      0.591132642106,
      0.377499736133,
      -0.476153325703,
      0.20310852309
    ],
    "Opl1": [
      0.106585804399,
      0.884155782853,
      -0.273569726591,
      -0.419653063531
    ],
    "O3pl1*O3pl1": [
      0.0756957472565,
      0.0477227415368,
      0.0815626761731,
      0.0910775357275
    ],
    "O3pl1*O3pl2": [
      0.100635081969,
      0.071170885401,
      0.128180642294,
      0.12654860783
    ],
    "O3pl1*Oee1111": [
      0.144089329964,
      0.0775865622882,
      1.29680396967,
      0.698279060594
    ],
    "O3pl1*Ole1111": [
      0.742978918327,
      0.405197376904,
      0.405197376904,
      0.742978918327
    ],
    "O3pl1*Oll1111": [
      0.0872110183689,
      0.161963319828,
      0.0096901131521,
      0.0179959244253
    ],
    "O3pl1*Oll1221": [
      -0.100635081969,
      -0.071170885401,
      -0.128180642294,
      -0.12654860783
    ],
    "O3pl1*OpD": [
      0.200101359801,
      0.130819023887,
      0.268065424879,
      0.262486087525
    ],
    "O3pl1*OpWB": [
      0.470632292109,
      0.311137993828,
      0.543982344545,
      0.576470633344
    ],
    "O3pl1*Ope": [
      -0.0646028626771,
      -0.0410074769037,
      0.010744485714,
      -0.0410792433054
    ],
    "O3pl1*Opl1": [
      0.0507564125437,
      0.0242745976727,
      0.034944710052,
      0.0556064636252
    ],
    "O3pl2*O3pl2": [
      0.0535483760929,
      0.0623860242646,
      0.0557978596678,
      0.0505537558216
    ],
    "O3pl2*Oee1111": [
      0.144089329964,
      0.0775865622882,
      1.29680396967,
      0.698279060594
    ],
    "O3pl2*Ole1111": [
      0.423716868746,
      0.235274735387,
      0.235274735387,
      0.423716868746
    ],
    "O3pl2*Oll1111": [
      0.764620144122,
      1.42000883908,
      0.0849577937914,
      0.157778759898
    ],
    "O3pl2*Oll1221": [
      -0.107096752186,
      -0.124772048529,
      -0.111595719336,
      -0.101107511643
    ],
    "O3pl2*OpD": [
      0.161564208591,
      0.145977569366,
      0.227613518541,
      0.198671458216
    ],
    "O3pl2*OpWB": [
      0.387916665841,
      0.365902173514,
      0.447756344757,
      0.425123107315
    ],
    "O3pl2*Ope": [
      -0.0358368941249,
      -0.0228855879583,
      0.0288663746594,
      -0.0123132747532
    ],
    "O3pl2*Opl1": [
      -0.00646167021641,
      -0.0536011631283,
      0.0165849229586,
      0.0254410961867
    ],
    "Oee1111*Oee1111": [
      2.25604962387,
      1.21479595132,
      20.3044466149,
      10.9331635618
    ],
    "Oee1111*Ole1111": [
      0.0,
      0.0,
      0.0,
      0.0
    ],
    "Oee1111*Oll1111": [
      0.0,
      0.0,
      0.0,
      0.0
    ],
    "Oee1111*Oll1221": [
      -0.144089329964,
      -0.0775865622882,
      -1.29680396967,
      -0.698279060594
    ],
    "Oee1111*OpD": [
      0.307432620144,
      0.165540641616,
      2.7668935813,
      1.48986577454
    ],
    "Oee1111*OpWB": [
      0.538142386218,
      0.289768977194,
      4.84328147596,
      2.60792079475
    ],
    "Oee1111*Ope": [
      0.112403975604,
      0.0605252176329,
      1.01163578044,
      0.544726958696
    ],
    "Oee1111*Opl1": [
      0.0,
      0.0,
      0.0,
      0.0
    ],
    "Ole1111*Ole1111": [
      5.0603971954,
      3.9412544686,
      3.9412544686,
      5.0603971954
    ],
    "Ole1111*Oll1111": [
      0.0,
      0.0,
      0.0,
      0.0
    ],
    "Ole1111*Oll1221": [
      -0.423716868746,
      -0.235274735387,
      -0.235274735387,
      -0.423716868746
    ],
    "Ole1111*OpD": [
      0.898413396086,
      0.495180596261,
      0.495180596261,
      0.898413396086
    ],
    "Ole1111*OpWB": [
      2.17867782092,
      1.19601219223,
      1.19601219223,
      2.17867782092
    ],
    "Ole1111*Ope": [
      -0.397026478018,
      -0.211311641911,
      -0.211311641911,
      -0.397026478018
    ],
    "Ole1111*Opl1": [
      0.319262049581,
      0.169922641516,
      0.169922641516,
      0.319262049581
    ],
    "Oll1111*Oll1111": [
      10.9331635618,
      20.3044466149,
      1.21479595132,
      2.25604962387
    ],
    "Oll1111*OpD": [
      0.573263711208,
      1.06463260653,
      0.0636959679119,
      0.118292511836
    ],
    "Oll1111*OpWB": [
      1.59070229056,
      2.95416139676,
      0.176744698951,
      0.328240155195
    ],
    "Oll1111*Ope": [
      0.0,
      0.0,
      0.0,
      0.0
    ],
    "Oll1111*Opl1": [
      -0.677409125753,
      -1.25804551926,
      -0.0752676806393,
      -0.139782835473
    ],
    "Oll1221*Oll1111": [
      -0.764620144122,
      -1.42000883908,
      -0.0849577937914,
      -0.157778759898
    ],
    "Oll1221*Oll1221": [
      0.0535483760929,
      0.0623860242646,
      0.0557978596678,
      0.0505537558216
    ],
    "Oll1221*OpD": [
      -0.161564208591,
      -0.145977569366,
      -0.22761351854,
      -0.198671458216
    ],
    "Oll1221*OpWB": [
      -0.387916665841,
      -0.365902173514,
      -0.447756344757,
      -0.425123107315
    ],
    "Oll1221*Ope": [
      0.0358368941249,
      0.0228855879583,
      -0.0288663746594,
      0.0123132747532
    ],
    "Oll1221*Opl1": [
      0.00646167021641,
      0.0536011631283,
      -0.0165849229586,
      -0.0254410961867
    ],
    "OpD*OpD": [
      0.143816650497,
      0.106824329762,
      0.236554078318,
      0.202784718022
    ],
    "OpD*OpWB": [
      0.675371216024,
      0.516887611413,
      0.925626656314,
      0.861161690979
    ],
    "OpD*Ope": [
      -0.0745932149434,
      -0.0477391797652,
      0.0617366750793,
      -0.0248314627413
    ],
    "OpD*Opl1": [
      0.0385371512104,
      -0.0151585454788,
      0.0404519063382,
      0.0638146293091
    ],
    "OpWB*OpWB": [
      0.801623522422,
      0.632149534096,
      0.92598220996,
      0.935183829633
    ],
    "Ope*OpWB": [
      -0.187560350271,
      -0.119313367604,
      0.0739689848196,
      -0.0997047355327
    ],
    "Ope*Ope": [
      0.0201604291597,
      0.0124924852367,
      0.0317348835397,
      0.0289069738428
    ],