{
  "best_sm": [
    7.268,
    7.097
  ],
  "scales": [
    500.0,
    500.0
  ],
  "theory_cov": [
    [
      0.005087599999999999,
      0.0
    ],
    [
      0.0,
      0.0049679
    ]
  ],
  "LO": {
    "SM": [
      7.268,
      7.097
    ],
    "OpD": [
      -0.01825,
      -0.01809
    ],
    "OpWB": [
      0.0664,
      0.06643
    ],
    "OWWW": [
      0.07666,
      0.07475
    ],
    "Opl1": [
      -0.4894,
      -0.4784
    ],
    "O3pl1": [
      1.348,
      1.318
    ],
    "O3pl2": [
      -0.88,
      -0.8613
    ],
    "Ope": [
      -0.2162,
      -0.2212
    ],
    "Oll1221": [
      0.8806,
      0.8612
    ],
    "OpD*OpD": [
      0.0005979,
      0.0005979
    ],
    "OpWB*OpWB": [
      0.03768,
      0.03823
    ],
    "OWWW*OWWW": [
      0.5807,
      0.5678
    ],
    "Opl1*Opl1": [
      0.452,
      0.4423
    ],
    "O3pl1*O3pl1": [
      0.4813,
      0.4706
    ],
    "O3pl2*O3pl2": [
      0.02668,
      0.02613
    ],
    "Ope*Ope": [
      0.4423,
      0.4519
    ],
    "Oll1221*Oll1221": [
      0.02668,
      0.02614
    ],
    "OpD*OpWB": [
      -0.004947899999999998,
      -0.005007899999999996
    ],
    "OWWW*OpD": [
      -0.004797900000000022,
      -0.004297899999999966
    ],
    "OpD*Opl1": [
      0.02340209999999998,
      0.022702100000000003
    ],
    "O3pl1*OpD": [
      -0.023297899999999996,
      -0.02249790000000003
    ],
    "O3pl2*OpD": [
      0.0010721000000000014,
      0.001072099999999998
    ],
    "OpD*Ope": [
      0.02290209999999998,
      0.02350209999999997
    ],
    "Oll1221*OpD": [
      -0.0011278999999999992,
      -0.0011079
    ],
    "OWWW*OpWB": [
      0.05371999999999999,
      0.05227000000000004
    ],
    "Opl1*OpWB": [
      -0.055080000000000025,
      -0.05433
    ],
    "O3pl1*OpWB": [
      0.053520000000000005,
      0.05256999999999999
    ],
    "O3pl2*OpWB": [
      -0.003999999999999997,
      -0.004040000000000002
    ],
    "Ope*OpWB": [
      -0.13698,
      -0.13943
    ],
    "Oll1221*OpWB": [
      0.0038900000000000115,
      0.003930000000000003
    ],
    "OWWW*Opl1": [
      -0.17740000000000006,
      -0.17310000000000003
    ],
    "OWWW*O3pl1": [
      0.17700000000000005,
      0.17359999999999998
    ],
    "OWWW*O3pl2": [
      -0.0045800000000000285,
      -0.004429999999999934
    ],
    "OWWW*Ope": [
      0.0030000000000000027,
      0.0043000000000000815
    ],
    "OWWW*Oll1221": [
      0.0045199999999999685,
      0.0046599999999999975
    ],
    "O3pl1*Opl1": [
      -0.90708,
      -0.88726
    ],
    "O3pl2*Opl1": [
      0.029819999999999958,
      0.028969999999999996
    ],
    "Ope*Opl1": [
      0.0,
      0.0
    ],
    "Oll1221*Opl1": [
      -0.029079999999999995,
      -0.02914
    ],
    "O3pl1*O3pl2": [
      -0.08198000000000001,
      -0.07983000000000003
    ],
    "O3pl1*Ope": [
      0.012799999999999978,
      0.013600000000000001
    ],
    "O3pl1*Oll1221": [
      0.08132000000000005,
      0.07995999999999998
    ],
    "O3pl2*Ope": [
      0.012919999999999987,
      0.013670000000000015
    ],
    "O3pl2*Oll1221": [
      -0.05336,
      -0.05227
    ],
    "Oll1221*Ope": [
      -0.013280000000000014,
      -0.013340000000000019
    ]
  }
}