{
  "best_sm": [
    59.9801755185,
    61.4858591035,
    58.4651391442,
    58.6071209915
  ],
  "scales": [
    250.0,
    250.0,
    250.0,
    250.0
  ],
  "theory_cov_current": [
    [
      0.0,
      0.0,
      0.0,
      0.0
    ],
    [
      0.0,
      0.0,
      0.0,
      0.0
    ],
    [
      0.0,
      0.0,
      0.0,
      0.0
    ],
    [
      0.0,
      0.0,
      0.0,
      0.0
    ]
  ],
  "theory_cov_conservative": [
    [
      0.0,
      0.0,
      0.0,
      0.0
    ],
    [
      0.0,
      0.0,
      0.0,
      0.0
    ],
    [
      0.0,
      0.0,
      0.0,
      0.0
    ],
    [
      0.0,
      0.0,
      0.0,
      0.0
    ]
  ],
  "theory_cov_aggressive": [
    [
      0.0,
      0.0,
      0.0,
      0.0
    ],
    [
      0.0,
      0.0,
      0.0,
      0.0
    ],
    [
      0.0,
      0.0,
      0.0,
      0.0
    ],
    [
      0.0,
      0.0,
      0.0,
      0.0
    ]
  ],
  "LO": {
    "SM": [
      59.9801755185,
      61.4858591035,
      58.4651391442,
      58.6071209915
    ],
    "O3pl1": [
      -7.71840098075,
      -6.39002454557,
      -7.93789837091,
      -8.42197999227
    ],
    "O3pl2": [
      -7.27249028911,
      -7.45505176306,
      -7.08879480598,
      -7.10600985408
    ],
    "Oee1111": [
      -2.17137403838,
      -1.16920140528,
      -19.5423663454,
      -10.5228126475
    ],
    "Ole1111": [
      -7.89763193843,
      -4.46473069744,
      -4.46473069744,
      -7.89763193843
    ],
    "Oll1111": [
      -11.0731698481,
      -20.5644582894,
      -1.23035220535,
      -2.28493980993
    ],
    "Oll1221": [
      7.27249028911,
      7.45505176306,
      7.08879480598,
      7.10600985408
    ],
    "OpD": [
      -12.3081939218,
      -11.2467232823,
      -13.4894361826,
      -13.3276088765
    ],
    "OpWB": [
      -27.9938632567,
      -25.8541781129,
      -28.0607194343,
      -28.9968365846
    ],
    "Ope": [
      1.74431895154,
      1.11397632791,
      -0.354145803645,
      1.07699070992
    ],
    "Opl1": [
      -0.445910691633,
      1.0650272175,
      -0.849103564921,
      -1.31597013819
    ],
    "O3pl1*O3pl1": [
      0.282898357382,
      0.203603711333,
      0.281179836519,
      0.318160232466
    ],
    "O3pl1*O3pl2": [
      0.467921239766,
      0.387389592087,
      0.481228075104,
      0.510575095683
    ],
    "O3pl1*Oee1111": [
      0.131637632532,
      0.0708818021324,
      1.18473869278,
      0.637936219192
    ],
    "O3pl1*Ole1111": [
      0.698695248074,
      0.376734596051,
      0.376734596051,
      0.698695248074
    ],
    "O3pl1*Oll1111": [
      0.330611788326,
      0.613993321177,
      0.0367346431474,
      0.0682214801308
    ],
    "O3pl1*Oll1221": [
      -0.467921239766,
      -0.387389592087,
      -0.481228075104,
      -0.510575095683
    ],
    "O3pl1*OpD": [
      0.848218332271,
      0.647633635031,
      0.924530957507,
      0.974080751578
    ],
    "O3pl1*OpWB": [
      1.93035614388,
      1.48382372834,
      1.9487869128,
      2.14170304591
    ],
    "O3pl1*Ope": [
      -0.154866421211,
      -0.100081570056,
      -0.0110779630085,
      -0.114410236189
    ],
    "O3pl1*Opl1": [
      0.0978754749977,
      0.0198178305791,
      0.0811315979346,
      0.12574536925
    ],
    "O3pl2*O3pl2": [
      0.220444149038,
      0.225977963065,
      0.214875960859,
      0.215397784399
    ],
    "O3pl2*Oee1111": [
      0.131637632532,
      0.0708818021324,
      1.18473869278,
      0.637936219192
    ],
    "O3pl2*Ole1111": [
      0.478786958213,
      0.270670353662,
      0.270670353662,
      0.478786958213
    ],
    "O3pl2*Oll1111": [
      0.671301138202,
      1.2467021138,
      0.0745890153557,
      0.138522457089
    ],
    "O3pl2*Oll1221": [
      -0.440888298076,
      -0.451955926129,
      -0.429751921717,
      -0.430795568797
    ],
    "O3pl2*OpD": [
      0.746173381448,
      0.681822661805,
      0.817785149803,
      0.807974512357
    ],
    "O3pl2*OpWB": [
      1.6971032256,
      1.5673867043,
      1.7011563223,
      1.75790759741
    ],
    "O3pl2*Ope": [
      -0.105747795222,
      -0.0675338306116,
      0.0214697764359,
      -0.0652916102
    ],
    "O3pl2*Opl1": [
      0.0270329416901,
      -0.0645663340423,
      0.051476153387,
      0.0797795268853
    ],
    "Oee1111*Oee1111": [
      0.564012405968,
      0.303698987829,
      5.07611165372,
      2.73329089046
    ],
    "Oee1111*Ole1111": [
      0.0,
      0.0,
      0.0,
      0.0
    ],
    "Oee1111*Oll1111": [
      0.0,
      0.0,
      0.0,
      0.0
    ],
    "Oee1111*Oll1221": [
      -0.131637632532,
      -0.0708818021324,
      -1.18473869278,
      -0.637936219192
    ],
    "Oee1111*OpD": [
      0.257785821099,
      0.138807749823,
      2.32007238989,
      1.2492697484
    ],
    "Oee1111*OpWB": [
      0.491637997792,
      0.264728152657,
      4.42474198013,
      2.38255337392
    ],
    "Oee1111*Ope": [
      0.0565313278431,
      0.0304399457617,
      0.508781950588,
      0.273959511855
    ],
    "Oee1111*Opl1": [
      0.0,
      0.0,
      0.0,
      0.0
    ],
    "Ole1111*Ole1111": [
      1.26509929885,
      0.98531361715,
      0.98531361715,
      1.26509929885
    ],
    "Ole1111*Oll1111": [
      0.0,
      0.0,
      0.0,
      0.0
    ],
    "Ole1111*Oll1221": [
      -0.478786958213,
      -0.270670353662,
      -0.270670353662,
      -0.478786958213
    ],
    "Ole1111*OpD": [
      0.944755377606,
      0.524966331201,
      0.524966331201,
      0.944755377606
    ],
    "Ole1111*OpWB": [
      2.19882028871,
      1.20895851405,
      1.20895851405,
      2.19882028871
    ],
    "Ole1111*Ope": [
      -0.273472571905,
      -0.131898898271,
      -0.131898898271,
      -0.273472571905
    ],
    "Ole1111*Opl1": [
      0.219908289861,
      0.106064242389,
      0.106064242389,
      0.219908289861
    ],
    "Oll1111*Oll1111": [
      2.73329089046,
      5.07611165372,
      0.303698987829,
      0.564012405968
    ],
    "Oll1111*OpD": [
      0.788283102107,
      1.46395433248,
      0.0875870113452,
      0.162661592498
    ],
    "Oll1111*OpWB": [
      1.87096370425,
      3.47464687932,
      0.207884856028,
      0.386071875481
    ],
    "Oll1111*Ope": [
      0.0,
      0.0,
      0.0,
      0.0
    ],
    "Oll1111*Opl1": [
      -0.340689349875,
      -0.632708792626,
      -0.0378543722084,
      -0.0703009769584
    ],
    "Oll1221*Oll1111": [
      -0.671301138202,
      -1.2467021138,
      -0.0745890153557,
      -0.138522457089
    ],
    "Oll1221*Oll1221": [
      0.220444149038,
      0.225977963065,
      0.214875960859,
      0.215397784399
    ],
    "Oll1221*OpD": [
      -0.746173381448,
      -0.681822661805,
      -0.817785149803,
      -0.807974512357
    ],
    "Oll1221*OpWB": [
      -1.6971032256,
      -1.5673867043,
      -1.7011563223,
      -1.75790759741
    ],
    "Oll1221*Ope": [
      0.105747795222,
      0.0675338306116,
      -0.0214697764359,
      0.0652916102
    ],
    "Oll1221*Opl1": [
      -0.0270329416901,
      0.0645663340423,
      -0.051476153387,
      -0.0797795268853
    ],
    "OpD*OpD": [
      0.656029369551,
      0.542003698005,
      0.78280340005,
      0.765483779572
    ],
    "OpD*OpWB": [
      2.97735356811,
      2.48261541688,
      3.25358632652,
      3.32779489067
    ],
    "OpD*Ope": [
      -0.20684740196,
      -0.132898184872,
      0.0399809360884,
      -0.128265983341
    ],
    "OpD*Opl1": [
      0.102044950823,
      -0.0341890267738,
      0.106745807704,
      0.166106239221
    ],
    "OpWB*OpWB": [
      3.38694343553,
      2.84890224607,
      3.40793652553,
      3.64104992619
    ],
    "Ope*OpWB": [
      -0.486668778141,
      -0.313003578075,
      0.019405584287,
      -0.33557370434
    ],
    "Ope*Ope": [
      0.032632542054,
      0.0213638069607,
      0.0390584150578,
      0.0406755457345
    ],