{
  "best_sm": [
    1.30984287327,
    2.18658672951,
    1.80361611163,
    1.13576531968
  ],
  "scales": [
    250.0,
    250.0,
    250.0,
    250.0
  ],
  "theory_cov_current": [
    [
      0.0,
      0.0,
      0.0,
      0.0
    ],
    [
      0.0,
      0.0,
      0.0,
      0.0
    ],
    [
      0.0,
      0.0,
      0.0,
      0.0
    ],
    [
      0.0,
      0.0,
      0.0,
      0.0
    ]
  ],
  "theory_cov_conservative": [
    [
      0.0,
      0.0,
      0.0,
      0.0
    ],
    [
      0.0,
      0.0,
      0.0,
      0.0
    ],
    [
      0.0,
      0.0,
      0.0,
      0.0
    ],
    [
      0.0,
      0.0,
      0.0,
      0.0
    ]
  ],
  "theory_cov_aggressive": [
    [
      0.0,
      0.0,
      0.0,
      0.0
    ],
    [
      0.0,
      0.0,
      0.0,
      0.0
    ],
    [
      0.0,
      0.0,
      0.0,
      0.0
    ],
    [
      0.0,
      0.0,
      0.0,
      0.0
    ]
  ],
  "LO": {
    "SM": [
      1.30984287327,
      2.18658672951,
      1.80361611163,
      1.13576531968
    ],
    "O3pl1": [
      -0.109222355018,
      -0.173017045092,
      -0.213174846462,
      -0.127475901095
    ],
    "O3pl2": [
      -0.0912760260079,
      -0.133535121269,
      -0.252656770284,
      -0.145422230105
    ],
    "Oee1122": [
      0.616875554844,
      0.332163760301,
      5.5518799936,
      2.98947384271
    ],
    "Ole1122": [
      0.330592460923,
      0.613957427428,
      0.0367324956581,
      0.0682174919365
    ],
    "Ole1221": [
      0.0,
      0.0,
      0.0,
      0.0
    ],
    "Ole2211": [
      0.0682174919365,
      0.0367324956581,
      0.613957427428,
      0.330592460923
    ],
    "Oll1122": [
      1.69776980578,
      3.15300106788,
      0.188641089531,
      0.350333451986
    ],
    "Oll1221": [
      1.85658593951,
      3.41812084486,
      0.40732635585,
      0.488042989958
    ],
    "OpD": [
      -0.139095679622,
      -0.189332702649,
      -0.480484254403,
      -0.271437294055
    ],
    "OpWB": [
      -0.374408976797,
      -0.572452916351,
      -0.869890011545,
      -0.50960765643
    ],
    "Ope": [
      -0.00474592198012,
      -0.00255549645083,
      -0.042713297821,
      -0.0229994680575
    ],
    "Opl1": [
      0.0495937787089,
      0.0921027318879,
      0.00551041985654,
      0.0102336368764
    ],
    "Opl2": [
      0.067540107719,
      0.13158465571,
      -0.0339715039657,
      -0.00771269213368
    ],
    "Opmu": [
      0.0175716939395,
      0.0465432585723,
      -0.0918120528442,
      -0.0453170839771
    ],
    "O3pl1*O3pl1": [
      0.00400791559883,
      0.00653923071388,
      0.00653923071388,
      0.00400791559883
    ],
    "O3pl1*O3pl2": [
      0.00519962161633,
      0.00747533608889,
      0.0152799927034,
      0.00874719280476
    ],
    "O3pl1*Oee1122": [
      -0.0373975354641,
      -0.0201371344807,
      -0.336577819177,
      -0.181234210326
    ],
    "O3pl1*Ole1122": [
      -0.0453085525815,
      -0.0841444547943,
      -0.00503428362017,
      -0.00934938386603
    ],
    "O3pl1*Ole1221": [
      0.0,
      0.0,
      0.0,
      0.0
    ],
    "O3pl1*Ole2211": [
      -0.00413562517421,
      -0.00222687509381,
      -0.0372206265679,
      -0.0200418758443
    ],
    "O3pl1*Oll1122": [
      -0.0400837516885,
      -0.0744412531358,
      -0.00445375018761,
      -0.00827125034842
    ],
    "O3pl1*Oll1221": [
      -0.0467052604567,
      -0.084930258623,
      -0.017377286901,
      -0.0159993642194
    ],
    "O3pl1*OpD": [
      0.0100508116466,
      0.0144834658966,
      0.0293087399373,
      0.0167895725742
    ],
    "O3pl1*OpWB": [
      0.0246784245373,
      0.0383819872167,
      0.0529563368067,
      0.0313031288964
    ],
    "O3pl1*Ope": [
      0.000287717326724,
      0.00015492471439,
      0.00258945594052,
      0.00139432242951
    ],
    "O3pl1*Opl1": [
      0.00139432242951,
      0.00258945594052,
      0.00015492471439,
      0.000287717326724
    ],
    "O3pl1*Opl2": [
      -0.00142188715182,
      -0.00301366939836,
      0.00235645599004,
      0.00101907893382
    ],
    "O3pl1*Opmu": [
      -0.00321445204451,
      -0.00681298494513,
      0.00532722640139,
      0.00230382584028
    ],
    "O3pl2*O3pl2": [
      0.00223413000462,
      0.00263690240662,
      0.0104415590212,
      0.00578170119305
    ],
    "O3pl2*Oee1122": [
      -0.0373975354641,
      -0.0201371344807,
      -0.336577819177,
      -0.181234210326
    ],
    "O3pl2*Ole1122": [
      -0.0200418758443,
      -0.0372206265679,
      -0.00222687509381,
      -0.00413562517421
    ],
    "O3pl2*Ole1221": [
      0.0,
      0.0,
      0.0,
      0.0
    ],
    "O3pl2*Ole2211": [
      -0.00934938386603,
      -0.00503428362017,
      -0.0841444547943,
      -0.0453085525815
    ],
    "O3pl2*Oll1122": [
      -0.0400837516885,
      -0.0744412531358,
      -0.00445375018761,
      -0.00827125034842
    ],
    "O3pl2*Oll1221": [
      -0.0456172801171,
      -0.0825367018761,
      -0.019770843648,
      -0.0170873445589
    ],
    "O3pl2*OpD": [
      0.00746803047603,
      0.00880134732136,
      0.0349908585125,
      0.0193723537447
    ],
    "O3pl2*OpWB": [
      0.0180537201782,
      0.0238076376267,
      0.0675306863966,
      0.0379278332555
    ],
    "O3pl2*Ope": [
      -0.000155765008618,
      -8.38734661788e-05,
      -0.00140188507756,
      -0.000754861195609
    ],
    "O3pl2*Opl1": [
      -0.000333906812292,
      -0.000620112651399,
      -3.71007569212e-05,
      -6.89014057109e-05
    ],
    "O3pl2*Opl2": [
      -0.00106526841939,
      -0.00282164392705,
      0.00556602458196,
      0.00274730817562
    ],
    "O3pl2*Opmu": [
      -0.00106526841939,
      -0.00282164392705,
      0.00556602458196,
      0.00274730817562
    ],
    "Oee1122*Oee1122": [
      0.609800377246,
      0.328354049286,
      5.48820339522,
      2.95518644358
    ],
    "Oee1122*Ole1122": [
      0.0,
      0.0,
      0.0,
      0.0
    ],
    "Oee1122*Ole1221": [
      0.0,
      0.0,
      0.0,
      0.0
    ],
    "Oee1122*Ole2211": [
      0.0,
      0.0,
      0.0,
      0.0
    ],
    "Oee1122*Oll1122": [
      0.0,
      0.0,
      0.0,
      0.0
    ],
    "Oee1122*Oll1221": [
      0.0373975354641,
      0.0201371344807,
      0.336577819177,
      0.181234210326
    ],
    "Oee1122*OpD": [
      -0.0860604631293,
      -0.0463402493773,
      -0.774544168164,
      -0.417062244396
    ],
    "Oee1122*OpWB": [
      -0.139671681299,
      -0.075207828392,
      -1.25704513169,
      -0.676870455528
    ],
    "Oee1122*Ope": [
      -0.0208550347673,
      -0.0112296341055,
      -0.187695312905,
      -0.101066706949
    ],
    "Oee1122*Opl1": [
      0.0,
      0.0,
      0.0,
      0.0
    ],
    "Oee1122*Opl2": [
      0.0,
      0.0,
      0.0,
      0.0
    ],
    "Oee1122*Opmu": [
      -0.0208550347673,
      -0.0112296341055,
      -0.187695312905,
      -0.101066706949
    ],
    "Ole1122*Ole1122": [
      0.184699152724,
      0.343012712201,
      0.0205221280804,
      0.0381125235779
    ],
    "Ole1122*Ole1221": [
      0.0,
      0.0,
      0.0,
      0.0
    ],
    "Ole1122*Ole2211": [
      0.0,
      0.0,
      0.0,
      0.0
    ],
    "Ole1122*Oll1122": [
      0.0,
      0.0,
      0.0,
      0.0
    ],
    "Ole1122*Oll1221": [
      0.0200418758443,
      0.0372206265679,
      0.00222687509381,
      0.00413562517421
    ],
    "Ole1122*OpD": [
      -0.0475778630114,
      -0.0883588884497,
      -0.00528642922349,
      -0.00981765427219
    ],
    "Ole1122*OpWB": [
      -0.122034835967,
      -0.226636123939,
      -0.0135594262185,
      -0.0251817915487
    ],
    "Ole1122*Ope": [
      0.0,
      0.0,
      0.0,
      0.0
    ],
    "Ole1122*Opl1": [
      -0.0252666767373,
      -0.0469238282264,
      -0.00280740852636,
      -0.00521375869182
    ],
    "Ole1122*Opl2": [
      0.0,
      0.0,
      0.0,
      0.0
    ],