{
  "best_sm": [
    0.95388211168,
    0.969094433406,
    0.965952835881,
    0.951404859381
  ],
  "scales": [
    500.0,
    500.0,
    500.0,
    500.0
  ],
  "theory_cov_current": [
    [
      0.0,
      0.0,
      0.0,
      0.0
    ],
    [
      0.0,
      0.0,
      0.0,
      0.0
    ],
    [
      0.0,
      0.0,
      0.0,
      0.0
    ],
    [
      0.0,
      0.0,
      0.0,
      0.0
    ]
  ],
  "theory_cov_conservative": [
    [
      0.0,
      0.0,
      0.0,
      0.0
    ],
    [
      0.0,
      0.0,
      0.0,
      0.0
    ],
    [
      0.0,
      0.0,
      0.0,
      0.0
    ],
    [
      0.0,
      0.0,
      0.0,
      0.0
    ]
  ],
  "theory_cov_aggressive": [
    [
      0.0,
      0.0,
      0.0,
      0.0
    ],
    [
      0.0,
      0.0,
      0.0,
      0.0
    ],
    [
      0.0,
      0.0,
      0.0,
      0.0
    ],
    [
      0.0,
      0.0,
      0.0,
      0.0
    ]
  ],
  "LO": {
    "SM": [
      0.95388211168,
      0.969094433406,
      0.965952835881,
      0.951404859381
    ],
    "O3pl1": [
      0.00518841968959,
      0.00457352795452,
      0.00302988187914,
      0.00382123324615
    ],
    "O3pl2": [
      0.0,
      0.0,
      0.0,
      0.0
    ],
    "Oee1111": [
      -0.000801599390428,
      0.00077645311126,
      0.0100837594386,
      -0.0061891819333
    ],
    "Ole1111": [
      0.139569746325,
      0.0374456278127,
      0.0410638371951,
      0.146578603818
    ],
    "Oll1111": [
      -0.00399044675712,
      0.0146305511096,
      0.000688695240363,
      -0.00134091932282
    ],
    "Oll1221": [
      0.0,
      0.0,
      0.0,
      0.0
    ],
    "OpD": [
      0.00363197279615,
      0.00344316834906,
      0.000714195557645,
      0.00139668630035
    ],
    "OpWB": [
      0.00968881093823,
      0.0085405673255,
      0.00565797573222,
      0.00713573856541
    ],
    "Ope": [
      -0.00437666595198,
      -0.00337471878528,
      -0.00536937777964,
      -0.00577985287066
    ],
    "Opl1": [
      0.00518841968957,
      0.00457352795453,
      0.00302988187913,
      0.00382123324614
    ],
    "O3pl1*O3pl1": [
      0.000216792541121,
      4.82080514551e-06,
      0.000150977795764,
      0.000247104651333
    ],
    "O3pl1*O3pl2": [
      0.00031454335939,
      0.000277266091243,
      0.000183683911835,
      0.000231658889251
    ],
    "O3pl1*Oee1111": [
      0.000803649101671,
      0.000351451181598,
      0.00506203998614,
      0.00263577336332
    ],
    "O3pl1*Ole1111": [
      0.00218347918654,
      -0.000339372601375,
      0.00213312331891,
      0.00715278023826
    ],
    "O3pl1*Oll1111": [
      0.00421317949215,
      0.00745900227509,
      0.000386699819779,
      0.000561321503104
    ],
    "O3pl1*Oll1221": [
      -0.00031454335939,
      -0.000277266091243,
      -0.000183683911836,
      -0.000231658889252
    ],
    "O3pl1*OpD": [
      0.000594352963498,
      0.000220776950632,
      0.000402408620408,
      0.000546518351761
    ],
    "O3pl1*OpWB": [
      0.00139704870887,
      0.000535769009288,
      0.000906879091072,
      0.00135548010728
    ],
    "O3pl1*Ope": [
      -0.000175233391437,
      7.51208890284e-05,
      -0.000101067761848,
      -0.000303844533118
    ],
    "O3pl1*Opl1": [
      0.000119041722853,
      -0.000267624480951,
      0.000118271679695,
      0.000262550413413
    ],
    "O3pl2*O3pl2": [
      0.0,
      0.0,
      0.0,
      0.0
    ],
    "O3pl2*Oee1111": [
      -4.85962547786e-05,
      4.70717838254e-05,
      0.000611319006346,
      -0.000375213686174
    ],
    "O3pl2*Ole1111": [
      0.00846129255231,
      0.00227010810058,
      0.00248945884748,
      0.00888619834506
    ],
    "O3pl2*Oll1111": [
      -0.000241917308826,
      0.000886964234014,
      4.17515404426e-05,
      -8.12920491596e-05
    ],
    "O3pl2*Oll1221": [
      0.0,
      0.0,
      0.0,
      0.0
    ],
    "O3pl2*OpD": [
      0.000220185141689,
      0.000208739038907,
      4.3297474645e-05,
      8.46728728987e-05
    ],
    "O3pl2*OpWB": [
      0.000587375602467,
      0.000517764347982,
      0.000343009779596,
      0.000432597845656
    ],
    "O3pl2*Ope": [
      -0.00026533150628,
      -0.000204589344582,
      -0.000325513783708,
      -0.000350398473421
    ],
    "O3pl2*Opl1": [
      0.000314543359385,
      0.000277266091244,
      0.000183683911831,
      0.000231658889248
    ],
    "Oee1111*Oee1111": [
      -0.0381016128044,
      -0.0185796136757,
      -0.329896303264,
      -0.198126452302
    ],
    "Oee1111*Ole1111": [
      0.0223833290388,
      0.00300074715831,
      0.0604354370091,
      0.119596690022
    ],
    "Oee1111*Oll1111": [
      -0.00134486577422,
      0.00217450713507,
      0.0019011459955,
      -0.00229390050132
    ],
    "Oee1111*Oll1221": [
      4.85962547788e-05,
      -4.70717838245e-05,
      -0.000611319006351,
      0.000375213686171
    ],
    "Oee1111*OpD": [
      0.00053602052188,
      0.000263059121323,
      0.00207888286197,
      0.00042614969847
    ],
    "Oee1111*OpWB": [
      0.00140997928455,
      0.000744198406744,
      0.0105943824809,
      0.00422134997486
    ],
    "Oee1111*Ope": [
      -0.000670573315162,
      -0.000320926353766,
      -0.00795952477576,
      -0.00459465070394
    ],
    "Oee1111*Opl1": [
      0.00085224535645,
      0.000304379397773,
      0.0044507209798,
      0.00301098704949
    ],
    "Ole1111*Ole1111": [
      -0.304443702743,
      -0.272599931888,
      -0.303045880652,
      -0.318005120793
    ],
    "Ole1111*Oll1111": [
      0.118905011707,
      0.0550163900395,
      0.00396649648146,
      0.0270525605931
    ],
    "Ole1111*Oll1221": [
      -0.00846129255231,
      -0.00227010810058,
      -0.00248945884748,
      -0.00888619834506
    ],
    "Ole1111*OpD": [
      0.0086456259191,
      0.00128860997101,
      0.00506173792025,
      0.016064326534
    ],
    "Ole1111*OpWB": [
      0.0198779564932,
      0.00360543910143,
      0.00863217074483,
      0.0299510526196
    ],
    "Ole1111*Ope": [
      0.00187019481136,
      0.000515577088391,
      0.00224182237443,
      0.005030191261
    ],
    "Ole1111*Opl1": [
      -0.00627781336576,
      -0.00260948070196,
      -0.000356335528569,
      -0.0017334181068
    ],
    "Oll1111*Oll1111": [
      -0.187466925072,
      -0.291334672491,
      -0.0205238499072,
      -0.0400675078768
    ],
    "Oll1111*OpD": [
      0.00276248136252,
      0.00642783930047,
      0.000222742000737,
      4.22387570261e-05
    ],
    "Oll1111*OpWB": [
      0.0074159013307,
      0.0155851870976,
      0.000800086437444,
      0.000896402932349
    ],
    "Oll1111*Ope": [
      -0.00362678130987,
      -0.00498216354297,
      -0.000474027453043,
      -0.00107379687993
    ],
    "Oll1111*Opl1": [
      0.00445509680098,
      0.00657203804109,
      0.000344948279336,
      0.000642613552262
    ],
    "Oll1221*Oll1111": [
      0.000241917308827,
      -0.000886964233998,
      -4.1751540443e-05,
      8.12920491588e-05
    ],
    "Oll1221*Oll1221": [
      0.0,
      0.0,
      0.0,
      0.0
    ],
    "Oll1221*OpD": [
      -0.000220185141691,
      -0.000208739038906,
      -4.32974746461e-05,
      -8.46728729003e-05
    ],
    "Oll1221*OpWB": [
      -0.000587375602464,
      -0.000517764347976,
      -0.000343009779597,
      -0.000432597845656
    ],
    "Oll1221*Ope": [
      0.00026533150628,
      0.000204589344582,
      0.000325513783708,
      0.000350398473421
    ],
    "Oll1221*Opl1": [
      -0.000314543359385,
      -0.000277266091244,
      -0.000183683911832,
      -0.000231658889248
    ],
    "OpD*OpD": [
      0.000315684051064,
      0.000165257860966,
      9.27847572767e-05,
      0.000179848815062
    ],
    "OpD*OpWB": [
      0.00152106155156,
      0.000802074517204,
      0.000832307782976,
      0.00117868114135
    ],