{
  "best_sm": [
    0.4782252091355297,
    0.4829414811391639,
    0.4404492980880434,
    0.4468172461646654
  ],
  "scales": [
    500.0,
    500.0,
    500.0,
    500.0
  ],
  "theory_cov_current": [
    [
      0.0,
      0.0,
      0.0,
      0.0
    ],
    [
      0.0,
      0.0,
      0.0,
      0.0
    ],
    [
      0.0,
      0.0,
      0.0,
      0.0
    ],
    [
      0.0,
      0.0,
      0.0,
      0.0
    ]
  ],
  "theory_cov_conservative": [
    [
      0.0,
      0.0,
      0.0,
      0.0
    ],
    [
      0.0,
      0.0,
      0.0,
      0.0
    ],
    [
      0.0,
      0.0,
      0.0,
      0.0
    ],
    [
      0.0,
      0.0,
      0.0,
      0.0
    ]
  ],
  "theory_cov_aggressive": [
    [
      0.0,
      0.0,
      0.0,
      0.0
    ],
    [
      0.0,
      0.0,
      0.0,
      0.0
    ],
    [
      0.0,
      0.0,
      0.0,
      0.0
    ],
    [
      0.0,
      0.0,
      0.0,
      0.0
    ]
  ],
  "LO": {
    "SM": [
      0.4782252091355297,
      0.4829414811391639,
      0.4404492980880434,
      0.4468172461646654
    ],
    "O3pl1": [
      0.0318662617084171,
      0.0353595302132774,
      0.0026225661642566,
      0.0077096770715874
    ],
    "O3pl2": [
      0.0,
      0.0,
      0.0,
      0.0
    ],
    "O3pl3": [
      0.0156341256065958,
      0.0138350944151165,
      0.0272869675171488,
      0.0256661303500234
    ],
    "Oee1133": [
      0.4391150004807074,
      0.1390475256386865,
      3.281467024687452,
      2.747640131225376
    ],
    "Ole1133": [
      -1.333720185289147,
      -1.492943789684705,
      -0.1023515531230743,
      -0.3044474994116513
    ],
    "Ole3311": [
      -0.2752121017263318,
      -0.0893214233144695,
      -1.710733102199958,
      -1.475399420225695
    ],
    "Oll1133": [
      1.1970311457072396,
      1.307317476324679,
      0.1104358817071336,
      0.3189279886701383
    ],
    "Oll1221": [
      0.0,
      0.0,
      0.0,
      0.0
    ],
    "Oll1331": [
      1.1970311457072396,
      1.307317476324679,
      0.1104358817071336,
      0.3189279886701383
    ],
    "OpD": [
      0.0362606309246221,
      0.0395658555544663,
      0.0036840104444414,
      0.0099359060192809
    ],
    "OpWB": [
      0.0887018205387236,
      0.091865624933094,
      0.0558528096078581,
      0.0623256998014212
    ],
    "Ope": [
      -0.0069317790396324,
      -0.0022364418680438,
      -0.0452041619587566,
      -0.0386697697869346
    ],
    "Opl1": [
      0.031866261708417,
      0.0353595302132773,
      0.0026225661642566,
      0.0077096770715874
    ],
    "Opl3": [
      0.0156341256065958,
      0.0138350944151165,
      0.0272869675171488,
      0.0256661303500234
    ],
    "Opta": [
      -0.0271176665752318,
      -0.0290037038946451,
      -0.0145321155491343,
      -0.0163395635748215
    ],
    "O3pl1*O3pl1": [
      0.0004451494109314,
      0.0003528488581272,
      0.0001202160049446,
      0.0003120708881402
    ],
    "O3pl1*O3pl2": [
      0.0019318639602289,
      0.0021436402768139,
      0.0001589907565061,
      0.000467392360481
    ],
    "O3pl1*O3pl3": [
      -0.000629643182024,
      -0.0011428174777164,
      0.0016701844181363,
      0.001527628368129
    ],
    "O3pl1*Oee1133": [
      -0.048285821673589,
      -0.0183598453785348,
      0.1584489129351585,
      0.0648636835086946
    ],
    "O3pl1*Ole1133": [
      0.0116772453313508,
      0.0143963880144458,
      0.0003667067423249,
      0.0012804862858813
    ],
    "O3pl1*Ole3311": [
      -0.0151844516042785,
      -0.0048489093322441,
      -0.1032362615945244,
      -0.088115415986294
    ],
    "O3pl1*Oll1133": [
      -0.0904551242936165,
      -0.1276525188356435,
      0.0091309989347645,
      0.0184986219760785
    ],
    "O3pl1*Oll1221": [
      -0.0019318639602289,
      -0.0021436402768139,
      -0.0001589907565061,
      -0.000467392360481
    ],
    "O3pl1*Oll1331": [
      -0.0904551242936165,
      -0.1276525188356435,
      0.0091309989347645,
      0.0184986219760785
    ],
    "O3pl1*OpD": [
      0.0016452830549725,
      0.0010039562315409,
      0.0006538464022221,
      0.0016278017250917
    ],
    "O3pl1*OpWB": [
      0.0040942925118294,
      0.0031867419415874,
      0.0038647669091734,
      0.0048910018549916
    ],
    "O3pl1*Ope": [
      -0.0001044546818226,
      -2.20826478e-05,
      -0.0025761793305834,
      -0.0019290423414374
    ],
    "O3pl1*Opl1": [
      -0.001041565138366,
      -0.0014379425605595,
      8.14412533831e-05,
      0.0001567494157993
    ],
    "O3pl1*Opl3": [
      -0.000629643182024,
      -0.0011428174777164,
      0.0016701844181363,
      0.001527628368129
    ],
    "O3pl1*Opta": [
      0.000407801390453,
      0.0003449276885989,
      -0.0006004571800612,
      -0.0002242507981025
    ],
    "O3pl2*O3pl2": [
      0.0,
      0.0,
      0.0,
      0.0
    ],
    "O3pl2*O3pl3": [
      0.0009478050511678,
      0.0008387403747415,
      0.0016542482959773,
      0.0015559864748318
    ],
    "O3pl2*Oee1133": [
      0.0266209589184577,
      0.0084296333846224,
      0.1989360389894411,
      0.1665732552428945
    ],
    "O3pl2*Ole1133": [
      -0.0808556078075957,
      -0.0905083981400206,
      -0.0062049724740601,
      -0.0184568606533423
    ],
    "O3pl2*Ole3311": [
      -0.01668449049998,
      -0.0054150323673516,
      -0.1037116827807202,
      -0.0894447862431205
    ],
    "O3pl2*Oll1133": [
      0.0725689555562947,
      0.0792549669050766,
      0.0066950777514566,
      0.0193347275202162
    ],
    "O3pl2*Oll1221": [
      0.0,
      0.0,
      0.0,
      0.0
    ],
    "O3pl2*Oll1331": [
      0.0725689555562947,
      0.0792549669050766,
      0.0066950777514566,
      0.0193347275202162
    ],
    "O3pl2*OpD": [
      0.0021982687112601,
      0.0023986450340708,
      0.0002233398781396,
      0.0006023555234218
    ],
    "O3pl2*OpWB": [
      0.00537746949653,
      0.0055692723425188,
      0.0033860272330108,
      0.0037784404817905
    ],
    "O3pl2*Ope": [
      -0.0004202329796155,
      -0.0001355823122132,
      -0.0027404623780331,
      -0.0023443206261623
    ],
    "O3pl2*Opl1": [
      0.0019318639602289,
      0.0021436402768139,
      0.0001589907565061,
      0.000467392360481
    ],
    "O3pl2*Opl3": [
      0.0009478050511678,
      0.0008387403747415,
      0.0016542482959773,
      0.0015559864748318
    ],
    "O3pl2*Opta": [
      -0.0016439845759616,
      -0.0017583239220186,
      -0.0008809966651293,
      -0.0009905716046927
    ],
    "O3pl3*O3pl3": [
      -0.000657394783396,
      -0.0005775453521452,
      -0.0003046203747007,
      -0.0004664217847305
    ],
    "O3pl3*Oee1133": [
      -0.0499805588941191,
      -0.0160417158646821,
      -0.2718130305927366,
      -0.2474350512222911
    ],
    "O3pl3*Ole1133": [
      0.0437499509114616,
      0.063397714072489,
      -0.0043652836886796,
      -0.0091880796975712
    ],
    "O3pl3*Ole3311": [
      0.0266218095591446,
      0.0095032573203513,
      0.0364029040625964,
      0.0497940017604119
    ],
    "O3pl3*Oll1133": [
      -0.0950749920607003,
      -0.105857587844074,
      -0.0053492188279154,
      -0.0177509604201295
    ],
    "O3pl3*Oll1221": [
      -0.0009478050511678,
      -0.0008387403747414,
      -0.0016542482959773,
      -0.0015559864748318
    ],
    "O3pl3*Oll1331": [
      -0.0950749920607003,
      -0.105857587844074,
      -0.0053492188279154,
      -0.0177509604201295
    ],
    "O3pl3*OpD": [
      -0.0007292959955726,
      -0.001299631660911,
      0.0035662835316892,
      0.0029704949414251
    ],
    "O3pl3*OpWB": [
      -0.0018610941126531,
      -0.0027248375916933,
      0.0050703264540741,
      0.0040163320407605
    ],
    "O3pl3*Ope": [
      0.0006992933486792,
      0.0002427279642789,
      0.0017362658657251,
      0.0018981772625397
    ],