{
  "best_sm": [
    0.599225730294,
    0.59478157753,
    0.662089998711,
    0.646110538287
  ],
  "scales": [
    250.0,
    250.0,
    250.0,
    250.0
  ],
  "theory_cov_current": [
    [
      0.0,
      0.0,
      0.0,
      0.0
    ],
    [
      0.0,
      0.0,
      0.0,
      0.0
    ],
    [
      0.0,
      0.0,
      0.0,
      0.0
    ],
    [
      0.0,
      0.0,
      0.0,
      0.0
    ]
  ],
  "theory_cov_conservative": [
    [
      0.0,
      0.0,
      0.0,
      0.0
    ],
    [
      0.0,
      0.0,
      0.0,
      0.0
    ],
    [
      0.0,
      0.0,
      0.0,
      0.0
    ],
    [
      0.0,
      0.0,
      0.0,
      0.0
    ]
  ],
  "theory_cov_aggressive": [
    [
      0.0,
      0.0,
      0.0,
      0.0
    ],
    [
      0.0,
      0.0,
      0.0,
      0.0
    ],
    [
      0.0,
      0.0,
      0.0,
      0.0
    ],
    [
      0.0,
      0.0,
      0.0,
      0.0
    ]
  ],
  "LO": {
    "SM": [
      0.599225730294,
      0.59478157753,
      0.662089998711,
      0.646110538287
    ],
    "O3pl1": [
      0.0249720615944,
      0.0268772935576,
      0.00266125740113,
      0.00751097720605
    ],
    "O3pl2": [
      0.0,
      0.0,
      0.0,
      0.0
    ],
    "O3pq": [
      0.0,
      0.0,
      0.0,
      0.0
    ],
    "Oeu": [
      -0.0128511199918,
      -0.00411496449124,
      -0.0590247010759,
      -0.0609927890159
    ],
    "Ol1u": [
      0.3292362588,
      0.348222867497,
      0.0459772921259,
      0.120579160329
    ],
    "Oll1221": [
      0.0,
      0.0,
      0.0,
      0.0
    ],
    "OpD": [
      0.0258800368184,
      0.0284617762214,
      0.00265397469454,
      0.0062040288072
    ],
    "OpWB": [
      0.0645064629008,
      0.0673710059023,
      0.0420851253292,
      0.0445798361046
    ],
    "Ope": [
      -0.00329472896938,
      -0.00101830134213,
      -0.0333312537865,
      -0.0260795075887
    ],
    "Opl1": [
      0.0249720615944,
      0.0268772935576,
      0.00266125740113,
      0.00751097720605
    ],
    "OpqMi": [
      -0.00957155829414,
      -0.00920030727098,
      -0.0198755940547,
      -0.0163618076877
    ],
    "Opui": [
      0.0288838482859,
      0.0299013002199,
      0.00794809146611,
      0.0144283429996
    ],
    "Oqe": [
      0.0251133457306,
      0.00770129182422,
      0.284069970321,
      0.216004882078
    ],
    "Oql13": [
      0.0,
      0.0,
      0.0,
      0.0
    ],
    "Oql1M": [
      -0.0923326646078,
      -0.101969691844,
      -0.0052355603223,
      -0.0186594349762
    ],
    "O3pl1*O3pl1": [
      -0.00077710457633,
      -0.000949134668933,
      6.8248848299e-05,
      8.83222891901e-05
    ],
    "O3pl1*O3pl2": [
      0.00151390916977,
      0.00162941217415,
      0.000161336378555,
      0.000455346356697
    ],
    "O3pl1*O3pq": [
      0.0,
      0.0,
      0.0,
      0.0
    ],
    "O3pl1*Oeu": [
      0.00317537676141,
      0.0010690161301,
      0.000419994840168,
      0.00534118210189
    ],
    "O3pl1*Ol1u": [
      -0.0250993757379,
      -0.027711990692,
      -0.0011245592789,
      -0.00462749209246
    ],
    "O3pl1*Oll1221": [
      -0.00151390916977,
      -0.00162941217415,
      -0.000161336378555,
      -0.000455346356697
    ],
    "O3pl1*OpD": [
      -0.00139455704968,
      -0.00198742541855,
      0.000492687632874,
      0.0008987611989
    ],
    "O3pl1*OpWB": [
      -0.00290742621183,
      -0.00383928733948,
      0.00248076558811,
      0.00213032658939
    ],
    "O3pl1*Ope": [
      0.00014427256631,
      5.1365651016e-05,
      -0.00157317929311,
      -0.000642971650023
    ],
    "O3pl1*Opl1": [
      -0.00306811832243,
      -0.00352768151202,
      -2.48386819573e-05,
      -0.000278701778317
    ],
    "O3pl1*OpqMi": [
      0.00151664518817,
      0.00178710554969,
      -0.00103063162665,
      -0.00050881246094
    ],
    "O3pl1*Opui": [
      -0.00235214733332,
      -0.00243030225895,
      -0.000124382473586,
      -0.000758948931992
    ],
    "O3pl1*Oqe": [
      4.85495695711e-06,
      -2.4280010473e-05,
      0.0147629621816,
      0.00821925782282
    ],
    "O3pl1*Oql13": [
      0.0,
      0.0,
      0.0,
      0.0
    ],
    "O3pl1*Oql1M": [
      0.0178342016593,
      0.0209904152759,
      -0.000245141086032,
      0.000627569337992
    ],
    "O3pl2*O3pl2": [
      0.0,
      0.0,
      0.0,
      0.0
    ],
    "O3pl2*O3pq": [
      0.0,
      0.0,
      0.0,
      0.0
    ],
    "O3pl2*Oeu": [
      -0.000779087794731,
      -0.000249466086452,
      -0.0035783203507,
      -0.00369763394313
    ],
    "O3pl2*Ol1u": [
      0.0199596572889,
      0.0211107036652,
      0.00278733271131,
      0.00731000505566
    ],
    "O3pl2*Oll1221": [
      0.0,
      0.0,
      0.0,
      0.0
    ],
    "O3pl2*OpD": [
      0.00156895436548,
      0.00172547003565,
      0.000160894870903,
      0.000376113764787
    ],
    "O3pl2*OpWB": [
      0.00391064731785,
      0.00408430770631,
      0.00255137353823,
      0.00270261317475
    ],
    "O3pl2*Ope": [
      -0.000199740032669,
      -6.17336191336e-05,
      -0.00202067781055,
      -0.00158104710468
    ],
    "O3pl2*Opl1": [
      0.00151390916977,
      0.00162941217415,
      0.000161336378555,
      0.000455346356697
    ],
    "O3pl2*OpqMi": [
      -0.000580267264509,
      -0.000557760499254,
      -0.00120494032823,
      -0.000991920134383
    ],
    "O3pl2*Opui": [
      0.00175105778164,
      0.00181273990615,
      0.000481846022495,
      0.000874705546003
    ],
    "O3pl2*Oqe": [
      0.0015224743957,
      0.000466884012268,
      0.0172214909571,
      0.0130951051221
    ],
    "O3pl2*Oql13": [
      0.0,
      0.0,
      0.0,
      0.0
    ],
    "O3pl2*Oql1M": [
      -0.00559758621014,
      -0.0061818224714,
      -0.000317401218593,
      -0.00113121175865
    ],
    "O3pq*O3pq": [
      0.0,
      0.0,
      0.0,
      0.0
    ],
    "O3pq*Oeu": [
      0.0,
      0.0,
      0.0,
      0.0
    ],
    "O3pq*Ol1u": [
      0.0,
      0.0,
      0.0,
      0.0
    ],
    "O3pq*Oll1221": [
      0.0,
      0.0,
      0.0,
      0.0
    ],
    "O3pq*OpD": [
      0.0,
      0.0,
      0.0,
      0.0
    ],
    "O3pq*OpWB": [
      0.0,
      0.0,
      0.0,
      0.0
    ],
    "O3pq*Ope": [
      0.0,
      0.0,
      0.0,
      0.0
    ],
    "O3pq*Opl1": [
      0.0,
      0.0,
      0.0,
      0.0
    ],
    "O3pq*OpqMi": [
      0.0,
      0.0,
      0.0,
      0.0
    ],
    "O3pq*Opui": [
      0.0,
      0.0,
      0.0,
      0.0
    ],
    "O3pq*Oqe": [
      0.0,
      0.0,
      0.0,
      0.0
    ],
    "O3pq*Oql13": [
      0.0,
      0.0,
      0.0,
      0.0
    ],
    "O3pq*Oql1M": [
      0.0,
      0.0,
      0.0,
      0.0
    ],
    "Oeu*Oeu": [
      0.00325477985678,
      0.00137672193235,
      -0.0529276173106,
      -0.0368635447915
    ],
    "Oeu*Ol1u": [
      0.0354274460151,
      0.0114834396844,
      0.0562919170152,
      0.112147075565
    ],
    "Oeu*Oll1221": [
      0.000779087794731,
      0.000249466086452,
      0.0035783203507,
      0.00369763394313
    ],
    "Oeu*OpD": [
      0.0041626036645,
      0.00144564488449,
      -0.00313378179395,
      0.00239745447608
    ],
    "Oeu*OpWB": [
      0.00826448920277,
      0.00273338593276,
      0.0406340481788,
      0.0345098974189
    ],
    "Oeu*Ope": [
      5.36212760617e-06,
      9.8163302381e-05,
      -0.0423404851822,
      -0.0250309439638
    ],
    "Oeu*Opl1": [
      0.00395446455614,
      0.00131848221655,
      0.00399831519086,
      0.00903881604502
    ],
    "Oeu*OpqMi": [
      -0.00202939740264,
      -0.000644195454458,
      -0.0249181159517,
      -0.0168367207201
    ],
    "Oeu*Opui": [
      0.00256820776559,
      0.000788447112946,
      0.0120286407788,
      0.0145821302252
    ],
    "Oeu*Oqe": [
      0.00270231991875,
      0.000253967583437,
      0.347798716637,
      0.20089968919
    ],