{
  "best_sm": [
    0.5621570310998962,
    0.5594347632793155,
    0.6184375627489334,
    0.6093649374354778
  ],
  "scales": [
    1000.0,
    1000.0,
    1000.0,
    1000.0
  ],
  "theory_cov": [
    [
      0.0,
      0.0,
      0.0,
      0.0
    ],
    [
      0.0,
      0.0,
      0.0,
      0.0
    ],
    [
      0.0,
      0.0,
      0.0,
      0.0
    ],
    [
      0.0,
      0.0,
      0.0,
      0.0
    ]
  ],
  "LO": {
    "SM": [
      0.5621570310998962,
      0.5594347632793155,
      0.6184375627489334,
      0.6093649374354778
    ],
    "O3pl1": [
      0.0277257428514321,
      0.0290681744537411,
      0.0035453472864809,
      0.0069824469034511
    ],
    "O3pl2": [
      0.0,
      0.0,
      0.0,
      0.0
    ],
    "O3pq": [
      0.0,
      0.0,
      0.0,
      0.0
    ],
    "Oeu": [
      -0.2407284809359606,
      -0.1134617943974228,
      -1.7949692386804124,
      -1.6833152541113368
    ],
    "Ol1u": [
      6.2236862802057535,
      6.465845051863975,
      0.971496552022484,
      1.8498671225079373
    ],
    "Oll1221": [
      0.0,
      0.0,
      0.0,
      0.0
    ],
    "OpD": [
      0.0303835185672481,
      0.032216464764553,
      0.0028782498536545,
      0.005972202612959
    ],
    "Ope": [
      -0.0036163027891301,
      -0.0016755339136844,
      -0.0426125889296424,
      -0.036471660748122
    ],
    "Opl1": [
      0.0277257428514322,
      0.0290681744537412,
      0.003545347286481,
      0.0069824469034512
    ],
    "OpqMi": [
      -0.0115492270825931,
      -0.0111024219639212,
      -0.0250738576882488,
      -0.0223406665522176
    ],
    "Opui": [
      0.0298249198167594,
      0.0304747456145643,
      0.0112234608943215,
      0.0148884982396919
    ],
    "OpWB": [
      0.073341745860893,
      0.0750142311628433,
      0.0534432607210992,
      0.0547577334502972
    ],
    "Oqe": [
      0.5118497762941124,
      0.2363402005639052,
      6.471740686349062,
      5.476938439245349
    ],
    "Oql13": [
      0.0,
      0.0,
      0.0,
      0.0
    ],
    "Oql1M": [
      -2.0733884339575743,
      -2.1987981454928462,
      -0.1908645125991988,
      -0.4027320144865771
    ],
    "O3pl1*O3pl1": [
      -0.0004623620585334,
      -0.000561662903107,
      0.0001311420741713,
      0.0001989442084118
    ],
    "O3pl1*O3pl2": [
      0.0016808486629327,
      0.0017622323927,
      0.0002149335467058,
      0.0004233046740913
    ],
    "O3pl1*O3pq": [
      0.0,
      0.0,
      0.0,
      0.0
    ],
    "O3pl1*Oeu": [
      0.048104242393775,
      0.0236341626211691,
      -0.0191807826427135,
      0.0506691725862704
    ],
    "O3pl1*Ol1u": [
      -0.312303977250107,
      -0.3362479798363864,
      -0.0085156743226762,
      -0.0294163642403126
    ],
    "O3pl1*Oll1221": [
      -0.0016808486629327,
      -0.0017622323927,
      -0.0002149335467058,
      -0.0004233046740912
    ],
    "O3pl1*OpD": [
      -0.0007614400724476,
      -0.0011256529291277,
      0.0006571686796398,
      0.0010727058952716
    ],
    "O3pl1*Ope": [
      8.59534960442e-05,
      4.57727607694e-05,
      -0.0020559703220461,
      -0.0013429053131677
    ],
    "O3pl1*Opl1": [
      -0.0026055727799997,
      -0.0028855581989142,
      4.73506016367e-05,
      -2.54162572676e-05
    ],
    "O3pl1*OpqMi": [
      0.0014196653593297,
      0.0016066019641875,
      -0.0013275655466853,
      -0.0009694192264735
    ],
    "O3pl1*Opui": [
      -0.0016312457688442,
      -0.0016510762082932,
      3.21067084277e-05,
      -0.000326081265137
    ],
    "O3pl1*OpWB": [
      -0.0012390904892137,
      -0.0018070661436884,
      0.0033702369237099,
      0.0033437742597357
    ],
    "O3pl1*Oqe": [
      0.0057521607572067,
      0.0022249473599623,
      0.3407524715357751,
      0.2492883860019238
    ],
    "O3pl1*Oql13": [
      0.0,
      0.0,
      0.0,
      0.0
    ],
    "O3pl1*Oql1M": [
      0.3100870893246684,
      0.3474728621945054,
      -0.0116347074393996,
      -0.0081236129335827
    ],
    "O3pl2*O3pl2": [
      0.0,
      0.0,
      0.0,
      0.0
    ],
    "O3pl2*O3pq": [
      0.0,
      0.0,
      0.0,
      0.0
    ],
    "O3pl2*Oeu": [
      -0.0145939514580089,
      -0.0068785210347215,
      -0.1088184241269298,
      -0.1020494999657386
    ],
    "O3pl2*Ol1u": [
      0.3773054817197168,
      0.3919861432890109,
      0.0588961200881366,
      0.1121465598282449
    ],
    "O3pl2*Oll1221": [
      0.0,
      0.0,
      0.0,
      0.0
    ],
    "O3pl2*OpD": [
      0.0018419739673922,
      0.0019530947110807,
      0.0001744913542632,
      0.0003620595065945
    ],
    "O3pl2*Ope": [
      -0.0002192351613603,
      -0.0001015777630776,
      -0.0025833505529606,
      -0.0022110622078517
    ],
    "O3pl2*Opl1": [
      0.0016808486629327,
      0.0017622323927,
      0.0002149335467058,
      0.0004233046740913
    ],
    "O3pl2*OpqMi": [
      -0.0007001616874146,
      -0.0006730745218755,
      -0.0015200804680218,
      -0.001354383170346
    ],
    "O3pl2*Opui": [
      0.0018081094117009,
      0.0018475045265309,
      0.0006804124000855,
      0.0009026020508579
    ],
    "O3pl2*OpWB": [
      0.0044462785407773,
      0.0045476714844622,
      0.0032399504607388,
      0.0033196392085272
    ],
    "O3pl2*Oqe": [
      0.0310304404364023,
      0.0143279158377743,
      0.3923435609205049,
      0.3320345536601146
    ],
    "O3pl2*Oql13": [
      0.0,
      0.0,
      0.0,
      0.0
    ],
    "O3pl2*Oql1M": [
      -0.1256973418397613,
      -0.1333001947942296,
      -0.0115709924355407,
      -0.0244152725392171
    ],
    "O3pq*O3pq": [
      0.0,
      0.0,
      0.0,
      0.0
    ],
    "O3pq*Oeu": [
      0.0,
      0.0,
      0.0,
      0.0
    ],
    "O3pq*Ol1u": [
      0.0,
      0.0,
      0.0,
      0.0
    ],
    "O3pq*Oll1221": [
      0.0,
      0.0,
      0.0,
      0.0
    ],
    "O3pq*OpD": [
      0.0,
      0.0,
      0.0,
      0.0
    ],
    "O3pq*Ope": [
      0.0,
      0.0,
      0.0,
      0.0
    ],
    "O3pq*Opl1": [
      0.0,
      0.0,
      0.0,
      0.0
    ],
    "O3pq*OpqMi": [
      0.0,
      0.0,
      0.0,
      0.0
    ],
    "O3pq*Opui": [
      0.0,
      0.0,
      0.0,
      0.0
    ],
    "O3pq*OpWB": [
      0.0,
      0.0,
      0.0,
      0.0
    ],
    "O3pq*Oqe": [
      0.0,
      0.0,
      0.0,
      0.0
    ],
    "O3pq*Oql13": [
      0.0,
      0.0,
      0.0,
      0.0
    ],
    "O3pq*Oql1M": [
      0.0,
      0.0,
      0.0,
      0.0
    ],
    "Oeu*Oeu": [
      1.0783286193863448,
      0.6084111844856608,
      -24.720372664065764,
      -18.230015121875724
    ],
    "Oeu*Ol1u": [
      9.047501684390074,
      4.337662823921933,
      18.013555286251567,
      28.997162531652204
    ],
    "Oeu*Oll1221": [
      0.0145939514580089,
      0.0068785210347215,
      0.1088184241269303,
      0.1020494999657395
    ],
    "Oeu*OpD": [
      0.066955367342922,
      0.0334886023611431,
      -0.131811349469082,
      -0.0282878100905996
    ],
    "Oeu*Ope": [
      0.0009881952948629,
      0.0020973502236356,
      -0.8303844100019299,
      -0.5968017478107045
    ],
    "Oeu*Opl1": [
      0.0626981938517839,
      0.0305126836558907,
      0.0896376414842164,
      0.1527186725520096
    ],
    "Oeu*OpqMi": [
      -0.0344485973763258,
      -0.0161324419991204,
      -0.4837687615687716,
      -0.3843169372585167
    ],
    "Oeu*Opui": [
      0.0339891694637047,
      0.0156121289964995,
      0.2684944992068481,
      0.2710292449305331
    ],
    "Oeu*OpWB": [
      0.126905851842709,
      0.0614149284451745,
      0.664361050230001,
      0.6217230024759912
    ],
    "Oeu*Oqe": [
      0.7440866240164292,
      0.158550675675219,
      119.9994569297601,
      85.85247673537671
    ],
    "Oeu*Oql13": [
      0.0,
      0.0,
      0.0,
      0.0
    ],