{
  "best_sm": [
    16.66,
    16.32
  ],
  "scales": [
    250.0,
    250.0
  ],
  "theory_cov_current": [
    [
      0.0044408896,
      0.0
    ],
    [
      0.0,
      0.0042614784
    ]
  ],
  "theory_cov_conservative": [
    [
      0.000136002244,
      0.0
    ],
    [
      0.0,
      0.000130507776
    ]
  ],
  "theory_cov_aggressive": [
    [
      0.0,
      0.0
    ],
    [
      0.0,
      0.0
    ]
  ],
  "LO": {
    "SM": [
      16.66,
      16.32
    ],
    "O3pl1": [
      2.415,
      2.367
    ],
    "O3pl2": [
      -2.021,
      -1.977
    ],
    "OWWW": [
      0.1134,
      0.1107
    ],
    "Oll1221": [
      2.022,
      1.975
    ],
    "OpD": [
      -0.08185,
      -0.08156
    ],
    "OpWB": [
      0.08792,
      0.08933
    ],
    "Ope": [
      -0.2982,
      -0.3048
    ],
    "Opl1": [
      -0.4925,
      -0.4838
    ],
    "O3pl1*O3pl1": [
      0.2084,
      0.2042
    ],
    "O3pl1*O3pl2": [
      -0.14653,
      -0.14355
    ],
    "O3pl1*Oll1221": [
      0.14681,
      0.1431
    ],
    "O3pl1*OpD": [
      -0.029397,
      -0.028997
    ],
    "O3pl1*OpWB": [
      0.00894,
      0.00827
    ],
    "O3pl1*Ope": [
      0.0183,
      0.0183
    ],
    "O3pl1*Opl1": [
      -0.30415,
      -0.29796
    ],
    "O3pl2*O3pl2": [
      0.06133,
      0.05995
    ],
    "O3pl2*Oll1221": [
      -0.12252,
      -0.11995
    ],
    "O3pl2*OpD": [
      0.004843,
      0.004873
    ],
    "O3pl2*OpWB": [
      -0.00545,
      -0.00539
    ],
    "O3pl2*Ope": [
      0.01787,
      0.01845
    ],
    "O3pl2*Opl1": [
      0.02987,
      0.02915
    ],
    "OWWW*O3pl1": [
      0.1061,
      0.10339
    ],
    "OWWW*O3pl2": [
      -0.00703,
      -0.00676
    ],
    "OWWW*OWWW": [
      0.1003,
      0.09811
    ],
    "OWWW*Oll1221": [
      0.00681,
      0.00669
    ],
    "OWWW*OpD": [
      -0.010867,
      -0.010587
    ],
    "OWWW*OpWB": [
      0.01554,
      0.01506
    ],
    "OWWW*Ope": [
      0.0068,
      0.00719
    ],
    "OWWW*Opl1": [
      -0.1114,
      -0.10901
    ],
    "Oll1221*Oll1221": [
      0.06119,
      0.06
    ],
    "Oll1221*OpD": [
      -0.004897,
      -0.005067
    ],
    "Oll1221*OpWB": [
      0.0054,
      0.00538
    ],
    "Oll1221*Ope": [
      -0.01809,
      -0.0184
    ],
    "Oll1221*Opl1": [
      -0.02979,
      -0.0293
    ],
    "OpD*OpD": [
      0.003297,
      0.003297
    ],
    "OpD*OpWB": [
      -0.008917,
      -0.009054
    ],
    "OpD*Ope": [
      0.031503,
      0.032303
    ],
    "OpD*Opl1": [
      0.032103,
      0.031503
    ],
    "OpWB*OpWB": [
      0.01526,
      0.01553
    ],
    "Ope*OpWB": [
      -0.07269,
      -0.07427
    ],
    "Ope*Ope": [
      0.1524,
      0.1557
    ],
    "Ope*Opl1": [
      -2.77555756156e-17,
      -2.77555756156e-17
    ],
    "Opl1*OpWB": [
      -0.01356,
      -0.01333
    ],
    "Opl1*Opl1": [
      0.1557,
      0.1524
    ]
  }
}
