{
  "best_sm": [
    0.5064487164430318
  ],
  "scales": [
    240.0
  ],
  "theory_cov": [
    [
      0.0
    ]
  ],
  "LO": {
    "SM": [
      0.5064487164430318
    ],
    "O3pl1": [
      0.0208506930199836
    ],
    "O3pl2": [
      0.0
    ],
    "O3pl3": [
      0.0208506930199835
    ],
    "Oee1133": [
      0.2745905447956891
    ],
    "Ole1133": [
      -0.1801907878385437
    ],
    "Ole3311": [
      -0.1801907878385437
    ],
    "Oll": [
      0.0
    ],
    "Oll1133": [
      0.1561291008991058
    ],
    "Oll1331": [
      0.1561291008991058
    ],
    "OpD": [
      0.0247669302002441
    ],
    "Ope": [
      -0.0220131748022741
    ],
    "Opl1": [
      0.0208506930199835
    ],
    "Opl3": [
      0.0208506930199835
    ],
    "Opta": [
      -0.0220131748022741
    ],
    "OpWB": [
      0.0778728147246938
    ],
    "O3pl1*O3pl1": [
      0.0003505396194551
    ],
    "O3pl1*O3pl2": [
      0.0012640548414395
    ],
    "O3pl1*O3pl3": [
      0.0004961445895326
    ],
    "O3pl1*Oee1133": [
      -0.0185182110749055
    ],
    "O3pl1*Ole1133": [
      0.0045640618913335
    ],
    "O3pl1*Ole3311": [
      -0.0095199882900465
    ],
    "O3pl1*Oll": [
      -0.0012640548414395
    ],
    "O3pl1*Oll1133": [
      -0.0046998648462527
    ],
    "O3pl1*Oll1331": [
      -0.0046998648462527
    ],
    "O3pl1*OpD": [
      0.0022454158348735
    ],
    "O3pl1*Ope": [
      -0.0005421370499603
    ],
    "O3pl1*Opl1": [
      -0.0005629756025291
    ],
    "O3pl1*Opl3": [
      0.0004961445895326
    ],
    "O3pl1*Opta": [
      0.0007749589224696
    ],
    "O3pl1*OpWB": [
      0.0045961709201202
    ],
    "O3pl2*O3pl2": [
      0.0
    ],
    "O3pl2*O3pl3": [
      0.0012640548414395
    ],
    "O3pl2*Oee1133": [
      0.0166468091602444
    ],
    "O3pl2*Ole1133": [
      -0.0109239073028323
    ],
    "O3pl2*Ole3311": [
      -0.0109239073028323
    ],
    "O3pl2*Oll": [
      0.0
    ],
    "O3pl2*Oll1133": [
      0.0094651887921407
    ],
    "O3pl2*Oll1331": [
      0.0094651887921407
    ],
    "O3pl2*OpD": [
      0.0015014732602512
    ],
    "O3pl2*Ope": [
      -0.0013345292723652
    ],
    "O3pl2*Opl1": [
      0.0012640548414395
    ],
    "O3pl2*Opl3": [
      0.0012640548414395
    ],
    "O3pl2*Opta": [
      -0.0013345292723652
    ],
    "O3pl2*OpWB": [
      0.0047209705871613
    ],
    "O3pl3*O3pl3": [
      -0.0009135152219843
    ],
    "O3pl3*Oee1133": [
      -0.0351650202351498
    ],
    "O3pl3*Ole1133": [
      0.0014039190127858
    ],
    "O3pl3*Ole3311": [
      0.0154879691941659
    ],
    "O3pl3*Oll": [
      -0.0012640548414395
    ],
    "O3pl3*Oll1133": [
      -0.0141650536383934
    ],
    "O3pl3*Oll1331": [
      -0.0141650536383934
    ],
    "O3pl3*OpD": [
      0.0007439425746221
    ],
    "O3pl3*Ope": [
      0.0021094881948348
    ],
    "O3pl3*Opl1": [
      -0.0007679102519068
    ],
    "O3pl3*Opl3": [
      -0.0018270304439687
    ],
    "O3pl3*Opta": [
      0.0007923922224049
    ],
    "O3pl3*OpWB": [
      -0.0001247996670411
    ],
    "Oee1133*Oee1133": [
      -0.1235341362620076
    ],
    "Oee1133*Ole1133": [
      0.2039668367247501
    ],
    "Oee1133*Ole3311": [
      0.2039668367247501
    ],
    "Oee1133*Oll": [
      -0.0166468091602444
    ],
    "Oee1133*Oll1133": [
      -0.424024551255362
    ],
    "Oee1133*Oll1331": [
      -0.424024551255362
    ],
    "Oee1133*OpD": [
      -0.0261511927194263
    ],
    "Oee1133*Ope": [
      0.0237192174068722
    ],
    "Oee1133*Opl1": [
      -0.0351650202351498
    ],
    "Oee1133*Opl3": [
      -0.0351650202351498
    ],
    "Oee1133*Opta": [
      0.0237192174068722
    ],
    "Oee1133*OpWB": [
      -0.06916150070824
    ],
    "Ole1133*Ole1133": [
      -0.0669231801657893
    ],
    "Ole1133*Ole3311": [
      0.0534416084923069
    ],
    "Ole1133*Oll": [
      0.0109239073028323
    ],
    "Ole1133*Oll1133": [
      0.1159732533935739
    ],
    "Ole1133*Oll1331": [
      0.1159732533935739
    ],
    "Ole1133*OpD": [
      -0.0076917185949201
    ],
    "Ole1133*Ope": [
      0.0011631156004761
    ],
    "Ole1133*Opl1": [
      0.0154879691941659
    ],
    "Ole1133*Opl3": [
      0.0014039190127858
    ],
    "Ole1133*Opta": [
      -0.0163514648111049
    ],
    "Ole1133*OpWB": [
      -0.009254654937999
    ],
    "Ole3311*Ole3311": [
      -0.0669231801657893
    ],
    "Ole3311*Oll": [
      0.0109239073028323
    ],
    "Ole3311*Oll1133": [
      0.1159732533935739
    ],
    "Ole3311*Oll1331": [
      0.1159732533935739
    ],
    "Ole3311*OpD": [
      -0.0076917185949201
    ],
    "Ole3311*Ope": [
      -0.0163514648111049
    ],
    "Ole3311*Opl1": [
      0.0014039190127858
    ],
    "Ole3311*Opl3": [
      0.0154879691941659
    ],
    "Ole3311*Opta": [
      0.0011631156004762
    ],
    "Ole3311*OpWB": [
      -0.009254654937999
    ],
    "Oll*Oll": [
      0.0
    ],
    "Oll*Oll1133": [
      -0.0094651887921406
    ],
    "Oll*Oll1331": [
      -0.0094651887921406
    ],
    "Oll*OpD": [
      -0.0015014732602512
    ],
    "Oll*Ope": [
      0.0013345292723652
    ],
    "Oll*Opl1": [
      -0.0012640548414395
    ],
    "Oll*Opl3": [
      -0.0012640548414395
    ],
    "Oll*Opta": [
      0.0013345292723652
    ],
    "Oll*OpWB": [
      -0.0047209705871613
    ],
    "Oll1133*Oll1133": [
      -0.0582126993489908
    ],
    "Oll1133*Oll1331": [
      -0.1164253986979816
    ],
    "Oll1133*OpD": [
      0.0035400154981952
    ],
    "Oll1133*Ope": [
      0.0188171117386232
    ],
    "Oll1133*Opl1": [
      -0.0141650536383934
    ],
    "Oll1133*Opl3": [
      -0.0141650536383934
    ],
    "Oll1133*Opta": [
      0.0188171117386232
    ],
    "Oll1133*OpWB": [
      -0.0175529755319199
    ],
    "Oll1331*Oll1331": [
      -0.0582126993489908
    ],
    "Oll1331*OpD": [
      0.0035400154981952
    ],
    "Oll1331*Ope": [
      0.0188171117386232
    ],
    "Oll1331*Opl1": [
      -0.0141650536383934
    ],
    "Oll1331*Opl3": [
      -0.0141650536383934
    ],
    "Oll1331*Opta": [
      0.0188171117386232
    ],
    "Oll1331*OpWB": [
      -0.0175529755319199
    ],
    "OpD*OpD": [
      0.00202968020091
    ],
    "OpD*Ope": [
      -0.0002276630285485
    ],
    "OpD*Opl1": [
      0.0007439425746221
    ],
    "OpD*Opl3": [
      0.0007439425746221
    ],
    "OpD*Opta": [
      -0.0002276630285485
    ],
    "OpD*OpWB": [
      0.0083861409844465
    ],
    "Ope*Ope": [
      -0.0009875292835399
    ],
    "Ope*Opl1": [
      0.0007923922224049
    ],
    "Ope*Opl3": [
      0.0021094881948348
    ],
    "Ope*Opta": [
      -0.0003371502224055
    ],
    "Ope*OpWB": [
      0.0004347695907373
    ],
    "Opl1*Opl1": [
      -0.0009135152219843
    ],
    "Opl1*Opl3": [
      -0.0007679102519068
    ],
    "Opl1*Opta": [
      0.0021094881948348
    ],
    "Opl1*OpWB": [
      -0.0001247996670411
    ],
    "Opl3*Opl3": [
      -0.0009135152219843
    ],
    "Opl3*Opta": [
      0.0007923922224049
    ],
    "Opl3*OpWB": [
      -0.0001247996670411
    ],
    "Opta*Opta": [
      -0.0009875292835399
    ],
    "Opta*OpWB": [
      0.0004347695907372
    ],
    "OpWB*OpWB": [
      0.0085828506074718
    ]
  }
}
