{
  "best_sm": [
    0.957290016922
  ],
  "scales": [
    240.0
  ],
  "theory_cov_current": [
    [
      0.0
    ]
  ],
  "theory_cov_conservative": [
    [
      0.0
    ]
  ],
  "theory_cov_aggressive": [
    [
      0.0
    ]
  ],
  "LO": {
    "SM": [
      0.957290016922
    ],
    "O3pl1": [
      0.00376633159219
    ],
    "O3pl2": [
      0.0
    ],
    "Oee1111": [
      -0.000431865811604
    ],
    "Ole1111": [
      0.0235819795997
    ],
    "Oll1111": [
      -0.000524769729915
    ],
    "Oll1221": [
      0.0
    ],
    "OpD": [
      0.00200865234764
    ],
    "OpWB": [
      0.0070332156823
    ],
    "Ope": [
      -0.00443274476773
    ],
    "Opl1": [
      0.00376633159219
    ],
    "O3pl1*O3pl1": [
      0.000163885193197
    ],
    "O3pl1*O3pl2": [
      0.000228330524986
    ],
    "O3pl1*Oee1111": [
      0.000453660942068
    ],
    "O3pl1*Ole1111": [
      0.00121015497745
    ],
    "O3pl1*Oll1111": [
      0.000413522783567
    ],
    "O3pl1*Oll1221": [
      -0.000228330524986
    ],
    "O3pl1*OpD": [
      0.000453075353642
    ],
    "O3pl1*OpWB": [
      0.00103845812699
    ],
    "O3pl1*Ope": [
      -0.000113173174297
    ],
    "O3pl1*Opl1": [
      9.94398614082e-05
    ],
    "O3pl2*O3pl2": [
      0.0
    ],
    "O3pl2*Oee1111": [
      -2.61814832474e-05
    ],
    "O3pl2*Ole1111": [
      0.00142963667707
    ],
    "O3pl2*Oll1111": [
      -3.18137012086e-05
    ],
    "O3pl2*Oll1221": [
      0.0
    ],
    "O3pl2*OpD": [
      0.000121772773805
    ],
    "O3pl2*OpWB": [
      0.000426382486452
    ],
    "O3pl2*Ope": [
      -0.000268731234935
    ],
    "O3pl2*Opl1": [
      0.000228330524986
    ],
    "Oee1111*Oee1111": [
      -0.00773682841814
    ],
    "Oee1111*Ole1111": [
      0.00298159030357
    ],
    "Oee1111*Oll1111": [
      -0.000125352716078
    ],
    "Oee1111*Oll1221": [
      2.61814832475e-05
    ],
    "Oee1111*OpD": [
      0.000234860098026
    ],
    "Oee1111*OpWB": [
      0.000798271517003
    ],
    "Oee1111*Ope": [
      -0.000515543747949
    ],
    "Oee1111*Opl1": [
      0.000479842425316
    ],
    "Ole1111*Ole1111": [
      -0.0158049296787
    ],
    "Ole1111*Oll1111": [
      0.0031207177421
    ],
    "Ole1111*Oll1221": [
      -0.00142963667707
    ],
    "Ole1111*OpD": [
      0.0023197987357
    ],
    "Ole1111*OpWB": [
      0.00492952455411
    ],
    "Ole1111*Ope": [
      0.000146662142592
    ],
    "Ole1111*Opl1": [
      -0.000219481699615
    ],
    "Oll1111*Oll1111": [
      -0.00775203397565
    ],
    "Oll1111*OpD": [
      0.000149988834581
    ],
    "Oll1111*OpWB": [
      0.000712800304063
    ],
    "Oll1111*Ope": [
      -0.000588229195382
    ],
    "Oll1111*Opl1": [
      0.000445336484776
    ],
    "Oll1221*Oll1111": [
      3.18137012086e-05
    ],
    "Oll1221*Oll1221": [
      0.0
    ],
    "Oll1221*OpD": [
      -0.000121772773805
    ],
    "Oll1221*OpWB": [
      -0.000426382486452
    ],
    "Oll1221*Ope": [
      0.000268731234935
    ],
    "Oll1221*Opl1": [
      -0.000228330524986
    ],
    "OpD*OpD": [
      0.000198497540926
    ],
    "OpD*OpWB": [
      0.00107346651933
    ],
    "OpD*Ope": [
      -0.000373952264604
    ],
    "OpD*Opl1": [
      0.000331302579837
    ],
    "OpWB*OpWB": [
      0.00136771547093
    ],
    "Ope*OpWB": [
      -0.000713165055812
    ],
    "Ope*Ope": [
      -7.99021851048e-05
    ],
    "Ope*Opl1": [
      0.000155558060639
    ],
    "Opl1*OpWB": [
      0.000612075640542
    ],
    "Opl1*Opl1": [
      -6.44453317887e-05
    ]
  }
}
