{
  "best_sm": [
    0.1944
  ],
  "scales": [
    240.0
  ],
  "theory_cov_current": [
    [
      3.4012224e-07
    ]
  ],
  "theory_cov_conservative": [
    [
      3.779136e-08
    ]
  ],
  "theory_cov_aggressive": [
    [
      0.0
    ]
  ],
  "LO": {
    "SM": [
      0.24007
    ],
    "O3pl1": [
      0.1918
    ],
    "O3pl2": [
      -0.02904
    ],
    "Oll1221": [
      0.02917
    ],
    "OpB": [
      0.02605
    ],
    "OpBox": [
      0.02912
    ],
    "OpD": [
      0.005005
    ],
    "OpW": [
      0.1332
    ],
    "OpWB": [
      0.06477
    ],
    "Ope": [
      -0.1776
    ],
    "Opl1": [
      0.2211
    ],
    "O3pl1*O3pl1": [
      0.07128
    ],
    "O3pl1*O3pl2": [
      -0.0116409949435
    ],
    "O3pl1*Oll1221": [
      0.0116662882914
    ],
    "O3pl1*Ope": [
      0.010720708691
    ],
    "O3pl2*O3pl2": [
      0.0008828
    ],
    "O3pl2*Oll1221": [
      -0.00176489971993
    ],
    "O3pl2*Ope": [
      0.0107726603164
    ],
    "Oll1221*Oll1221": [
      0.0008821
    ],
    "OpB*O3pl1": [
      -0.0243745702693
    ],
    "OpB*O3pl2": [
      -0.00154088860559
    ],
    "OpB*Oll1221": [
      0.00153882250161
    ],
    "OpB*OpB": [
      0.00988
    ],
    "OpB*Ope": [
      -0.0522720549627
    ],
    "OpB*Opl1": [
      -0.022825400864
    ],
    "OpBox*O3pl1": [
      0.0116202579123
    ],
    "OpBox*O3pl2": [
      -0.00176519990804
    ],
    "OpBox*Oll1221": [
      0.0017620995664
    ],
    "OpBox*OpB": [
      0.001536092598
    ],
    "OpBox*OpBox": [
      0.0008824
    ],
    "OpBox*OpW": [
      0.00812655044695
    ],
    "OpBox*Ope": [
      -0.0107712459907
    ],
    "OpBox*Opl1": [
      0.0134209403275
    ],
    "OpD*O3pl1": [
      0.0184892142252
    ],
    "OpD*O3pl2": [
      -0.000296003339183
    ],
    "OpD*Oll1221": [
      0.000293338836337
    ],
    "OpD*OpB": [
      -0.00842322941906
    ],
    "OpD*OpBox": [
      0.000296997573701
    ],
    "OpD*OpD": [
      0.002107
    ],
    "OpD*OpW": [
      0.0100597386522
    ],
    "OpD*OpWB": [
      -0.000668495926137
    ],
    "OpD*Ope": [
      0.0187999819517
    ],
    "OpD*Opl1": [
      0.0188026206118
    ],
    "OpW*O3pl1": [
      0.0878164937422
    ],
    "OpW*O3pl2": [
      -0.00811173338061
    ],
    "OpW*Oll1221": [
      0.00809404959959
    ],
    "OpW*OpB": [
      -0.0112248972072
    ],
    "OpW*OpW": [
      0.02815
    ],
    "OpW*Ope": [
      -0.00665601986391
    ],
    "OpW*Opl1": [
      0.0962799884987
    ],
    "OpWB*O3pl1": [
      0.0205697747849
    ],
    "OpWB*O3pl2": [
      -0.00392111792626
    ],
    "OpWB*Oll1221": [
      0.00391503625875
    ],
    "OpWB*OpB": [
      0.00643920791269
    ],
    "OpWB*OpBox": [
      0.00392452110059
    ],
    "OpWB*OpW": [
      0.0153000418086
    ],
    "OpWB*OpWB": [
      0.004696
    ],
    "OpWB*Ope": [
      -0.0304559607473
    ],
    "OpWB*Opl1": [
      0.0244692886024
    ],
    "Ope*Oll1221": [
      -0.0107790498305
    ],
    "Ope*Ope": [
      0.08374
    ],
    "Opl1*O3pl1": [
      0.153772928576
    ],
    "Opl1*O3pl2": [
      -0.0133970544159
    ],
    "Opl1*Oll1221": [
      0.0133497801893
    ],
    "Opl1*Ope": [
      1.99904442665e-05
    ],
    "Opl1*Opl1": [
      0.08366
    ]
  },
  "NLO_EW": {
    "SM": [
      0.1944
    ],
    "O3pl1": [
      0.18981138
    ],
    "O3pl2": [
      0.025531
    ],
    "O3pl3": [
      -0.000276199
    ],
    "O3pq": [
      -0.001657194
    ],
    "OQe": [
      0.000684695
    ],
    "OQl13": [
      -0.001712898
    ],
    "OQl1M": [
      -0.000851807
    ],
    "OWWW": [
      0.00362076
    ],
    "Oll1111": [
      9.5161e-05
    ],
    "Oll1221": [
      -0.02590236
    ],
    "Op": [
      -0.001673441
    ],
    "OpB": [
      0.02782879
    ],
    "OpBox": [
      0.02332605
    ],
    "OpD": [
      0.001471514
    ],
    "OpW": [
      0.10019757
    ],
    "OpWB": [
      0.05347584
    ],
    "Opdi": [
      0.0001838232
    ],
    "Ope": [
      -0.1585243
    ],
    "Opl1": [
      0.1701293
    ],
    "Opl2": [
      3.15656e-05
    ],
    "Opl3": [
      6.12744e-05
    ],
    "Opmu": [
      6.12744e-05
    ],
    "OpqMi": [
      -0.0001225488
    ],
    "Opt": [
      -0.0001251019
    ],
    "Opta": [
      6.12744e-05
    ],
    "Opui": [
      -0.0002450976
    ],
    "Ote": [
      2.97088e-06
    ],
    "Otl1": [
      -3.69039e-06
    ],
    "Otp": [
      7.4272e-05
    ]
  }
}
