{
  "best_sm": [
    0.71512,
    0.83721,
    1.00581,
    1.18605,
    1.4186,
    1.73837,
    2.1686,
    2.80233,
    3.77907,
    5.39535
  ],
  "scales": [
    182.0,
    182.0,
    182.0,
    182.0,
    182.0,
    182.0,
    182.0,
    182.0,
    182.0,
    182.0
  ],
  "theory_cov": [
    [
      8.1823458304e-06,
      0.0,
      0.0,
      0.0,
      0.0,
      0.0,
      0.0,
      0.0,
      0.0,
      0.0
    ],
    [
      0.0,
      1.12147293456e-05,
      0.0,
      0.0,
      0.0,
      0.0,
      0.0,
      0.0,
      0.0,
      0.0
    ],
    [
      0.0,
      0.0,
      1.6186460097600007e-05,
      0.0,
      0.0,
      0.0,
      0.0,
      0.0,
      0.0,
      0.0
    ],
    [
      0.0,
      0.0,
      0.0,
      2.2507433640000003e-05,
      0.0,
      0.0,
      0.0,
      0.0,
      0.0,
      0.0
    ],
    [
      0.0,
      0.0,
      0.0,
      0.0,
      3.219881536e-05,
      0.0,
      0.0,
      0.0,
      0.0,
      0.0
    ],
    [
      0.0,
      0.0,
      0.0,
      0.0,
      0.0,
      4.83508841104e-05,
      0.0,
      0.0,
      0.0,
      0.0
    ],
    [
      0.0,
      0.0,
      0.0,
      0.0,
      0.0,
      0.0,
      7.524521536e-05,
      0.0,
      0.0,
      0.0
    ],
    [
      0.0,
      0.0,
      0.0,
      0.0,
      0.0,
      0.0,
      0.0,
      0.0001256488548624,
      0.0,
      0.0
    ],
    [
      0.0,
      0.0,
      0.0,
      0.0,
      0.0,
      0.0,
      0.0,
      0.0,
      0.00022850192103839997,
      0.0
    ],
    [
      0.0,
      0.0,
      0.0,
      0.0,
      0.0,
      0.0,
      0.0,
      0.0,
      0.0,
      0.00046575682596000005
    ]
  ],
  "LO": {
    "SM": [
      0.73,
      0.8776,
      1.0512,
      1.2664,
      1.5452,
      1.9052,
      2.4084,
      3.1468,
      4.28,
      6.164
    ],
    "O3pl1": [
      0.1936264619772673,
      0.2113576425085614,
      0.2322845052472649,
      0.2576924595178237,
      0.2911624671880458,
      0.3342072977521776,
      0.3917151164740419,
      0.4731844911644723,
      0.5937507633735674,
      0.7668040433258572
    ],
    "O3pl2": [
      -0.0643335380227326,
      -0.0773223574914386,
      -0.092915494752735,
      -0.1117075404821762,
      -0.1353575328119541,
      -0.1674727022478223,
      -0.212124883525958,
      -0.2755755088355276,
      -0.3738492366264326,
      -0.5339959566741428
    ],
    "O3pl3": [
      -0.0196691695818138,
      -0.023646114006849,
      -0.0283236041978119,
      -0.0341219676142589,
      -0.0416339737504366,
      -0.0513338382017421,
      -0.0648920931792335,
      -0.0847875929315778,
      -0.1153206106988538,
      -0.1660832346606857
    ],
    "O3pq": [
      -0.0295037543727208,
      -0.0354691710102736,
      -0.0424854062967179,
      -0.0511829514213885,
      -0.062450960625655,
      -0.0770007573026132,
      -0.0973381397688503,
      -0.1271813893973668,
      -0.1729809160482808,
      -0.2491248519910287
    ],
    "OWWW": [
      0.04568,
      0.04264,
      0.038448,
      0.03319599,
      0.02624399,
      0.016968,
      0.004084,
      -0.014692,
      -0.04536,
      -0.10492
    ],
    "Oll1221": [
      0.0889599,
      0.106599,
      0.1283599,
      0.1546399,
      0.1876,
      0.23208,
      0.2927995,
      0.3825199,
      0.5176,
      0.740399
    ],
    "OpD": [
      -0.02414,
      -0.023272,
      -0.02212399,
      -0.020656,
      -0.018328,
      -0.0150199,
      -0.00995199,
      -0.001882,
      0.012152,
      0.04116
    ],
    "OpWB": [
      -0.0014684,
      -0.0021316,
      -0.0023596,
      -0.0021208,
      -0.001438,
      -0.00016716,
      0.001713199,
      0.00445199,
      0.00840799,
      0.014908
    ],
    "Ope": [
      -0.0174,
      -0.018892,
      -0.020332,
      -0.02141999,
      -0.022132,
      -0.02246399,
      -0.022252,
      -0.021732,
      -0.02073199,
      -0.019456
    ],
    "Opl1": [
      -0.10756,
      -0.1013599,
      -0.0940399,
      -0.08524,
      -0.073,
      -0.055399,
      -0.029344,
      0.011992,
      0.08348,
      0.23176
    ],
    "O3pl1*O3pl1": [
      0.0172928638180648,
      0.0183392627185667,
      0.0194325735789541,
      0.0207172577615013,
      0.0222499294605626,
      0.024086344556836,
      0.0264478841380747,
      0.0296297631702693,
      0.034040774528259,
      0.039115285792379
    ],
    "O3pl1*O3pl2": [
      -0.0076329204929979,
      -0.0086081485083617,
      -0.0097739845883408,
      -0.0112246770631781,
      -0.0129644013745512,
      -0.0153300239441603,
      -0.0185831494072754,
      -0.0232039940184342,
      -0.0300743190010499,
      -0.0408303021024116
    ],
    "O3pl1*O3pl3": [
      -0.0055483141933991,
      -0.0060930362388808,
      -0.0067356601832472,
      -0.0075178985149034,
      -0.0085462191770819,
      -0.0098693681445404,
      -0.0116471843075015,
      -0.0141773417329814,
      -0.0179400648756129,
      -0.0234576689468768
    ],
    "O3pl1*O3pq": [
      -0.0071300445475153,
      -0.0077060287291553,
      -0.0083863957655509,
      -0.0092082323931668,
      -0.0102953043784451,
      -0.0116919817647972,
      -0.013536748287502,
      -0.0161258366082923,
      -0.0199188829870403,
      -0.0251178480212964
    ],
    "O3pl1*OWWW": [
      0.0077545062782487,
      0.0074761188201516,
      0.0070629319042492,
      0.0065300440983525,
      0.0058199001481252,
      0.0049154836805894,
      0.003630349466733,
      0.0017987721926438,
      -0.0011680486510806,
      -0.0067913145077464
    ],
    "O3pl1*Oll1221": [
      0.0124829136386219,
      0.0137063435321503,
      0.0151899916294859,
      0.0170114037169998,
      0.0192368686853225,
      0.0222354300711686,
      0.0262427612502332,
      0.0319626960816006,
      0.0402513029904426,
      0.0524918252358443
    ],
    "O3pl1*OpD": [
      -0.0034478372494948,
      -0.0034206029358013,
      -0.0033579381983357,
      -0.0032320958337019,
      -0.0030112885960539,
      -0.0026634748752035,
      -0.0021335842049284,
      -0.0013001859197824,
      0.0001155203917092,
      0.002916672294499
    ],
    "O3pl1*OpWB": [
      -0.0009706558366676,
      -0.0011129924689736,
      -0.0011998715283309,
      -0.0012254287240566,
      -0.0011804319620867,
      -0.0010624299629919,
      -0.0008610992785486,
      -0.0005568562620235,
      -0.0001176178461577,
      0.0005682627056946
    ],
    "O3pl1*Ope": [
      0.0004459665227336,
      0.0004809158360622,
      0.0005144165138057,
      0.0005409725814341,
      0.000560192360985,
      0.0005646105727981,
      0.000563750750797,
      0.0005476643949452,
      0.0005237444798456,
      0.0004903202681784
    ],
    "O3pl1*Opl1": [
      -0.0181946299318833,
      -0.0181458134055011,
      -0.0178152751840304,
      -0.0172268904369072,
      -0.0160866461977267,
      -0.0143058767034802,
      -0.0116163084113163,
      -0.0072521084218748,
      5.44134874825e-05,
      0.0145256964765088
    ],
    "O3pl2*O3pl2": [
      0.0004051491171663,
      0.0004732958095289,
      0.000561809969355,
      0.000683834399306,
      0.0008526996488584,
      0.0010537195640203,
      0.0013065016718376,
      0.0017234628002711,
      0.0023519243786647,
      0.0033562313539827
    ],
    "O3pl2*O3pl3": [
      0.0014021775673196,
      0.0016851772883492,
      0.0020265507044319,
      0.0024352401748527,
      0.0029459646722814,
      0.0036479318497121,
      0.0046227216654881,
      0.0059972985630171,
      0.0081310152440625,
      0.0115911746038402
    ],
    "O3pl2*O3pq": [
      0.0032956930935628,
      0.0039612915616898,
      0.0047569205659679,
      0.0057214756414675,
      0.0069429713955998,
      0.0085839682265816,
      0.0108681106719824,
      0.0141361238357055,
      0.0191877371924728,
      0.0274554173047791
    ],