{
  "best_sm": [
    0.57391,
    0.70725,
    0.85217,
    1.04928,
    1.29275,
    1.65797,
    2.14493,
    2.96812,
    4.36522,
    7.15362
  ],
  "scales": [
    198.0,
    198.0,
    198.0,
    198.0,
    198.0,
    198.0,
    198.0,
    198.0,
    198.0,
    198.0
  ],
  "theory_cov": [
    [
      5.269963009600001e-06,
      0.0,
      0.0,
      0.0,
      0.0,
      0.0,
      0.0,
      0.0,
      0.0,
      0.0
    ],
    [
      0.0,
      8.003241000000002e-06,
      0.0,
      0.0,
      0.0,
      0.0,
      0.0,
      0.0,
      0.0,
      0.0
    ],
    [
      0.0,
      0.0,
      1.1619099342399998e-05,
      0.0,
      0.0,
      0.0,
      0.0,
      0.0,
      0.0,
      0.0
    ],
    [
      0.0,
      0.0,
      0.0,
      1.7615816294400005e-05,
      0.0,
      0.0,
      0.0,
      0.0,
      0.0,
      0.0
    ],
    [
      0.0,
      0.0,
      0.0,
      0.0,
      2.6739241000000002e-05,
      0.0,
      0.0,
      0.0,
      0.0,
      0.0
    ],
    [
      0.0,
      0.0,
      0.0,
      0.0,
      0.0,
      4.3981832334399995e-05,
      0.0,
      0.0,
      0.0,
      0.0
    ],
    [
      0.0,
      0.0,
      0.0,
      0.0,
      0.0,
      0.0,
      7.361159527840002e-05,
      0.0,
      0.0,
      0.0
    ],
    [
      0.0,
      0.0,
      0.0,
      0.0,
      0.0,
      0.0,
      0.0,
      0.0001409557813504,
      0.0,
      0.0
    ],
    [
      0.0,
      0.0,
      0.0,
      0.0,
      0.0,
      0.0,
      0.0,
      0.0,
      0.00030488233037440006,
      0.0
    ],
    [
      0.0,
      0.0,
      0.0,
      0.0,
      0.0,
      0.0,
      0.0,
      0.0,
      0.0,
      0.0008187884656704001
    ]
  ],
  "LO": {
    "SM": [
      0.5496,
      0.6896,
      0.86,
      1.0708,
      1.3416,
      1.7272,
      2.2892,
      3.186,
      4.756,
      7.904
    ],
    "O3pl1": [
      0.1788705746612412,
      0.1969057865472925,
      0.2198448730143149,
      0.2477446349113121,
      0.2821852019023312,
      0.3298522426399125,
      0.3987404503539182,
      0.5044247504925667,
      0.6785824837861416,
      0.9826073910524944
    ],
    "O3pl2": [
      -0.0480494253387587,
      -0.0602542134527074,
      -0.075115126985685,
      -0.0934153650886878,
      -0.1178547980976687,
      -0.1510677573600875,
      -0.2009795496460817,
      -0.2783752495074332,
      -0.4154175162138583,
      -0.6881926089475054
    ],
    "O3pl3": [
      -0.014808459728993,
      -0.018580629237834,
      -0.0231718984114519,
      -0.0288517079290496,
      -0.036148161521865,
      -0.0465377941119299,
      -0.0616803602831346,
      -0.0858438003940533,
      -0.1281459870289132,
      -0.2129659128419954
    ],
    "O3pq": [
      -0.0222126895934895,
      -0.027870943856751,
      -0.0347578476171779,
      -0.0432775618935745,
      -0.0542222422827975,
      -0.069806691167895,
      -0.0925205404247019,
      -0.12876570059108,
      -0.19221898054337,
      -0.3194488692629934
    ],
    "OWWW": [
      0.05288,
      0.05072,
      0.04695999,
      0.04212,
      0.035856,
      0.026768,
      0.01355599,
      -0.007244,
      -0.04512,
      -0.13712
    ],
    "Oll1221": [
      0.0666399,
      0.0836399,
      0.1042799,
      0.12968,
      0.16343997,
      0.20944,
      0.2781199,
      0.3866399,
      0.577199,
      0.951199
    ],
    "OpD": [
      -0.023748,
      -0.023696,
      -0.023528,
      -0.02286,
      -0.021688,
      -0.01943199,
      -0.015528,
      -0.00854,
      0.005468,
      0.04236
    ],
    "OpWB": [
      0.00564,
      0.0038756,
      0.002781999,
      0.002324,
      0.0024808,
      0.0032836,
      0.00468,
      0.006396,
      0.008,
      0.007628
    ],
    "Ope": [
      -0.0241,
      -0.02706,
      -0.029715996,
      -0.031627996,
      -0.03279996,
      -0.033168,
      -0.032788,
      -0.031744,
      -0.03004,
      -0.027804
    ],
    "Opl1": [
      -0.1211199,
      -0.11716,
      -0.11352,
      -0.10808,
      -0.09944,
      -0.08524,
      -0.06175999,
      -0.020272,
      0.06328,
      0.28644
    ],
    "O3pl1*O3pl1": [
      0.0197166261045846,
      0.0211186441742397,
      0.0225923076868722,
      0.024233714742909,
      0.0260245269278877,
      0.0281599721653353,
      0.0311021322669259,
      0.0353388231253473,
      0.0419875221212636,
      0.0515357583492948
    ],
    "O3pl1*O3pl2": [
      -0.006623620563483,
      -0.0075919259175218,
      -0.0087576333565182,
      -0.0101532562170755,
      -0.0120676418931261,
      -0.0146481250273359,
      -0.0183605054673932,
      -0.024092383801556,
      -0.0341018960147171,
      -0.0524917667100975
    ],
    "O3pl1*O3pl3": [
      -0.0050688760030723,
      -0.0056183414717451,
      -0.006313730943326,
      -0.007161112256224,
      -0.0082119538206822,
      -0.0096712596577335,
      -0.0117823896624147,
      -0.0150368679806694,
      -0.0204417563940423,
      -0.0300617952962014
    ],
    "O3pl1*O3pq": [
      -0.0067055636789595,
      -0.0073010773011993,
      -0.0080658197045484,
      -0.0089925580337083,
      -0.010126479062736,
      -0.0116855751444223,
      -0.013934264905784,
      -0.0173510942972089,
      -0.0228938926900685,
      -0.0321818148985779
    ],
    "O3pl1*OWWW": [
      0.0112210028895313,
      0.0110762539061465,
      0.0107056167869211,
      0.0101706051760034,
      0.0095076331241875,
      0.008541548512613,
      0.0071845672309093,
      0.0050680214649817,
      0.0013063545692954,
      -0.0075322132415382
    ],
    "O3pl1*Oll1221": [
      0.0113913469042297,
      0.012648980484555,
      0.0141981738093847,
      0.0160504394407371,
      0.0185110157834362,
      0.0218066355176714,
      0.026546030470091,
      0.0338134382297555,
      0.0461126813163694,
      0.0673671979786506
    ],
    "O3pl1*OpD": [
      -0.0041246346562138,
      -0.004240083291799,
      -0.0043156250375358,
      -0.0043091267408223,
      -0.0042020536813191,
      -0.0039556714097839,
      -0.0034821843583328,
      -0.0026888279250491,
      -0.0011722372957647,
      0.0024946883963795
    ],
    "O3pl1*OpWB": [
      -0.0002612443211619,
      -0.0006022694629601,
      -0.0008555020038071,
      -0.0009977274826915,
      -0.0010328464453791,
      -0.0009658080732211,
      -0.0007943772026662,
      -0.0005521821769772,
      -0.000274959320797,
      -0.00016068831238
    ],
    "O3pl1*Ope": [
      0.0006315099539011,
      0.000704616902596,
      0.0007727625971007,
      0.0008147662747712,
      0.0008500932152679,
      0.0008608989440246,
      0.0008504973762867,
      0.0008256593849227,
      0.0007810502495929,
      0.0007211589194302
    ],
    "O3pl1*Opl1": [
      -0.0257433318831323,
      -0.0265699587469269,
      -0.0270233632378895,
      -0.0270961435760315,
      -0.0264091476424924,
      -0.0248748904369072,
      -0.0221040820434466,
      -0.0171987626811002,
      -0.0079327242275048,
      0.0145113235188608
    ],
    "O3pl2*O3pl2": [
      0.0003007412389935,
      0.0003850735412615,
      0.0004708298446602,
      0.0005878169783,
      0.0007191457643452,
      0.0009425457350512,
      0.0012235117504783,
      0.0017580526653406,
      0.0026295092402629,
      0.004203072497763
    ],
    "O3pl2*O3pl3": [
      0.0010452718894004,
      0.0013105950346373,
      0.0016336913304435,
      0.002031125955463,
      0.0025667511101517,
      0.0032866814864937,
      0.0043765067507433,
      0.0060549483873358,
      0.009035053910758,
      0.0149563533850239
    ],
    "O3pl2*O3pq": [
      0.0024656581597497,
      0.0030923274583744,
      0.0038553137061059,
      0.0047957992838223,
      0.0060415783335149,
      0.0077513365719186,
      0.010304079713953,
      0.014286630254799,
      0.0213213227671321,
      0.0353454081232602
    ],