{
  "best_sm": [
    0.57391,
    0.70725,
    0.85217,
    1.04928,
    1.29275,
    1.65797,
    2.14493,
    2.96812,
    4.36522,
    7.15362
  ],
  "scales": [
    198.0,
    198.0,
    198.0,
    198.0,
    198.0,
    198.0,
    198.0,
    198.0,
    198.0,
    198.0
  ],
  "theory_cov_current": [
    [
      5.2699630096e-06,
      0.0,
      0.0,
      0.0,
      0.0,
      0.0,
      0.0,
      0.0,
      0.0,
      0.0
    ],
    [
      0.0,
      8.003241e-06,
      0.0,
      0.0,
      0.0,
      0.0,
      0.0,
      0.0,
      0.0,
      0.0
    ],
    [
      0.0,
      0.0,
      1.16190993424e-05,
      0.0,
      0.0,
      0.0,
      0.0,
      0.0,
      0.0,
      0.0
    ],
    [
      0.0,
      0.0,
      0.0,
      1.76158162944e-05,
      0.0,
      0.0,
      0.0,
      0.0,
      0.0,
      0.0
    ],
    [
      0.0,
      0.0,
      0.0,
      0.0,
      2.6739241e-05,
      0.0,
      0.0,
      0.0,
      0.0,
      0.0
    ],
    [
      0.0,
      0.0,
      0.0,
      0.0,
      0.0,
      4.39818323344e-05,
      0.0,
      0.0,
      0.0,
      0.0
    ],
    [
      0.0,
      0.0,
      0.0,
      0.0,
      0.0,
      0.0,
      7.36115952784e-05,
      0.0,
      0.0,
      0.0
    ],
    [
      0.0,
      0.0,
      0.0,
      0.0,
      0.0,
      0.0,
      0.0,
      0.00014095578135,
      0.0,
      0.0
    ],
    [
      0.0,
      0.0,
      0.0,
      0.0,
      0.0,
      0.0,
      0.0,
      0.0,
      0.000304882330374,
      0.0
    ],
    [
      0.0,
      0.0,
      0.0,
      0.0,
      0.0,
      0.0,
      0.0,
      0.0,
      0.0,
      0.00081878846567
    ]
  ],
  "theory_cov_conservative": [
    [
      0.0,
      0.0,
      0.0,
      0.0,
      0.0,
      0.0,
      0.0,
      0.0,
      0.0,
      0.0
    ],
    [
      0.0,
      0.0,
      0.0,
      0.0,
      0.0,
      0.0,
      0.0,
      0.0,
      0.0,
      0.0
    ],
    [
      0.0,
      0.0,
      0.0,
      0.0,
      0.0,
      0.0,
      0.0,
      0.0,
      0.0,
      0.0
    ],
    [
      0.0,
      0.0,
      0.0,
      0.0,
      0.0,
      0.0,
      0.0,
      0.0,
      0.0,
      0.0
    ],
    [
      0.0,
      0.0,
      0.0,
      0.0,
      0.0,
      0.0,
      0.0,
      0.0,
      0.0,
      0.0
    ],
    [
      0.0,
      0.0,
      0.0,
      0.0,
      0.0,
      0.0,
      0.0,
      0.0,
      0.0,
      0.0
    ],
    [
      0.0,
      0.0,
      0.0,
      0.0,
      0.0,
      0.0,
      0.0,
      0.0,
      0.0,
      0.0
    ],
    [
      0.0,
      0.0,
      0.0,
      0.0,
      0.0,
      0.0,
      0.0,
      0.0,
      0.0,
      0.0
    ],
    [
      0.0,
      0.0,
      0.0,
      0.0,
      0.0,
      0.0,
      0.0,
      0.0,
      0.0,
      0.0
    ],
    [
      0.0,
      0.0,
      0.0,
      0.0,
      0.0,
      0.0,
      0.0,
      0.0,
      0.0,
      0.0
    ]
  ],
  "theory_cov_aggressive": [
    [
      0.0,
      0.0,
      0.0,
      0.0,
      0.0,
      0.0,
      0.0,
      0.0,
      0.0,
      0.0
    ],
    [
      0.0,
      0.0,
      0.0,
      0.0,
      0.0,
      0.0,
      0.0,
      0.0,
      0.0,
      0.0
    ],
    [
      0.0,
      0.0,
      0.0,
      0.0,
      0.0,
      0.0,
      0.0,
      0.0,
      0.0,
      0.0
    ],
    [
      0.0,
      0.0,
      0.0,
      0.0,
      0.0,
      0.0,
      0.0,
      0.0,
      0.0,
      0.0
    ],
    [
      0.0,
      0.0,
      0.0,
      0.0,
      0.0,
      0.0,
      0.0,
      0.0,
      0.0,
      0.0
    ],
    [
      0.0,
      0.0,
      0.0,
      0.0,
      0.0,
      0.0,
      0.0,
      0.0,
      0.0,
      0.0
    ],
    [
      0.0,
      0.0,
      0.0,
      0.0,
      0.0,
      0.0,
      0.0,
      0.0,
      0.0,
      0.0
    ],
    [
      0.0,
      0.0,
      0.0,
      0.0,
      0.0,
      0.0,
      0.0,
      0.0,
      0.0,
      0.0
    ],
    [
      0.0,
      0.0,
      0.0,
      0.0,
      0.0,
      0.0,
      0.0,
      0.0,
      0.0,
      0.0
    ],
    [
      0.0,
      0.0,
      0.0,
      0.0,
      0.0,
      0.0,
      0.0,
      0.0,
      0.0,
      0.0
    ]
  ],
  "LO": {
    "SM": [
      0.5496,
      0.6896,
      0.86,
      1.0708,
      1.3416,
      1.7272,
      2.2892,
      3.186,
      4.756,
      7.904
    ],
    "O3pl1": [
      0.178870574661,
      0.196905786547,
      0.219844873014,
      0.247744634911,
      0.282185201902,
      0.32985224264,
      0.398740450354,
      0.504424750493,
      0.678582483786,
      0.982607391052
    ],
    "O3pl2": [
      -0.0480494253388,
      -0.0602542134527,
      -0.0751151269857,
      -0.0934153650887,
      -0.117854798098,
      -0.15106775736,
      -0.200979549646,
      -0.278375249507,
      -0.415417516214,
      -0.688192608948
    ],
    "O3pl3": [
      -0.014808459729,
      -0.0185806292378,
      -0.0231718984115,
      -0.028851707929,
      -0.0361481615219,
      -0.0465377941119,
      -0.0616803602831,
      -0.0858438003941,
      -0.128145987029,
      -0.212965912842
    ],
    "O3pq": [
      -0.0222126895935,
      -0.0278709438568,
      -0.0347578476172,
      -0.0432775618936,
      -0.0542222422828,
      -0.0698066911679,
      -0.0925205404247,
      -0.128765700591,
      -0.192218980543,
      -0.319448869263
    ],
    "OWWW": [
      0.05288,
      0.05072,
      0.04695999,
      0.04212,
      0.035856,
      0.026768,
      0.01355599,
      -0.007244,
      -0.04512,
      -0.13712
    ],
    "Oll1221": [
      0.0666399,
      0.0836399,
      0.1042799,
      0.12968,
      0.16343997,
      0.20944,
      0.2781199,
      0.3866399,
      0.577199,
      0.951199
    ],
    "OpD": [
      -0.023748,
      -0.023696,
      -0.023528,
      -0.02286,
      -0.021688,
      -0.01943199,
      -0.015528,
      -0.00854,
      0.005468,
      0.04236
    ],
    "OpWB": [
      0.00564,
      0.0038756,
      0.002781999,
      0.002324,
      0.0024808,
      0.0032836,
      0.00468,
      0.006396,
      0.008,
      0.007628
    ],
    "Ope": [
      -0.0241,
      -0.02706,
      -0.029715996,
      -0.031627996,
      -0.03279996,
      -0.033168,
      -0.032788,
      -0.031744,
      -0.03004,
      -0.027804
    ],
    "Opl1": [
      -0.1211199,
      -0.11716,
      -0.11352,
      -0.10808,
      -0.09944,
      -0.08524,
      -0.06175999,
      -0.020272,
      0.06328,
      0.28644
    ],
    "O3pl1*O3pl1": [
      0.0197166261046,
      0.0211186441742,
      0.0225923076869,
      0.0242337147429,
      0.0260245269279,
      0.0281599721653,
      0.0311021322669,
      0.0353388231253,
      0.0419875221213,
      0.0515357583493
    ],
    "O3pl1*O3pl2": [
      -0.00662362056348,
      -0.00759192591752,
      -0.00875763335652,
      -0.0101532562171,
      -0.0120676418931,
      -0.0146481250273,
      -0.0183605054674,
      -0.0240923838016,
      -0.0341018960147,
      -0.0524917667101
    ],
    "O3pl1*O3pl3": [
      -0.00506887600307,
      -0.00561834147175,
      -0.00631373094333,
      -0.00716111225622,
      -0.00821195382068,
      -0.00967125965773,
      -0.0117823896624,
      -0.0150368679807,
      -0.020441756394,
      -0.0300617952962
    ],
    "O3pl1*O3pq": [
      -0.00670556367896,
      -0.0073010773012,
      -0.00806581970455,
      -0.00899255803371,
      -0.0101264790627,
      -0.0116855751444,
      -0.0139342649058,
      -0.0173510942972,
      -0.0228938926901,
      -0.0321818148986
    ],
    "O3pl1*OWWW": [
      0.0112210028895,
      0.0110762539061,
      0.0107056167869,
      0.010170605176,
      0.00950763312419,
      0.00854154851261,
      0.00718456723091,
      0.00506802146498,
      0.0013063545693,
      -0.00753221324154
    ],