{
  "best_sm": [
    0.69942,
    0.82081,
    0.98266,
    1.16763,
    1.39884,
    1.71676,
    2.14451,
    2.76301,
    3.74566,
    5.34682
  ],
  "scales": [
    189.0,
    189.0,
    189.0,
    189.0,
    189.0,
    189.0,
    189.0,
    189.0,
    189.0,
    189.0
  ],
  "theory_cov": [
    [
      7.827013382400002e-06,
      0.0,
      0.0,
      0.0,
      0.0,
      0.0,
      0.0,
      0.0,
      0.0,
      0.0
    ],
    [
      0.0,
      1.0779664897600002e-05,
      0.0,
      0.0,
      0.0,
      0.0,
      0.0,
      0.0,
      0.0,
      0.0
    ],
    [
      0.0,
      0.0,
      1.54499308096e-05,
      0.0,
      0.0,
      0.0,
      0.0,
      0.0,
      0.0,
      0.0
    ],
    [
      0.0,
      0.0,
      0.0,
      2.1813757070400002e-05,
      0.0,
      0.0,
      0.0,
      0.0,
      0.0,
      0.0
    ],
    [
      0.0,
      0.0,
      0.0,
      0.0,
      3.130805352960001e-05,
      0.0,
      0.0,
      0.0,
      0.0,
      0.0
    ],
    [
      0.0,
      0.0,
      0.0,
      0.0,
      0.0,
      4.71562383616e-05,
      0.0,
      0.0,
      0.0,
      0.0
    ],
    [
      0.0,
      0.0,
      0.0,
      0.0,
      0.0,
      0.0,
      7.358277024160001e-05,
      0.0,
      0.0,
      0.0
    ],
    [
      0.0,
      0.0,
      0.0,
      0.0,
      0.0,
      0.0,
      0.0,
      0.0001221475881616,
      0.0,
      0.0
    ],
    [
      0.0,
      0.0,
      0.0,
      0.0,
      0.0,
      0.0,
      0.0,
      0.0,
      0.0002244795013696,
      0.0
    ],
    [
      0.0,
      0.0,
      0.0,
      0.0,
      0.0,
      0.0,
      0.0,
      0.0,
      0.0,
      0.00045741574579840006
    ]
  ],
  "LO": {
    "SM": [
      0.6512,
      0.798,
      0.9748,
      1.194,
      1.4744,
      1.8592,
      2.402,
      3.2248,
      4.576,
      6.992
    ],
    "OpD": [
      -0.02463599,
      -0.024076,
      -0.02340399,
      -0.022252,
      -0.020328,
      -0.01746,
      -0.01278399,
      -0.004964,
      0.009604,
      0.04308
    ],
    "OpWB": [
      0.001508799,
      0.00035316,
      -0.00029904,
      -0.0004244,
      6.132e-05,
      0.0011008,
      0.0027544,
      0.005056,
      0.008156,
      0.012504
    ],
    "OWWW": [
      0.0499199,
      0.04704,
      0.04308,
      0.037788,
      0.03079999,
      0.02152,
      0.008472,
      -0.012048,
      -0.04684,
      -0.12168
    ],
    "Opl1": [
      -0.1158,
      -0.11076,
      -0.1043999,
      -0.097,
      -0.08592,
      -0.069,
      -0.04364,
      -0.0009692,
      0.0784,
      0.2623999
    ],
    "O3pl1": [
      0.1892924712871184,
      0.2073567077504922,
      0.229631346760877,
      0.2568940213710372,
      0.2920979171770999,
      0.3372980138467608,
      0.4010195639306796,
      0.4953715377867009,
      0.6413200685040756,
      0.8666911536233605
    ],
    "O3pl2": [
      -0.0575875287128815,
      -0.0706832922495077,
      -0.086088653239123,
      -0.1051459786289627,
      -0.1299020828229,
      -0.1633819861532391,
      -0.2112604360693203,
      -0.2836284622132991,
      -0.4010799314959243,
      -0.6081088463766395
    ],
    "O3pl3": [
      -0.0175459770296947,
      -0.0215013662003937,
      -0.0262650774087015,
      -0.0321712170968297,
      -0.0397263337416799,
      -0.0500944110774086,
      -0.0647196511445436,
      -0.0868892302293606,
      -0.1232960548032605,
      -0.1883929228986882
    ],
    "Ope": [
      -0.020784,
      -0.0228,
      -0.024724,
      -0.026172,
      -0.027096,
      -0.02740799,
      -0.02722399,
      -0.026492,
      -0.025136,
      -0.023484
    ],
    "O3pq": [
      -0.0263189655445421,
      -0.0322520493005906,
      -0.0393976161130523,
      -0.0482568256452446,
      -0.0595895006125199,
      -0.075141616616113,
      -0.0970794767168155,
      -0.1303338453440411,
      -0.1849440822048909,
      -0.2825893843480326
    ],
    "Oll1221": [
      0.0797999,
      0.09756,
      0.1187999,
      0.1456799,
      0.1795199,
      0.2259199,
      0.2919599,
      0.3913199,
      0.554399,
      0.844799
    ],
    "OpD*OpD": [
      0.0004224,
      0.000458,
      0.0004892,
      0.00051,
      0.0005208,
      0.0005212,
      0.0005104,
      0.000488399,
      0.0004576,
      0.0004224
    ],
    "OpWB*OpWB": [
      0.00038604,
      0.0004392,
      0.0004804,
      0.0005092,
      0.0005244,
      0.0005284,
      0.00052,
      0.0004992,
      0.000468,
      0.0004268
    ],
    "OWWW*OWWW": [
      0.0017676,
      0.002666,
      0.0033392,
      0.0037796,
      0.0039836,
      0.0039708,
      0.003718,
      0.003228,
      0.002523199,
      0.001612
    ],
    "Opl1*Opl1": [
      0.006864,
      0.007356,
      0.007739999,
      0.00798,
      0.008036,
      0.007936,
      0.00768,
      0.007248,
      0.006696,
      0.00607599
    ],
    "O3pl1*O3pl1": [
      0.0184891965047462,
      0.0196589579538763,
      0.0209410812472838,
      0.0223995065855391,
      0.0240502853911048,
      0.0260907889394596,
      0.028754420290839,
      0.0324588681196705,
      0.0379211900367951,
      0.0447132137088599
    ],
    "O3pl2*O3pl2": [
      0.0003586571445438,
      0.0004225471481785,
      0.0005208048425401,
      0.0006379686482105,
      0.0007972895631503,
      0.0010078440315442,
      0.0013007779080428,
      0.0017420819822853,
      0.0024810695366534,
      0.0038498244977998
    ],
    "O3pl3*O3pl3": [
      -0.0001772849988059,
      -0.0002172503517309,
      -0.0002653830111119,
      -0.0003250587969508,
      -0.00040139588796,
      -0.0005061552054362,
      -0.000653929003581,
      -0.0008779309953156,
      -0.0012457864780962,
      -0.0019035268913567
    ],
    "Ope*Ope": [
      0.006072,
      0.006687999,
      0.00726,
      0.00768399,
      0.007944,
      0.008028,
      0.007972,
      0.007744,
      0.007356,
      0.006872
    ],
    "O3pq*O3pq": [
      -0.0007977824946269,
      -0.0009776265827892,
      -0.0011942235500036,
      -0.0014627645862786,
      -0.00180628149582,
      -0.0022776984244632,
      -0.0029426805161149,
      -0.0039506894789206,
      -0.0056060391514328,
      -0.0085658710111055
    ],
    "Oll1221*Oll1221": [
      0.0024164,
      0.002947999,
      0.003597199,
      0.00439599,
      0.005439999,
      0.00684799,
      0.00885199,
      0.01187999,
      0.01681999,
      0.02559999
    ],
    "OpD*OpWB": [
      -0.0004231999,
      -0.0003775999,
      -0.0003440799,
      -0.00032576,
      -0.0003198,
      -0.00032848,
      -0.00035144,
      -0.00038796,
      -0.0004376,
      -0.000494
    ],
    "OpD*OWWW": [
      -0.000922,
      -0.0009232,
      -0.0009108,
      -0.000901599,
      -0.000883999,
      -0.0008664,
      -0.0008428,
      -0.000822,
      -0.000798,
      -0.000777599
    ],
    "OpD*Opl1": [
      0.002439599,
      0.0026092,
      0.0027396,
      0.0028244,
      0.0028368,
      0.0028108,
      0.0027188,
      0.002567599,
      0.002372,
      0.0021508
    ],
    "O3pl1*OpD": [
      -0.0038121425716054,
      -0.0038468817240612,
      -0.0038458487070081,
      -0.0037558492492029,
      -0.0035794487658546,
      -0.0032740542823603,
      -0.0027657662053662,
      -0.0019247879414454,
      -0.0004213364646168,
      0.0028501380575077
    ],
    "O3pl2*OpD": [
      0.0006670574283945,
      0.0006483182759387,
      0.0006205512929918,
      0.000595350750797,
      0.0005425512341453,
      0.0004623457176396,
      0.0003342337946337,
      0.0001200120585545,
      -0.0002709364646168,
      -0.0011638619424922
    ],
    "O3pl3*OpD": [
      0.0006637940572843,
      0.0006487053792489,
      0.0006305989656065,
      0.0005995593993623,
      0.0005477190126837,
      0.0004704434258883,
      0.000344452964293,
      0.0001337503531563,
      -0.0002587708283064,
      -0.0011607504460062
    ],