{"SM": [
0.0112147
],
"O3pl1": [
0.011073761210666668
],
"O3pl2": [
0.0015966086222222228
],
"O3pl3": [
-0.000021032572782222224
],
"O3pq": [
-0.00003854568490666667
],
"O3pQ3": [
-5.141326080000001e-6
],
"Obp": [
0.0491952384
],
"Ocp": [
0.016433303040000003
],
"Oll": [
-0.0008786184800000004
],
"Oll1111": [
5.489732355555556e-6
],
"Op": [
-0.00009653895191111112
],
"OpB": [
0.002586575366222222
],
"Opd": [
-0.0013407052986666671
],
"OpD": [
0.00007112975164444456
],
"Opdi": [
0.000010972149760000002
],
"Ope": [
-0.009144969933893689
],
"OpG": [
-0.01918464768
],
"Opl1": [
0.009814708948226844
],
"Opl2": [
1.9596481735111115e-6
],
"Opl3": [
3.673515835733334e-6
],
"Opmu": [
3.6556470485333345e-6
],
"OpQM": [
-3.7158105600000003e-6
],
"OpqMi": [
-7.419603370666668e-6
],
"Opt": [
-6.432706856888889e-6
],
"Opta": [
3.6556470485333345e-6
],
"Opu": [
-0.000014139408213333336
],
"Opui": [
-5.54007168e-7
],
"OpW": [
0.006566313746666667
],
"OpWB": [
0.0023492761600000006
],
"Otap": [
-0.12533943936000003
],
"OtG": [
-0.0004423584000000001
],
"Otp": [
0.00006339870435555558
],
"OtW": [
0.00007307013120000002
],
"OtZ": [
-0.00005966231040000001
],
"OW": [
0.0002088776213333334
]
}