{"SM": [
0.00529072
],
"O3pl1": [
0.010073461251851854
],
"O3pl2": [
0.0004889229051851853
],
"O3pl3": [
-0.00001724226271407408
],
"O3pq": [
-0.00010386977994074078
],
"O3pQ3": [
-2.4255032286419753e-6
],
"Obp": [
0.023208644562962965
],
"Ocp": [
0.0077526748859259274
],
"Oll": [
-0.00028485317313580263
],
"Oll1111": [
4.703248693333334e-6
],
"Op": [
-4.935691057777778e-6
],
"OpB": [
0.0014853292716839508
],
"Opd": [
0.000598294085945679
],
"OpD": [
0.000041537043061728444
],
"Opdi": [
8.956772216790125e-6
],
"Ope": [
-0.008921773341908041
],
"OpG": [
0.1981110673837037
],
"Opl1": [
0.009769073980424021
],
"Opl2": [
2.360167019575309e-6
],
"Opl3": [
2.9932015440197537e-6
],
"Opmu": [
2.9847716564049392e-6
],
"OpQM": [
-1.752993365925926e-6
],
"OpqMi": [
-6.020639953777779e-6
],
"Opt": [
0.000026878318707259262
],
"Opta": [
5.912556331960494e-6
],
"Opu": [
-0.000011711138702222222
],
"Opui": [
-2.613617875555556e-7
],
"OpW": [
0.00427980918617284
],
"OpWB": [
0.0016613294168888897
],
"Otap": [
0.0036200312365432114
],
"OtG": [
0.004568032535802469
],
"Otp": [
-0.0006265492323950618
],
"OtW": [
0.000034472009046913586
],
"OtZ": [
-0.00002814665404444445
],
"OW": [
0.00012017764800000002
]
}