{"SM": [
0.000167549
],
"O3pl1": [
0.0003291600880740741
],
"O3pl2": [
0.00002563345660740741
],
"O3pl3": [
-5.460342200296296e-7
],
"O3pq": [
-6.556892991407408e-7
],
"O3pQ3": [
7.296832729787655e-6
],
"Obp": [
0.0007349797611851853
],
"Ocp": [
0.00024551451597037044
],
"Oll": [
-0.000019170902427654326
],
"Oll1111": [
1.4894418293333336e-7
],
"Op": [
-1.5630525191111113e-7
],
"OpB": [
0.002543581723075358
],
"Opd": [
-0.000039125516517728405
],
"OpD": [
6.393001162815981e-6
],
"Opdi": [
2.836463063160494e-7
],
"Ope": [
-0.00028253794927120783
],
"OpG": [
-0.0002866197670518519
],
"Opl1": [
0.00030937057274730396
],
"Opl2": [
7.474262392612348e-8
],
"Opl3": [
9.478979050390123e-8
],
"Opmu": [
9.452282976997532e-8
],
"OpQM": [
8.222343349007409e-6
],
"OpqMi": [
-1.906638064711111e-7
],
"Opt": [
1.7056201087614817e-6
],
"Opta": [
9.452282976997532e-8
],
"Opu": [
-3.7087258168888886e-7
],
"Opui": [
-8.276899742222223e-9
],
"OpW": [
-0.002361009230508642
],
"OpWB": [
0.0016236822483022225
],
"Otap": [
0.00011464046021728399
],
"OtG": [
-6.608860567901235e-6
],
"Otp": [
1.9201752019753085e-6
],
"OtW": [
-0.000021190727933234573
],
"OtZ": [
-0.00005075764732266667
],
"OW": [
3.8058292800000004e-6
]
}