{"SM": [
0.0715836
],
"O3pl1": [
0.13628979259259263
],
"O3pl2": [
0.006613582370370372
],
"O3pl3": [
-0.00023328798992592594
],
"O3pq": [
-0.0014053591792592595
],
"O3pQ3": [
-0.000032817083358024694
],
"Obp": [
-0.2172121362962963
],
"Ocp": [
0.10489377007407406
],
"Oll": [
-0.003852516819753088
],
"Oll1111": [
0.00006363500266666667
],
"Op": [
-0.00006677995022222222
],
"OpB": [
0.020096520156049385
],
"Opd": [
0.0080970741254321
],
"OpD": [
0.0005617759604938274
],
"Opdi": [
0.00012118521920987654
],
"Ope": [
-0.12071168407668051
],
"OpG": [
-0.12245560237037037
],
"Opl1": [
0.13217567033534025
],
"Opl2": [
0.000031933083784691364
],
"Opl3": [
0.00004049804734024691
],
"Opmu": [
0.000040383990875061726
],
"OpQM": [
-0.000023718018074074073
],
"OpqMi": [
-0.00008145931982222222
],
"Opt": [
0.00036366392554074085
],
"Opta": [
0.00007999694731950618
],
"Opu": [
-0.00015845182577777777
],
"Opui": [
-3.536227644444445e-6
],
"OpW": [
0.057905861827160496
],
"OpWB": [
0.02247780391111111
],
"Otap": [
0.048979059456790125
],
"OtG": [
-0.0028235735802469137
],
"Otp": [
0.0003050579950617284
],
"OtW": [
0.00046640663308641976
],
"OtZ": [
-0.0003808245155555556
],
"OW": [
0.0016260048000000002
]
}