{"SM": [
0.000444096
],
"O3pl1": [
0.0004654404325333333
],
"O3pl2": [
0.00009015103111111111
],
"O3pl3": [
-8.328769191111112e-7
],
"O3pq": [
-1.5263853653333332e-6
],
"O3pQ3": [
0.000051852406656
],
"Obp": [
0.00194810112
],
"Ocp": [
0.0006507486720000001
],
"Oll": [
-0.00006171906400000001
],
"Oll1111": [
2.1739001777777776e-7
],
"Op": [
-3.822882995555556e-6
],
"OpB": [
-0.02050397320968889
],
"Opd": [
-0.00010694373093333335
],
"OpD": [
0.000016279851182222224
],
"Opdi": [
4.3449036800000003e-7
],
"Ope": [
-0.0003621351730370844
],
"OpG": [
-0.0007597002240000001
],
"Opl1": [
0.00038865642522254226
],
"Opl2": [
7.760085987555555e-8
],
"Opl3": [
1.454689629866667e-7
],
"Opmu": [
1.447613700266667e-7
],
"OpQM": [
0.000037601016192
],
"OpqMi": [
-2.9381172053333334e-7
],
"Opt": [
-0.000015219211226844448
],
"Opta": [
1.447613700266667e-7
],
"Opu": [
-5.599118506666667e-7
],
"Opui": [
-2.19383424e-8
],
"OpW": [
-0.006025578022666667
],
"OpWB": [
0.011476229888000003
],
"Otap": [
0.00030386035200000004
],
"OtG": [
-0.00001751712
],
"Otp": [
0.000017833589617777783
],
"OtW": [
-0.0012278744678400001
],
"OtZ": [
0.00111176540928
],
"OW": [
8.271425066666667e-6
]
}