{"SM": [
0.114912
],
"O3pl1": [
0.11346681573333334
],
"O3pl2": [
0.016363177777777783
],
"O3pl3": [
-0.0002155109537777778
],
"O3pq": [
-0.0013021054666666667
],
"O3pQ3": [
-0.00005268076800000001
],
"Obp": [
-0.34868736
],
"Ocp": [
0.16838438400000005
],
"Oll": [
-0.016661854400000006
],
"Oll1111": [
0.000056250724444444434
],
"Op": [
-0.0009891895688888888
],
"OpB": [
0.02650343017777778
],
"Opd": [
-0.013740210533333333
],
"OpD": [
0.0007297066755555559
],
"Opdi": [
0.00011242649600000002
],
"Ope": [
-0.09370423738119109
],
"OpG": [
-0.19657612800000004
],
"Opl1": [
0.10056674037859556
],
"Opl2": [
0.00002007959992888889
],
"Opl3": [
0.00003764080170666667
],
"Opmu": [
0.000037457708586666675
],
"OpQM": [
-0.00003807417600000001
],
"OpqMi": [
-0.00007602521173333334
],
"Opt": [
-0.0000659129439111111
],
"Opta": [
0.000037457708586666675
],
"Opu": [
-0.0001448799146666667
],
"Opui": [
-5.676652800000001e-6
],
"OpW": [
0.06728195133333334
],
"OpWB": [
0.024071936000000006
],
"Otap": [
0.07862534400000001
],
"OtG": [
-0.004532640000000001
],
"Otp": [
0.0006496169244444445
],
"OtW": [
0.0007487155200000003
],
"OtZ": [
-0.0006113318400000001
],
"OW": [
0.0021402714666666667
]
}