{
  "best_sm": [
    0.5956504476168142
  ],
  "scales": [
    365.0
  ],
  "theory_cov": [
    [
      0.0
    ]
  ],
  "LO": {
    "SM": [
      0.5956504476168142
    ],
    "O3pl1": [
      0.0189619414992908
    ],
    "O3pl2": [
      0.0
    ],
    "O3pq": [
      0.0
    ],
    "Oll1221": [
      0.0
    ],
    "Ol1u": [
      0.5887109017902243
    ],
    "OpD": [
      0.0187145393673694
    ],
    "Ope": [
      -0.0144192654907023
    ],
    "Opl1": [
      0.0189619414992908
    ],
    "OpqMi": [
      -0.0135657064851298
    ],
    "Opui": [
      0.0249119838595965
    ],
    "OpWB": [
      0.0607418540595549
    ],
    "Oqe": [
      0.2627323111558831
    ],
    "Oql13": [
      0.0
    ],
    "Oql1M": [
      -0.1563794813737447
    ],
    "O3pl1*O3pl1": [
      -0.0001102358443447
    ],
    "O3pl1*O3pl2": [
      0.0011495509493281
    ],
    "O3pl1*O3pq": [
      0.0
    ],
    "O3pl1*Oll1221": [
      -0.0011495509493281
    ],
    "O3pl1*Ol1u": [
      -0.0281350548321503
    ],
    "O3pl1*OpD": [
      0.0005724509285645
    ],
    "O3pl1*Ope": [
      0.0001087355631324
    ],
    "O3pl1*Opl1": [
      -0.0013700226380176
    ],
    "O3pl1*OpqMi": [
      0.0004907170454784
    ],
    "O3pl1*Opui": [
      -0.0015579692221012
    ],
    "O3pl1*OpWB": [
      0.0008185938839239
    ],
    "O3pl1*Oqe": [
      0.0050828514825882
    ],
    "O3pl1*Oql13": [
      0.0
    ],
    "O3pl1*Oql1M": [
      0.0173864625766091
    ],
    "O3pl2*O3pl2": [
      0.0
    ],
    "O3pl2*O3pq": [
      0.0
    ],
    "O3pl2*Oll1221": [
      0.0
    ],
    "O3pl2*Ol1u": [
      0.0356900782579719
    ],
    "O3pl2*OpD": [
      0.0011345524136757
    ],
    "O3pl2*Ope": [
      -0.000874155230047
    ],
    "O3pl2*Opl1": [
      0.0011495509493281
    ],
    "O3pl2*OpqMi": [
      -0.0008224089695072
    ],
    "O3pl2*Opui": [
      0.0015102670101855
    ],
    "O3pl2*OpWB": [
      0.003682421233117
    ],
    "O3pl2*Oqe": [
      0.0159279142233255
    ],
    "O3pl2*Oql13": [
      0.0
    ],
    "O3pl2*Oql1M": [
      -0.0094803678871887
    ],
    "O3pq*O3pq": [
      0.0
    ],
    "O3pq*Oll1221": [
      0.0
    ],
    "O3pq*Ol1u": [
      0.0
    ],
    "O3pq*OpD": [
      0.0
    ],
    "O3pq*Ope": [
      0.0
    ],
    "O3pq*Opl1": [
      0.0
    ],
    "O3pq*OpqMi": [
      0.0
    ],
    "O3pq*Opui": [
      0.0
    ],
    "O3pq*OpWB": [
      0.0
    ],
    "O3pq*Oqe": [
      0.0
    ],
    "O3pq*Oql13": [
      0.0
    ],
    "O3pq*Oql1M": [
      0.0
    ],
    "Oll1221*Oll1221": [
      0.0
    ],
    "Oll1221*Ol1u": [
      -0.0356900782579719
    ],
    "Oll1221*OpD": [
      -0.0011345524136757
    ],
    "Oll1221*Ope": [
      0.000874155230047
    ],
    "Oll1221*Opl1": [
      -0.0011495509493281
    ],
    "Oll1221*OpqMi": [
      0.0008224089695072
    ],
    "Oll1221*Opui": [
      -0.0015102670101855
    ],
    "Oll1221*OpWB": [
      -0.003682421233117
    ],
    "Oll1221*Oqe": [
      -0.0159279142233255
    ],
    "Oll1221*Oql13": [
      0.0
    ],
    "Oll1221*Oql1M": [
      0.0094803678871888
    ],
    "Ol1u*Ol1u": [
      -0.733340713844092
    ],
    "Ol1u*OpD": [
      -0.006262534776712
    ],
    "Ol1u*Ope": [
      -0.0009798093001743
    ],
    "Ol1u*Opl1": [
      -0.0638251330901221
    ],
    "Ol1u*OpqMi": [
      0.0204169568203786
    ],
    "Ol1u*Opui": [
      -0.0692938274781647
    ],
    "Ol1u*OpWB": [
      -0.0240182653707419
    ],
    "Ol1u*Oqe": [
      0.237172381832418
    ],
    "Ol1u*Oql13": [
      0.0
    ],
    "Ol1u*Oql1M": [
      0.7440485392502318
    ],
    "OpD*OpD": [
      0.0007385543423672
    ],
    "OpD*Ope": [
      0.0005820514964295
    ],
    "OpD*Opl1": [
      -0.0005621014851111
    ],
    "OpD*OpqMi": [
      0.0004600144318106
    ],
    "OpD*Opui": [
      -0.0008334994734993
    ],
    "OpD*OpWB": [
      0.0023286165187067
    ],
    "OpD*Oqe": [
      -0.0038564122109731
    ],
    "OpD*Oql13": [
      0.0
    ],
    "OpD*Oql1M": [
      0.0093660193274026
    ],
    "Ope*Ope": [
      -0.0022886606987115
    ],
    "Ope*Opl1": [
      0.0009828907931795
    ],
    "Ope*OpqMi": [
      -0.003551370739675
    ],
    "Ope*Opui": [
      0.0002991484437631
    ],
    "Ope*OpWB": [
      0.0052024614125104
    ],
    "Ope*Oqe": [
      0.0930521225910287
    ],
    "Ope*Oql13": [
      0.0
    ],
    "Ope*Oql1M": [
      -0.0214212488691709
    ],
    "Opl1*Opl1": [
      -0.0012597867936729
    ],
    "Opl1*OpqMi": [
      0.0013131260149856
    ],
    "Opl1*Opui": [
      -0.0030682362322867
    ],
    "Opl1*OpWB": [
      -0.0028638273491931
    ],
    "Opl1*Oqe": [
      -0.0108450627407372
    ],
    "Opl1*Oql13": [
      0.0
    ],
    "Opl1*Oql1M": [
      0.0268668304637979
    ],
    "OpqMi*OpqMi": [
      -0.0013732569089559
    ],
    "OpqMi*Opui": [
      0.0012800101684227
    ],
    "OpqMi*OpWB": [
      0.004509417930504
    ],
    "OpqMi*Oqe": [
      0.0683982551711354
    ],
    "OpqMi*Oql13": [
      0.0
    ],
    "OpqMi*Oql1M": [
      -0.0194333940076827
    ],
    "Opui*Opui": [
      -0.0015722044451775
    ],
    "Opui*OpWB": [
      -0.0024793588419984
    ],
    "Opui*Oqe": [
      0.0019785578565705
    ],
    "Opui*Oql13": [
      0.0
    ],
    "Opui*Oql1M": [
      0.0362812360130292
    ],
    "OpWB*OpWB": [
      -7.845671308619184e-06
    ],
    "OpWB*Oqe": [
      -0.0884909960512307
    ],
    "OpWB*Oql13": [
      0.0
    ],
    "OpWB*Oql1M": [
      0.0510535293943683
    ],
    "Oqe*Oqe": [
      -0.9461366455702748
    ],
    "Oqe*Oql13": [
      0.0
    ],
    "Oqe*Oql1M": [
      0.3320570278806042
    ],
    "Oql13*Oql13": [
      0.0
    ],
    "Oql13*Oql1M": [
      0.0
    ],
    "Oql1M*Oql1M": [
      -0.1298282038723203
    ]
  }
}
