{
  "best_sm": [
    2.873
  ],
  "scales": [
    161.0
  ],
  "theory_cov": [
    [
      0.0
    ]
  ],
  "LO": {
    "SM": [
      2.873
    ],
    "O3pl1": [
      0.3486
    ],
    "O3pl2": [
      -0.3483
    ],
    "OWWW": [
      2.225e-05
    ],
    "Oll1221": [
      0.3486
    ],
    "OpD": [
      -0.0001434
    ],
    "OpWB": [
      3.301e-06
    ],
    "Ope": [
      -0.0003422
    ],
    "Opl1": [
      -0.0002294
    ],
    "O3pl1*O3pl1": [
      0.01061
    ],
    "O3pl1*O3pl2": [
      -0.02114
    ],
    "O3pl1*Oll1221": [
      0.02114
    ],
    "O3pl1*Ope": [
      2.075e-05
    ],
    "O3pl2*O3pl2": [
      0.01057
    ],
    "O3pl2*Oll1221": [
      -0.02111
    ],
    "O3pl2*Ope": [
      2.075e-05
    ],
    "OWWW*O3pl1": [
      4.285e-05
    ],
    "OWWW*O3pl2": [
      -1.496e-06
    ],
    "OWWW*OWWW": [
      2.336e-05
    ],
    "OWWW*Oll1221": [
      1.631e-06
    ],
    "OWWW*Ope": [
      9.03e-06
    ],
    "OWWW*Opl1": [
      -5.413e-05
    ],
    "Oll1221*Oll1221": [
      0.01056
    ],
    "OpD*O3pl1": [
      -2.437e-05
    ],
    "OpD*O3pl2": [
      8.994e-06
    ],
    "OpD*OWWW": [
      -1.124e-05
    ],
    "OpD*Oll1221": [
      -8.96e-06
    ],
    "OpD*OpD": [
      9.024e-06
    ],
    "OpD*OpWB": [
      6.711e-07
    ],
    "OpD*Ope": [
      3.618e-05
    ],
    "OpD*Opl1": [
      3.618e-05
    ],
    "OpWB*O3pl1": [
      -1.905e-05
    ],
    "OpWB*O3pl2": [
      -2.473e-07
    ],
    "OpWB*OWWW": [
      -7.179e-06
    ],
    "OpWB*Oll1221": [
      2.422e-07
    ],
    "OpWB*OpWB": [
      3.861e-06
    ],
    "OpWB*Ope": [
      -1.739e-05
    ],
    "OpWB*Opl1": [
      2e-05
    ],
    "Ope*Oll1221": [
      -2.075e-05
    ],
    "Ope*Ope": [
      7.256e-05
    ],
    "Opl1*O3pl1": [
      -0.0001187
    ],
    "Opl1*O3pl2": [
      1.375e-05
    ],
    "Opl1*Oll1221": [
      -1.505e-05
    ],
    "Opl1*Ope": [
      -2.302e-23
    ],
    "Opl1*Opl1": [
      7.256e-05
    ]
  }
}