{
  "best_sm": [
    0.6415279420897415,
    0.6493888083148764,
    0.4462914508940784,
    0.5180708119703974
  ],
  "scales": [
    500.0,
    500.0,
    500.0,
    500.0
  ],
  "theory_cov": [
    [
      0.0,
      0.0,
      0.0,
      0.0
    ],
    [
      0.0,
      0.0,
      0.0,
      0.0
    ],
    [
      0.0,
      0.0,
      0.0,
      0.0
    ],
    [
      0.0,
      0.0,
      0.0,
      0.0
    ]
  ],
  "LO": {
    "SM": [
      0.6415279420897415,
      0.6493888083148764,
      0.4462914508940784,
      0.5180708119703974
    ],
    "O3pQ3": [
      0.0029833425090205,
      0.0081755499052248,
      -0.1304269074083395,
      -0.0803827824058677
    ],
    "O3pl1": [
      0.0156908961059185,
      0.0151111695877788,
      0.0094132855699024,
      0.0163420676821298
    ],
    "O3pl2": [
      0.0,
      0.0,
      0.0,
      0.0
    ],
    "OQe": [
      0.291978623981,
      0.0877985177355395,
      4.598396330129461,
      3.186027845897737
    ],
    "OQl13": [
      0.6260198203379961,
      0.5699130454782368,
      0.5561139848782743,
      0.9088651786735524
    ],
    "OQl1M": [
      0.313009910168998,
      0.2849565227391184,
      0.2780569924391372,
      0.4544325893367762
    ],
    "Oeb": [
      0.0268943870693371,
      0.0070989078893082,
      1.9351846164054816,
      0.9169959686129348
    ],
    "Ol1b": [
      -1.275866189804244,
      -1.3232194620275062,
      -0.2480706886857864,
      -0.5928014322705311
    ],
    "Oll1221": [
      0.0,
      0.0,
      0.0,
      0.0
    ],
    "OpD": [
      0.0188618647905734,
      0.0172185601880954,
      0.015812803322575,
      0.0267365747879669
    ],
    "OpQM": [
      0.0014916712545102,
      0.0040877749526124,
      -0.0652134537041697,
      -0.0401913912029338
    ],
    "OpWB": [
      0.0320865806059979,
      0.0358519462559508,
      -0.1042007608706807,
      -0.0445360245356083
    ],
    "Opdi": [
      -0.0247433582944314,
      -0.0253428293094798,
      -0.0344066405007979,
      -0.0253668600429807
    ],
    "Ope": [
      0.0084155752137381,
      0.0025356309442352,
      0.124810743766892,
      0.0886422678576539
    ],
    "Opl1": [
      0.0156908961059184,
      0.0151111695877787,
      0.0094132855699024,
      0.0163420676821298
    ],
    "O3pQ3*O3pQ3": [
      -0.0015218446942358,
      -0.0014556125443789,
      -0.0026779221140601,
      -0.0023474658436229
    ],
    "O3pQ3*OQe": [
      0.0477714653291301,
      0.01462200036705,
      0.3237501662441476,
      0.3496498588527588
    ],
    "O3pQ3*OQl13": [
      -0.0827758484531855,
      -0.1291428323300671,
      0.2398264185618913,
      0.3161369565634313
    ],
    "O3pQ3*OQl1M": [
      -0.0413879242265927,
      -0.0645714161650335,
      0.1199132092809456,
      0.1580684782817156
    ],
    "O3pQ3*OpQM": [
      -0.0015218446942358,
      -0.0014556125443789,
      -0.0026779221140601,
      -0.0023474658436229
    ],
    "O3pQ3*OpWB": [
      -0.0066499999751207,
      -0.0066643019572809,
      -0.0286244666755767,
      -0.0152731319396765
    ],
    "O3pl1*O3pQ3": [
      -0.0022201349606024,
      -0.0026087988983417,
      -0.0047436452637266,
      -0.0009582579897019
    ],
    "O3pl1*O3pl1": [
      -0.0009840926220237,
      -0.0010430445236685,
      0.0005506344570655,
      0.0002870202040968
    ],
    "O3pl1*O3pl2": [
      0.000951246712529,
      0.0009161013045915,
      0.0005706721204462,
      0.0009907234139858
    ],
    "O3pl1*OQe": [
      -0.0173741666750656,
      -0.0056277108080412,
      0.1785444481152193,
      0.0209336516464215
    ],
    "O3pl1*OQl13": [
      -0.1443617712379363,
      -0.1458511176507822,
      0.0383995355906702,
      -0.0165822811794717
    ],
    "O3pl1*OQl1M": [
      -0.0721808856189681,
      -0.0729255588253911,
      0.0191997677953351,
      -0.0082911405897358
    ],
    "O3pl1*Oeb": [
      -0.0081988356285011,
      -0.0023438370230855,
      -0.0100643628515208,
      -0.0848180204647177
    ],
    "O3pl1*Ol1b": [
      0.1574852085825668,
      0.1694078753044444,
      0.0062269415384201,
      0.0340022438721428
    ],
    "O3pl1*Oll1221": [
      -0.000951246712529,
      -0.0009161013045915,
      -0.0005706721204462,
      -0.0009907234139858
    ],
    "O3pl1*OpD": [
      -0.0022036710840983,
      -0.0023309963170902,
      0.0024064775822278,
      0.0017304392312727
    ],
    "O3pl1*OpQM": [
      -0.0011100674803012,
      -0.0013043994491708,
      -0.0023718226318633,
      -0.0004791289948509
    ],
    "O3pl1*OpWB": [
      -0.0039719529925935,
      -0.0046206496630253,
      -0.0013069529608066,
      0.0020273052719688
    ],
    "O3pl1*Opdi": [
      0.0031289919993982,
      0.0032665728810132,
      0.0002730847819284,
      0.0019491047398402
    ],
    "O3pl1*Ope": [
      -0.0004670390987295,
      -0.000152873991201,
      0.0052816211739802,
      0.0010467772148638
    ],
    "O3pl1*Opl1": [
      -0.0029194319565764,
      -0.0030021903519287,
      0.0005305967936847,
      -0.000416683005792
    ],
    "O3pl2*O3pQ3": [
      0.0001808625036388,
      0.0004956354893923,
      -0.0079070160212653,
      -0.0048731351601183
    ],
    "O3pl2*O3pl2": [
      0.0,
      0.0,
      0.0,
      0.0
    ],
    "O3pl2*OQe": [
      0.0177009460973937,
      0.0053227075622117,
      0.2787737145421014,
      0.1931501231018241
    ],
    "O3pl2*OQl13": [
      0.037951898480157,
      0.0345504748281437,
      0.0337139189716085,
      0.0550991484176101
    ],
    "O3pl2*OQl1M": [
      0.0189759492400785,
      0.0172752374140718,
      0.0168569594858042,
      0.027549574208805
    ],
    "O3pl2*Oeb": [
      0.0016304484531982,
      0.0004303650184582,
      0.1173188575124188,
      0.0555920703736216
    ],
    "O3pl2*Ol1b": [
      -0.0773482604489625,
      -0.0802190107379073,
      -0.0150390663155402,
      -0.0359380630540998
    ],
    "O3pl2*Oll1221": [
      0.0,
      0.0,
      0.0,
      0.0
    ],
    "O3pl2*OpD": [
      0.0011434838872862,
      0.0010438599977238,
      0.0009586372298261,
      0.0016208812230772
    ],
    "O3pl2*OpQM": [
      9.04312518194e-05,
      0.0002478177446961,
      -0.0039535080106326,
      -0.0024365675800591
    ],
    "O3pl2*OpWB": [
      0.0019452205987292,
      0.0021734925643205,
      -0.0063170790598676,
      -0.0026999571370961
    ],
    "O3pl2*Opdi": [
      -0.0015000442342886,
      -0.0015363866349056,
      -0.0020858721799328,
      -0.0015378434768914
    ],
    "O3pl2*Ope": [
      0.0005101868116435,
      0.000153720385605,
      0.0075665410627359,
      0.0053738591678587
    ],
    "O3pl2*Opl1": [
      0.0009512467125289,
      0.0009161013045915,
      0.0005706721204462,
      0.0009907234139858
    ],
    "OQe*OQe": [
      -1.583185404883524,
      -0.4893770388943357,
      -7.619804368549946,
      -9.68982068532163
    ],
    "OQe*OQl13": [
      -2.587324513688729,
      -0.8073478655141801,
      -7.532521818811785,
      -12.832665900692025
    ],
    "OQe*OQl1M": [
      -1.2936622568443648,
      -0.40367393275709,
      -3.766260909405892,
      -6.416332950346011
    ],
    "OQl13*OQl13": [
      -4.250853763560293,
      -4.035212534929492,
      0.2308633687139742,
      -2.0303698491970508
    ],
    "OQl13*OQl1M": [
      -4.250853763560293,
      -4.035212534929492,
      0.2308633687139742,
      -2.0303698491970508
    ],
    "OQl1M*OQl1M": [
      -1.0627134408900734,
      -1.008803133732373,
      0.0577158421784935,
      -0.5075924622992627
    ],
    "Oeb*O3pQ3": [
      -0.0061561344105851,
      -0.0022949042752072,
      0.6474727713071147,
      0.2303148002810151
    ],
    "Oeb*OQe": [
      -0.1111538399975254,
      -0.0100564255852495,
      -26.211929106033683,
      -12.947468088353224
    ],
    "Oeb*OQl13": [
      -0.5015804500747061,
      -0.1365136538606544,
      -8.20355502691741,
      -8.74571654059405
    ],