{
  "best_sm": [
    0.951410153017578,
    0.9648775043818,
    0.9632531498241576,
    0.9503580840570244
  ],
  "scales": [
    250.0,
    250.0,
    250.0,
    250.0
  ],
  "theory_cov": [
    [
      0.0,
      0.0,
      0.0,
      0.0
    ],
    [
      0.0,
      0.0,
      0.0,
      0.0
    ],
    [
      0.0,
      0.0,
      0.0,
      0.0
    ],
    [
      0.0,
      0.0,
      0.0,
      0.0
    ]
  ],
  "LO": {
    "SM": [
      0.951410153017578,
      0.9648775043818,
      0.9632531498241576,
      0.9503580840570244
    ],
    "O3pl1": [
      0.004210143900024,
      0.0039738617032518,
      0.0031266151167337,
      0.0036186430610561
    ],
    "O3pl2": [
      0.0,
      0.0,
      0.0,
      0.0
    ],
    "Oee1111": [
      -0.0003230938605579,
      8.63788539555e-05,
      0.0009754042301137,
      -0.0017913426842653
    ],
    "Ole1111": [
      0.0368224656511571,
      0.0128488021440233,
      0.0133886166026092,
      0.0375433746297555
    ],
    "Oll1221": [
      0.0,
      0.0,
      0.0,
      0.0
    ],
    "Oll1111": [
      -0.0017171249305567,
      0.0013934135080436,
      5.34906799736e-05,
      -0.0004036460329662
    ],
    "OpD": [
      0.002550334316632,
      0.0026101224729999,
      0.0011644428594977,
      0.0015898422963992
    ],
    "Ope": [
      -0.004345107271167,
      -0.0036954139995062,
      -0.0046859115025246,
      -0.0049390144931589
    ],
    "Opl1": [
      0.0042101439000219,
      0.0039738617032521,
      0.0031266151167322,
      0.0036186430610585
    ],
    "OpWB": [
      0.0078619870230785,
      0.0074207556521615,
      0.0058386145598743,
      0.0067574233714572
    ],
    "O3pl1*O3pl1": [
      0.000196132899911,
      9.63732509553e-05,
      0.0001412393953222,
      0.0001990833096993
    ],
    "O3pl1*O3pl2": [
      0.0002552362540132,
      0.0002409118546041,
      0.0001895482788911,
      0.0002193770382782
    ],
    "O3pl1*Oee1111": [
      0.0001304243878285,
      7.9306499774e-05,
      0.0011183912057457,
      0.0005008998840108
    ],
    "O3pl1*Ole1111": [
      0.0015428804391217,
      0.0006897492898302,
      0.0010846184261525,
      0.0020575119908115
    ],
    "O3pl1*Oll1221": [
      -0.0002552362540129,
      -0.0002409118546042,
      -0.000189548278891,
      -0.0002193770382781
    ],
    "O3pl1*Oll1111": [
      0.0005666876513705,
      0.0013582629659911,
      6.68040698796e-05,
      8.64977893762e-05
    ],
    "O3pl1*OpD": [
      0.0005165363584191,
      0.0003624060131667,
      0.000385896080315,
      0.0004740587984161
    ],
    "O3pl1*Ope": [
      -0.0001644108039171,
      -7.221403591293595e-06,
      -9.76879513227e-05,
      -0.0002180112146031
    ],
    "O3pl1*Opl1": [
      0.0001370295458095,
      -4.81653526924e-05,
      9.29305117528e-05,
      0.000178789581121
    ],
    "O3pl1*OpWB": [
      0.0012091398454656,
      0.0008098099381702,
      0.0008814593475548,
      0.0011531957904848
    ],
    "O3pl2*O3pl2": [
      0.0,
      0.0,
      0.0,
      0.0
    ],
    "O3pl2*Oee1111": [
      -1.95872798224e-05,
      5.236641700057717e-06,
      5.91330196178e-05,
      -0.0001085985674696
    ],
    "O3pl2*Ole1111": [
      0.0022323294451406,
      0.0007789472772583,
      0.0008116730518488,
      0.0022760339149993
    ],
    "O3pl2*Oll1221": [
      0.0,
      0.0,
      0.0,
      0.0
    ],
    "O3pl2*Oll1111": [
      -0.0001040991817265,
      8.44744627593e-05,
      3.242825210886908e-06,
      -2.44706841019e-05
    ],
    "O3pl2*OpD": [
      0.000154611764566,
      0.0001582363687201,
      7.05933194977e-05,
      9.63827844938e-05
    ],
    "O3pl2*Ope": [
      -0.0002634182891395,
      -0.0002240312085898,
      -0.0002840792445434,
      -0.0002994233897182
    ],
    "O3pl2*Opl1": [
      0.0002552362540123,
      0.0002409118546032,
      0.0001895482788909,
      0.0002193770382782
    ],
    "O3pl2*OpWB": [
      0.0004766260167156,
      0.0004498767547126,
      0.0003539608489056,
      0.0004096628212866
    ],
    "Oee1111*Oee1111": [
      -0.0022943390027806,
      -0.001263893408354,
      -0.0217783515463851,
      -0.0115937662420215
    ],
    "Oee1111*Ole1111": [
      0.0012904875466395,
      0.0002506022696684,
      0.0045497226485608,
      0.0064994581843496
    ],
    "Oee1111*Oll1221": [
      1.95872798225e-05,
      -5.236641700080268e-06,
      -5.91330196177e-05,
      0.0001085985674697
    ],
    "Oee1111*Oll1111": [
      -0.0001218101418769,
      5.53869689819e-05,
      3.84062236506e-05,
      -0.0001423137948465
    ],
    "Oee1111*OpD": [
      6.79514158737e-05,
      5.70527901558e-05,
      0.0005314175723874,
      0.0001084558907602
    ],
    "Oee1111*Ope": [
      -0.0001323558733232,
      -7.03367028856e-05,
      -0.001519896393912,
      -0.0007718444268886
    ],
    "Oee1111*Opl1": [
      0.000150011667651,
      7.40698580741e-05,
      0.0010592581861252,
      0.0006094984514811
    ],
    "Oee1111*OpWB": [
      0.0002069762757546,
      0.0001578751455872,
      0.0021988987547686,
      0.0007325801523722
    ],
    "Ole1111*Ole1111": [
      -0.0176534997485755,
      -0.0184045491715647,
      -0.0192868589536285,
      -0.0179472314995498
    ],
    "Ole1111*Oll1221": [
      -0.0022323294451403,
      -0.0007789472772583,
      -0.0008116730518489,
      -0.0022760339149993
    ],
    "Ole1111*Oll1111": [
      0.0065718413172454,
      0.0043985702691001,
      0.0002858376066337,
      0.0014093253872823
    ],
    "Ole1111*OpD": [
      0.0032409245599682,
      0.0011040266881847,
      0.0016826806392733,
      0.0040088119051224
    ],
    "Ole1111*Ope": [
      0.0002442099830705,
      -0.0003081310505977,
      -7.74388600776e-05,
      0.0005710200981509
    ],
    "Ole1111*Opl1": [
      -0.0006894490060185,
      -8.91979874274e-05,
      0.0002729453743029,
      -0.0002185219241873
    ],
    "Ole1111*OpWB": [
      0.0070497949296496,
      0.0027426315169963,
      0.0035411186282601,
      0.0080924268824247
    ],
    "Oll1221*Oll1221": [
      0.0,
      0.0,
      0.0,
      0.0
    ],
    "Oll1221*Oll1111": [
      0.0001040991817269,
      -8.44744627595e-05,
      -3.2428252108864745e-06,
      2.44706841019e-05
    ],
    "Oll1221*OpD": [
      -0.0001546117645659,
      -0.0001582363687201,
      -7.0593319498e-05,
      -9.63827844939e-05
    ],
    "Oll1221*Ope": [
      0.0002634182891394,
      0.0002240312085898,
      0.0002840792445434,
      0.0002994233897182
    ],
    "Oll1221*Opl1": [
      -0.0002552362540123,
      -0.0002409118546032,
      -0.0001895482788909,
      -0.0002193770382782
    ],
    "Oll1221*OpWB": [
      -0.000476626016714,
      -0.000449876754712,
      -0.0003539608489053,
      -0.0004096628212866
    ],
    "Oll1111*Oll1111": [
      -0.0113790417925918,
      -0.020686491007339,
      -0.001321359022233,
      -0.0023417329342787
    ],
    "Oll1111*OpD": [
      0.0001948605983556,
      0.0009456043074603,
      2.78127102871e-05,
      -1.07543090772e-05
    ],
    "Oll1111*Ope": [
      -0.0007522301639398,
      -0.0012612073385397,
      -9.82872551996e-05,
      -0.0001851417989157
    ],
    "Oll1111*Opl1": [
      0.0006707868330974,
      0.0012737885032345,
      6.35612446685e-05,
      0.0001109684734783
    ],
    "Oll1111*OpWB": [
      0.0008638337861414,
      0.0026941556421565,
      0.0001308049779972,
      0.0001158288904909
    ],
    "OpD*OpD": [
      0.0002432678122867,
      0.0001975518853727,
      0.0001257594298104,
      0.0001726035300967
    ],
    "OpD*Ope": [
      -0.0003780885035869,
      -0.0002196566066422,
      -0.0004505374162526,
      -0.0004930318816615
    ],
    "OpD*Opl1": [
      0.0003619245938528,
      0.0002041696444484,
      0.0003153027608153,
      0.0003776760139229
    ],
    "OpD*OpWB": [
      0.0012532963145123,
      0.0009722431696545,
      0.0008524444348476,
      0.0010652377754189
    ],