{
  "best_sm": [
    0.0047525982655753,
    0.0068472068501168,
    0.0035327656552443,
    0.0027639335486517
  ],
  "scales": [
    1000.0,
    1000.0,
    1000.0,
    1000.0
  ],
  "theory_cov": [
    [
      0.0,
      0.0,
      0.0,
      0.0
    ],
    [
      0.0,
      0.0,
      0.0,
      0.0
    ],
    [
      0.0,
      0.0,
      0.0,
      0.0
    ],
    [
      0.0,
      0.0,
      0.0,
      0.0
    ]
  ],
  "LO": {
    "SM": [
      0.0047525982655753,
      0.0068472068501168,
      0.0035327656552443,
      0.0027639335486517
    ],
    "O3pl1": [
      -0.0002378431584873,
      -0.0003226102565387,
      -0.0003907414836603,
      -0.0002787218947603
    ],
    "O3pl2": [
      -0.0005762441412628,
      -0.0008302117307019,
      -0.0004283415928576,
      -0.0003351220585562
    ],
    "O3pq": [
      0.0,
      0.0,
      0.0,
      0.0
    ],
    "Oeu": [
      -0.0078092253103593,
      -0.0052061502069062,
      -0.0702830277932338,
      -0.0468553518621558
    ],
    "Ol1u": [
      -0.0232752999907281,
      -0.0349129499860921,
      -0.0025861444434142,
      -0.0038792166651213
    ],
    "Oll1221": [
      0.0005762441412628,
      0.0008302117307019,
      0.0004283415928576,
      0.0003351220585562
    ],
    "OpD": [
      -0.0003111302733988,
      -0.000389936791626,
      -0.0008533286274139,
      -0.0005891653748715
    ],
    "OpWB": [
      -0.000949830308802,
      -0.0012860531616624,
      -0.0015849212507448,
      -0.0011291511622515
    ],
    "Ope": [
      -8.175747254591931e-06,
      -5.450498169727956e-06,
      -7.35817252913e-05,
      -4.90544835275e-05
    ],
    "Opl1": [
      0.0003384009827754,
      0.0005076014741632,
      3.76001091972e-05,
      5.64001637959e-05
    ],
    "OpqMi": [
      -0.0003054471469593,
      -0.0004641323649122,
      2.96523024961e-05,
      -9.1763465143742e-06
    ],
    "Opui": [
      -7.89890759851e-05,
      -0.0001428047532147,
      0.0002506489211966,
      0.0001570831286616
    ],
    "Oqe": [
      -0.0019142123425023,
      -0.0012761415616682,
      -0.0172279110825213,
      -0.0114852740550142
    ],
    "Oql13": [
      0.0,
      0.0,
      0.0,
      0.0
    ],
    "Oql1M": [
      -0.067260663855454,
      -0.1008909957831811,
      -0.0074734070950504,
      -0.0112101106425756
    ],
    "O3pl1*O3pl1": [
      8.696458027532968e-06,
      1.20093944189e-05,
      1.20093944189e-05,
      8.696458027532973e-06
    ],
    "O3pl1*O3pl2": [
      1.44190313339e-05,
      1.95579617562e-05,
      2.36883572022e-05,
      1.68972686015e-05
    ],
    "O3pl1*O3pq": [
      0.0,
      0.0,
      0.0,
      0.0
    ],
    "O3pl1*Oeu": [
      0.0004734273844994,
      0.0003156182563329,
      0.004260846460495,
      0.0028405643069967
    ],
    "O3pl1*Ol1u": [
      0.0028405643069967,
      0.004260846460495,
      0.0003156182563329,
      0.0004734273844994
    ],
    "O3pl1*Oll1221": [
      -1.44190313339e-05,
      -1.95579617562e-05,
      -2.36883572022e-05,
      -1.68972686015e-05
    ],
    "O3pl1*OpD": [
      2.22371448678e-05,
      2.87022938779e-05,
      5.21073103948e-05,
      3.62801547779e-05
    ],
    "O3pl1*OpWB": [
      5.41722692866e-05,
      7.28503056924e-05,
      9.57055222322e-05,
      6.78853992105e-05
    ],
    "O3pl1*Ope": [
      4.956474535233909e-07,
      3.3043163568226066e-07,
      4.46082708171052e-06,
      2.9738847211403466e-06
    ],
    "O3pl1*Opl1": [
      2.973884721140344e-06,
      4.460827081710517e-06,
      3.304316356822603e-07,
      4.956474535233905e-07
    ],
    "O3pl1*OpqMi": [
      2.8023537051004536e-06,
      4.564949986349244e-06,
      -3.54376793888464e-06,
      -2.0628770500398785e-06
    ],
    "O3pl1*Opui": [
      1.1432488965e-05,
      1.86231810245e-05,
      -1.44571642695e-05,
      -8.415718211424484e-06
    ],
    "O3pl1*Oqe": [
      0.0001160474319373,
      7.73649546249e-05,
      0.0010444268874362,
      0.0006962845916241
    ],
    "O3pl1*Oql13": [
      0.0,
      0.0,
      0.0,
      0.0
    ],
    "O3pl1*Oql1M": [
      0.0006962845916241,
      0.0010444268874362,
      7.73649546249e-05,
      0.0001160474319373
    ],
    "O3pl2*O3pl2": [
      1.7467145958e-05,
      2.51654263147e-05,
      1.29839153001e-05,
      1.01582393492e-05
    ],
    "O3pl2*O3pq": [
      0.0,
      0.0,
      0.0,
      0.0
    ],
    "O3pl2*Oeu": [
      0.0004734273844994,
      0.0003156182563329,
      0.004260846460495,
      0.0028405643069967
    ],
    "O3pl2*Ol1u": [
      0.0014110444967483,
      0.0021165667451225,
      0.0001567827218609,
      0.0002351740827913
    ],
    "O3pl2*Oll1221": [
      -3.49342919161e-05,
      -5.03308526295e-05,
      -2.59678306002e-05,
      -2.03164786985e-05
    ],
    "O3pl2*OpD": [
      1.88619979216e-05,
      2.36395734586e-05,
      5.17322940675e-05,
      3.57176302869e-05
    ],
    "O3pl2*OpWB": [
      5.75826232363e-05,
      7.7965836617e-05,
      9.60844504489e-05,
      6.84537915355e-05
    ],
    "O3pl2*Ope": [
      4.956474535233909e-07,
      3.3043163568226066e-07,
      4.46082708171052e-06,
      2.9738847211403466e-06
    ],
    "O3pl2*Opl1": [
      -2.05152605822e-05,
      -3.07728908733e-05,
      -2.2794733980264967e-06,
      -3.419210097039744e-06
    ],
    "O3pl2*OpqMi": [
      1.85174634026e-05,
      2.81376145327e-05,
      -1.7976446391544575e-06,
      5.563078995553946e-07
    ],
    "O3pl2*Opui": [
      4.7886429397882245e-06,
      8.657411986673096e-06,
      -1.51953693834e-05,
      -9.52302588230395e-06
    ],
    "O3pl2*Oqe": [
      0.0001160474319373,
      7.73649546249e-05,
      0.0010444268874362,
      0.0006962845916241
    ],
    "O3pl2*Oql13": [
      0.0,
      0.0,
      0.0,
      0.0
    ],
    "O3pl2*Oql1M": [
      0.0040776183172155,
      0.0061164274758233,
      0.0004530687019128,
      0.0006796030528692
    ],
    "O3pq*O3pq": [
      0.0,
      0.0,
      0.0,
      0.0
    ],
    "O3pq*Oeu": [
      0.0,
      0.0,
      0.0,
      0.0
    ],
    "O3pq*Ol1u": [
      0.0,
      0.0,
      0.0,
      0.0
    ],
    "O3pq*Oll1221": [
      0.0,
      0.0,
      0.0,
      0.0
    ],
    "O3pq*OpD": [
      0.0,
      0.0,
      0.0,
      0.0
    ],
    "O3pq*OpWB": [
      0.0,
      0.0,
      0.0,
      0.0
    ],
    "O3pq*Ope": [
      0.0,
      0.0,
      0.0,
      0.0
    ],
    "O3pq*Opl1": [
      0.0,
      0.0,
      0.0,
      0.0
    ],
    "O3pq*OpqMi": [
      0.0,
      0.0,
      0.0,
      0.0
    ],
    "O3pq*Opui": [
      0.0,
      0.0,
      0.0,
      0.0
    ],
    "O3pq*Oqe": [
      0.0,
      0.0,
      0.0,
      0.0
    ],
    "O3pq*Oql13": [
      0.0,
      0.0,
      0.0,
      0.0
    ],
    "O3pq*Oql1M": [
      0.0,
      0.0,
      0.0,
      0.0
    ],
    "Oeu*Oeu": [
      0.0478126686378245,
      0.0318751124252163,
      0.4303140177404207,
      0.2868760118269471
    ],
    "Oeu*Ol1u": [
      0.0,
      0.0,
      0.0,
      0.0
    ],
    "Oeu*Oll1221": [
      -0.0004734273844994,
      -0.0003156182563329,
      -0.004260846460495,
      -0.0028405643069967
    ],
    "Oeu*OpD": [
      0.0010637097127122,
      0.0007091398084748,
      0.0095733874144103,
      0.0063822582762735
    ],
    "Oeu*OpWB": [
      0.0017681485676945,
      0.0011787657117963,
      0.0159133371092506,
      0.010608891406167
    ],
    "Oeu*Ope": [
      0.000238253301708,
      0.000158835534472,
      0.0021442797153725,
      0.0014295198102483
    ],
    "Oeu*Opl1": [
      0.0,
      0.0,
      0.0,
      0.0
    ],
    "Oeu*OpqMi": [
      0.0,
      0.0,
      0.0,
      0.0
    ],
    "Oeu*Opui": [
      -0.000357379952562,
      -0.000238253301708,
      -0.0032164195730587,
      -0.0021442797153725
    ],
    "Oeu*Oqe": [
      0.0,
      0.0,
      0.0,
      0.0
    ],
    "Oeu*Oql13": [
      0.0,
      0.0,
      0.0,
      0.0
    ],